# Blender 5.1.0
# www.blender.org
o Torus
v 0.455841 0.254216 0.000000
v 0.449775 0.254715 0.021450
v 0.433203 0.256078 0.037152
v 0.410565 0.257940 0.042899
v 0.387928 0.259802 0.037152
v 0.371356 0.261166 0.021450
v 0.365290 0.261665 -0.000000
v 0.371356 0.261166 -0.021450
v 0.387928 0.259802 -0.037152
v 0.410565 0.257940 -0.042899
v 0.433203 0.256078 -0.037152
v 0.449775 0.254715 -0.021450
v 0.444182 0.331273 0.000000
v 0.438418 0.329782 0.021450
v 0.422668 0.325708 0.037152
v 0.401154 0.320142 0.042899
v 0.379640 0.314576 0.037152
v 0.363891 0.310501 0.021450
v 0.358126 0.309010 0.000000
v 0.363891 0.310501 -0.021450
v 0.379640 0.314576 -0.037152
v 0.401154 0.320142 -0.042899
v 0.422668 0.325708 -0.037152
v 0.438418 0.329782 -0.021450
v 0.398546 0.399541 0.000000
v 0.393960 0.396286 0.021450
v 0.381431 0.387394 0.037152
v 0.364316 0.375248 0.042899
v 0.347201 0.363101 0.037152
v 0.334672 0.354209 0.021450
v 0.330086 0.350955 0.000000
v 0.334672 0.354209 -0.021450
v 0.347201 0.363101 -0.037152
v 0.364316 0.375248 -0.042899
v 0.381431 0.387394 -0.037152
v 0.393960 0.396286 -0.021450
v 0.325879 0.448624 0.000000
v 0.323170 0.444102 0.021450
v 0.315769 0.431746 0.037152
v 0.305659 0.414869 0.042899
v 0.295549 0.397991 0.037152
v 0.288148 0.385635 0.021450
v 0.285439 0.381113 0.000000
v 0.288148 0.385635 -0.021450
v 0.295549 0.397991 -0.037152
v 0.305659 0.414869 -0.042899
v 0.315769 0.431746 -0.037152
v 0.323170 0.444102 -0.021450
v 0.237668 0.476194 0.000000
v 0.237237 0.470960 0.021450
v 0.236061 0.456659 0.037152
v 0.234454 0.437123 0.042899
v 0.232847 0.417588 0.037152
v 0.231671 0.403287 0.021450
v 0.231240 0.398052 0.000000
v 0.231671 0.403287 -0.021450
v 0.232847 0.417588 -0.037152
v 0.234454 0.437123 -0.042899
v 0.236061 0.456659 -0.037152
v 0.237237 0.470960 -0.021450
v 0.204327 0.070873 -0.000000
v 0.204757 0.076108 0.021450
v 0.205934 0.090409 0.037152
v 0.207541 0.109944 0.042899
v 0.209148 0.129480 0.037152
v 0.210324 0.143781 0.021450
v 0.210755 0.149015 -0.000000
v 0.210324 0.143781 -0.021450
v 0.209148 0.129480 -0.037152
v 0.207541 0.109944 -0.042899
v 0.205934 0.090409 -0.037152
v 0.204757 0.076108 -0.021450
v 0.295857 0.083658 -0.000000
v 0.293924 0.088562 0.021450
v 0.288641 0.101961 0.037152
v 0.281425 0.120264 0.042899
v 0.274209 0.138567 0.037152
v 0.268926 0.151966 0.021450
v 0.266993 0.156870 -0.000000
v 0.268926 0.151966 -0.021450
v 0.274209 0.138567 -0.037152
v 0.281425 0.120264 -0.042899
v 0.288641 0.101961 -0.037152
v 0.293924 0.088562 -0.021450
v 0.375568 0.120207 -0.000000
v 0.371576 0.124168 0.021450
v 0.360668 0.134987 0.037152
v 0.345768 0.149767 0.042899
v 0.330868 0.164547 0.037152
v 0.319961 0.175367 0.021450
v 0.315969 0.179327 -0.000000
v 0.319961 0.175367 -0.021450
v 0.330868 0.164547 -0.037152
v 0.345768 0.149767 -0.042899
v 0.360668 0.134987 -0.037152
v 0.371576 0.124168 -0.021450
v 0.431747 0.180099 -0.000000
v 0.426303 0.182513 0.021450
v 0.411432 0.189106 0.037152
v 0.391116 0.198113 0.042899
v 0.370801 0.207119 0.037152
v 0.355929 0.213713 0.021450
v 0.350486 0.216126 -0.000000
v 0.355929 0.213713 -0.021450
v 0.370801 0.207119 -0.037152
v 0.391116 0.198113 -0.042899
v 0.411432 0.189106 -0.037152
v 0.426303 0.182513 -0.021450
v 0.454289 0.254344 0.011101
v 0.454483 0.293120 0.000000
v 0.442707 0.330892 0.011101
v 0.448452 0.292614 0.021450
v 0.442573 0.255307 0.030328
v 0.431573 0.328011 0.030328
v 0.431976 0.291232 0.037152
v 0.422281 0.256976 0.041429
v 0.412288 0.323022 0.041429
v 0.409469 0.289344 0.042899
v 0.398850 0.258904 0.041429
v 0.390020 0.317261 0.041429
v 0.386962 0.287456 0.037152
v 0.378557 0.260573 0.030328
v 0.370735 0.312272 0.030328
v 0.370486 0.286074 0.021450
v 0.366842 0.261537 0.011101
v 0.359601 0.309392 0.011101
v 0.364456 0.285568 0.000000
v 0.366842 0.261537 -0.011101
v 0.359601 0.309392 -0.011101
v 0.370486 0.286074 -0.021450
v 0.378557 0.260573 -0.030328
v 0.370735 0.312272 -0.030328
v 0.386962 0.287456 -0.037152
v 0.398850 0.258904 -0.041429
v 0.390020 0.317261 -0.041429
v 0.409469 0.289344 -0.042899
v 0.422281 0.256976 -0.041429
v 0.412288 0.323022 -0.041429
v 0.431976 0.291232 -0.037152
v 0.442573 0.255307 -0.030328
v 0.431573 0.328011 -0.030328
v 0.448452 0.292614 -0.021450
v 0.454289 0.254344 -0.011101
v 0.442707 0.330892 -0.011101
v 0.425276 0.367201 0.000000
v 0.397372 0.398708 0.011101
v 0.420000 0.364781 0.021450
v 0.388515 0.392422 0.030328
v 0.405585 0.358172 0.037152
v 0.373173 0.381534 0.041429
v 0.385893 0.349143 0.042899
v 0.355459 0.368961 0.041429
v 0.366202 0.340114 0.037152
v 0.340117 0.358074 0.030328
v 0.351787 0.333504 0.021450
v 0.331260 0.351787 0.011101
v 0.346510 0.331085 0.000000
v 0.331260 0.351787 -0.011101
v 0.351787 0.333504 -0.021450
v 0.340117 0.358074 -0.030328
v 0.366202 0.340114 -0.037152
v 0.355459 0.368961 -0.041429
v 0.385893 0.349143 -0.042899
v 0.373173 0.381534 -0.041429
v 0.405585 0.358172 -0.037152
v 0.388515 0.392422 -0.030328
v 0.420000 0.364781 -0.021450
v 0.397372 0.398708 -0.011101
v 0.364970 0.427022 0.000000
v 0.325186 0.447467 0.011101
v 0.361251 0.423057 0.021450
v 0.319954 0.438732 0.030328
v 0.351091 0.412226 0.037152
v 0.310891 0.423603 0.041429
v 0.337213 0.397431 0.042899
v 0.300427 0.406134 0.041429
v 0.323335 0.382635 0.037152
v 0.291364 0.391005 0.030328
v 0.313175 0.371804 0.021450
v 0.286132 0.382270 0.011101
v 0.309457 0.367840 0.000000
v 0.286132 0.382270 -0.011101
v 0.313175 0.371804 -0.021450
v 0.291364 0.391005 -0.030328
v 0.323335 0.382635 -0.037152
v 0.300427 0.406134 -0.041429
v 0.337213 0.397431 -0.042899
v 0.310891 0.423603 -0.041429
v 0.351091 0.412226 -0.037152
v 0.319954 0.438732 -0.030328
v 0.361251 0.423057 -0.021450
v 0.325186 0.447467 -0.011101
v 0.282797 0.464119 0.000000
v 0.237558 0.474855 0.011101
v 0.281201 0.459196 0.021450
v 0.236726 0.464745 0.030328
v 0.276840 0.445747 0.037152
v 0.235286 0.447234 0.041429
v 0.270883 0.427376 0.042899
v 0.233622 0.427013 0.041429
v 0.264926 0.409004 0.037152
v 0.232182 0.409502 0.030328
v 0.260565 0.395555 0.021450
v 0.231350 0.399392 0.011101
v 0.258969 0.390633 0.000000
v 0.231350 0.399392 -0.011101
v 0.260565 0.395555 -0.021450
v 0.232182 0.409502 -0.030328
v 0.264926 0.409004 -0.037152
v 0.233622 0.427013 -0.041429
v 0.270883 0.427376 -0.042899
v 0.235286 0.447234 -0.041429
v 0.276840 0.445747 -0.037152
v 0.236726 0.464745 -0.030328
v 0.281201 0.459196 -0.021450
v 0.237558 0.474855 -0.011101
v 0.204437 0.072213 0.011101
v 0.205269 0.082323 0.030328
v 0.206709 0.099834 0.041429
v 0.208372 0.120054 0.041429
v 0.209813 0.137566 0.030328
v 0.210645 0.147676 0.011101
v 0.210645 0.147676 -0.011101
v 0.209813 0.137566 -0.030328
v 0.208372 0.120054 -0.041429
v 0.206709 0.099834 -0.041429
v 0.205269 0.082323 -0.030328
v 0.204437 0.072212 -0.011101
v 0.250823 0.075412 -0.000000
v 0.295363 0.084913 0.011101
v 0.250053 0.080529 0.021450
v 0.291628 0.094385 0.030328
v 0.247948 0.094510 0.037152
v 0.285160 0.110792 0.041429
v 0.245073 0.113608 0.042899
v 0.277691 0.129737 0.041429
v 0.242198 0.132706 0.037152
v 0.271222 0.146143 0.030328
v 0.240093 0.146687 0.021450
v 0.267488 0.155616 0.011101
v 0.239323 0.151804 -0.000000
v 0.267488 0.155616 -0.011101
v 0.240093 0.146687 -0.021450
v 0.271222 0.146143 -0.030328
v 0.242198 0.132706 -0.037152
v 0.277691 0.129737 -0.041429
v 0.245073 0.113608 -0.042899
v 0.285160 0.110792 -0.041429
v 0.247948 0.094510 -0.037152
v 0.291628 0.094385 -0.030328
v 0.250053 0.080529 -0.021450
v 0.295363 0.084913 -0.011101
v 0.337953 0.098582 -0.000000
v 0.374547 0.121221 0.011101
v 0.334932 0.103101 0.021450
v 0.366835 0.128870 0.030328
v 0.326679 0.115447 0.037152
v 0.353479 0.142118 0.041429
v 0.315405 0.132311 0.042899
v 0.338057 0.157416 0.041429
v 0.304131 0.149176 0.037152
v 0.324701 0.170665 0.030328
v 0.295878 0.161521 0.021450
v 0.316990 0.178314 0.011101
v 0.292857 0.166040 -0.000000
v 0.316990 0.178314 -0.011101
v 0.295878 0.161521 -0.021450
v 0.324701 0.170665 -0.030328
v 0.304131 0.149176 -0.037152
v 0.338057 0.157416 -0.041429
v 0.315405 0.132311 -0.042899
v 0.353479 0.142118 -0.041429
v 0.326679 0.115447 -0.037152
v 0.366835 0.128870 -0.030328
v 0.334932 0.103101 -0.021450
v 0.374547 0.121221 -0.011101
v 0.407224 0.147744 -0.000000
v 0.430354 0.180717 0.011101
v 0.402414 0.150993 0.021450
v 0.419840 0.185378 0.030328
v 0.389273 0.159870 0.037152
v 0.401630 0.193451 0.041429
v 0.371321 0.171995 0.042899
v 0.380603 0.202774 0.041429
v 0.353370 0.184121 0.037152
v 0.362392 0.210847 0.030328
v 0.340229 0.192997 0.021450
v 0.351879 0.215508 0.011101
v 0.335419 0.196246 -0.000000
v 0.351879 0.215508 -0.011101
v 0.340229 0.192997 -0.021450
v 0.362392 0.210847 -0.030328
v 0.353370 0.184121 -0.037152
v 0.380603 0.202774 -0.041429
v 0.371321 0.171995 -0.042899
v 0.401630 0.193451 -0.041429
v 0.389273 0.159870 -0.037152
v 0.419840 0.185378 -0.030328
v 0.402414 0.150993 -0.021450
v 0.430354 0.180717 -0.011101
v 0.448144 0.216057 -0.000000
v 0.442277 0.217541 0.021450
v 0.426248 0.221597 0.037152
v 0.404352 0.227138 0.042899
v 0.382457 0.232678 0.037152
v 0.366428 0.236734 0.021450
v 0.360561 0.238219 -0.000000
v 0.366428 0.236734 -0.021450
v 0.382457 0.232678 -0.037152
v 0.404352 0.227138 -0.042899
v 0.426248 0.221597 -0.037152
v 0.442277 0.217541 -0.021450
v 0.452940 0.292990 0.011101
v 0.441292 0.292013 0.030328
v 0.421117 0.290321 0.041429
v 0.397821 0.288367 0.041429
v 0.377647 0.286674 0.030328
v 0.365999 0.285697 0.011101
v 0.365999 0.285697 -0.011101
v 0.377646 0.286674 -0.030328
v 0.397821 0.288367 -0.041429
v 0.421117 0.290321 -0.041429
v 0.441292 0.292013 -0.030328
v 0.452940 0.292990 -0.011101
v 0.423926 0.366582 0.011101
v 0.413735 0.361909 0.030328
v 0.396084 0.353816 0.041429
v 0.375702 0.344470 0.041429
v 0.358051 0.336376 0.030328
v 0.347860 0.331704 0.011101
v 0.347860 0.331704 -0.011101
v 0.358051 0.336376 -0.030328
v 0.375702 0.344470 -0.041429
v 0.396084 0.353816 -0.041429
v 0.413735 0.361909 -0.030328
v 0.423926 0.366582 -0.011101
v 0.364018 0.426008 0.011101
v 0.356836 0.418351 0.030328
v 0.344396 0.405088 0.041429
v 0.330031 0.389774 0.041429
v 0.317591 0.376511 0.030328
v 0.310408 0.368854 0.011101
v 0.310408 0.368854 -0.011101
v 0.317591 0.376511 -0.030328
v 0.330031 0.389774 -0.041429
v 0.344396 0.405088 -0.041429
v 0.356836 0.418351 -0.030328
v 0.364018 0.426008 -0.011101
v 0.282389 0.462859 0.011101
v 0.279306 0.453351 0.030328
v 0.273966 0.436884 0.041429
v 0.267800 0.417868 0.041429
v 0.262460 0.401400 0.030328
v 0.259377 0.391892 0.011101
v 0.259377 0.391892 -0.011101
v 0.262460 0.401400 -0.030328
v 0.267800 0.417868 -0.041429
v 0.273966 0.436884 -0.041429
v 0.279306 0.453351 -0.030328
v 0.282389 0.462859 -0.011101
v 0.250626 0.076721 0.011101
v 0.249138 0.086605 0.030328
v 0.246561 0.103724 0.041429
v 0.243585 0.123492 0.041429
v 0.241008 0.140611 0.030328
v 0.239520 0.150495 0.011101
v 0.239520 0.150495 -0.011101
v 0.241008 0.140611 -0.030328
v 0.243585 0.123492 -0.041429
v 0.246561 0.103724 -0.041429
v 0.249138 0.086605 -0.030328
v 0.250626 0.076721 -0.011101
v 0.337180 0.099738 0.011101
v 0.331345 0.108466 0.030328
v 0.321239 0.123583 0.041429
v 0.309570 0.141039 0.041429
v 0.299464 0.156156 0.030328
v 0.293630 0.164884 0.011101
v 0.293630 0.164884 -0.011101
v 0.299464 0.156156 -0.030328
v 0.309570 0.141039 -0.041429
v 0.321239 0.123583 -0.041429
v 0.331345 0.108466 -0.030328
v 0.337180 0.099738 -0.011101
v 0.405993 0.148576 0.011101
v 0.396703 0.154851 0.030328
v 0.380612 0.165720 0.041429
v 0.362031 0.178271 0.041429
v 0.345940 0.189140 0.030328
v 0.336649 0.195415 0.011101
v 0.336649 0.195415 -0.011101
v 0.345940 0.189140 -0.030328
v 0.362031 0.178271 -0.041429
v 0.380612 0.165720 -0.041429
v 0.396703 0.154851 -0.030328
v 0.405993 0.148575 -0.011101
v 0.446643 0.216437 0.011101
v 0.435311 0.219304 0.030328
v 0.415684 0.224270 0.041429
v 0.393021 0.230005 0.041429
v 0.373393 0.234972 0.030328
v 0.362062 0.237839 0.011101
v 0.362062 0.237839 -0.011101
v 0.373393 0.234972 -0.030328
v 0.393021 0.230005 -0.041429
v 0.415684 0.224270 -0.041429
v 0.435311 0.219304 -0.030328
v 0.446643 0.216437 -0.011101
v 0.000000 0.089493 -0.218885
v 0.083764 0.089493 -0.202224
v 0.154775 0.089493 -0.154775
v 0.202224 0.089493 -0.083764
v 0.218885 0.089493 0.000000
v 0.202224 0.089493 0.083764
v 0.154775 0.089493 0.154775
v 0.083764 0.089493 0.202224
v 0.000000 0.089493 0.218885
v -0.083764 0.089493 0.202224
v -0.154775 0.089493 0.154775
v -0.202223 0.089493 0.083764
v -0.218885 0.089493 0.000000
v -0.202224 0.089493 -0.083764
v -0.154775 0.089493 -0.154775
v -0.083764 0.089493 -0.202224
v 0.095321 0.437139 -0.230126
v 0.000000 0.437139 -0.249086
v 0.176131 0.437139 -0.176131
v 0.230126 0.437139 -0.095321
v 0.249086 0.437139 -0.000000
v 0.230126 0.437139 0.095321
v 0.176131 0.437139 0.176131
v 0.095321 0.437139 0.230126
v 0.000000 0.437139 0.249086
v -0.095321 0.437139 0.230126
v -0.176131 0.437139 0.176131
v -0.230126 0.437139 0.095321
v -0.249086 0.437139 0.000000
v -0.230126 0.437139 -0.095321
v -0.176131 0.437139 -0.176131
v -0.095321 0.437139 -0.230126
v 0.097729 0.528786 -0.235938
v 0.000000 0.528786 -0.255377
v 0.180579 0.528786 -0.180579
v 0.235938 0.528786 -0.097729
v 0.255377 0.528786 0.000000
v 0.235938 0.528786 0.097729
v 0.180579 0.528786 0.180579
v 0.097729 0.528786 0.235938
v 0.000000 0.528786 0.255377
v -0.097728 0.528786 0.235938
v -0.180579 0.528786 0.180579
v -0.235938 0.528786 0.097729
v -0.255377 0.528786 0.000000
v -0.235938 0.528786 -0.097729
v -0.180579 0.528786 -0.180579
v -0.097728 0.528786 -0.235938
v 0.000000 0.002582 -0.162912
v 0.062344 0.002582 -0.150511
v 0.115196 0.002582 -0.115196
v 0.150511 0.002582 -0.062344
v 0.162912 0.002582 -0.000000
v 0.150511 0.002582 0.062344
v 0.115196 0.002582 0.115196
v 0.062344 0.002582 0.150511
v 0.000000 0.002582 0.162912
v -0.062344 0.002582 0.150511
v -0.115196 0.002582 0.115196
v -0.150511 0.002582 0.062344
v -0.162912 0.002582 0.000000
v -0.150511 0.002582 -0.062344
v -0.115196 0.002582 -0.115196
v -0.062344 0.002582 -0.150511
v 0.094407 0.547726 -0.227919
v 0.000000 0.547726 -0.246698
v 0.174442 0.547726 -0.174442
v 0.227919 0.547726 -0.094407
v 0.246698 0.547726 0.000000
v 0.227919 0.547726 0.094407
v 0.174442 0.547726 0.174442
v 0.094407 0.547726 0.227919
v 0.000000 0.547726 0.246698
v -0.094407 0.547726 0.227919
v -0.174442 0.547726 0.174442
v -0.227919 0.547726 0.094407
v -0.246698 0.547726 0.000000
v -0.227919 0.547726 -0.094407
v -0.174442 0.547726 -0.174442
v -0.094407 0.547726 -0.227919
v 0.081121 0.547726 -0.195844
v 0.000000 0.547726 -0.211980
v 0.149893 0.547726 -0.149893
v 0.195844 0.547726 -0.081121
v 0.211980 0.547726 0.000000
v 0.195844 0.547726 0.081121
v 0.149893 0.547726 0.149893
v 0.081121 0.547726 0.195844
v 0.000000 0.547726 0.211980
v -0.081121 0.547726 0.195844
v -0.149893 0.547726 0.149893
v -0.195844 0.547726 0.081121
v -0.211980 0.547726 0.000000
v -0.195844 0.547726 -0.081121
v -0.149893 0.547726 -0.149893
v -0.081121 0.547726 -0.195844
v 0.042700 0.089493 -0.214666
v 0.048591 0.437139 -0.244285
v 0.000000 0.263316 -0.235875
v 0.090266 0.263316 -0.217920
v 0.121598 0.089493 -0.181985
v 0.138376 0.437139 -0.207094
v 0.166789 0.263316 -0.166789
v 0.181985 0.089493 -0.121598
v 0.207094 0.437139 -0.138376
v 0.217920 0.263316 -0.090266
v 0.214666 0.089493 -0.042700
v 0.244285 0.437139 -0.048591
v 0.235875 0.263316 -0.000000
v 0.214666 0.089493 0.042700
v 0.244285 0.437139 0.048591
v 0.217920 0.263316 0.090266
v 0.181985 0.089493 0.121598
v 0.207094 0.437139 0.138376
v 0.166789 0.263316 0.166789
v 0.121598 0.089493 0.181985
v 0.138376 0.437139 0.207094
v 0.090266 0.263316 0.217920
v 0.042700 0.089493 0.214666
v 0.048591 0.437139 0.244285
v 0.000000 0.263316 0.235875
v -0.042700 0.089493 0.214666
v -0.048591 0.437139 0.244285
v -0.090266 0.263316 0.217920
v -0.121598 0.089493 0.181985
v -0.138376 0.437139 0.207094
v -0.166789 0.263316 0.166789
v -0.181985 0.089493 0.121598
v -0.207094 0.437139 0.138376
v -0.217920 0.263316 0.090266
v -0.214666 0.089493 0.042700
v -0.244285 0.437139 0.048591
v -0.235875 0.263316 0.000000
v -0.214666 0.089493 -0.042700
v -0.244285 0.437139 -0.048591
v -0.217920 0.263316 -0.090266
v -0.181985 0.089493 -0.121598
v -0.207094 0.437139 -0.138376
v -0.166789 0.263316 -0.166789
v -0.121598 0.089493 -0.181985
v -0.138376 0.437139 -0.207094
v -0.090266 0.263316 -0.217920
v -0.042700 0.089493 -0.214666
v -0.048591 0.437139 -0.244285
v -0.235211 0.513779 0.097428
v 0.180023 0.513779 -0.180023
v 0.097428 0.513779 -0.235211
v -0.097428 0.513779 -0.235211
v -0.180023 0.513779 -0.180023
v 0.180023 0.513779 0.180023
v 0.235211 0.513779 0.097428
v -0.180023 0.513779 0.180023
v -0.097428 0.513779 0.235211
v 0.049818 0.528786 -0.250454
v 0.141871 0.528786 -0.212325
v 0.212325 0.528786 -0.141871
v 0.250454 0.528786 -0.049818
v 0.250454 0.528786 0.049818
v 0.212325 0.528786 0.141871
v 0.141871 0.528786 0.212325
v 0.049818 0.528786 0.250454
v -0.049818 0.528786 0.250454
v -0.141871 0.528786 0.212325
v -0.212324 0.528786 0.141871
v -0.250454 0.528786 0.049818
v -0.250454 0.528786 -0.049818
v -0.212324 0.528786 -0.141871
v -0.141871 0.528786 -0.212325
v -0.049818 0.528786 -0.250454
v -0.097313 0.538256 0.234935
v 0.144523 0.538256 0.144523
v 0.000000 0.538256 0.254292
v 0.188828 0.538256 0.078215
v 0.097313 0.538256 0.234935
v 0.204386 0.538256 0.000000
v 0.179812 0.538256 0.179812
v 0.188828 0.538256 -0.078215
v 0.000000 0.538256 -0.204386
v 0.234935 0.538256 0.097313
v 0.078215 0.538256 -0.188828
v 0.144523 0.538256 -0.144523
v -0.144523 0.538256 -0.144523
v -0.078215 0.538256 -0.188828
v 0.254292 0.538256 0.000000
v 0.234935 0.538256 -0.097313
v 0.097428 0.513779 0.235211
v 0.000000 0.513779 -0.254591
v 0.235211 0.513779 -0.097428
v -0.254591 0.513779 0.000000
v 0.000000 0.513779 0.254591
v 0.254591 0.513779 0.000000
v -0.235211 0.513779 -0.097428
v 0.027980 0.002582 -0.140663
v 0.079679 0.002582 -0.119248
v 0.119248 0.002582 -0.079679
v 0.140663 0.002582 -0.027980
v 0.140663 0.002582 0.027980
v 0.119248 0.002582 0.079679
v 0.079679 0.002582 0.119248
v 0.027980 0.002582 0.140663
v -0.027980 0.002582 0.140663
v -0.079679 0.002582 0.119248
v -0.119248 0.002582 0.079679
v -0.140663 0.002582 0.027980
v -0.140663 0.002582 -0.027980
v -0.119248 0.002582 -0.079679
v -0.079679 0.002582 -0.119248
v -0.027980 0.002582 -0.140663
v -0.140399 0.013446 0.140399
v -0.075983 0.013446 0.183440
v -0.075983 0.013446 -0.183440
v -0.140399 0.013446 -0.140399
v 0.183440 0.013446 -0.075983
v 0.140399 0.013446 -0.140399
v 0.000000 0.013446 0.198554
v 0.075983 0.013446 0.183440
v 0.075983 0.013446 -0.183440
v 0.000000 0.013446 -0.198554
v -0.183440 0.013446 -0.075983
v -0.198554 0.013446 0.000000
v 0.140399 0.013446 0.140399
v 0.183440 0.013446 0.075983
v -0.183440 0.013446 0.075983
v 0.198554 0.013446 0.000000
v 0.048125 0.547726 -0.241942
v 0.137049 0.547726 -0.205108
v 0.205108 0.547726 -0.137049
v 0.241942 0.547726 -0.048125
v 0.241942 0.547726 0.048125
v 0.205108 0.547726 0.137049
v 0.137049 0.547726 0.205108
v 0.048125 0.547726 0.241942
v -0.048125 0.547726 0.241942
v -0.137049 0.547726 0.205108
v -0.205108 0.547725 0.137049
v -0.241942 0.547726 0.048125
v -0.241942 0.547726 -0.048125
v -0.205108 0.547725 -0.137049
v -0.137049 0.547726 -0.205108
v -0.048125 0.547726 -0.241942
v 0.041353 0.547726 -0.207894
v 0.117762 0.547726 -0.176244
v 0.176244 0.547726 -0.117762
v 0.207894 0.547726 -0.041353
v 0.207894 0.547726 0.041353
v 0.176244 0.547726 0.117762
v 0.117762 0.547726 0.176244
v 0.041353 0.547726 0.207894
v -0.041353 0.547726 0.207894
v -0.117762 0.547726 0.176244
v -0.176244 0.547726 0.117762
v -0.207894 0.547726 0.041353
v -0.207894 0.547726 -0.041353
v -0.176244 0.547726 -0.117762
v -0.117762 0.547726 -0.176244
v -0.041353 0.547726 -0.207894
v 0.000000 0.551277 -0.229339
v 0.087764 0.551277 -0.211882
v 0.162167 0.551277 -0.162167
v 0.211882 0.551277 -0.087764
v 0.229339 0.551277 0.000000
v 0.211882 0.551277 0.087764
v 0.162167 0.551277 0.162167
v 0.087764 0.551277 0.211882
v 0.000000 0.551277 0.229339
v -0.087764 0.551277 0.211882
v -0.162167 0.551277 0.162167
v -0.211882 0.551277 0.087764
v -0.229339 0.551277 -0.000000
v -0.211882 0.551277 -0.087764
v -0.162167 0.551277 -0.162167
v -0.087764 0.551277 -0.211882
v 0.078215 0.538256 0.188828
v -0.179812 0.538256 0.179812
v 0.000000 0.538256 0.204386
v -0.234935 0.538256 0.097313
v -0.078215 0.538256 0.188828
v -0.254292 0.538256 -0.000000
v -0.144523 0.538256 0.144523
v -0.234935 0.538256 -0.097313
v -0.188828 0.538256 0.078215
v -0.179812 0.538256 -0.179812
v 0.000000 0.538256 -0.254292
v 0.097313 0.538256 -0.234935
v -0.204386 0.538256 0.000000
v -0.097313 0.538256 -0.234935
v 0.179812 0.538256 -0.179812
v -0.188828 0.538256 -0.078215
v 0.046014 0.263316 -0.231328
v 0.131037 0.263316 -0.196111
v 0.196111 0.263316 -0.131037
v 0.231328 0.263316 -0.046014
v 0.231328 0.263316 0.046014
v 0.196111 0.263316 0.131037
v 0.131037 0.263316 0.196111
v 0.046014 0.263316 0.231328
v -0.046014 0.263316 0.231328
v -0.131037 0.263316 0.196111
v -0.196111 0.263316 0.131037
v -0.231328 0.263316 0.046014
v -0.231328 0.263316 -0.046014
v -0.196111 0.263316 -0.131037
v -0.131037 0.263316 -0.196111
v -0.046014 0.263316 -0.231328
v -0.109437 0.013446 0.163785
v 0.211671 0.513779 -0.141434
v -0.049665 0.513779 -0.249683
v 0.141434 0.513779 0.211671
v -0.211671 0.513779 0.141434
v 0.141434 0.513779 -0.211671
v -0.141434 0.513779 -0.211671
v 0.211671 0.513779 0.141434
v -0.141434 0.513779 0.211671
v 0.039871 0.538256 0.200446
v -0.141268 0.538256 0.211423
v 0.113543 0.538256 0.169930
v -0.049607 0.538256 0.249390
v 0.169930 0.538256 0.113543
v 0.049607 0.538256 0.249390
v 0.200446 0.538256 0.039871
v 0.141268 0.538256 0.211423
v 0.200446 0.538256 -0.039871
v 0.211423 0.538256 0.141268
v 0.169930 0.538256 -0.113543
v -0.039871 0.538256 -0.200446
v 0.249390 0.538256 0.049607
v 0.113543 0.538256 -0.169930
v -0.113543 0.538256 -0.169930
v 0.249390 0.538256 -0.049607
v -0.249683 0.513779 0.049665
v 0.049665 0.513779 0.249683
v 0.249683 0.513779 -0.049665
v -0.249683 0.513779 -0.049665
v -0.049665 0.513779 0.249683
v 0.249683 0.513779 0.049665
v -0.211671 0.513779 -0.141434
v 0.049665 0.513779 -0.249683
v 0.000000 0.002582 -0.000000
v -0.109437 0.013446 -0.163785
v 0.163785 0.013446 -0.109437
v 0.038429 0.013446 0.193197
v 0.038429 0.013446 -0.193197
v -0.193197 0.013446 -0.038429
v 0.163785 0.013446 0.109437
v -0.163785 0.013446 0.109437
v -0.038429 0.013446 -0.193197
v 0.193197 0.013446 -0.038429
v -0.038429 0.013446 0.193197
v -0.163785 0.013446 -0.109437
v 0.109437 0.013446 -0.163785
v 0.109437 0.013446 0.163785
v -0.193197 0.013446 0.038429
v 0.193197 0.013446 0.038429
v 0.044739 0.551277 -0.224918
v 0.127406 0.551277 -0.190676
v 0.190676 0.551277 -0.127406
v 0.224918 0.551277 -0.044739
v 0.224918 0.551277 0.044739
v 0.190676 0.551277 0.127406
v 0.127406 0.551277 0.190676
v 0.044739 0.551277 0.224918
v -0.044739 0.551277 0.224918
v -0.127406 0.551277 0.190676
v -0.190676 0.551277 0.127406
v -0.224918 0.551277 0.044739
v -0.224918 0.551277 -0.044739
v -0.190676 0.551277 -0.127406
v -0.127406 0.551277 -0.190676
v -0.044739 0.551277 -0.224918
v -0.211422 0.538256 0.141268
v -0.039871 0.538256 0.200446
v -0.249390 0.538256 0.049607
v -0.113543 0.538256 0.169930
v -0.249390 0.538256 -0.049607
v -0.169930 0.538256 0.113543
v -0.211422 0.538256 -0.141268
v 0.049607 0.538256 -0.249390
v -0.200446 0.538256 0.039871
v -0.141268 0.538256 -0.211423
v 0.141268 0.538256 -0.211423
v -0.200446 0.538256 -0.039871
v -0.049607 0.538256 -0.249390
v 0.211423 0.538256 -0.141268
v -0.169930 0.538256 -0.113543
v 0.039871 0.538256 -0.200446
v 0.000000 0.445443 -0.203301
v 0.077800 0.445443 -0.187826
v 0.143755 0.445443 -0.143755
v 0.187826 0.445443 -0.077800
v 0.203301 0.445443 0.000000
v 0.187826 0.445443 0.077800
v 0.143755 0.445443 0.143755
v 0.077800 0.445443 0.187826
v 0.000000 0.445443 0.203301
v -0.077800 0.445443 0.187826
v -0.143755 0.445443 0.143755
v -0.187826 0.445443 0.077800
v -0.203301 0.445443 0.000000
v -0.187826 0.445443 -0.077800
v -0.143755 0.445443 -0.143755
v -0.077800 0.445443 -0.187826
v 0.075884 0.130152 -0.183199
v 0.000000 0.130152 -0.198293
v 0.140214 0.130152 -0.140214
v 0.183199 0.130152 -0.075884
v 0.198293 0.130152 0.000000
v 0.183199 0.130152 0.075884
v 0.140214 0.130152 0.140214
v 0.075884 0.130152 0.183199
v 0.000000 0.130152 0.198293
v -0.075884 0.130152 0.183199
v -0.140214 0.130152 0.140214
v -0.183199 0.130152 0.075884
v -0.198293 0.130152 0.000000
v -0.183199 0.130152 -0.075884
v -0.140214 0.130152 -0.140214
v -0.075884 0.130152 -0.183199
v 0.077800 0.528786 -0.187826
v 0.000000 0.528786 -0.203301
v 0.143755 0.528786 -0.143755
v 0.187826 0.528786 -0.077800
v 0.203301 0.528786 0.000000
v 0.187826 0.528786 0.077800
v 0.143755 0.528786 0.143755
v 0.077800 0.528786 0.187826
v 0.000000 0.528786 0.203301
v -0.077800 0.528786 0.187826
v -0.143755 0.528786 0.143755
v -0.187826 0.528786 0.077800
v -0.203301 0.528786 0.000000
v -0.187826 0.528786 -0.077800
v -0.143755 0.528786 -0.143755
v -0.077800 0.528786 -0.187826
v 0.057838 0.048532 -0.139634
v -0.000000 0.048532 -0.151138
v 0.106871 0.048532 -0.106871
v 0.139634 0.048532 -0.057838
v 0.151138 0.048532 0.000000
v 0.139634 0.048532 0.057838
v 0.106871 0.048532 0.106871
v 0.057838 0.048532 0.139634
v -0.000000 0.048532 0.151138
v -0.057838 0.048532 0.139634
v -0.106871 0.048532 0.106871
v -0.139634 0.048532 0.057838
v -0.151138 0.048532 -0.000000
v -0.139634 0.048532 -0.057838
v -0.106871 0.048532 -0.106871
v -0.057838 0.048532 -0.139634
v 0.039660 0.445443 -0.199382
v 0.112941 0.445443 -0.169028
v 0.169028 0.445443 -0.112941
v 0.199382 0.445443 -0.039660
v 0.199382 0.445443 0.039660
v 0.169028 0.445443 0.112941
v 0.112941 0.445443 0.169028
v 0.039660 0.445443 0.199382
v -0.039659 0.445443 0.199382
v -0.112941 0.445443 0.169028
v -0.169028 0.445443 0.112941
v -0.199382 0.445443 0.039660
v -0.199382 0.445443 -0.039660
v -0.169028 0.445443 -0.112941
v -0.112941 0.445443 -0.169028
v -0.039659 0.445443 -0.199382
v -0.187826 0.514817 -0.077800
v -0.203301 0.514817 0.000000
v -0.187826 0.514817 0.077800
v -0.143755 0.514817 0.143755
v -0.077800 0.514817 0.187826
v 0.077800 0.514817 0.187826
v 0.000000 0.514817 0.203301
v 0.038683 0.130152 -0.194471
v 0.110159 0.130152 -0.164864
v 0.164864 0.130152 -0.110159
v 0.194471 0.130152 -0.038683
v 0.194471 0.130152 0.038683
v 0.164864 0.130152 0.110159
v 0.110159 0.130152 0.164864
v 0.038683 0.130152 0.194471
v -0.038683 0.130152 0.194471
v -0.110159 0.130152 0.164864
v -0.164864 0.130152 0.110159
v -0.194470 0.130152 0.038683
v -0.194470 0.130152 -0.038683
v -0.164864 0.130152 -0.110159
v -0.110159 0.130152 -0.164864
v -0.038683 0.130152 -0.194471
v 0.202675 0.288120 0.000000
v 0.187247 0.288120 0.077560
v -0.202675 0.288120 0.000000
v -0.187247 0.288120 -0.077560
v 0.143313 0.288120 0.143313
v -0.143313 0.288120 -0.143313
v 0.077560 0.288120 0.187247
v -0.077560 0.288120 -0.187247
v 0.000000 0.288120 0.202675
v 0.000000 0.288120 -0.202675
v 0.077560 0.288120 -0.187247
v -0.077560 0.288120 0.187247
v 0.143313 0.288120 -0.143313
v -0.143313 0.288120 0.143313
v 0.187247 0.288120 -0.077560
v -0.187247 0.288120 0.077560
v 0.039660 0.528786 -0.199382
v 0.112941 0.528786 -0.169028
v 0.169028 0.528786 -0.112941
v 0.199382 0.528786 -0.039660
v 0.199382 0.528786 0.039659
v 0.169028 0.528786 0.112941
v 0.112941 0.528786 0.169028
v 0.039660 0.528786 0.199382
v -0.039659 0.528786 0.199382
v -0.112941 0.528786 0.169028
v -0.169028 0.528786 0.112941
v -0.199382 0.528786 0.039660
v -0.199382 0.528786 -0.039660
v -0.169028 0.528786 -0.112941
v -0.112941 0.528786 -0.169028
v -0.039659 0.528786 -0.199382
v 0.144523 0.538256 0.144523
v 0.188828 0.538256 0.078215
v 0.204386 0.538256 0.000000
v 0.188828 0.538256 -0.078215
v 0.000000 0.538256 -0.204386
v 0.078215 0.538256 -0.188828
v 0.144523 0.538256 -0.144523
v -0.144523 0.538256 -0.144523
v -0.078215 0.538256 -0.188828
v -0.143755 0.514817 -0.143756
v 0.077800 0.514817 -0.187826
v 0.000000 0.514817 -0.203301
v -0.077800 0.514817 -0.187826
v 0.143756 0.514817 -0.143755
v 0.187826 0.514817 -0.077800
v 0.203301 0.514817 0.000000
v 0.187826 0.514817 0.077800
v 0.143755 0.514817 0.143756
v 0.025947 0.048250 -0.130445
v 0.073891 0.048250 -0.110586
v 0.110586 0.048250 -0.073891
v 0.130445 0.048250 -0.025947
v 0.130445 0.048250 0.025947
v 0.110586 0.048250 0.073891
v 0.073891 0.048250 0.110586
v 0.025947 0.048250 0.130445
v -0.025947 0.048250 0.130445
v -0.073891 0.048250 0.110586
v -0.110586 0.048250 0.073891
v -0.130445 0.048250 0.025947
v -0.130445 0.048250 -0.025947
v -0.110586 0.048250 -0.073891
v -0.073891 0.048250 -0.110586
v -0.025947 0.048250 -0.130445
v -0.130044 0.059705 0.130044
v -0.169910 0.059705 0.070379
v 0.169910 0.059705 -0.070379
v 0.183909 0.059705 0.000000
v -0.183909 0.059705 -0.000000
v 0.169910 0.059705 0.070379
v -0.169910 0.059705 -0.070379
v 0.130044 0.059705 0.130044
v -0.130044 0.059705 -0.130044
v 0.070379 0.059705 0.169910
v -0.070379 0.059705 -0.169910
v 0.000000 0.059705 0.183909
v 0.000000 0.059705 -0.183909
v 0.070379 0.059705 -0.169910
v -0.070379 0.059705 0.169910
v 0.130044 0.059705 -0.130044
v 0.078215 0.538256 0.188828
v 0.000000 0.538256 0.204386
v -0.078215 0.538256 0.188828
v -0.144523 0.538256 0.144523
v -0.188828 0.538256 0.078215
v -0.204386 0.538256 0.000000
v -0.188828 0.538256 -0.078215
v 0.198768 0.288120 0.039537
v 0.039660 0.514817 -0.199382
v -0.169028 0.514817 -0.112941
v -0.199382 0.514817 -0.039660
v -0.199382 0.514817 0.039660
v -0.169028 0.514817 0.112941
v -0.112941 0.514817 0.169028
v -0.039659 0.514817 0.199382
v 0.039660 0.514817 0.199382
v -0.151697 0.059677 0.101361
v -0.198768 0.288120 -0.039537
v 0.168507 0.288120 0.112593
v -0.168507 0.288120 -0.112593
v 0.112593 0.288120 0.168507
v -0.112593 0.288120 -0.168507
v 0.039537 0.288120 0.198768
v 0.039537 0.288120 -0.198768
v -0.039537 0.288120 -0.198768
v -0.039537 0.288120 0.198768
v 0.112593 0.288120 -0.168507
v -0.112593 0.288120 0.168507
v 0.168507 0.288120 -0.112593
v -0.168507 0.288120 0.112593
v 0.198768 0.288120 -0.039537
v -0.198768 0.288120 0.039537
v 0.039871 0.538256 0.200446
v 0.113543 0.538256 0.169930
v 0.169930 0.538256 0.113543
v 0.200446 0.538256 0.039871
v 0.200446 0.538256 -0.039871
v 0.169930 0.538256 -0.113543
v -0.039871 0.538256 -0.200446
v 0.113543 0.538256 -0.169930
v -0.113543 0.538256 -0.169930
v -0.112941 0.514817 -0.169028
v 0.112941 0.514817 -0.169028
v -0.039659 0.514817 -0.199382
v 0.169028 0.514817 -0.112941
v 0.199382 0.514817 -0.039660
v 0.199382 0.514817 0.039660
v 0.169028 0.514817 0.112941
v 0.112941 0.514817 0.169028
v -0.000000 0.047419 -0.000000
v 0.178939 0.059677 -0.035593
v -0.178939 0.059677 0.035593
v 0.178939 0.059677 0.035593
v -0.178939 0.059677 -0.035593
v 0.151697 0.059677 0.101361
v -0.151697 0.059677 -0.101361
v 0.101361 0.059677 0.151697
v -0.101361 0.059677 -0.151697
v 0.035593 0.059677 0.178939
v 0.035593 0.059677 -0.178939
v -0.035593 0.059677 -0.178939
v -0.035593 0.059677 0.178939
v 0.101361 0.059677 -0.151697
v -0.101361 0.059677 0.151697
v 0.151697 0.059677 -0.101361
v -0.039871 0.538256 0.200446
v -0.113543 0.538256 0.169930
v -0.169930 0.538256 0.113543
v -0.200446 0.538256 0.039871
v -0.200446 0.538256 -0.039871
v -0.169930 0.538256 -0.113543
v 0.039871 0.538256 -0.200446
vn 0.9966 -0.0820 -0.0000
vn 0.8522 -0.0701 0.5185
vn 0.4827 -0.0397 0.8749
vn 0.0077 -0.0006 1.0000
vn -0.4707 0.0387 0.8815
vn -0.8479 0.0697 0.5255
vn -0.9966 0.0820 -0.0000
vn -0.8479 0.0697 -0.5255
vn -0.4707 0.0387 -0.8815
vn 0.0077 -0.0006 -1.0000
vn 0.4827 -0.0397 -0.8749
vn 0.8522 -0.0701 -0.5185
vn 0.9303 0.3668 -0.0000
vn 0.8017 0.3161 0.5073
vn 0.4608 0.1817 0.8687
vn 0.0074 0.0029 1.0000
vn -0.4494 -0.1772 0.8756
vn -0.7978 -0.3145 0.5144
vn -0.9303 -0.3668 -0.0000
vn -0.7978 -0.3145 -0.5144
vn -0.4494 -0.1772 -0.8756
vn 0.0074 0.0029 -1.0000
vn 0.4608 0.1817 -0.8687
vn 0.8017 0.3161 -0.5073
vn 0.7042 0.7100 -0.0000
vn 0.6166 0.6216 0.4832
vn 0.3659 0.3689 0.8544
vn 0.0060 0.0061 1.0000
vn -0.3572 -0.3601 0.8618
vn -0.6139 -0.6188 0.4901
vn -0.7042 -0.7100 -0.0000
vn -0.6139 -0.6188 -0.4901
vn -0.3572 -0.3601 -0.8618
vn 0.0060 0.0061 -1.0000
vn 0.3659 0.3689 -0.8544
vn 0.6166 0.6216 -0.4832
vn 0.4116 0.9114 -0.0000
vn 0.3649 0.8079 0.4628
vn 0.2226 0.4927 0.8413
vn 0.0035 0.0075 1.0000
vn -0.2178 -0.4822 0.8485
vn -0.3636 -0.8049 0.4690
vn -0.4117 -0.9113 -0.0000
vn -0.3636 -0.8049 -0.4690
vn -0.2178 -0.4822 -0.8485
vn 0.0035 0.0075 -1.0000
vn 0.2226 0.4927 -0.8413
vn 0.3649 0.8079 -0.4628
vn 0.2585 0.9660 -0.0000
vn 0.2304 0.8610 0.4535
vn 0.1431 0.5348 0.8328
vn 0.0051 0.0191 0.9998
vn -0.1361 -0.5086 0.8502
vn -0.2284 -0.8535 0.4683
vn -0.2585 -0.9660 -0.0000
vn -0.2284 -0.8535 -0.4683
vn -0.1361 -0.5086 -0.8502
vn 0.0051 0.0191 -0.9998
vn 0.1431 0.5348 -0.8328
vn 0.2304 0.8610 -0.4535
vn 0.0972 -0.9953 -0.0000
vn 0.0866 -0.8870 0.4535
vn 0.0538 -0.5510 0.8328
vn 0.0019 -0.0196 0.9998
vn -0.0511 0.5240 0.8502
vn -0.0858 0.8794 0.4683
vn -0.0972 0.9953 -0.0000
vn -0.0858 0.8794 -0.4683
vn -0.0511 0.5240 -0.8502
vn 0.0019 -0.0196 -0.9998
vn 0.0538 -0.5510 -0.8328
vn 0.0866 -0.8870 -0.4535
vn 0.2571 -0.9664 -0.0000
vn 0.2280 -0.8567 0.4628
vn 0.1391 -0.5224 0.8413
vn 0.0022 -0.0080 1.0000
vn -0.1361 0.5113 0.8485
vn -0.2272 0.8535 0.4690
vn -0.2572 0.9663 -0.0000
vn -0.2272 0.8535 -0.4690
vn -0.1361 0.5113 -0.8485
vn 0.0022 -0.0080 -1.0000
vn 0.1391 -0.5224 -0.8413
vn 0.2280 -0.8567 -0.4628
vn 0.5788 -0.8155 -0.0000
vn 0.5067 -0.7140 0.4832
vn 0.3007 -0.4237 0.8544
vn 0.0049 -0.0070 1.0000
vn -0.2936 0.4137 0.8618
vn -0.5045 0.7108 0.4901
vn -0.5788 0.8155 -0.0000
vn -0.5045 0.7108 -0.4901
vn -0.2936 0.4137 -0.8618
vn 0.0049 -0.0070 -1.0000
vn 0.3007 -0.4237 -0.8544
vn 0.5067 -0.7140 -0.4832
vn 0.8579 -0.5139 -0.0000
vn 0.7393 -0.4428 0.5073
vn 0.4249 -0.2545 0.8687
vn 0.0069 -0.0041 1.0000
vn -0.4144 0.2483 0.8756
vn -0.7357 0.4407 0.5144
vn -0.8579 0.5139 -0.0000
vn -0.7357 0.4407 -0.5144
vn -0.4144 0.2483 -0.8756
vn 0.0069 -0.0041 -1.0000
vn 0.4249 -0.2545 -0.8687
vn 0.7393 -0.4428 -0.5073
vn 0.9593 -0.0789 0.2711
vn 0.9887 0.1496 -0.0000
vn 0.8973 0.3538 0.2638
vn 0.8473 0.1282 0.5155
vn 0.6880 -0.0566 0.7235
vn 0.6520 0.2571 0.7133
vn 0.4817 0.0729 0.8733
vn 0.2514 -0.0207 0.9677
vn 0.2413 0.0951 0.9658
vn 0.0077 0.0012 1.0000
vn -0.2370 0.0195 0.9713
vn -0.2275 -0.0897 0.9696
vn -0.4699 -0.0711 0.8799
vn -0.6798 0.0559 0.7313
vn -0.6445 -0.2541 0.7212
vn -0.8430 -0.1276 0.5225
vn -0.9581 0.0788 0.2753
vn -0.8963 -0.3534 0.2679
vn -0.9887 -0.1496 -0.0000
vn -0.9581 0.0788 -0.2753
vn -0.8963 -0.3534 -0.2679
vn -0.8430 -0.1276 -0.5225
vn -0.6798 0.0559 -0.7313
vn -0.6445 -0.2541 -0.7212
vn -0.4699 -0.0711 -0.8799
vn -0.2370 0.0195 -0.9713
vn -0.2275 -0.0897 -0.9696
vn 0.0077 0.0012 -1.0000
vn 0.2514 -0.0207 -0.9677
vn 0.2413 0.0951 -0.9658
vn 0.4817 0.0729 -0.8733
vn 0.6880 -0.0566 -0.7235
vn 0.6520 0.2571 -0.7133
vn 0.8473 0.1282 -0.5155
vn 0.9593 -0.0789 -0.2711
vn 0.8973 0.3538 -0.2638
vn 0.8313 0.5558 -0.0000
vn 0.6822 0.6877 0.2484
vn 0.7220 0.4826 0.4958
vn 0.5096 0.5137 0.6903
vn 0.4213 0.2816 0.8621
vn 0.1939 0.1955 0.9613
vn 0.0068 0.0046 1.0000
vn -0.1829 -0.1844 0.9657
vn -0.4112 -0.2749 0.8691
vn -0.5040 -0.5081 0.6984
vn -0.7186 -0.4804 0.5028
vn -0.6815 -0.6870 0.2522
vn -0.8313 -0.5558 -0.0000
vn -0.6815 -0.6870 -0.2522
vn -0.7186 -0.4804 -0.5028
vn -0.5040 -0.5081 -0.6984
vn -0.4112 -0.2749 -0.8691
vn -0.1829 -0.1844 -0.9657
vn 0.0068 0.0046 -1.0000
vn 0.1939 0.1955 -0.9613
vn 0.4213 0.2816 -0.8621
vn 0.5096 0.5137 -0.6903
vn 0.7220 0.4826 -0.4958
vn 0.6822 0.6877 -0.2484
vn 0.5597 0.8287 -0.0000
vn 0.4000 0.8857 0.2357
vn 0.4936 0.7308 0.4715
vn 0.3056 0.6765 0.6700
vn 0.2976 0.4406 0.8469
vn 0.1192 0.2637 0.9572
vn 0.0049 0.0073 1.0000
vn -0.1129 -0.2501 0.9616
vn -0.2907 -0.4303 0.8546
vn -0.3027 -0.6702 0.6777
vn -0.4916 -0.7277 0.4783
vn -0.3998 -0.8849 0.2391
vn -0.5597 -0.8287 -0.0000
vn -0.3998 -0.8849 -0.2391
vn -0.4916 -0.7277 -0.4783
vn -0.3027 -0.6702 -0.6777
vn -0.2907 -0.4303 -0.8546
vn -0.1129 -0.2501 -0.9616
vn 0.0049 0.0073 -1.0000
vn 0.1192 0.2637 -0.9572
vn 0.2976 0.4406 -0.8469
vn 0.3056 0.6765 -0.6700
vn 0.4936 0.7308 -0.4715
vn 0.4000 0.8857 -0.2357
vn 0.2984 0.9545 -0.0000
vn 0.2515 0.9400 0.2303
vn 0.2650 0.8475 0.4599
vn 0.1943 0.7261 0.6596
vn 0.1622 0.5178 0.8400
vn 0.0784 0.2929 0.9529
vn 0.0016 0.0042 1.0000
vn -0.0692 -0.2585 0.9635
vn -0.1601 -0.5119 0.8440
vn -0.1900 -0.7102 0.6779
vn -0.2648 -0.8458 0.4632
vn -0.2510 -0.9382 0.2383
vn -0.2988 -0.9543 -0.0000
vn -0.2510 -0.9382 -0.2383
vn -0.2648 -0.8458 -0.4632
vn -0.1900 -0.7102 -0.6779
vn -0.1601 -0.5119 -0.8440
vn -0.0692 -0.2585 -0.9635
vn 0.0016 0.0042 -1.0000
vn 0.0784 0.2929 -0.9529
vn 0.1622 0.5178 -0.8400
vn 0.1943 0.7261 -0.6596
vn 0.2650 0.8475 -0.4599
vn 0.2515 0.9400 -0.2303
vn 0.0945 -0.9685 0.2303
vn 0.0730 -0.7480 0.6596
vn 0.0295 -0.3017 0.9529
vn -0.0260 0.2664 0.9635
vn -0.0714 0.7317 0.6779
vn -0.0944 0.9666 0.2383
vn -0.0944 0.9666 -0.2383
vn -0.0714 0.7317 -0.6779
vn -0.0260 0.2664 -0.9635
vn 0.0295 -0.3017 -0.9529
vn 0.0730 -0.7480 -0.6596
vn 0.0945 -0.9685 -0.2303
vn 0.1384 -0.9904 -0.0000
vn 0.2499 -0.9391 0.2357
vn 0.1230 -0.8794 0.4599
vn 0.1909 -0.7174 0.6700
vn 0.0754 -0.5373 0.8400
vn 0.0745 -0.2796 0.9572
vn 0.0009 -0.0045 1.0000
vn -0.0705 0.2652 0.9616
vn -0.0743 0.5312 0.8440
vn -0.1891 0.7106 0.6777
vn -0.1230 0.8777 0.4632
vn -0.2498 0.9383 0.2391
vn -0.1388 0.9903 -0.0000
vn -0.2498 0.9383 -0.2391
vn -0.1230 0.8777 -0.4632
vn -0.1891 0.7106 -0.6777
vn -0.0743 0.5312 -0.8440
vn -0.0705 0.2652 -0.9616
vn 0.0009 -0.0045 -1.0000
vn 0.0745 -0.2796 -0.9572
vn 0.0754 -0.5373 -0.8400
vn 0.1909 -0.7174 -0.6700
vn 0.1230 -0.8794 -0.4599
vn 0.2499 -0.9391 -0.2357
vn 0.4168 -0.9090 -0.0000
vn 0.5606 -0.7899 0.2484
vn 0.3676 -0.8016 0.4715
vn 0.4188 -0.5901 0.6903
vn 0.2216 -0.4833 0.8469
vn 0.1594 -0.2246 0.9613
vn 0.0037 -0.0080 1.0000
vn -0.1503 0.2118 0.9657
vn -0.2165 0.4721 0.8546
vn -0.4142 0.5836 0.6984
vn -0.3660 0.7983 0.4783
vn -0.5600 0.7891 0.2522
vn -0.4168 0.9090 -0.0000
vn -0.5600 0.7891 -0.2522
vn -0.3660 0.7983 -0.4783
vn -0.4142 0.5836 -0.6984
vn -0.2165 0.4721 -0.8546
vn -0.1503 0.2118 -0.9657
vn 0.0037 -0.0080 -1.0000
vn 0.1594 -0.2246 -0.9613
vn 0.2216 -0.4833 -0.8469
vn 0.4188 -0.5901 -0.6903
vn 0.3676 -0.8016 -0.4715
vn 0.5606 -0.7899 -0.2484
vn 0.7294 -0.6841 -0.0000
vn 0.8275 -0.4957 0.2638
vn 0.6334 -0.5941 0.4958
vn 0.6013 -0.3602 0.7133
vn 0.3696 -0.3467 0.8621
vn 0.2225 -0.1333 0.9658
vn 0.0060 -0.0056 1.0000
vn -0.2098 0.1257 0.9696
vn -0.3607 0.3384 0.8691
vn -0.5943 0.3560 0.7212
vn -0.6305 0.5914 0.5028
vn -0.8265 0.4951 0.2679
vn -0.7294 0.6841 -0.0000
vn -0.8265 0.4951 -0.2679
vn -0.6305 0.5914 -0.5028
vn -0.5943 0.3560 -0.7212
vn -0.3607 0.3384 -0.8691
vn -0.2098 0.1257 -0.9696
vn 0.0060 -0.0056 -1.0000
vn 0.2225 -0.1333 -0.9658
vn 0.3696 -0.3467 -0.8621
vn 0.6013 -0.3602 -0.7133
vn 0.6334 -0.5941 -0.4958
vn 0.8275 -0.4957 -0.2638
vn 0.9510 -0.3092 -0.0000
vn 0.8149 -0.2649 0.5155
vn 0.4634 -0.1506 0.8733
vn 0.0074 -0.0024 1.0000
vn -0.4519 0.1469 0.8799
vn -0.8109 0.2636 0.5225
vn -0.9510 0.3092 -0.0000
vn -0.8109 0.2636 -0.5225
vn -0.4519 0.1469 -0.8799
vn 0.0074 -0.0024 -1.0000
vn 0.4634 -0.1506 -0.8733
vn 0.8149 -0.2649 -0.5155
vn 0.9523 0.1441 0.2692
vn 0.6854 0.1037 0.7208
vn 0.2513 0.0380 0.9672
vn -0.2370 -0.0359 0.9709
vn -0.6773 -0.1025 0.7286
vn -0.9511 -0.1439 0.2733
vn -0.9511 -0.1439 -0.2733
vn -0.6773 -0.1025 -0.7286
vn -0.2370 -0.0359 -0.9709
vn 0.2513 0.0380 -0.9672
vn 0.6854 0.1037 -0.7208
vn 0.9523 0.1441 -0.2692
vn 0.8036 0.5372 0.2564
vn 0.5917 0.3956 0.7024
vn 0.2218 0.1483 0.9637
vn -0.2093 -0.1399 0.9678
vn -0.5851 -0.3911 0.7104
vn -0.8027 -0.5366 0.2603
vn -0.8027 -0.5366 -0.2603
vn -0.5851 -0.3911 -0.7104
vn -0.2093 -0.1399 -0.9678
vn 0.2218 0.1483 -0.9638
vn 0.5917 0.3956 -0.7024
vn 0.8036 0.5372 -0.2564
vn 0.5432 0.8042 0.2411
vn 0.4111 0.6086 0.6787
vn 0.1587 0.2349 0.9590
vn -0.1498 -0.2218 0.9635
vn -0.4068 -0.6022 0.6869
vn -0.5427 -0.8035 0.2448
vn -0.5427 -0.8035 -0.2448
vn -0.4068 -0.6022 -0.6869
vn -0.1498 -0.2218 -0.9635
vn 0.1587 0.2349 -0.9590
vn 0.4111 0.6086 -0.6787
vn 0.5432 0.8042 -0.2411
vn 0.2901 0.9280 0.2338
vn 0.2224 0.7108 0.6673
vn 0.0865 0.2758 0.9573
vn -0.0837 -0.2682 0.9597
vn -0.2213 -0.7072 0.6715
vn -0.2904 -0.9275 0.2356
vn -0.2904 -0.9275 -0.2356
vn -0.2213 -0.7072 -0.6715
vn -0.0837 -0.2682 -0.9597
vn 0.0865 0.2758 -0.9573
vn 0.2224 0.7108 -0.6673
vn 0.2901 0.9280 -0.2338
vn 0.1346 -0.9629 0.2338
vn 0.1033 -0.7376 0.6673
vn 0.0403 -0.2863 0.9573
vn -0.0388 0.2782 0.9597
vn -0.1028 0.7338 0.6715
vn -0.1349 0.9624 0.2356
vn -0.1349 0.9624 -0.2356
vn -0.1028 0.7338 -0.6715
vn -0.0388 0.2782 -0.9597
vn 0.0403 -0.2863 -0.9573
vn 0.1033 -0.7376 -0.6673
vn 0.1346 -0.9629 -0.2338
vn 0.4045 -0.8822 0.2411
vn 0.3061 -0.6676 0.6787
vn 0.1182 -0.2577 0.9590
vn -0.1115 0.2433 0.9635
vn -0.3029 0.6606 0.6869
vn -0.4041 0.8813 0.2448
vn -0.4041 0.8813 -0.2448
vn -0.3029 0.6606 -0.6869
vn -0.1115 0.2433 -0.9635
vn 0.1182 -0.2577 -0.9590
vn 0.3061 -0.6676 -0.6787
vn 0.4045 -0.8822 -0.2411
vn 0.7050 -0.6613 0.2564
vn 0.5191 -0.4869 0.7024
vn 0.1946 -0.1825 0.9638
vn -0.1836 0.1722 0.9678
vn -0.5133 0.4815 0.7104
vn -0.7042 0.6605 0.2603
vn -0.7042 0.6605 -0.2603
vn -0.5133 0.4815 -0.7104
vn -0.1836 0.1722 -0.9678
vn 0.1946 -0.1825 -0.9638
vn 0.5191 -0.4869 -0.7024
vn 0.7050 -0.6613 -0.2564
vn 0.9159 -0.2977 0.2692
vn 0.6592 -0.2143 0.7208
vn 0.2417 -0.0786 0.9672
vn -0.2279 0.0741 0.9709
vn -0.6514 0.2118 0.7286
vn -0.9148 0.2974 0.2733
vn -0.9148 0.2974 -0.2733
vn -0.6514 0.2118 -0.7286
vn -0.2279 0.0741 -0.9709
vn 0.2417 -0.0786 -0.9672
vn 0.6592 -0.2143 -0.7208
vn 0.9159 -0.2977 -0.2692
vn 0.0023 -0.1812 -0.9834
vn 0.3777 -0.1810 -0.9081
vn 0.6950 -0.1776 -0.6967
vn 0.9089 -0.1777 -0.3773
vn 0.9841 -0.1777 -0.0000
vn 0.9089 -0.1777 0.3773
vn 0.6950 -0.1776 0.6967
vn 0.3777 -0.1810 0.9081
vn 0.0023 -0.1812 0.9834
vn -0.3734 -0.1815 0.9098
vn -0.6928 -0.1817 0.6979
vn -0.9072 -0.1818 0.3794
vn -0.9827 -0.1851 -0.0000
vn -0.9072 -0.1818 -0.3794
vn -0.6928 -0.1817 -0.6979
vn -0.3734 -0.1815 -0.9098
vn 0.3811 -0.0737 -0.9216
vn -0.0000 -0.0737 -0.9973
vn 0.7046 -0.0737 -0.7058
vn 0.9212 -0.0737 -0.3821
vn 0.9973 -0.0737 -0.0000
vn 0.9212 -0.0737 0.3821
vn 0.7046 -0.0737 0.7058
vn 0.3811 -0.0737 0.9216
vn -0.0000 -0.0737 0.9973
vn -0.3811 -0.0737 0.9216
vn -0.7046 -0.0737 0.7057
vn -0.9212 -0.0737 0.3821
vn -0.9973 -0.0737 -0.0000
vn -0.9212 -0.0737 -0.3821
vn -0.7046 -0.0737 -0.7057
vn -0.3811 -0.0737 -0.9216
vn 0.3817 0.0309 -0.9238
vn -0.0000 0.0307 -0.9995
vn 0.7060 0.0310 -0.7076
vn 0.9231 0.0311 -0.3832
vn 0.9995 0.0311 -0.0000
vn 0.9231 0.0311 0.3832
vn 0.7060 0.0310 0.7076
vn 0.3817 0.0309 0.9238
vn -0.0000 0.0307 0.9995
vn -0.3817 0.0306 0.9238
vn -0.7060 0.0305 0.7076
vn -0.9231 0.0305 0.3832
vn -0.9995 0.0305 -0.0000
vn -0.9231 0.0305 -0.3832
vn -0.7060 0.0305 -0.7076
vn -0.3817 0.0306 -0.9238
vn -0.0006 -0.9873 -0.1586
vn 0.0603 -0.9874 -0.1462
vn 0.1112 -0.9876 -0.1111
vn 0.1445 -0.9877 -0.0597
vn 0.1560 -0.9878 -0.0000
vn 0.1445 -0.9877 0.0597
vn 0.1112 -0.9876 0.1111
vn 0.0603 -0.9874 0.1462
vn -0.0006 -0.9873 0.1586
vn -0.0614 -0.9874 0.1462
vn -0.1123 -0.9874 0.1111
vn -0.1456 -0.9875 0.0597
vn -0.1572 -0.9876 -0.0000
vn -0.1456 -0.9875 -0.0597
vn -0.1123 -0.9874 -0.1111
vn -0.0614 -0.9874 -0.1462
vn 0.2029 0.8492 -0.4876
vn 0.0006 0.8484 -0.5293
vn 0.3715 0.8514 -0.3703
vn 0.4817 0.8535 -0.1990
vn 0.5198 0.8543 -0.0000
vn 0.4817 0.8535 0.1990
vn 0.3715 0.8514 0.3703
vn 0.2029 0.8492 0.4876
vn 0.0006 0.8484 0.5293
vn -0.2015 0.8497 0.4873
vn -0.3699 0.8522 0.3700
vn -0.4799 0.8545 0.1988
vn -0.5180 0.8554 -0.0000
vn -0.4799 0.8545 -0.1988
vn -0.3699 0.8522 -0.3700
vn -0.2015 0.8497 -0.4873
vn -0.1893 0.8688 0.4575
vn -0.0005 0.8681 0.4964
vn -0.3483 0.8700 0.3489
vn -0.4535 0.8712 0.1882
vn -0.4902 0.8716 -0.0000
vn -0.4535 0.8712 -0.1882
vn -0.3483 0.8700 -0.3489
vn -0.1893 0.8688 -0.4575
vn -0.0005 0.8681 -0.4963
vn 0.1889 0.8682 -0.4588
vn 0.3491 0.8690 -0.3507
vn 0.4554 0.8699 -0.1894
vn 0.4926 0.8703 -0.0000
vn 0.4554 0.8699 0.1894
vn 0.3491 0.8690 0.3507
vn 0.1889 0.8682 0.4588
vn 0.1889 -0.1834 -0.9647
vn 0.1942 -0.0737 -0.9782
vn -0.0000 -0.0865 -0.9963
vn 0.3807 -0.0865 -0.9207
vn 0.5432 -0.1835 -0.8193
vn 0.5534 -0.0737 -0.8296
vn 0.7039 -0.0865 -0.7051
vn 0.8173 -0.1802 -0.5473
vn 0.8288 -0.0737 -0.5547
vn 0.9202 -0.0865 -0.3818
vn 0.9646 -0.1803 -0.1923
vn 0.9781 -0.0737 -0.1948
vn 0.9963 -0.0865 -0.0000
vn 0.9646 -0.1803 0.1923
vn 0.9781 -0.0737 0.1948
vn 0.9202 -0.0865 0.3818
vn 0.8173 -0.1802 0.5473
vn 0.8288 -0.0737 0.5547
vn 0.7039 -0.0865 0.7051
vn 0.5432 -0.1835 0.8193
vn 0.5534 -0.0737 0.8296
vn 0.3807 -0.0865 0.9207
vn 0.1889 -0.1834 0.9647
vn 0.1942 -0.0737 0.9782
vn -0.0000 -0.0865 0.9963
vn -0.1938 -0.1835 0.9637
vn -0.1943 -0.0737 0.9782
vn -0.3807 -0.0865 0.9206
vn -0.5473 -0.1837 0.8165
vn -0.5534 -0.0737 0.8296
vn -0.7039 -0.0865 0.7050
vn -0.8182 -0.1840 0.5448
vn -0.8288 -0.0737 0.5546
vn -0.9202 -0.0865 0.3818
vn -0.9644 -0.1842 0.1896
vn -0.9781 -0.0737 0.1948
vn -0.9963 -0.0865 -0.0000
vn -0.9644 -0.1842 -0.1896
vn -0.9781 -0.0737 -0.1948
vn -0.9202 -0.0865 -0.3818
vn -0.8182 -0.1840 -0.5448
vn -0.8288 -0.0737 -0.5546
vn -0.7039 -0.0865 -0.7050
vn -0.5473 -0.1837 -0.8165
vn -0.5534 -0.0737 -0.8296
vn -0.3807 -0.0865 -0.9206
vn -0.1938 -0.1835 -0.9637
vn -0.1943 -0.0737 -0.9782
vn -0.9219 -0.0620 0.3825
vn 0.7052 -0.0619 -0.7063
vn 0.3814 -0.0619 -0.9223
vn -0.3814 -0.0620 -0.9223
vn -0.7052 -0.0620 -0.7063
vn 0.7052 -0.0619 0.7063
vn 0.9219 -0.0619 0.3825
vn -0.7052 -0.0620 0.7063
vn -0.3814 -0.0620 0.9223
vn 0.1946 0.0308 -0.9804
vn 0.5544 0.0310 -0.8317
vn 0.8305 0.0310 -0.5562
vn 0.9802 0.0311 -0.1954
vn 0.9802 0.0311 0.1954
vn 0.8305 0.0310 0.5562
vn 0.5544 0.0310 0.8317
vn 0.1946 0.0308 0.9804
vn -0.1945 0.0307 0.9804
vn -0.5544 0.0306 0.8317
vn -0.8305 0.0305 0.5562
vn -0.9802 0.0305 0.1954
vn -0.9802 0.0305 -0.1954
vn -0.8305 0.0305 -0.5562
vn -0.5544 0.0306 -0.8317
vn -0.1945 0.0307 -0.9804
vn -0.3521 0.3829 0.8540
vn -0.5523 0.6256 -0.5510
vn 0.0004 0.3829 0.9238
vn -0.7210 0.6256 -0.2978
vn 0.3525 0.3844 0.8532
vn -0.7801 0.6256 -0.0000
vn 0.6511 0.3868 0.6530
vn -0.7210 0.6256 0.2978
vn 0.0012 0.6256 0.7801
vn 0.8509 0.3887 0.3535
vn -0.2987 0.6256 0.7207
vn -0.5523 0.6256 0.5510
vn 0.5535 0.6256 0.5498
vn 0.3007 0.6256 0.7198
vn 0.9211 0.3893 -0.0000
vn 0.8509 0.3887 -0.3535
vn 0.3814 -0.0619 0.9223
vn -0.0000 -0.0619 -0.9981
vn 0.9219 -0.0619 -0.3825
vn -0.9981 -0.0620 -0.0000
vn -0.0000 -0.0619 0.9981
vn 0.9981 -0.0619 -0.0000
vn -0.9219 -0.0620 -0.3825
vn 0.0125 -0.9977 -0.0665
vn 0.0366 -0.9976 -0.0581
vn 0.0573 -0.9975 -0.0406
vn 0.0696 -0.9975 -0.0147
vn 0.0696 -0.9975 0.0147
vn 0.0573 -0.9975 0.0406
vn 0.0366 -0.9976 0.0581
vn 0.0125 -0.9977 0.0665
vn -0.0124 -0.9977 0.0666
vn -0.0367 -0.9976 0.0585
vn -0.0576 -0.9975 0.0409
vn -0.0702 -0.9974 0.0148
vn -0.0702 -0.9974 -0.0148
vn -0.0576 -0.9975 -0.0409
vn -0.0367 -0.9976 -0.0585
vn -0.0124 -0.9977 -0.0666
vn -0.5022 -0.7004 0.5072
vn -0.2729 -0.6939 0.6664
vn -0.2729 -0.6939 -0.6664
vn -0.5022 -0.7004 -0.5072
vn 0.6530 -0.7069 -0.2718
vn 0.5025 -0.7015 -0.5053
vn 0.0019 -0.6909 0.7230
vn 0.2769 -0.6933 0.6653
vn 0.2769 -0.6933 -0.6653
vn 0.0019 -0.6909 -0.7230
vn -0.6526 -0.7063 -0.2743
vn -0.7078 -0.7064 -0.0000
vn 0.5025 -0.7015 0.5053
vn 0.6530 -0.7069 0.2718
vn -0.6526 -0.7063 0.2743
vn 0.7051 -0.7091 -0.0000
vn 0.1040 0.8486 -0.5187
vn 0.2932 0.8502 -0.4372
vn 0.4349 0.8526 -0.2898
vn 0.5101 0.8541 -0.1012
vn 0.5101 0.8541 0.1012
vn 0.4349 0.8526 0.2898
vn 0.2932 0.8502 0.4372
vn 0.1040 0.8486 0.5187
vn -0.1027 0.8489 0.5185
vn -0.2917 0.8509 0.4368
vn -0.4333 0.8535 0.2895
vn -0.5084 0.8552 0.1011
vn -0.5084 0.8552 -0.1011
vn -0.4333 0.8535 -0.2895
vn -0.2917 0.8509 -0.4368
vn -0.1027 0.8489 -0.5185
vn -0.0969 0.8683 0.4865
vn -0.2743 0.8693 0.4111
vn -0.4088 0.8706 0.2737
vn -0.4811 0.8714 0.0959
vn -0.4811 0.8714 -0.0959
vn -0.4088 0.8706 -0.2737
vn -0.2743 0.8693 -0.4111
vn -0.0969 0.8683 -0.4865
vn 0.0961 0.8680 -0.4872
vn 0.2745 0.8685 -0.4128
vn 0.4103 0.8694 -0.2753
vn 0.4833 0.8701 -0.0965
vn 0.4833 0.8701 0.0965
vn 0.4103 0.8694 0.2753
vn 0.2745 0.8685 0.4128
vn 0.0961 0.8680 0.4872
vn -0.0000 0.9999 -0.0136
vn 0.0059 0.9999 -0.0124
vn 0.0102 0.9999 -0.0087
vn 0.0123 0.9999 -0.0043
vn 0.0128 0.9999 -0.0000
vn 0.0123 0.9999 0.0043
vn 0.0102 0.9999 0.0087
vn 0.0059 0.9999 0.0124
vn -0.0000 0.9999 0.0136
vn -0.0055 0.9999 0.0115
vn -0.0088 0.9999 0.0074
vn -0.0100 0.9999 0.0034
vn -0.0102 0.9999 -0.0000
vn -0.0100 0.9999 -0.0034
vn -0.0088 0.9999 -0.0074
vn -0.0055 0.9999 -0.0115
vn -0.2987 0.6256 -0.7207
vn -0.6516 0.3842 0.6541
vn 0.0012 0.6256 -0.7801
vn -0.8520 0.3854 0.3542
vn 0.3007 0.6256 -0.7198
vn -0.9225 0.3859 -0.0000
vn 0.5535 0.6256 -0.5498
vn -0.8520 0.3854 -0.3542
vn 0.7214 0.6256 -0.2970
vn -0.6516 0.3841 -0.6541
vn 0.0004 0.3829 -0.9238
vn 0.3525 0.3844 -0.8532
vn 0.7801 0.6256 -0.0000
vn -0.3521 0.3829 -0.8540
vn 0.6511 0.3868 -0.6530
vn 0.7214 0.6256 0.2970
vn 0.1940 -0.0865 -0.9772
vn 0.5528 -0.0865 -0.8288
vn 0.8279 -0.0865 -0.5541
vn 0.9771 -0.0865 -0.1947
vn 0.9771 -0.0865 0.1947
vn 0.8279 -0.0865 0.5541
vn 0.5528 -0.0865 0.8288
vn 0.1940 -0.0865 0.9772
vn -0.1941 -0.0865 0.9772
vn -0.5529 -0.0865 0.8288
vn -0.8279 -0.0865 0.5541
vn -0.9771 -0.0865 0.1946
vn -0.9771 -0.0865 -0.1946
vn -0.8279 -0.0865 -0.5541
vn -0.5529 -0.0865 -0.8288
vn -0.1941 -0.0865 -0.9772
vn -0.3867 -0.7247 0.5703
vn 0.8295 -0.0619 -0.5551
vn -0.1944 -0.0619 -0.9790
vn 0.5538 -0.0619 0.8303
vn -0.8295 -0.0620 0.5551
vn 0.5538 -0.0619 -0.8303
vn -0.5539 -0.0620 -0.8303
vn 0.8295 -0.0619 0.5551
vn -0.5539 -0.0620 0.8303
vn -0.1517 0.6256 -0.7652
vn -0.5116 0.3835 0.7689
vn -0.4340 0.6256 -0.6483
vn -0.1793 0.3828 0.9063
vn -0.6492 0.6256 -0.4326
vn 0.1799 0.3835 0.9058
vn -0.7652 0.6256 -0.1518
vn 0.5116 0.3856 0.7678
vn -0.7652 0.6256 0.1518
vn 0.7657 0.3878 0.5131
vn -0.6492 0.6256 0.4326
vn 0.1540 0.6256 0.7648
vn 0.9034 0.3892 0.1802
vn -0.4340 0.6256 0.6483
vn 0.4356 0.6256 0.6472
vn 0.9034 0.3892 -0.1802
vn -0.9788 -0.0620 0.1950
vn 0.1944 -0.0619 0.9790
vn 0.9788 -0.0619 -0.1950
vn -0.9788 -0.0620 -0.1950
vn -0.1944 -0.0619 0.9790
vn 0.9788 -0.0619 0.1950
vn -0.8295 -0.0620 -0.5551
vn 0.1944 -0.0619 -0.9790
vn -0.0000 -1.0000 -0.0000
vn -0.3867 -0.7247 -0.5703
vn 0.5662 -0.7328 -0.3774
vn 0.1323 -0.7192 0.6820
vn 0.1323 -0.7192 -0.6820
vn -0.6647 -0.7360 -0.1283
vn 0.5662 -0.7328 0.3774
vn -0.5695 -0.7315 0.3749
vn -0.1395 -0.7195 -0.6803
vn 0.6629 -0.7371 -0.1315
vn -0.1395 -0.7195 0.6803
vn -0.5695 -0.7315 -0.3749
vn 0.3811 -0.7240 -0.5750
vn 0.3811 -0.7240 0.5750
vn -0.6647 -0.7360 0.1283
vn 0.6629 -0.7371 0.1315
vn 0.0031 0.9999 -0.0133
vn 0.0083 0.9999 -0.0107
vn 0.0114 0.9999 -0.0065
vn 0.0126 0.9999 -0.0021
vn 0.0126 0.9999 0.0021
vn 0.0114 0.9999 0.0065
vn 0.0083 0.9999 0.0107
vn 0.0031 0.9999 0.0133
vn -0.0029 0.9999 0.0128
vn -0.0074 0.9999 0.0095
vn -0.0096 0.9999 0.0053
vn -0.0101 0.9999 0.0016
vn -0.0101 0.9999 -0.0016
vn -0.0096 0.9999 -0.0053
vn -0.0074 0.9999 -0.0095
vn -0.0029 0.9999 -0.0128
vn -0.7665 0.3849 0.5141
vn 0.1540 0.6256 -0.7648
vn -0.9047 0.3858 0.1806
vn 0.4356 0.6256 -0.6472
vn -0.9047 0.3858 -0.1806
vn 0.6499 0.6256 -0.4315
vn -0.7665 0.3849 -0.5141
vn 0.1799 0.3835 -0.9058
vn 0.7653 0.6256 -0.1513
vn -0.5116 0.3835 -0.7689
vn 0.5116 0.3856 -0.7678
vn 0.7653 0.6256 0.1513
vn -0.1793 0.3828 -0.9063
vn 0.7657 0.3878 -0.5131
vn 0.6499 0.6256 0.4315
vn -0.1517 0.6256 0.7652
vn -0.0000 0.0020 1.0000
vn -0.3821 0.0020 0.9241
vn -0.7065 0.0020 0.7077
vn -0.9237 0.0020 0.3832
vn -1.0000 0.0020 -0.0000
vn -0.9237 0.0020 -0.3832
vn -0.7065 0.0020 -0.7077
vn -0.3821 0.0020 -0.9241
vn -0.0000 0.0020 -1.0000
vn 0.3821 0.0020 -0.9241
vn 0.7065 0.0020 -0.7077
vn 0.9237 0.0020 -0.3832
vn 1.0000 0.0020 -0.0000
vn 0.9237 0.0020 0.3832
vn 0.7065 0.0020 0.7077
vn 0.3821 0.0020 0.9241
vn -0.3815 0.1173 0.9169
vn -0.0024 0.1175 0.9931
vn -0.7017 0.1137 0.7034
vn -0.9176 0.1138 0.3809
vn -0.9935 0.1138 -0.0000
vn -0.9176 0.1138 -0.3809
vn -0.7017 0.1137 -0.7034
vn -0.3815 0.1173 -0.9169
vn -0.0024 0.1175 -0.9931
vn 0.3769 0.1178 -0.9187
vn 0.6995 0.1180 -0.7048
vn 0.9161 0.1180 -0.3832
vn 0.9926 0.1215 -0.0000
vn 0.9161 0.1180 0.3832
vn 0.6995 0.1180 0.7048
vn 0.3769 0.1178 0.9187
vn -0.3817 0.0572 0.9225
vn -0.0000 0.0572 0.9984
vn -0.7056 0.0572 0.7063
vn -0.9222 0.0572 0.3824
vn -0.9984 0.0572 -0.0000
vn -0.9222 0.0572 -0.3824
vn -0.7056 0.0572 -0.7063
vn -0.3817 0.0572 -0.9225
vn -0.0000 0.0572 -0.9984
vn 0.3817 0.0572 -0.9225
vn 0.7056 0.0572 -0.7063
vn 0.9222 0.0572 -0.3824
vn 0.9984 0.0572 -0.0000
vn 0.9222 0.0572 0.3824
vn 0.7056 0.0572 0.7063
vn 0.3817 0.0572 0.9225
vn -0.0693 0.9833 0.1681
vn 0.0006 0.9832 0.1823
vn -0.1278 0.9835 0.1278
vn -0.1661 0.9837 0.0687
vn -0.1794 0.9838 -0.0000
vn -0.1661 0.9837 -0.0687
vn -0.1278 0.9835 -0.1278
vn -0.0693 0.9833 -0.1681
vn 0.0006 0.9832 -0.1823
vn 0.0705 0.9833 -0.1680
vn 0.1290 0.9834 -0.1278
vn 0.1674 0.9835 -0.0687
vn 0.1807 0.9835 -0.0000
vn 0.1674 0.9835 0.0687
vn 0.1290 0.9834 0.1278
vn 0.0705 0.9833 0.1680
vn -0.1948 0.0020 0.9808
vn -0.5549 0.0020 0.8319
vn -0.8311 0.0020 0.5562
vn -0.9807 0.0020 0.1954
vn -0.9807 0.0020 -0.1954
vn -0.8311 0.0020 -0.5562
vn -0.5549 0.0020 -0.8319
vn -0.1948 0.0020 -0.9808
vn 0.1948 0.0020 -0.9808
vn 0.5549 0.0020 -0.8319
vn 0.8311 0.0020 -0.5562
vn 0.9807 0.0020 -0.1954
vn 0.9807 0.0020 0.1954
vn 0.8311 0.0020 0.5562
vn 0.5549 0.0020 0.8319
vn 0.1948 0.0020 0.9808
vn 0.9237 -0.0000 0.3832
vn 1.0000 -0.0000 -0.0000
vn 0.9237 -0.0000 -0.3832
vn 0.7065 -0.0000 -0.7077
vn 0.3821 -0.0000 -0.9241
vn -0.3821 -0.0000 -0.9241
vn -0.0000 -0.0000 -1.0000
vn -0.1908 0.1198 0.9743
vn -0.5485 0.1199 0.8275
vn -0.8252 0.1164 0.5527
vn -0.9740 0.1164 0.1942
vn -0.9740 0.1164 -0.1942
vn -0.8252 0.1164 -0.5527
vn -0.5485 0.1199 -0.8275
vn -0.1908 0.1198 -0.9743
vn 0.1957 0.1199 -0.9733
vn 0.5528 0.1201 -0.8246
vn 0.8263 0.1204 -0.5502
vn 0.9741 0.1206 -0.1914
vn 0.9741 0.1206 0.1914
vn 0.8263 0.1204 0.5502
vn 0.5528 0.1201 0.8246
vn 0.1957 0.1199 0.9733
vn -0.9999 0.0158 -0.0000
vn -0.9235 0.0158 -0.3832
vn 0.9999 0.0159 -0.0000
vn 0.9235 0.0159 0.3832
vn -0.7064 0.0158 -0.7076
vn 0.7064 0.0159 0.7076
vn -0.3820 0.0158 -0.9240
vn 0.3821 0.0159 0.9240
vn -0.0000 0.0158 -0.9999
vn -0.0000 0.0158 0.9999
vn -0.3820 0.0158 0.9240
vn 0.3821 0.0159 -0.9240
vn -0.7064 0.0158 0.7076
vn 0.7064 0.0159 -0.7076
vn -0.9235 0.0158 0.3832
vn 0.9235 0.0159 -0.3832
vn -0.1945 0.0572 0.9792
vn -0.5542 0.0572 0.8304
vn -0.8298 0.0572 0.5551
vn -0.9791 0.0572 0.1950
vn -0.9791 0.0572 -0.1950
vn -0.8298 0.0572 -0.5551
vn -0.5542 0.0572 -0.8304
vn -0.1945 0.0572 -0.9792
vn 0.1946 0.0572 -0.9792
vn 0.5542 0.0572 -0.8304
vn 0.8299 0.0572 -0.5550
vn 0.9791 0.0572 -0.1949
vn 0.9791 0.0572 0.1949
vn 0.8299 0.0572 0.5550
vn 0.5542 0.0572 0.8304
vn 0.1946 0.0572 0.9792
vn -0.7024 0.1138 -0.7026
vn -0.9178 0.1138 -0.3804
vn -0.9178 0.1138 0.3804
vn -0.0017 0.1138 0.9935
vn -0.3808 0.1138 0.9176
vn -0.7024 0.1138 0.7026
vn 0.7008 0.1138 0.7043
vn 0.3779 0.1138 0.9188
vn 0.7065 -0.0000 0.7077
vn -0.3821 -0.0000 0.9241
vn -0.0000 -0.0000 1.0000
vn 0.3821 -0.0000 0.9241
vn -0.7065 -0.0000 0.7077
vn -0.9237 -0.0000 0.3832
vn -1.0000 -0.0000 -0.0000
vn -0.9237 -0.0000 -0.3832
vn -0.7065 -0.0000 -0.7077
vn -0.0154 0.9966 0.0809
vn -0.0448 0.9965 0.0704
vn -0.0695 0.9964 0.0488
vn -0.0841 0.9963 0.0176
vn -0.0841 0.9963 -0.0176
vn -0.0695 0.9964 -0.0488
vn -0.0448 0.9965 -0.0704
vn -0.0154 0.9966 -0.0809
vn 0.0152 0.9966 -0.0811
vn 0.0448 0.9965 -0.0709
vn 0.0699 0.9963 -0.0493
vn 0.0848 0.9962 -0.0178
vn 0.0848 0.9962 0.0178
vn 0.0699 0.9963 0.0493
vn 0.0448 0.9965 0.0709
vn 0.0152 0.9966 0.0811
vn 0.5233 0.6682 -0.5289
vn 0.6805 0.6746 -0.2861
vn -0.6817 0.6743 0.2839
vn -0.7364 0.6766 -0.0000
vn 0.7381 0.6747 -0.0000
vn -0.6817 0.6743 -0.2839
vn 0.6805 0.6746 0.2861
vn -0.5242 0.6687 -0.5274
vn 0.5233 0.6682 0.5289
vn -0.2884 0.6601 -0.6936
vn 0.2842 0.6611 0.6943
vn -0.0019 0.6577 -0.7533
vn -0.0019 0.6577 0.7533
vn -0.2884 0.6601 0.6936
vn 0.2842 0.6611 -0.6943
vn -0.5242 0.6687 0.5274
vn -0.3808 0.1138 -0.9176
vn -0.0017 0.1138 -0.9935
vn 0.3779 0.1138 -0.9188
vn 0.7008 0.1138 -0.7043
vn 0.9173 0.1138 -0.3816
vn 0.9935 0.1138 -0.0000
vn 0.9173 0.1138 0.3816
vn -0.9806 0.0158 -0.1954
vn -0.1948 -0.0000 0.9808
vn 0.8311 -0.0000 0.5562
vn 0.9807 -0.0000 0.1954
vn 0.9807 -0.0000 -0.1954
vn 0.8311 -0.0000 -0.5562
vn 0.5550 -0.0000 -0.8319
vn 0.1948 -0.0000 -0.9808
vn -0.1948 -0.0000 -0.9808
vn 0.5947 0.7021 -0.3917
vn 0.9806 0.0159 0.1954
vn -0.8309 0.0158 -0.5561
vn 0.8310 0.0159 0.5561
vn -0.5548 0.0158 -0.8318
vn 0.5548 0.0159 0.8318
vn -0.1947 0.0158 -0.9807
vn -0.1947 0.0158 0.9807
vn 0.1947 0.0158 0.9807
vn 0.1947 0.0158 -0.9807
vn -0.5548 0.0158 0.8318
vn 0.5548 0.0159 -0.8318
vn -0.8309 0.0158 0.5561
vn 0.8310 0.0159 -0.5561
vn -0.9806 0.0158 0.1954
vn 0.9806 0.0159 -0.1954
vn -0.1950 0.1138 -0.9742
vn -0.5521 0.1138 -0.8260
vn -0.8259 0.1138 -0.5522
vn -0.9744 0.1138 -0.1940
vn -0.9744 0.1138 0.1940
vn -0.8259 0.1138 0.5522
vn 0.1917 0.1138 0.9748
vn -0.5521 0.1138 0.8260
vn 0.5498 0.1138 0.8275
vn 0.5550 -0.0000 0.8319
vn -0.5550 -0.0000 0.8319
vn 0.1948 -0.0000 0.9808
vn -0.8311 -0.0000 0.5562
vn -0.9807 -0.0000 0.1954
vn -0.9807 -0.0000 -0.1954
vn -0.8311 -0.0000 -0.5562
vn -0.5550 -0.0000 -0.8319
vn -0.0000 1.0000 -0.0000
vn -0.6935 0.7072 0.1376
vn 0.6944 0.7070 -0.1342
vn -0.6935 0.7072 -0.1376
vn 0.6944 0.7070 0.1342
vn -0.5920 0.7027 -0.3947
vn 0.5946 0.7021 0.3917
vn -0.3981 0.6933 -0.6007
vn 0.4035 0.6947 0.5955
vn -0.1382 0.6884 -0.7121
vn -0.1382 0.6884 0.7121
vn 0.1455 0.6889 0.7101
vn 0.1455 0.6889 -0.7101
vn -0.3981 0.6933 0.6007
vn 0.4035 0.6947 -0.5955
vn -0.5920 0.7027 0.3947
vn 0.1917 0.1138 -0.9748
vn 0.5498 0.1138 -0.8275
vn 0.8249 0.1138 -0.5537
vn 0.9743 0.1138 -0.1946
vn 0.9743 0.1138 0.1946
vn 0.8249 0.1138 0.5537
vn -0.1950 0.1138 0.9742
vt 0.973562 0.578451
vt 0.973569 0.589912
vt 0.973513 0.589950
vt 0.973993 0.567287
vt 0.973619 0.578490
vt 0.974151 0.567615
vt 0.973783 0.578601
vt 0.973735 0.589803
vt 0.973998 0.589628
vt 0.974401 0.568138
vt 0.974045 0.578778
vt 0.974727 0.568819
vt 0.974386 0.579009
vt 0.974341 0.589400
vt 0.974741 0.589134
vt 0.975107 0.569613
vt 0.974784 0.579279
vt 0.975515 0.570464
vt 0.975210 0.579567
vt 0.975170 0.588849
vt 0.975599 0.588565
vt 0.975922 0.571316
vt 0.975637 0.579856
vt 0.976302 0.572110
vt 0.976034 0.580125
vt 0.975999 0.588299
vt 0.976342 0.588071
vt 0.976628 0.572790
vt 0.976375 0.580356
vt 0.976879 0.573314
vt 0.976637 0.580534
vt 0.976605 0.587896
vt 0.976771 0.587786
vt 0.977036 0.573642
vt 0.976801 0.580645
vt 0.977090 0.573755
vt 0.976858 0.580683
vt 0.976827 0.587749
vt 0.973994 0.567287
vt 0.974632 0.556555
vt 0.973940 0.567174
vt 0.975653 0.547243
vt 0.974681 0.556738
vt 0.975778 0.547958
vt 0.974825 0.557270
vt 0.975977 0.549101
vt 0.975054 0.558119
vt 0.976237 0.550587
vt 0.975352 0.559224
vt 0.976539 0.552319
vt 0.975700 0.560511
vt 0.976863 0.554177
vt 0.976073 0.561893
vt 0.977187 0.556035
vt 0.976446 0.563274
vt 0.977489 0.557767
vt 0.976794 0.564561
vt 0.977749 0.559253
vt 0.977092 0.565666
vt 0.977948 0.560395
vt 0.977322 0.566515
vt 0.978073 0.561111
vt 0.977465 0.567047
vt 0.978116 0.561357
vt 0.977515 0.567230
vt 0.977322 0.566515
vt 0.977092 0.565666
vt 0.976839 0.538874
vt 0.975610 0.546997
vt 0.978295 0.532831
vt 0.976874 0.539174
vt 0.978369 0.533825
vt 0.976975 0.540046
vt 0.978487 0.535412
vt 0.977137 0.541437
vt 0.978640 0.537477
vt 0.977347 0.543247
vt 0.978819 0.539884
vt 0.977592 0.545357
vt 0.979010 0.542466
vt 0.977855 0.547620
vt 0.979202 0.545048
vt 0.978118 0.549883
vt 0.979380 0.547455
vt 0.978363 0.551993
vt 0.979533 0.549519
vt 0.978573 0.553803
vt 0.979651 0.551107
vt 0.978735 0.555195
vt 0.979725 0.552101
vt 0.978836 0.556067
vt 0.979750 0.552443
vt 0.978871 0.556366
vt 0.978270 0.532489
vt 0.979862 0.528281
vt 0.979847 0.527909
vt 0.981503 0.524736
vt 0.981515 0.525887
vt 0.979905 0.529364
vt 0.979975 0.531092
vt 0.981533 0.527724
vt 0.981558 0.530114
vt 0.980065 0.533339
vt 0.980170 0.535959
vt 0.981586 0.532900
vt 0.981616 0.535888
vt 0.980283 0.538769
vt 0.980396 0.541579
vt 0.981647 0.538876
vt 0.981675 0.541662
vt 0.980501 0.544199
vt 0.980591 0.546447
vt 0.981700 0.544052
vt 0.981718 0.545889
vt 0.980661 0.548174
vt 0.980704 0.549257
vt 0.981730 0.547041
vt 0.981734 0.547436
vt 0.980719 0.549629
vt 0.980704 0.549257
vt 0.981017 0.642799
vt 0.982715 0.643745
vt 0.982719 0.644141
vt 0.979369 0.640362
vt 0.981025 0.642412
vt 0.979387 0.639991
vt 0.981046 0.641287
vt 0.982704 0.642594
vt 0.982685 0.640757
vt 0.979440 0.638912
vt 0.981079 0.639491
vt 0.979524 0.637191
vt 0.981123 0.637155
vt 0.982661 0.638367
vt 0.982632 0.635581
vt 0.979633 0.634952
vt 0.981173 0.634431
vt 0.979761 0.632342
vt 0.981228 0.631510
vt 0.982602 0.632593
vt 0.982571 0.629604
vt 0.979897 0.629542
vt 0.981282 0.628588
vt 0.980034 0.626743
vt 0.981333 0.625865
vt 0.982543 0.626818
vt 0.982519 0.624428
vt 0.980161 0.624132
vt 0.981377 0.623528
vt 0.980271 0.621893
vt 0.981410 0.621733
vt 0.982500 0.622592
vt 0.982488 0.621440
vt 0.980355 0.620172
vt 0.981431 0.620607
vt 0.980407 0.619093
vt 0.981438 0.620220
vt 0.982484 0.621044
vt 0.981123 0.637155
vt 0.981046 0.641287
vt 0.977828 0.635951
vt 0.976489 0.629260
vt 0.977856 0.635609
vt 0.976597 0.628389
vt 0.977939 0.634615
vt 0.976771 0.626999
vt 0.978070 0.633030
vt 0.976997 0.625191
vt 0.978241 0.630966
vt 0.977260 0.623083
vt 0.978440 0.628561
vt 0.977542 0.620822
vt 0.978653 0.625982
vt 0.977824 0.618561
vt 0.978867 0.623402
vt 0.978087 0.616454
vt 0.979066 0.620997
vt 0.978313 0.614645
vt 0.979237 0.618934
vt 0.978487 0.613256
vt 0.979368 0.617348
vt 0.978595 0.612385
vt 0.979451 0.616354
vt 0.978633 0.612085
vt 0.979479 0.616012
vt 0.980426 0.618723
vt 0.976997 0.625191
vt 0.975292 0.621420
vt 0.976451 0.629559
vt 0.974446 0.611674
vt 0.975337 0.621174
vt 0.974594 0.611143
vt 0.975468 0.620460
vt 0.974831 0.610297
vt 0.975677 0.619320
vt 0.975138 0.609195
vt 0.975949 0.617836
vt 0.975497 0.607910
vt 0.976267 0.616107
vt 0.975882 0.606533
vt 0.976607 0.614252
vt 0.976267 0.605155
vt 0.976947 0.612397
vt 0.976626 0.603871
vt 0.977264 0.610668
vt 0.976933 0.602769
vt 0.977536 0.609185
vt 0.977170 0.601922
vt 0.977745 0.608045
vt 0.977318 0.601391
vt 0.977876 0.607330
vt 0.977369 0.601208
vt 0.977921 0.607084
vt 0.975337 0.621174
vt 0.973795 0.601229
vt 0.974395 0.611857
vt 0.973849 0.601117
vt 0.974009 0.600790
vt 0.974264 0.600269
vt 0.974596 0.599591
vt 0.974983 0.598801
vt 0.975397 0.597954
vt 0.975812 0.597106
vt 0.976199 0.596316
vt 0.976531 0.595638
vt 0.976786 0.595117
vt 0.976946 0.594791
vt 0.977000 0.594678
vt 0.990199 0.587260
vt 0.988636 0.638637
vt 0.990199 0.638637
vt 0.990199 0.535883
vt 0.988514 0.587260
vt 0.988420 0.535883
vt 0.986895 0.587260
vt 0.987133 0.638637
vt 0.985748 0.638637
vt 0.986710 0.535883
vt 0.985402 0.587260
vt 0.985134 0.535883
vt 0.984093 0.587260
vt 0.984533 0.638637
vt 0.983537 0.638637
vt 0.983751 0.535883
vt 0.983020 0.587260
vt 0.982618 0.535883
vt 0.982222 0.587260
vt 0.982796 0.638637
vt 0.982341 0.638637
vt 0.981775 0.535883
vt 0.981731 0.587260
vt 0.981257 0.535883
vt 0.981565 0.587260
vt 0.982186 0.638637
vt 0.982796 0.638637
vt 0.984533 0.638637
vt 0.985748 0.638637
vt 0.987133 0.638637
vt 0.988636 0.638637
vt 0.990199 0.638637
vt 0.991883 0.587260
vt 0.991762 0.638637
vt 0.991977 0.535883
vt 0.993688 0.535883
vt 0.993503 0.587260
vt 0.993265 0.638637
vt 0.994995 0.587260
vt 0.994650 0.638637
vt 0.995264 0.535883
vt 0.996646 0.535883
vt 0.996304 0.587260
vt 0.995864 0.638637
vt 0.997377 0.587260
vt 0.996860 0.638637
vt 0.997779 0.535883
vt 0.998622 0.535883
vt 0.998176 0.587260
vt 0.997601 0.638637
vt 0.998667 0.587260
vt 0.998057 0.638637
vt 0.999141 0.535883
vt 0.999317 0.535883
vt 0.998833 0.587260
vt 0.998211 0.638637
vt 0.994650 0.638637
vt 0.994995 0.587260
vt 0.993265 0.638637
vt 0.991762 0.638637
vt 0.992980 0.661115
vt 0.994205 0.661115
vt 0.994416 0.664326
vt 0.993115 0.664326
vt 0.992481 0.664326
vt 0.982451 0.513231
vt 0.981589 0.513231
vt 0.983609 0.513231
vt 0.983589 0.508795
vt 0.982427 0.508795
vt 0.981562 0.508795
vt 0.992017 0.513231
vt 0.990199 0.513231
vt 0.993765 0.513231
vt 0.993776 0.508795
vt 0.992022 0.508795
vt 0.990199 0.508795
vt 0.986632 0.513231
vt 0.985022 0.513231
vt 0.985006 0.508795
vt 0.986621 0.508795
vt 0.998809 0.513231
vt 0.997947 0.513231
vt 0.996789 0.513231
vt 0.997971 0.508795
vt 0.998835 0.508795
vt 0.986621 0.508795
vt 0.985006 0.508795
vt 0.995376 0.513231
vt 0.996809 0.508795
vt 0.995392 0.508795
vt 0.982427 0.508795
vt 0.983589 0.508795
vt 0.995392 0.508795
vt 0.996809 0.508795
vt 0.988739 0.505996
vt 0.990199 0.503197
vt 0.988685 0.503197
vt 0.987229 0.503197
vt 0.987336 0.505996
vt 0.996781 0.505996
vt 0.993776 0.508795
vt 0.995370 0.505996
vt 0.993655 0.503197
vt 0.995215 0.503197
vt 0.996584 0.503197
vt 0.985888 0.503197
vt 0.986042 0.505996
vt 0.984712 0.503197
vt 0.984909 0.505996
vt 0.992022 0.508795
vt 0.993761 0.505996
vt 0.992015 0.505996
vt 0.990199 0.505996
vt 0.991960 0.503197
vt 0.983747 0.503197
vt 0.983979 0.505996
vt 0.983030 0.503197
vt 0.983287 0.505996
vt 0.988375 0.508795
vt 0.988383 0.505996
vt 0.986637 0.505996
vt 0.988437 0.503197
vt 0.982589 0.503197
vt 0.982861 0.505996
vt 0.982439 0.503197
vt 0.982717 0.505996
vt 0.985028 0.505996
vt 0.983617 0.505996
vt 0.985182 0.503197
vt 0.986743 0.503197
vt 0.982460 0.505996
vt 0.981599 0.505996
vt 0.982691 0.503197
vt 0.983813 0.503197
vt 0.991713 0.503197
vt 0.991658 0.505996
vt 0.993168 0.503197
vt 0.993062 0.505996
vt 0.981031 0.508795
vt 0.980851 0.508795
vt 0.981070 0.505996
vt 0.980890 0.505996
vt 0.981342 0.503197
vt 0.981856 0.503197
vt 0.987229 0.503197
vt 0.994509 0.503197
vt 0.994355 0.505996
vt 0.995686 0.503197
vt 0.995489 0.505996
vt 0.981168 0.503197
vt 0.999518 0.513231
vt 0.999338 0.513231
vt 0.999367 0.508795
vt 0.999547 0.508795
vt 0.988381 0.513231
vt 0.981081 0.535883
vt 0.981059 0.513231
vt 0.980879 0.513231
vt 0.997971 0.508795
vt 0.988375 0.508795
vt 0.989175 0.664326
vt 0.991223 0.664326
vt 0.990199 0.664326
vt 0.987282 0.664326
vt 0.987917 0.664326
vt 0.985834 0.664326
vt 0.985982 0.664326
vt 0.985050 0.664326
vt 0.984689 0.664326
vt 0.984235 0.664326
vt 0.994564 0.664326
vt 0.995348 0.664326
vt 0.995708 0.664326
vt 0.996162 0.664326
vt 0.994205 0.661115
vt 0.995338 0.661115
vt 0.985059 0.661115
vt 0.983484 0.661115
vt 0.984203 0.661115
vt 0.987417 0.661115
vt 0.988792 0.661115
vt 0.990199 0.661115
vt 0.997271 0.661115
vt 0.997467 0.661115
vt 0.996914 0.661115
vt 0.996194 0.661115
vt 0.991605 0.661115
vt 0.982931 0.661115
vt 0.983127 0.661115
vt 0.991605 0.661115
vt 0.986193 0.661115
vt 0.990199 0.503197
vt 0.988561 0.502148
vt 0.990199 0.502148
vt 0.988685 0.503197
vt 0.986986 0.502148
vt 0.986743 0.503197
vt 0.985535 0.502148
vt 0.984263 0.502148
vt 0.983219 0.502148
vt 0.982443 0.502148
vt 0.981966 0.502148
vt 0.981804 0.502148
vt 0.984263 0.502148
vt 0.985535 0.502148
vt 0.986986 0.502148
vt 0.988561 0.502148
vt 0.990199 0.502148
vt 0.991836 0.502148
vt 0.991713 0.503197
vt 0.993411 0.502148
vt 0.993168 0.503197
vt 0.994862 0.502148
vt 0.996135 0.502148
vt 0.997178 0.502148
vt 0.996650 0.503197
vt 0.997955 0.502148
vt 0.998542 0.503197
vt 0.997707 0.503197
vt 0.997368 0.503197
vt 0.998432 0.502148
vt 0.997809 0.503197
vt 0.998594 0.502148
vt 0.999229 0.503197
vt 0.999055 0.503197
vt 0.997958 0.503197
vt 0.996135 0.502148
vt 0.994862 0.502148
vt 0.995215 0.503197
vt 0.991836 0.502148
vt 0.991960 0.503197
vt 0.993655 0.503197
vt 0.998799 0.505996
vt 0.997938 0.505996
vt 0.991658 0.505996
vt 0.990199 0.505996
vt 0.999507 0.505996
vt 0.999328 0.505996
vt 0.996419 0.505996
vt 0.988383 0.505996
vt 0.986637 0.505996
vt 0.997536 0.505996
vt 0.997111 0.505996
vt 0.995370 0.505996
vt 0.993761 0.505996
vt 0.985028 0.505996
vt 0.997680 0.505996
vt 0.992015 0.505996
vt 0.988739 0.505996
vt 0.585195 0.531471
vt 0.584510 0.584421
vt 0.585231 0.584421
vt 0.584472 0.531471
vt 0.584266 0.584421
vt 0.584540 0.637589
vt 0.584779 0.637589
vt 0.585484 0.637589
vt 0.594464 0.531471
vt 0.596944 0.508122
vt 0.596944 0.531471
vt 0.592077 0.531471
vt 0.594464 0.508122
vt 0.592077 0.508122
vt 0.594464 0.503420
vt 0.596944 0.503420
vt 0.607518 0.531471
vt 0.608694 0.508122
vt 0.608694 0.531471
vt 0.605937 0.531471
vt 0.607518 0.508122
vt 0.605937 0.508122
vt 0.607518 0.503420
vt 0.608694 0.503420
vt 0.609417 0.531471
vt 0.609662 0.508122
vt 0.609662 0.531471
vt 0.609417 0.508122
vt 0.609417 0.503420
vt 0.609662 0.503420
vt 0.608694 0.503420
vt 0.605937 0.503420
vt 0.601811 0.531471
vt 0.604009 0.508122
vt 0.601811 0.508122
vt 0.604009 0.531471
vt 0.604009 0.503420
vt 0.601811 0.503420
vt 0.599425 0.508121
vt 0.596944 0.508121
vt 0.599425 0.531471
vt 0.599425 0.503420
vt 0.596944 0.503420
vt 0.594464 0.508121
vt 0.594464 0.503420
vt 0.592077 0.503420
vt 0.608405 0.637589
vt 0.606434 0.661309
vt 0.607573 0.661299
vt 0.607258 0.637589
vt 0.605079 0.661299
vt 0.603630 0.665060
vt 0.603862 0.665155
vt 0.605680 0.665060
vt 0.608658 0.584421
vt 0.609379 0.584421
vt 0.609623 0.584421
vt 0.609110 0.637589
vt 0.587951 0.531471
vt 0.586403 0.584421
vt 0.587979 0.584421
vt 0.586371 0.531471
vt 0.586631 0.637589
vt 0.588173 0.637589
vt 0.605909 0.584421
vt 0.607486 0.584421
vt 0.605716 0.637589
vt 0.589901 0.584421
vt 0.592093 0.584421
vt 0.589879 0.531471
vt 0.590053 0.637589
vt 0.592197 0.637589
vt 0.601796 0.584421
vt 0.603988 0.584421
vt 0.603835 0.637589
vt 0.601691 0.637589
vt 0.594471 0.584421
vt 0.596944 0.584421
vt 0.594525 0.637589
vt 0.596944 0.637589
vt 0.599418 0.584421
vt 0.599364 0.637589
vt 0.584226 0.531471
vt 0.609349 0.637589
vt 0.594450 0.500233
vt 0.592051 0.500233
vt 0.596944 0.500233
vt 0.587951 0.503420
vt 0.589841 0.500233
vt 0.587904 0.500233
vt 0.589879 0.503420
vt 0.585195 0.503420
vt 0.586314 0.500233
vt 0.585132 0.500233
vt 0.586371 0.503420
vt 0.584226 0.503420
vt 0.584405 0.500233
vt 0.584159 0.500233
vt 0.584472 0.503420
vt 0.585195 0.503420
vt 0.599425 0.503420
vt 0.601837 0.500233
vt 0.599439 0.500233
vt 0.605985 0.500233
vt 0.604047 0.500233
vt 0.589879 0.508122
vt 0.587951 0.508122
vt 0.599425 0.508122
vt 0.586371 0.508122
vt 0.585195 0.508122
vt 0.584472 0.508122
vt 0.584226 0.508122
vt 0.595321 0.665155
vt 0.592322 0.665155
vt 0.593326 0.665060
vt 0.598567 0.665155
vt 0.596944 0.665060
vt 0.601567 0.665155
vt 0.600562 0.665060
vt 0.603630 0.665060
vt 0.605104 0.665155
vt 0.605680 0.665060
vt 0.606399 0.665060
vt 0.600562 0.665060
vt 0.590026 0.665155
vt 0.590259 0.665060
vt 0.588784 0.665155
vt 0.588210 0.665060
vt 0.588784 0.665155
vt 0.587490 0.665060
vt 0.590026 0.665155
vt 0.585440 0.661299
vt 0.586315 0.661299
vt 0.585751 0.661309
vt 0.608138 0.661309
vt 0.608449 0.661299
vt 0.588809 0.661299
vt 0.587455 0.661309
vt 0.590604 0.661309
vt 0.592542 0.661299
vt 0.601347 0.661299
vt 0.603285 0.661309
vt 0.594718 0.661309
vt 0.596944 0.661299
vt 0.594718 0.661309
vt 0.599171 0.661309
vt 0.599171 0.661309
vt 0.590604 0.661309
vt 0.603285 0.661309
vt 0.599439 0.500233
vt 0.607575 0.500233
vt 0.608757 0.500233
vt 0.609484 0.500233
vt 0.609730 0.500233
vt 0.596944 0.500233
vt 0.594450 0.500233
vt 0.981499 0.524340
vt 0.596944 0.665435
s 1
f 110/1/110 109/2/109 1/3/1
f 110/1/110 111/4/111 313/5/313
f 313/5/313 14/6/14 112/7/112
f 313/5/313 2/8/2 109/2/109
f 112/7/112 113/9/113 2/8/2
f 112/7/112 114/10/114 314/11/314
f 314/11/314 15/12/15 115/13/115
f 314/11/314 3/14/3 113/9/113
f 115/13/115 116/15/116 3/14/3
f 115/13/115 117/16/117 315/17/315
f 315/17/315 16/18/16 118/19/118
f 315/17/315 4/20/4 116/15/116
f 118/19/118 119/21/119 4/20/4
f 118/19/118 120/22/120 316/23/316
f 316/23/316 17/24/17 121/25/121
f 316/23/316 5/26/5 119/21/119
f 121/25/121 122/27/122 5/26/5
f 121/25/121 123/28/123 317/29/317
f 317/29/317 18/30/18 124/31/124
f 317/29/317 6/32/6 122/27/122
f 124/31/124 125/33/125 6/32/6
f 124/31/124 126/34/126 318/35/318
f 318/35/318 19/36/19 127/37/127
f 318/35/318 7/38/7 125/33/125
f 7/38/7 319/35/319 128/33/128
f 19/36/19 319/35/319 127/37/127
f 129/34/129 130/31/130 319/35/319
f 128/33/128 130/31/130 8/32/8
f 8/32/8 320/29/320 131/27/131
f 20/30/20 320/29/320 130/31/130
f 132/28/132 133/25/133 320/29/320
f 131/27/131 133/25/133 9/26/9
f 9/26/9 321/23/321 134/21/134
f 21/24/21 321/23/321 133/25/133
f 135/22/135 136/19/136 321/23/321
f 134/21/134 136/19/136 10/20/10
f 10/20/10 322/17/322 137/15/137
f 22/18/22 322/17/322 136/19/136
f 138/16/138 139/13/139 322/17/322
f 137/15/137 139/13/139 11/14/11
f 11/14/11 323/11/323 140/9/140
f 23/12/23 323/11/323 139/13/139
f 141/10/141 142/7/142 323/11/323
f 140/9/140 142/7/142 12/8/12
f 12/8/12 324/5/324 143/2/143
f 24/6/24 324/5/324 142/7/142
f 144/39/144 110/1/110 324/5/324
f 143/2/143 110/1/110 1/3/1
f 145/40/145 111/4/111 13/41/13
f 145/40/145 146/42/146 325/43/325
f 325/43/325 26/44/26 147/45/147
f 325/43/325 14/6/14 111/4/111
f 147/45/147 114/10/114 14/6/14
f 147/45/147 148/46/148 326/47/326
f 326/47/326 27/48/27 149/49/149
f 326/47/326 15/12/15 114/10/114
f 149/49/149 117/16/117 15/12/15
f 149/49/149 150/50/150 327/51/327
f 327/51/327 28/52/28 151/53/151
f 327/51/327 16/18/16 117/16/117
f 151/53/151 120/22/120 16/18/16
f 151/53/151 152/54/152 328/55/328
f 328/55/328 29/56/29 153/57/153
f 328/55/328 17/24/17 120/22/120
f 153/57/153 123/28/123 17/24/17
f 153/57/153 154/58/154 329/59/329
f 329/59/329 30/60/30 155/61/155
f 329/59/329 18/30/18 123/28/123
f 155/61/155 126/34/126 18/30/18
f 155/61/155 156/62/156 330/63/330
f 330/63/330 31/64/31 157/65/157
f 330/63/330 19/36/19 126/34/126
f 19/36/19 331/63/331 129/34/129
f 31/64/31 331/63/331 157/65/157
f 158/62/158 159/66/159 331/63/331
f 129/34/129 159/66/159 20/30/20
f 20/30/20 332/67/332 132/28/132
f 32/60/32 332/67/332 159/66/159
f 160/58/160 161/57/161 332/67/332
f 132/28/132 161/57/161 21/24/21
f 21/24/21 333/55/333 135/22/135
f 33/56/33 333/55/333 161/57/161
f 162/54/162 163/53/163 333/55/333
f 135/22/135 163/53/163 22/18/22
f 22/18/22 334/51/334 138/16/138
f 34/52/34 334/51/334 163/53/163
f 164/50/164 165/49/165 334/51/334
f 138/16/138 165/49/165 23/12/23
f 23/12/23 335/47/335 141/10/141
f 35/48/35 335/47/335 165/49/165
f 166/46/166 167/45/167 335/47/335
f 141/10/141 167/45/167 24/6/24
f 24/6/24 336/43/336 144/39/144
f 36/44/36 336/43/336 167/45/167
f 168/42/168 145/40/145 336/43/336
f 144/39/144 145/40/145 13/41/13
f 169/68/169 146/42/146 25/69/25
f 169/68/169 170/70/170 337/71/337
f 337/71/337 38/72/38 171/73/171
f 337/71/337 26/44/26 146/42/146
f 171/73/171 148/46/148 26/44/26
f 171/73/171 172/74/172 338/75/338
f 338/75/338 39/76/39 173/77/173
f 338/75/338 27/48/27 148/46/148
f 173/77/173 150/50/150 27/48/27
f 173/77/173 174/78/174 339/79/339
f 339/79/339 40/80/40 175/81/175
f 339/79/339 28/52/28 150/50/150
f 175/81/175 152/54/152 28/52/28
f 175/81/175 176/82/176 340/83/340
f 340/83/340 41/84/41 177/85/177
f 340/83/340 29/56/29 152/54/152
f 177/85/177 154/58/154 29/56/29
f 177/85/177 178/86/178 341/87/341
f 341/87/341 42/88/42 179/89/179
f 341/87/341 30/60/30 154/58/154
f 179/89/179 156/62/156 30/60/30
f 179/89/179 180/90/180 342/91/342
f 342/91/342 43/92/43 181/93/181
f 342/91/342 31/64/31 156/62/156
f 31/64/31 343/91/343 158/62/158
f 43/92/43 343/91/343 181/93/181
f 182/90/182 183/89/183 343/91/343
f 158/62/158 183/89/183 32/60/32
f 32/60/32 344/87/344 160/58/160
f 44/88/44 344/87/344 183/89/183
f 184/86/184 185/85/185 344/87/344
f 160/58/160 185/85/185 33/56/33
f 33/56/33 345/83/345 162/54/162
f 45/84/45 345/83/345 185/85/185
f 186/82/186 187/81/187 345/83/345
f 162/54/162 187/81/187 34/52/34
f 34/52/34 346/79/346 164/50/164
f 46/80/46 346/79/346 187/81/187
f 188/78/188 189/77/189 346/79/346
f 164/50/164 189/77/189 35/48/35
f 35/48/35 347/75/347 166/46/166
f 47/76/47 347/75/347 189/77/189
f 190/74/190 191/73/191 347/75/347
f 166/46/166 191/73/191 36/44/36
f 36/44/36 348/71/348 168/42/168
f 48/72/48 348/71/348 191/73/191
f 192/70/192 169/68/169 348/71/348
f 168/42/168 169/68/169 25/69/25
f 37/94/37 349/95/349 170/70/170
f 193/96/193 194/97/194 349/95/349
f 349/95/349 50/98/50 195/99/195
f 170/70/170 195/99/195 38/72/38
f 38/72/38 350/100/350 172/74/172
f 195/99/195 196/101/196 350/100/350
f 350/100/350 51/102/51 197/103/197
f 172/74/172 197/103/197 39/76/39
f 39/76/39 351/104/351 174/78/174
f 197/103/197 198/105/198 351/104/351
f 351/104/351 52/106/52 199/107/199
f 174/78/174 199/107/199 40/80/40
f 40/80/40 352/108/352 176/82/176
f 199/107/199 200/109/200 352/108/352
f 352/108/352 53/110/53 201/111/201
f 176/82/176 201/111/201 41/84/41
f 41/84/41 353/112/353 178/86/178
f 201/111/201 202/113/202 353/112/353
f 353/112/353 54/114/54 203/115/203
f 178/86/178 203/115/203 42/88/42
f 42/88/42 354/116/354 180/90/180
f 203/115/203 204/117/204 354/116/354
f 354/116/354 55/118/55 205/119/205
f 180/90/180 205/119/205 43/92/43
f 205/119/205 182/90/182 43/92/43
f 55/118/55 355/120/355 205/119/205
f 206/117/206 207/115/207 355/120/355
f 355/120/355 44/88/44 182/90/182
f 207/115/207 184/86/184 44/88/44
f 56/114/56 356/112/356 207/115/207
f 208/113/208 209/111/209 356/112/356
f 356/112/356 45/84/45 184/86/184
f 209/111/209 186/82/186 45/84/45
f 57/110/57 357/108/357 209/111/209
f 210/109/210 211/107/211 357/108/357
f 357/108/357 46/80/46 186/82/186
f 211/107/211 188/78/188 46/80/46
f 58/106/58 358/104/358 211/107/211
f 212/105/212 213/103/213 358/104/358
f 358/104/358 47/76/47 188/78/188
f 213/103/213 190/74/190 47/76/47
f 59/102/59 359/100/359 213/103/213
f 214/101/214 215/99/215 359/100/359
f 359/100/359 48/72/48 190/74/190
f 215/99/215 192/70/192 48/72/48
f 60/98/60 360/95/360 215/99/215
f 216/97/216 193/96/193 360/95/360
f 360/95/360 37/94/37 192/70/192
f 229/121/229 217/122/217 61/123/61
f 73/124/73 361/125/361 229/121/229
f 230/126/230 231/127/231 361/125/361
f 361/125/361 62/128/62 217/122/217
f 231/127/231 218/129/218 62/128/62
f 74/130/74 362/131/362 231/127/231
f 232/132/232 233/133/233 362/131/362
f 362/131/362 63/134/63 218/129/218
f 233/133/233 219/135/219 63/134/63
f 75/136/75 363/137/363 233/133/233
f 234/138/234 235/139/235 363/137/363
f 363/137/363 64/140/64 219/135/219
f 235/139/235 220/141/220 64/140/64
f 76/142/76 364/143/364 235/139/235
f 236/144/236 237/145/237 364/143/364
f 364/143/364 65/146/65 220/141/220
f 237/145/237 221/147/221 65/146/65
f 77/148/77 365/149/365 237/145/237
f 238/150/238 239/151/239 365/149/365
f 365/149/365 66/152/66 221/147/221
f 239/151/239 222/153/222 66/152/66
f 78/154/78 366/155/366 239/151/239
f 240/156/240 241/157/241 366/155/366
f 366/155/366 67/158/67 222/153/222
f 67/158/67 367/155/367 223/153/223
f 241/157/241 242/156/242 367/155/367
f 367/155/367 80/154/80 243/151/243
f 223/153/223 243/151/243 68/152/68
f 68/152/68 368/149/368 224/147/224
f 243/151/243 244/150/244 368/149/368
f 368/149/368 81/148/81 245/145/245
f 224/147/224 245/145/245 69/146/69
f 69/146/69 369/143/369 225/141/225
f 245/145/245 246/144/246 369/143/369
f 369/143/369 82/142/82 247/139/247
f 225/141/225 247/139/247 70/140/70
f 70/140/70 370/137/370 226/135/226
f 247/139/247 248/138/248 370/137/370
f 370/137/370 83/136/83 249/159/249
f 226/135/226 249/159/249 71/134/71
f 71/134/71 371/131/371 227/129/227
f 249/159/249 250/132/250 371/131/371
f 371/131/371 84/130/84 251/160/251
f 227/129/227 251/160/251 72/128/72
f 72/128/72 372/125/372 228/122/228
f 251/160/251 252/126/252 372/125/372
f 372/125/372 73/124/73 229/121/229
f 228/122/228 229/121/229 61/123/61
f 253/161/253 230/126/230 73/124/73
f 253/161/253 254/162/254 373/163/373
f 373/163/373 86/164/86 255/165/255
f 373/163/373 74/130/74 230/126/230
f 255/165/255 232/132/232 74/130/74
f 255/165/255 256/166/256 374/167/374
f 374/167/374 87/168/87 257/169/257
f 374/167/374 75/136/75 232/132/232
f 257/169/257 234/138/234 75/136/75
f 257/169/257 258/170/258 375/171/375
f 375/171/375 88/172/88 259/173/259
f 375/171/375 76/142/76 234/138/234
f 259/173/259 236/144/236 76/142/76
f 259/173/259 260/174/260 376/175/376
f 376/175/376 89/176/89 261/177/261
f 376/175/376 77/148/77 236/144/236
f 261/177/261 238/150/238 77/148/77
f 261/177/261 262/178/262 377/179/377
f 377/179/377 90/180/90 263/181/263
f 377/179/377 78/154/78 238/150/238
f 263/181/263 240/156/240 78/154/78
f 263/181/263 264/182/264 378/183/378
f 378/183/378 91/184/91 265/185/265
f 378/183/378 79/186/79 240/156/240
f 79/186/79 379/183/379 242/156/242
f 91/184/91 379/183/379 265/185/265
f 266/182/266 267/181/267 379/183/379
f 242/156/242 267/181/267 80/154/80
f 80/154/80 380/179/380 244/150/244
f 92/180/92 380/179/380 267/181/267
f 268/178/268 269/177/269 380/179/380
f 244/150/244 269/177/269 81/148/81
f 81/148/81 381/175/381 246/144/246
f 93/176/93 381/175/381 269/177/269
f 270/174/270 271/173/271 381/175/381
f 246/144/246 271/173/271 82/142/82
f 82/142/82 382/171/382 248/138/248
f 94/172/94 382/171/382 271/173/271
f 272/170/272 273/169/273 382/171/382
f 248/138/248 273/169/273 83/136/83
f 83/136/83 383/167/383 250/132/250
f 95/187/95 383/167/383 273/169/273
f 274/166/274 275/165/275 383/167/383
f 250/132/250 275/165/275 84/130/84
f 84/130/84 384/163/384 252/126/252
f 96/164/96 384/163/384 275/165/275
f 276/162/276 253/161/253 384/163/384
f 252/126/252 253/161/253 73/124/73
f 277/188/277 254/162/254 85/189/85
f 277/188/277 278/190/278 385/191/385
f 385/191/385 98/192/98 279/193/279
f 385/191/385 86/164/86 254/162/254
f 279/193/279 256/166/256 86/164/86
f 279/193/279 280/194/280 386/195/386
f 386/195/386 99/196/99 281/197/281
f 386/195/386 87/168/87 256/166/256
f 281/197/281 258/170/258 87/168/87
f 281/197/281 282/198/282 387/199/387
f 387/199/387 100/200/100 283/201/283
f 387/199/387 88/172/88 258/170/258
f 283/201/283 260/174/260 88/172/88
f 283/201/283 284/202/284 388/203/388
f 388/203/388 101/204/101 285/205/285
f 388/203/388 89/176/89 260/174/260
f 285/205/285 262/178/262 89/176/89
f 285/205/285 286/206/286 389/207/389
f 389/207/389 102/208/102 287/209/287
f 389/207/389 90/180/90 262/178/262
f 287/209/287 264/182/264 90/180/90
f 287/209/287 288/210/288 390/211/390
f 390/211/390 103/212/103 289/213/289
f 390/211/390 91/184/91 264/182/264
f 91/184/91 391/211/391 266/182/266
f 103/212/103 391/211/391 289/213/289
f 290/210/290 291/209/291 391/211/391
f 266/182/266 291/209/291 92/180/92
f 92/180/92 392/207/392 268/178/268
f 104/208/104 392/207/392 291/209/291
f 292/206/292 293/205/293 392/207/392
f 268/178/268 293/205/293 93/176/93
f 93/176/93 393/203/393 270/174/270
f 105/204/105 393/203/393 293/205/293
f 294/202/294 295/201/295 393/203/393
f 270/174/270 295/201/295 94/172/94
f 94/172/94 394/199/394 272/170/272
f 106/200/106 394/199/394 295/201/295
f 296/198/296 297/197/297 394/199/394
f 272/170/272 297/197/297 95/187/95
f 95/187/95 395/195/395 274/166/274
f 107/196/107 395/195/395 297/197/297
f 298/194/298 299/193/299 395/195/395
f 274/166/274 299/193/299 96/164/96
f 96/164/96 396/214/396 276/162/276
f 108/192/108 396/214/396 299/193/299
f 300/190/300 277/188/277 396/214/396
f 276/162/276 277/188/277 85/189/85
f 301/215/301 278/190/278 97/216/97
f 301/215/301 109/2/109 397/217/397
f 397/217/397 2/8/2 302/218/302
f 397/217/397 98/192/98 278/190/278
f 302/218/302 280/194/280 98/192/98
f 302/218/302 113/9/113 398/219/398
f 398/219/398 3/14/3 303/220/303
f 398/219/398 99/196/99 280/194/280
f 303/220/303 282/198/282 99/196/99
f 303/220/303 116/15/116 399/221/399
f 399/221/399 4/20/4 304/222/304
f 399/221/399 100/200/100 282/198/282
f 304/222/304 284/202/284 100/200/100
f 304/222/304 119/21/119 400/223/400
f 400/223/400 5/26/5 305/224/305
f 400/223/400 101/204/101 284/202/284
f 305/224/305 286/206/286 101/204/101
f 305/224/305 122/27/122 401/225/401
f 401/225/401 6/32/6 306/226/306
f 401/225/401 102/208/102 286/206/286
f 306/226/306 288/210/288 102/208/102
f 306/226/306 125/33/125 402/227/402
f 402/227/402 7/38/7 307/228/307
f 402/227/402 103/212/103 288/210/288
f 103/212/103 403/227/403 290/210/290
f 7/38/7 403/227/403 307/228/307
f 128/33/128 308/226/308 403/227/403
f 290/210/290 308/226/308 104/208/104
f 104/208/104 404/225/404 292/206/292
f 8/32/8 404/225/404 308/226/308
f 131/27/131 309/224/309 404/225/404
f 292/206/292 309/224/309 105/204/105
f 105/204/105 405/223/405 294/202/294
f 9/26/9 405/223/405 309/224/309
f 134/21/134 310/222/310 405/223/405
f 294/202/294 310/222/310 106/200/106
f 106/200/106 406/221/406 296/198/296
f 10/20/10 406/221/406 310/222/310
f 137/15/137 311/220/311 406/221/406
f 296/198/296 311/220/311 107/196/107
f 107/196/107 407/219/407 298/194/298
f 11/14/11 407/219/407 311/220/311
f 140/9/140 312/218/312 407/219/407
f 298/194/298 312/218/312 108/192/108
f 108/192/108 408/217/408 300/190/300
f 12/8/12 408/217/408 312/218/312
f 143/2/143 301/215/301 408/217/408
f 300/190/300 301/215/301 97/216/97
f 507/229/507 505/230/505 409/231/409
f 426/232/426 697/233/697 507/229/507
f 506/234/506 508/235/508 697/233/697
f 697/233/697 410/236/410 505/230/505
f 508/235/508 509/237/509 410/236/410
f 425/238/425 698/239/698 508/235/508
f 510/240/510 511/241/511 698/239/698
f 698/239/698 411/242/411 509/237/509
f 511/241/511 512/243/512 411/242/411
f 427/244/427 699/245/699 511/241/511
f 513/246/513 514/247/514 699/245/699
f 699/245/699 412/248/412 512/243/512
f 514/247/514 515/249/515 412/248/412
f 428/250/428 700/251/700 514/247/514
f 516/252/516 517/253/517 700/251/700
f 700/251/700 413/254/413 515/249/515
f 413/254/413 701/251/701 518/249/518
f 517/253/517 519/252/519 701/251/701
f 701/251/701 430/250/430 520/247/520
f 518/249/518 520/247/520 414/255/414
f 414/255/414 702/245/702 521/243/521
f 520/247/520 522/246/522 702/245/702
f 702/245/702 431/244/431 523/241/523
f 521/243/521 523/241/523 415/256/415
f 415/256/415 703/239/703 524/257/524
f 523/241/523 525/240/525 703/239/703
f 703/239/703 432/238/432 526/235/526
f 524/257/524 526/235/526 416/258/416
f 416/258/416 704/233/704 527/259/527
f 526/235/526 528/234/528 704/233/704
f 704/233/704 433/232/433 529/229/529
f 527/259/527 529/229/529 417/260/417
f 417/260/417 705/261/705 530/262/530
f 529/229/529 531/263/531 705/261/705
f 705/261/705 434/264/434 532/265/532
f 530/262/530 532/265/532 418/266/418
f 418/266/418 706/267/706 533/268/533
f 532/265/532 534/269/534 706/267/706
f 706/267/706 435/270/435 535/271/535
f 533/268/533 535/271/535 419/272/419
f 419/272/419 707/273/707 536/274/536
f 535/271/535 537/275/537 707/273/707
f 707/273/707 436/276/436 538/277/538
f 536/274/536 538/277/538 420/278/420
f 420/278/420 708/279/708 539/280/539
f 538/277/538 540/281/540 708/279/708
f 708/279/708 437/282/437 541/283/541
f 539/280/539 541/283/541 421/284/421
f 541/283/541 542/280/542 421/284/421
f 437/282/437 709/279/709 541/283/541
f 543/281/543 544/277/544 709/279/709
f 709/279/709 422/278/422 542/280/542
f 544/277/544 545/274/545 422/278/422
f 438/276/438 710/273/710 544/277/544
f 546/275/546 547/271/547 710/273/710
f 710/273/710 423/272/423 545/274/545
f 547/271/547 548/285/548 423/272/423
f 439/270/439 711/286/711 547/271/547
f 549/269/549 550/265/550 711/286/711
f 711/286/711 424/287/424 548/285/548
f 550/265/550 551/288/551 424/287/424
f 440/264/440 712/261/712 550/265/550
f 552/263/552 507/229/507 712/261/712
f 712/261/712 409/231/409 551/288/551
f 533/268/533 618/289/618 418/266/418
f 419/272/419 713/290/713 533/268/533
f 713/290/713 467/291/467 610/292/610
f 713/290/713 466/293/466 618/289/618
f 428/250/428 714/294/714 596/295/596
f 513/246/513 554/296/554 714/294/714
f 714/294/714 443/297/443 564/298/564
f 596/295/596 564/298/564 444/299/444
f 426/232/426 715/300/715 595/301/595
f 552/263/552 556/302/556 715/300/715
f 715/300/715 456/303/456 577/304/577
f 595/301/595 577/304/577 442/305/442
f 525/240/525 594/306/594 432/238/432
f 431/244/431 716/307/716 525/240/525
f 558/296/558 568/308/568 716/307/716
f 716/307/716 448/309/448 594/306/594
f 537/275/537 553/310/553 436/276/436
f 435/270/435 717/311/717 537/275/537
f 560/312/560 572/313/572 717/311/717
f 717/311/717 452/314/452 553/310/553
f 427/244/427 718/307/718 554/296/554
f 510/240/510 555/306/555 718/307/718
f 718/307/718 441/315/441 563/316/563
f 554/296/554 563/316/563 443/297/443
f 440/264/440 719/317/719 556/302/556
f 549/269/549 557/312/557 719/317/719
f 719/317/719 455/318/455 576/319/576
f 556/302/556 576/319/576 456/303/456
f 522/246/522 558/296/558 431/244/431
f 430/250/430 720/294/720 522/246/522
f 559/295/559 567/320/567 720/294/720
f 720/294/720 447/321/447 558/296/558
f 534/269/534 560/312/560 435/270/435
f 434/264/434 721/317/721 534/269/534
f 561/302/561 571/322/571 721/317/721
f 721/317/721 451/323/451 560/312/560
f 722/324/722 497/325/497 656/326/656
f 722/324/722 496/327/496 681/328/681
f 571/322/571 682/329/682 451/323/451
f 450/330/450 723/331/723 571/322/571
f 723/331/723 482/332/482 642/333/642
f 682/329/682 642/333/642 483/334/483
f 681/328/681 655/335/655 724/336/724
f 724/336/724 495/337/495 579/338/579
f 570/339/570 578/340/578 450/330/450
f 449/305/449 725/341/725 570/339/570
f 580/342/580 641/343/641 725/341/725
f 578/340/578 641/343/641 482/332/482
f 579/338/579 654/344/654 726/345/726
f 726/345/726 494/346/494 581/347/581
f 569/348/569 580/342/580 449/305/449
f 448/309/448 727/349/727 569/348/569
f 582/350/582 640/351/640 727/349/727
f 727/349/727 481/325/481 580/342/580
f 581/347/581 653/352/653 728/353/728
f 728/353/728 493/354/493 583/355/583
f 568/308/568 582/350/582 448/309/448
f 447/321/447 729/356/729 568/308/568
f 584/357/584 639/358/639 729/356/729
f 729/356/729 480/359/480 582/350/582
f 730/353/730 493/354/493 652/352/652
f 585/347/585 652/352/652 492/346/492
f 567/320/567 584/357/584 447/321/447
f 446/299/446 731/360/731 567/320/567
f 587/361/587 638/362/638 731/360/731
f 731/360/731 479/363/479 584/357/584
f 732/345/732 492/346/492 651/344/651
f 589/338/589 651/344/651 491/337/491
f 586/342/586 664/364/664 733/365/733
f 733/365/733 504/366/504 591/367/591
f 566/368/566 587/361/587 446/299/446
f 445/369/445 734/370/734 566/368/566
f 592/371/592 637/372/637 734/370/734
f 734/370/734 478/373/478 587/361/587
f 735/336/735 491/337/491 650/335/650
f 588/328/588 650/335/650 489/374/489
f 591/367/591 663/375/663 736/376/736
f 736/376/736 503/377/503 590/378/590
f 445/369/445 737/370/737 592/371/592
f 565/368/565 593/361/593 737/370/737
f 737/370/737 476/373/476 636/372/636
f 592/371/592 636/372/636 477/379/477
f 540/281/540 597/380/597 437/282/437
f 436/276/436 738/381/738 540/281/540
f 553/310/553 573/382/573 738/381/738
f 738/381/738 453/383/453 597/380/597
f 528/234/528 598/301/598 433/232/433
f 432/238/432 739/384/739 528/234/528
f 594/306/594 569/348/569 739/384/739
f 739/384/739 449/305/449 598/301/598
f 429/385/429 740/386/740 599/387/599
f 516/252/516 596/295/596 740/386/740
f 740/386/740 444/299/444 565/368/565
f 599/387/599 565/368/565 445/369/445
f 438/276/438 741/381/741 600/310/600
f 543/281/543 597/380/597 741/381/741
f 741/381/741 453/383/453 574/382/574
f 600/310/600 574/382/574 454/314/454
f 531/263/531 561/302/561 434/264/434
f 433/232/433 742/300/742 531/263/531
f 598/301/598 570/339/570 742/300/742
f 742/300/742 450/330/450 561/302/561
f 519/252/519 559/295/559 430/250/430
f 429/385/429 743/386/743 519/252/519
f 599/387/599 566/368/566 743/386/743
f 743/386/743 446/299/446 559/295/559
f 439/270/439 744/311/744 557/312/557
f 546/275/546 600/310/600 744/311/744
f 744/311/744 454/314/454 575/388/575
f 557/312/557 575/388/575 455/318/455
f 425/238/425 745/384/745 555/306/555
f 506/234/506 595/301/595 745/384/745
f 745/384/745 442/305/442 562/389/562
f 555/306/555 562/389/562 441/315/441
f 601/390/601 616/391/616 457/392/457
f 602/393/602 601/390/601 458/394/458
f 603/395/603 602/393/602 459/396/459
f 604/397/604 603/395/603 460/398/460
f 605/397/605 604/397/604 461/399/461
f 606/395/606 605/397/605 462/398/462
f 607/393/607 606/395/606 463/396/463
f 608/390/608 607/393/607 464/394/464
f 609/391/609 608/390/608 465/392/465
f 610/292/610 609/391/609 466/293/466
f 611/400/611 610/292/610 467/291/467
f 612/401/612 611/400/611 468/402/468
f 613/401/613 612/401/612 469/403/469
f 614/400/614 613/401/613 470/402/470
f 615/292/615 614/400/614 471/291/471
f 616/391/616 615/292/615 472/293/472
f 423/272/423 747/404/747 620/405/620
f 548/285/548 619/289/619 747/404/747
f 747/404/747 472/293/472 615/292/615
f 747/404/747 471/291/471 620/405/620
f 512/243/512 622/406/622 411/242/411
f 512/243/512 621/407/621 748/408/748
f 748/408/748 460/398/460 603/395/603
f 748/408/748 459/396/459 622/406/622
f 527/259/527 624/409/624 416/258/416
f 417/260/417 749/410/749 527/259/527
f 749/410/749 465/392/465 608/390/608
f 749/410/749 464/394/464 624/409/624
f 409/231/409 750/410/750 626/411/626
f 505/230/505 625/409/625 750/410/750
f 750/410/750 458/394/458 601/390/601
f 750/410/750 457/392/457 626/411/626
f 421/284/421 751/412/751 628/413/628
f 542/280/542 627/414/627 751/412/751
f 751/412/751 470/402/470 613/401/613
f 751/412/751 469/403/469 628/413/628
f 521/243/521 630/407/630 414/255/414
f 521/243/521 629/406/629 752/408/752
f 752/408/752 463/396/463 606/395/606
f 752/408/752 462/398/462 630/407/630
f 536/274/536 617/405/617 419/272/419
f 420/278/420 753/415/753 536/274/536
f 753/415/753 468/402/468 611/400/611
f 753/415/753 467/291/467 617/405/617
f 424/287/424 754/416/754 619/289/619
f 551/288/551 626/411/626 754/416/754
f 754/416/754 457/392/457 616/391/616
f 754/416/754 472/293/472 619/289/619
f 515/249/515 621/407/621 412/248/412
f 515/249/515 632/417/632 755/418/755
f 755/418/755 461/399/461 604/397/604
f 755/418/755 460/398/460 621/407/621
f 530/262/530 623/411/623 417/260/417
f 418/266/418 756/419/756 530/262/530
f 756/419/756 466/293/466 609/391/609
f 756/419/756 465/392/465 623/411/623
f 422/278/422 757/415/757 627/414/627
f 545/274/545 620/405/620 757/415/757
f 757/415/757 471/291/471 614/400/614
f 757/415/757 470/402/470 627/414/627
f 410/236/410 758/420/758 625/409/625
f 509/237/509 622/406/622 758/420/758
f 758/420/758 459/396/459 602/393/602
f 758/420/758 458/394/458 625/409/625
f 524/257/524 629/406/629 415/256/415
f 416/258/416 759/420/759 524/257/524
f 759/420/759 464/394/464 607/393/607
f 759/420/759 463/396/463 629/406/629
f 539/280/539 631/414/631 420/278/420
f 421/284/421 760/412/760 539/280/539
f 760/412/760 469/403/469 612/401/612
f 760/412/760 468/402/468 631/414/631
f 518/249/518 632/417/632 413/254/413
f 518/249/518 630/407/630 761/418/761
f 761/418/761 462/398/462 605/397/605
f 761/418/761 461/399/461 632/417/632
f 490/421/490 762/422/762 665/423/665
f 649/424/649 666/425/666 762/422/762
f 762/422/762 473/426/473 633/351/633
f 665/423/665 633/351/633 474/421/474
f 489/374/489 763/427/763 666/425/666
f 650/335/650 667/428/667 763/427/763
f 763/427/763 475/363/475 634/358/634
f 666/425/666 634/358/634 473/426/473
f 491/337/491 764/429/764 667/428/667
f 651/344/651 668/430/668 764/429/764
f 764/429/764 476/373/476 635/362/635
f 667/428/667 635/362/635 475/363/475
f 492/346/492 765/431/765 668/430/668
f 652/352/652 669/432/669 765/431/765
f 765/431/765 477/379/477 636/372/636
f 668/430/668 636/372/636 476/373/476
f 653/352/653 669/432/669 493/354/493
f 494/346/494 766/431/766 653/352/653
f 670/430/670 637/372/637 766/431/766
f 766/431/766 477/379/477 669/432/669
f 654/344/654 670/430/670 494/346/494
f 495/337/495 767/429/767 654/344/654
f 671/433/671 638/362/638 767/429/767
f 767/429/767 478/373/478 670/430/670
f 655/335/655 671/433/671 495/337/495
f 496/327/496 768/434/768 655/335/655
f 672/435/672 639/358/639 768/434/768
f 768/434/768 479/363/479 671/433/671
f 656/326/656 672/435/672 496/327/496
f 497/325/497 769/436/769 656/326/656
f 673/437/673 640/351/640 769/436/769
f 769/436/769 480/359/480 672/435/672
f 497/325/497 770/438/770 673/437/673
f 657/439/657 674/440/674 770/438/770
f 770/438/770 482/332/482 641/343/641
f 673/437/673 641/343/641 481/325/481
f 498/441/498 771/442/771 674/440/674
f 658/375/658 675/443/675 771/442/771
f 771/442/771 483/334/483 642/333/642
f 674/440/674 642/333/642 482/332/482
f 499/377/499 772/444/772 675/443/675
f 659/445/659 676/446/676 772/444/772
f 772/444/772 484/447/484 643/448/643
f 675/443/675 643/448/643 483/334/483
f 500/449/500 773/450/773 676/446/676
f 660/451/660 677/452/677 773/450/773
f 773/450/773 485/453/485 644/454/644
f 676/446/676 644/454/644 484/447/484
f 661/451/661 677/452/677 501/455/501
f 502/449/502 774/450/774 661/451/661
f 678/446/678 645/454/645 774/450/774
f 774/450/774 485/453/485 677/452/677
f 662/445/662 678/446/678 502/449/502
f 503/377/503 775/444/775 662/445/662
f 679/456/679 646/448/646 775/444/775
f 775/444/775 486/447/486 678/446/678
f 663/375/663 679/456/679 503/377/503
f 504/366/504 776/457/776 663/375/663
f 680/440/680 647/458/647 776/457/776
f 776/457/776 487/334/487 679/456/679
f 664/364/664 680/440/680 504/366/504
f 490/421/490 777/459/777 664/364/664
f 665/423/665 648/460/648 777/459/777
f 777/459/777 488/461/488 680/440/680
f 572/313/572 684/462/684 452/314/452
f 451/323/451 778/463/778 572/313/572
f 778/463/778 483/334/483 643/448/643
f 684/462/684 643/448/643 484/447/484
f 779/464/779 498/441/498 657/439/657
f 683/465/683 657/439/657 497/325/497
f 573/382/573 686/466/686 453/383/453
f 452/314/452 780/467/780 573/382/573
f 780/467/780 484/447/484 644/454/644
f 686/466/686 644/454/644 485/453/485
f 781/376/781 499/377/499 658/375/658
f 685/367/685 658/375/658 498/441/498
f 454/314/454 782/467/782 688/462/688
f 574/382/574 686/466/686 782/467/782
f 686/466/686 645/454/645 782/467/782
f 782/467/782 486/447/486 688/462/688
f 783/468/783 500/449/500 659/445/659
f 687/378/687 659/445/659 499/377/499
f 455/318/455 784/463/784 690/329/690
f 575/388/575 688/462/688 784/463/784
f 688/462/688 646/448/646 784/463/784
f 784/463/784 487/334/487 690/329/690
f 441/315/441 785/469/785 692/470/692
f 562/389/562 691/342/691 785/469/785
f 785/469/785 474/421/474 633/351/633
f 692/470/692 633/351/633 473/426/473
f 786/471/786 501/455/501 660/451/660
f 689/472/689 660/451/660 500/449/500
f 456/303/456 787/473/787 694/474/694
f 576/319/576 690/329/690 787/473/787
f 690/329/690 647/458/647 787/473/787
f 787/473/787 488/461/488 694/474/694
f 443/297/443 788/475/788 695/357/695
f 563/316/563 692/470/692 788/475/788
f 788/475/788 473/426/473 634/358/634
f 695/357/695 634/358/634 475/363/475
f 696/472/696 661/451/661 789/471/789
f 789/471/789 501/455/501 693/476/693
f 442/305/442 790/477/790 691/342/691
f 577/304/577 694/474/694 790/477/790
f 694/474/694 648/460/648 790/477/790
f 691/342/691 648/460/648 474/421/474
f 444/299/444 791/360/791 593/361/593
f 564/298/564 695/357/695 791/360/791
f 791/360/791 475/363/475 635/362/635
f 593/361/593 635/362/635 476/373/476
f 590/378/590 662/445/662 792/468/792
f 792/468/792 502/449/502 696/472/696
f 793/478/793 489/374/489 649/424/649
f 793/478/793 490/421/490 586/342/586
f 799/479/799 986/480/985 898/481/898
f 862/482/862 897/483/897 986/480/985
f 986/480/985 814/484/814 885/485/885
f 898/481/898 885/485/885 815/486/815
f 858/487/858 940/488/939 794/489/794
f 795/490/795 987/491/986 858/487/858
f 939/492/938 913/493/913 987/491/986
f 987/491/986 827/494/827 940/488/939
f 871/495/871 874/496/874 807/497/807
f 808/498/808 988/499/987 871/495/871
f 938/500/937 926/501/926 988/499/987
f 988/499/987 839/502/839 874/496/874
f 870/503/870 875/504/875 806/505/806
f 807/497/807 989/506/988 870/503/870
f 874/496/874 925/507/925 989/506/988
f 989/506/988 838/508/838 875/504/875
f 805/497/805 990/506/989 876/496/876
f 869/503/869 875/504/875 990/506/989
f 990/506/989 838/508/838 924/507/924
f 876/496/876 924/507/924 837/509/837
f 804/498/804 991/499/990 877/500/877
f 868/495/868 876/496/876 991/499/990
f 991/499/990 837/509/837 923/501/923
f 877/500/877 923/501/923 836/510/836
f 803/511/803 992/512/991 878/513/878
f 867/514/867 877/500/877 992/512/991
f 992/512/991 836/510/836 922/515/922
f 878/513/878 922/515/922 835/516/835
f 802/489/802 993/517/992 880/518/880
f 866/519/866 878/513/878 993/517/992
f 993/517/992 835/516/835 921/520/921
f 880/518/880 921/520/921 834/521/834
f 801/490/801 994/522/993 879/492/879
f 865/487/865 880/518/880 994/522/993
f 994/522/993 834/521/834 920/523/920
f 879/492/879 920/523/920 833/524/833
f 821/525/821 995/526/994 964/527/963
f 891/528/891 963/529/962 995/526/994
f 995/526/994 852/530/852 957/531/956
f 995/526/994 853/532/853 964/527/963
f 870/503/870 900/533/900 807/497/807
f 806/505/806 996/534/995 870/503/870
f 899/535/899 893/536/893 996/534/995
f 996/534/995 823/525/823 900/533/900
f 800/537/800 997/538/996 901/539/901
f 863/540/863 898/481/898 997/538/996
f 997/538/996 815/486/815 886/541/886
f 901/539/901 886/541/886 816/542/816
f 871/495/871 902/543/902 808/498/808
f 807/497/807 998/544/997 871/495/871
f 900/533/900 894/528/894 998/544/997
f 998/544/997 824/545/824 902/543/902
f 801/490/801 999/546/998 903/547/903
f 864/548/864 901/539/901 999/546/998
f 999/546/998 816/542/816 887/549/887
f 903/547/903 887/549/887 817/550/817
f 872/514/872 904/551/904 809/511/809
f 808/498/808 1000/552/999 872/514/872
f 902/543/902 895/553/895 1000/552/999
f 1000/552/999 825/554/825 904/551/904
f 802/489/802 1001/555/1000 905/556/905
f 865/487/865 903/547/903 1001/555/1000
f 1001/555/1000 817/550/817 888/557/888
f 905/556/905 888/557/888 818/558/818
f 858/487/858 907/547/907 795/490/795
f 794/489/794 1002/555/1001 858/487/858
f 906/556/906 881/557/881 1002/555/1001
f 1002/555/1001 810/550/810 907/547/907
f 873/519/873 906/556/906 794/489/794
f 809/511/809 1003/559/1002 873/519/873
f 904/551/904 896/560/896 1003/559/1002
f 1003/559/1002 811/558/811 906/556/906
f 803/511/803 1004/559/1003 908/551/908
f 866/519/866 905/556/905 1004/559/1003
f 1004/559/1003 818/558/818 889/560/889
f 908/551/908 889/560/889 819/554/819
f 859/548/859 909/539/909 796/537/796
f 795/490/795 1005/546/1004 859/548/859
f 907/547/907 882/549/882 1005/546/1004
f 1005/546/1004 812/542/812 909/539/909
f 804/498/804 1006/552/1005 910/543/910
f 867/514/867 908/551/908 1006/552/1005
f 1006/552/1005 819/554/819 890/553/890
f 910/543/910 890/553/890 820/545/820
f 860/540/860 911/481/911 797/479/797
f 796/537/796 1007/538/1006 860/540/860
f 909/539/909 883/541/883 1007/538/1006
f 1007/538/1006 813/486/813 911/481/911
f 805/497/805 1008/544/1007 912/533/912
f 868/495/868 910/543/910 1008/544/1007
f 1008/544/1007 820/545/820 891/528/891
f 912/533/912 891/528/891 821/525/821
f 861/482/861 897/483/897 798/561/798
f 797/479/797 1009/480/1008 861/482/861
f 911/481/911 884/485/884 1009/480/1008
f 1009/480/1008 814/484/814 897/483/897
f 806/505/806 1010/534/1009 899/535/899
f 869/503/869 912/533/912 1010/534/1009
f 1010/534/1009 821/525/821 892/536/892
f 899/535/899 892/536/892 822/562/822
f 833/524/833 1011/563/1010 979/564/978
f 920/523/920 980/565/979 1011/563/1010
f 832/566/832 1012/567/1011 929/568/929
f 919/569/919 979/564/978 1012/567/1011
f 831/570/831 1013/571/1012 930/572/930
f 918/573/918 929/568/929 1013/571/1012
f 830/574/830 1014/575/1013 931/576/814
f 917/577/917 930/572/930 1014/575/1013
f 916/577/916 932/572/931 829/578/829
f 830/574/830 1015/575/1014 916/577/916
f 915/573/915 935/568/934 828/566/828
f 829/578/829 1016/571/1015 915/573/915
f 928/579/928 937/580/936 841/516/841
f 827/494/827 1017/581/1016 928/579/928
f 914/569/914 934/564/933 826/524/826
f 828/566/828 1018/567/1017 914/569/914
f 927/515/927 936/582/935 840/510/840
f 841/516/841 1019/583/1018 927/515/927
f 872/514/872 938/500/937 808/498/808
f 809/511/809 1020/512/1019 872/514/872
f 941/513/940 927/515/927 1020/512/1019
f 1020/512/1019 840/510/840 938/500/937
f 859/548/859 939/492/938 795/490/795
f 796/537/796 1021/584/1020 859/548/859
f 942/585/941 914/569/914 1021/584/1020
f 1021/584/1020 826/524/826 939/492/938
f 873/519/873 941/513/940 809/511/809
f 794/489/794 1022/586/1021 873/519/873
f 940/488/939 928/579/928 1022/586/1021
f 1022/586/1021 841/516/841 941/513/940
f 860/540/860 942/585/941 796/537/796
f 797/479/797 1023/587/1022 860/540/860
f 943/588/942 915/573/915 1023/587/1022
f 1023/587/1022 828/566/828 942/585/941
f 861/482/861 943/588/942 797/479/797
f 798/561/798 1024/589/1023 861/482/861
f 944/590/943 916/577/916 1024/589/1023
f 1024/589/1023 829/578/829 943/588/942
f 798/561/798 1025/589/1024 944/590/943
f 862/482/862 945/588/944 1025/589/1024
f 1025/589/1024 831/570/831 917/577/917
f 944/590/943 917/577/917 830/574/830
f 799/479/799 1026/587/1025 945/588/944
f 863/540/863 946/585/945 1026/587/1025
f 1026/587/1025 832/566/832 918/573/918
f 945/588/944 918/573/918 831/570/831
f 800/537/800 1027/584/1026 946/585/945
f 864/548/864 879/492/879 1027/584/1026
f 1027/584/1026 833/524/833 919/569/919
f 946/585/945 919/569/919 832/566/832
f 947/591/946 948/592/947 842/593/842
f 962/594/961 947/591/946 843/595/843
f 961/596/960 962/594/961 857/597/857
f 960/531/959 961/596/960 856/598/856
f 959/599/958 960/531/959 855/600/855
f 958/599/957 959/599/958 854/601/854
f 957/531/956 958/599/957 853/532/853
f 956/596/955 957/531/956 852/530/852
f 955/594/954 956/596/955 851/602/851
f 954/591/953 955/594/954 850/595/850
f 953/592/952 954/591/953 849/593/849
f 952/603/951 953/592/952 848/604/848
f 951/605/950 952/603/951 847/606/847
f 950/607/949 951/605/950 846/608/846
f 949/609/948 950/607/949 845/606/845
f 948/592/947 949/609/948 844/604/844
f 884/485/884 966/610/965 814/484/814
f 884/485/884 965/611/964 1029/612/1028
f 1029/612/1028 845/606/845 950/607/949
f 1029/612/1028 846/608/846 966/610/965
f 822/562/822 1030/613/1029 967/614/966
f 892/536/892 964/527/963 1030/613/1029
f 1030/613/1029 853/532/853 958/599/957
f 1030/613/1029 854/601/854 967/614/966
f 885/485/885 968/611/967 815/486/815
f 885/485/885 966/610/965 1031/612/1030
f 1031/612/1030 846/608/846 951/605/950
f 1031/612/1030 847/606/847 968/611/967
f 893/536/893 969/527/968 823/525/823
f 822/562/822 1032/613/1031 893/536/893
f 1032/613/1031 854/601/854 959/599/958
f 1032/613/1031 855/600/855 969/527/968
f 886/541/886 970/615/969 816/542/816
f 886/541/886 968/611/967 1033/616/1032
f 1033/616/1032 847/606/847 952/603/951
f 1033/616/1032 848/604/848 970/615/969
f 894/528/894 971/529/970 824/545/824
f 823/525/823 1034/526/1033 894/528/894
f 1034/526/1033 855/600/855 960/531/959
f 1034/526/1033 856/598/856 971/529/970
f 817/550/817 1035/617/1034 972/618/971
f 887/549/887 970/615/969 1035/617/1034
f 1035/617/1034 848/604/848 953/592/952
f 1035/617/1034 849/593/849 972/618/971
f 895/553/895 973/619/972 825/554/825
f 824/545/824 1036/620/1035 895/553/895
f 1036/620/1035 856/598/856 961/596/960
f 1036/620/1035 857/597/857 973/619/972
f 818/558/818 1037/621/1036 974/622/973
f 888/557/888 972/618/971 1037/621/1036
f 1037/621/1036 849/593/849 954/591/953
f 1037/621/1036 850/595/850 974/622/973
f 881/557/881 976/618/975 810/550/810
f 811/558/811 1038/623/1037 881/557/881
f 1038/623/1037 843/595/843 947/591/946
f 1038/623/1037 842/593/842 976/618/975
f 896/560/896 975/622/974 811/558/811
f 825/554/825 1039/624/1038 896/560/896
f 1039/624/1038 857/597/857 962/594/961
f 1039/624/1038 843/595/843 975/622/974
f 819/554/819 1040/625/1039 977/619/976
f 889/560/889 974/622/973 1040/625/1039
f 1040/625/1039 850/595/850 955/594/954
f 1040/625/1039 851/602/851 977/619/976
f 882/549/882 978/615/977 812/542/812
f 810/550/810 1041/626/1040 882/549/882
f 1041/626/1040 842/593/842 948/592/947
f 1041/626/1040 844/604/844 978/615/977
f 820/545/820 1042/627/1041 963/529/962
f 890/553/890 977/619/976 1042/627/1041
f 1042/627/1041 851/602/851 956/596/955
f 1042/627/1041 852/530/852 963/529/962
f 883/541/883 965/611/964 813/486/813
f 883/541/883 978/615/977 1043/616/1042
f 1043/616/1042 844/604/844 949/609/948
f 1043/616/1042 845/606/845 965/611/964
f 834/521/834 1044/628/1043 980/565/979
f 921/520/921 981/580/980 1044/628/1043
f 835/516/835 1045/583/1044 981/580/980
f 922/515/922 982/582/981 1045/583/1044
f 836/510/836 1046/629/1045 982/582/981
f 923/501/923 983/630/982 1046/629/1045
f 837/509/837 1047/631/1046 983/630/982
f 924/507/924 984/632/983 1047/631/1046
f 925/507/925 984/632/983 838/508/838
f 839/502/839 1048/631/1047 925/507/925
f 926/501/926 985/630/984 839/502/839
f 840/510/840 1049/629/1048 926/501/926
f 913/493/913 933/633/932 827/494/827
f 826/524/826 1050/634/1049 913/493/913
f 110/1/110 313/5/313 109/2/109
f 110/1/110 13/41/13 111/4/111
f 313/5/313 111/4/111 14/6/14
f 313/5/313 112/7/112 2/8/2
f 112/7/112 314/11/314 113/9/113
f 112/7/112 14/6/14 114/10/114
f 314/11/314 114/10/114 15/12/15
f 314/11/314 115/13/115 3/14/3
f 115/13/115 315/17/315 116/15/116
f 115/13/115 15/12/15 117/16/117
f 315/17/315 117/16/117 16/18/16
f 315/17/315 118/19/118 4/20/4
f 118/19/118 316/23/316 119/21/119
f 118/19/118 16/18/16 120/22/120
f 316/23/316 120/22/120 17/24/17
f 316/23/316 121/25/121 5/26/5
f 121/25/121 317/29/317 122/27/122
f 121/25/121 17/24/17 123/28/123
f 317/29/317 123/28/123 18/30/18
f 317/29/317 124/31/124 6/32/6
f 124/31/124 318/35/318 125/33/125
f 124/31/124 18/30/18 126/34/126
f 318/35/318 126/34/126 19/36/19
f 318/35/318 127/37/127 7/38/7
f 7/38/7 127/37/127 319/35/319
f 19/36/19 129/34/129 319/35/319
f 129/34/129 20/30/20 130/31/130
f 128/33/128 319/35/319 130/31/130
f 8/32/8 130/31/130 320/29/320
f 20/30/20 132/28/132 320/29/320
f 132/28/132 21/24/21 133/25/133
f 131/27/131 320/29/320 133/25/133
f 9/26/9 133/25/133 321/23/321
f 21/24/21 135/22/135 321/23/321
f 135/22/135 22/18/22 136/19/136
f 134/21/134 321/23/321 136/19/136
f 10/20/10 136/19/136 322/17/322
f 22/18/22 138/16/138 322/17/322
f 138/16/138 23/12/23 139/13/139
f 137/15/137 322/17/322 139/13/139
f 11/14/11 139/13/139 323/11/323
f 23/12/23 141/10/141 323/11/323
f 141/10/141 24/6/24 142/7/142
f 140/9/140 323/11/323 142/7/142
f 12/8/12 142/7/142 324/5/324
f 24/6/24 144/39/144 324/5/324
f 144/39/144 13/41/13 110/1/110
f 143/2/143 324/5/324 110/1/110
f 145/40/145 325/43/325 111/4/111
f 145/40/145 25/69/25 146/42/146
f 325/43/325 146/42/146 26/44/26
f 325/43/325 147/45/147 14/6/14
f 147/45/147 326/47/326 114/10/114
f 147/45/147 26/44/26 148/46/148
f 326/47/326 148/46/148 27/48/27
f 326/47/326 149/49/149 15/12/15
f 149/49/149 327/51/327 117/16/117
f 149/49/149 27/48/27 150/50/150
f 327/51/327 150/50/150 28/52/28
f 327/51/327 151/53/151 16/18/16
f 151/53/151 328/55/328 120/22/120
f 151/53/151 28/52/28 152/54/152
f 328/55/328 152/54/152 29/56/29
f 328/55/328 153/57/153 17/24/17
f 153/57/153 329/59/329 123/28/123
f 153/57/153 29/56/29 154/58/154
f 329/59/329 154/58/154 30/60/30
f 329/59/329 155/61/155 18/30/18
f 155/61/155 330/63/330 126/34/126
f 155/61/155 30/60/30 156/62/156
f 330/63/330 156/62/156 31/64/31
f 330/63/330 157/65/157 19/36/19
f 19/36/19 157/65/157 331/63/331
f 31/64/31 158/62/158 331/63/331
f 158/62/158 32/60/32 159/66/159
f 129/34/129 331/63/331 159/66/159
f 20/30/20 159/66/159 332/67/332
f 32/60/32 160/58/160 332/67/332
f 160/58/160 33/56/33 161/57/161
f 132/28/132 332/67/332 161/57/161
f 21/24/21 161/57/161 333/55/333
f 33/56/33 162/54/162 333/55/333
f 162/54/162 34/52/34 163/53/163
f 135/22/135 333/55/333 163/53/163
f 22/18/22 163/53/163 334/51/334
f 34/52/34 164/50/164 334/51/334
f 164/50/164 35/48/35 165/49/165
f 138/16/138 334/51/334 165/49/165
f 23/12/23 165/49/165 335/47/335
f 35/48/35 166/46/166 335/47/335
f 166/46/166 36/44/36 167/45/167
f 141/10/141 335/47/335 167/45/167
f 24/6/24 167/45/167 336/43/336
f 36/44/36 168/42/168 336/43/336
f 168/42/168 25/69/25 145/40/145
f 144/39/144 336/43/336 145/40/145
f 169/68/169 337/71/337 146/42/146
f 169/68/169 37/94/37 170/70/170
f 337/71/337 170/70/170 38/72/38
f 337/71/337 171/73/171 26/44/26
f 171/73/171 338/75/338 148/46/148
f 171/73/171 38/72/38 172/74/172
f 338/75/338 172/74/172 39/76/39
f 338/75/338 173/77/173 27/48/27
f 173/77/173 339/79/339 150/50/150
f 173/77/173 39/76/39 174/78/174
f 339/79/339 174/78/174 40/80/40
f 339/79/339 175/81/175 28/52/28
f 175/81/175 340/83/340 152/54/152
f 175/81/175 40/80/40 176/82/176
f 340/83/340 176/82/176 41/84/41
f 340/83/340 177/85/177 29/56/29
f 177/85/177 341/87/341 154/58/154
f 177/85/177 41/84/41 178/86/178
f 341/87/341 178/86/178 42/88/42
f 341/87/341 179/89/179 30/60/30
f 179/89/179 342/91/342 156/62/156
f 179/89/179 42/88/42 180/90/180
f 342/91/342 180/90/180 43/92/43
f 342/91/342 181/93/181 31/64/31
f 31/64/31 181/93/181 343/91/343
f 43/92/43 182/90/182 343/91/343
f 182/90/182 44/88/44 183/89/183
f 158/62/158 343/91/343 183/89/183
f 32/60/32 183/89/183 344/87/344
f 44/88/44 184/86/184 344/87/344
f 184/86/184 45/84/45 185/85/185
f 160/58/160 344/87/344 185/85/185
f 33/56/33 185/85/185 345/83/345
f 45/84/45 186/82/186 345/83/345
f 186/82/186 46/80/46 187/81/187
f 162/54/162 345/83/345 187/81/187
f 34/52/34 187/81/187 346/79/346
f 46/80/46 188/78/188 346/79/346
f 188/78/188 47/76/47 189/77/189
f 164/50/164 346/79/346 189/77/189
f 35/48/35 189/77/189 347/75/347
f 47/76/47 190/74/190 347/75/347
f 190/74/190 48/72/48 191/73/191
f 166/46/166 347/75/347 191/73/191
f 36/44/36 191/73/191 348/71/348
f 48/72/48 192/70/192 348/71/348
f 192/70/192 37/94/37 169/68/169
f 168/42/168 348/71/348 169/68/169
f 37/94/37 193/96/193 349/95/349
f 193/96/193 49/635/49 194/97/194
f 349/95/349 194/97/194 50/98/50
f 170/70/170 349/95/349 195/99/195
f 38/72/38 195/99/195 350/100/350
f 195/99/195 50/98/50 196/101/196
f 350/100/350 196/101/196 51/102/51
f 172/74/172 350/100/350 197/103/197
f 39/76/39 197/103/197 351/104/351
f 197/103/197 51/102/51 198/105/198
f 351/104/351 198/105/198 52/106/52
f 174/78/174 351/104/351 199/107/199
f 40/80/40 199/107/199 352/108/352
f 199/107/199 52/106/52 200/109/200
f 352/108/352 200/109/200 53/110/53
f 176/82/176 352/108/352 201/111/201
f 41/84/41 201/111/201 353/112/353
f 201/111/201 53/110/53 202/113/202
f 353/112/353 202/113/202 54/114/54
f 178/86/178 353/112/353 203/115/203
f 42/88/42 203/115/203 354/116/354
f 203/115/203 54/114/54 204/117/204
f 354/116/354 204/117/204 55/118/55
f 180/90/180 354/116/354 205/119/205
f 205/119/205 355/120/355 182/90/182
f 55/118/55 206/117/206 355/120/355
f 206/117/206 56/114/56 207/115/207
f 355/120/355 207/115/207 44/88/44
f 207/115/207 356/112/356 184/86/184
f 56/114/56 208/113/208 356/112/356
f 208/113/208 57/110/57 209/111/209
f 356/112/356 209/111/209 45/84/45
f 209/111/209 357/108/357 186/82/186
f 57/110/57 210/109/210 357/108/357
f 210/109/210 58/106/58 211/107/211
f 357/108/357 211/107/211 46/80/46
f 211/107/211 358/104/358 188/78/188
f 58/106/58 212/105/212 358/104/358
f 212/105/212 59/102/59 213/103/213
f 358/104/358 213/103/213 47/76/47
f 213/103/213 359/100/359 190/74/190
f 59/102/59 214/101/214 359/100/359
f 214/101/214 60/98/60 215/99/215
f 359/100/359 215/99/215 48/72/48
f 215/99/215 360/95/360 192/70/192
f 60/98/60 216/97/216 360/95/360
f 216/97/216 49/635/49 193/96/193
f 360/95/360 193/96/193 37/94/37
f 229/121/229 361/125/361 217/122/217
f 73/124/73 230/126/230 361/125/361
f 230/126/230 74/130/74 231/127/231
f 361/125/361 231/127/231 62/128/62
f 231/127/231 362/131/362 218/129/218
f 74/130/74 232/132/232 362/131/362
f 232/132/232 75/136/75 233/133/233
f 362/131/362 233/133/233 63/134/63
f 233/133/233 363/137/363 219/135/219
f 75/136/75 234/138/234 363/137/363
f 234/138/234 76/142/76 235/139/235
f 363/137/363 235/139/235 64/140/64
f 235/139/235 364/143/364 220/141/220
f 76/142/76 236/144/236 364/143/364
f 236/144/236 77/148/77 237/145/237
f 364/143/364 237/145/237 65/146/65
f 237/145/237 365/149/365 221/147/221
f 77/148/77 238/150/238 365/149/365
f 238/150/238 78/154/78 239/151/239
f 365/149/365 239/151/239 66/152/66
f 239/151/239 366/155/366 222/153/222
f 78/154/78 240/156/240 366/155/366
f 240/156/240 79/186/79 241/157/241
f 366/155/366 241/157/241 67/158/67
f 67/158/67 241/157/241 367/155/367
f 241/157/241 79/186/79 242/156/242
f 367/155/367 242/156/242 80/154/80
f 223/153/223 367/155/367 243/151/243
f 68/152/68 243/151/243 368/149/368
f 243/151/243 80/154/80 244/150/244
f 368/149/368 244/150/244 81/148/81
f 224/147/224 368/149/368 245/145/245
f 69/146/69 245/145/245 369/143/369
f 245/145/245 81/148/81 246/144/246
f 369/143/369 246/144/246 82/142/82
f 225/141/225 369/143/369 247/139/247
f 70/140/70 247/139/247 370/137/370
f 247/139/247 82/142/82 248/138/248
f 370/137/370 248/138/248 83/136/83
f 226/135/226 370/137/370 249/159/249
f 71/134/71 249/159/249 371/131/371
f 249/159/249 83/136/83 250/132/250
f 371/131/371 250/132/250 84/130/84
f 227/129/227 371/131/371 251/160/251
f 72/128/72 251/160/251 372/125/372
f 251/160/251 84/130/84 252/126/252
f 372/125/372 252/126/252 73/124/73
f 228/122/228 372/125/372 229/121/229
f 253/161/253 373/163/373 230/126/230
f 253/161/253 85/189/85 254/162/254
f 373/163/373 254/162/254 86/164/86
f 373/163/373 255/165/255 74/130/74
f 255/165/255 374/167/374 232/132/232
f 255/165/255 86/164/86 256/166/256
f 374/167/374 256/166/256 87/168/87
f 374/167/374 257/169/257 75/136/75
f 257/169/257 375/171/375 234/138/234
f 257/169/257 87/168/87 258/170/258
f 375/171/375 258/170/258 88/172/88
f 375/171/375 259/173/259 76/142/76
f 259/173/259 376/175/376 236/144/236
f 259/173/259 88/172/88 260/174/260
f 376/175/376 260/174/260 89/176/89
f 376/175/376 261/177/261 77/148/77
f 261/177/261 377/179/377 238/150/238
f 261/177/261 89/176/89 262/178/262
f 377/179/377 262/178/262 90/180/90
f 377/179/377 263/181/263 78/154/78
f 263/181/263 378/183/378 240/156/240
f 263/181/263 90/180/90 264/182/264
f 378/183/378 264/182/264 91/184/91
f 378/183/378 265/185/265 79/186/79
f 79/186/79 265/185/265 379/183/379
f 91/184/91 266/182/266 379/183/379
f 266/182/266 92/180/92 267/181/267
f 242/156/242 379/183/379 267/181/267
f 80/154/80 267/181/267 380/179/380
f 92/180/92 268/178/268 380/179/380
f 268/178/268 93/176/93 269/177/269
f 244/150/244 380/179/380 269/177/269
f 81/148/81 269/177/269 381/175/381
f 93/176/93 270/174/270 381/175/381
f 270/174/270 94/172/94 271/173/271
f 246/144/246 381/175/381 271/173/271
f 82/142/82 271/173/271 382/171/382
f 94/172/94 272/170/272 382/171/382
f 272/170/272 95/187/95 273/169/273
f 248/138/248 382/171/382 273/169/273
f 83/136/83 273/169/273 383/167/383
f 95/187/95 274/166/274 383/167/383
f 274/166/274 96/164/96 275/165/275
f 250/132/250 383/167/383 275/165/275
f 84/130/84 275/165/275 384/163/384
f 96/164/96 276/162/276 384/163/384
f 276/162/276 85/189/85 253/161/253
f 252/126/252 384/163/384 253/161/253
f 277/188/277 385/191/385 254/162/254
f 277/188/277 97/216/97 278/190/278
f 385/191/385 278/190/278 98/192/98
f 385/191/385 279/193/279 86/164/86
f 279/193/279 386/195/386 256/166/256
f 279/193/279 98/192/98 280/194/280
f 386/195/386 280/194/280 99/196/99
f 386/195/386 281/197/281 87/168/87
f 281/197/281 387/199/387 258/170/258
f 281/197/281 99/196/99 282/198/282
f 387/199/387 282/198/282 100/200/100
f 387/199/387 283/201/283 88/172/88
f 283/201/283 388/203/388 260/174/260
f 283/201/283 100/200/100 284/202/284
f 388/203/388 284/202/284 101/204/101
f 388/203/388 285/205/285 89/176/89
f 285/205/285 389/207/389 262/178/262
f 285/205/285 101/204/101 286/206/286
f 389/207/389 286/206/286 102/208/102
f 389/207/389 287/209/287 90/180/90
f 287/209/287 390/211/390 264/182/264
f 287/209/287 102/208/102 288/210/288
f 390/211/390 288/210/288 103/212/103
f 390/211/390 289/213/289 91/184/91
f 91/184/91 289/213/289 391/211/391
f 103/212/103 290/210/290 391/211/391
f 290/210/290 104/208/104 291/209/291
f 266/182/266 391/211/391 291/209/291
f 92/180/92 291/209/291 392/207/392
f 104/208/104 292/206/292 392/207/392
f 292/206/292 105/204/105 293/205/293
f 268/178/268 392/207/392 293/205/293
f 93/176/93 293/205/293 393/203/393
f 105/204/105 294/202/294 393/203/393
f 294/202/294 106/200/106 295/201/295
f 270/174/270 393/203/393 295/201/295
f 94/172/94 295/201/295 394/199/394
f 106/200/106 296/198/296 394/199/394
f 296/198/296 107/196/107 297/197/297
f 272/170/272 394/199/394 297/197/297
f 95/187/95 297/197/297 395/195/395
f 107/196/107 298/194/298 395/195/395
f 298/194/298 108/192/108 299/193/299
f 274/166/274 395/195/395 299/193/299
f 96/164/96 299/193/299 396/214/396
f 108/192/108 300/190/300 396/214/396
f 300/190/300 97/216/97 277/188/277
f 276/162/276 396/214/396 277/188/277
f 301/215/301 397/217/397 278/190/278
f 301/215/301 1/3/1 109/2/109
f 397/217/397 109/2/109 2/8/2
f 397/217/397 302/218/302 98/192/98
f 302/218/302 398/219/398 280/194/280
f 302/218/302 2/8/2 113/9/113
f 398/219/398 113/9/113 3/14/3
f 398/219/398 303/220/303 99/196/99
f 303/220/303 399/221/399 282/198/282
f 303/220/303 3/14/3 116/15/116
f 399/221/399 116/15/116 4/20/4
f 399/221/399 304/222/304 100/200/100
f 304/222/304 400/223/400 284/202/284
f 304/222/304 4/20/4 119/21/119
f 400/223/400 119/21/119 5/26/5
f 400/223/400 305/224/305 101/204/101
f 305/224/305 401/225/401 286/206/286
f 305/224/305 5/26/5 122/27/122
f 401/225/401 122/27/122 6/32/6
f 401/225/401 306/226/306 102/208/102
f 306/226/306 402/227/402 288/210/288
f 306/226/306 6/32/6 125/33/125
f 402/227/402 125/33/125 7/38/7
f 402/227/402 307/228/307 103/212/103
f 103/212/103 307/228/307 403/227/403
f 7/38/7 128/33/128 403/227/403
f 128/33/128 8/32/8 308/226/308
f 290/210/290 403/227/403 308/226/308
f 104/208/104 308/226/308 404/225/404
f 8/32/8 131/27/131 404/225/404
f 131/27/131 9/26/9 309/224/309
f 292/206/292 404/225/404 309/224/309
f 105/204/105 309/224/309 405/223/405
f 9/26/9 134/21/134 405/223/405
f 134/21/134 10/20/10 310/222/310
f 294/202/294 405/223/405 310/222/310
f 106/200/106 310/222/310 406/221/406
f 10/20/10 137/15/137 406/221/406
f 137/15/137 11/14/11 311/220/311
f 296/198/296 406/221/406 311/220/311
f 107/196/107 311/220/311 407/219/407
f 11/14/11 140/9/140 407/219/407
f 140/9/140 12/8/12 312/218/312
f 298/194/298 407/219/407 312/218/312
f 108/192/108 312/218/312 408/217/408
f 12/8/12 143/2/143 408/217/408
f 143/2/143 1/3/1 301/215/301
f 300/190/300 408/217/408 301/215/301
f 507/229/507 697/233/697 505/230/505
f 426/232/426 506/234/506 697/233/697
f 506/234/506 425/238/425 508/235/508
f 697/233/697 508/235/508 410/236/410
f 508/235/508 698/239/698 509/237/509
f 425/238/425 510/240/510 698/239/698
f 510/240/510 427/244/427 511/241/511
f 698/239/698 511/241/511 411/242/411
f 511/241/511 699/245/699 512/243/512
f 427/244/427 513/246/513 699/245/699
f 513/246/513 428/250/428 514/247/514
f 699/245/699 514/247/514 412/248/412
f 514/247/514 700/251/700 515/249/515
f 428/250/428 516/252/516 700/251/700
f 516/252/516 429/385/429 517/253/517
f 700/251/700 517/253/517 413/254/413
f 413/254/413 517/253/517 701/251/701
f 517/253/517 429/385/429 519/252/519
f 701/251/701 519/252/519 430/250/430
f 518/249/518 701/251/701 520/247/520
f 414/255/414 520/247/520 702/245/702
f 520/247/520 430/250/430 522/246/522
f 702/245/702 522/246/522 431/244/431
f 521/243/521 702/245/702 523/241/523
f 415/256/415 523/241/523 703/239/703
f 523/241/523 431/244/431 525/240/525
f 703/239/703 525/240/525 432/238/432
f 524/257/524 703/239/703 526/235/526
f 416/258/416 526/235/526 704/233/704
f 526/235/526 432/238/432 528/234/528
f 704/233/704 528/234/528 433/232/433
f 527/259/527 704/233/704 529/229/529
f 417/260/417 529/229/529 705/261/705
f 529/229/529 433/232/433 531/263/531
f 705/261/705 531/263/531 434/264/434
f 530/262/530 705/261/705 532/265/532
f 418/266/418 532/265/532 706/267/706
f 532/265/532 434/264/434 534/269/534
f 706/267/706 534/269/534 435/270/435
f 533/268/533 706/267/706 535/271/535
f 419/272/419 535/271/535 707/273/707
f 535/271/535 435/270/435 537/275/537
f 707/273/707 537/275/537 436/276/436
f 536/274/536 707/273/707 538/277/538
f 420/278/420 538/277/538 708/279/708
f 538/277/538 436/276/436 540/281/540
f 708/279/708 540/281/540 437/282/437
f 539/280/539 708/279/708 541/283/541
f 541/283/541 709/279/709 542/280/542
f 437/282/437 543/281/543 709/279/709
f 543/281/543 438/276/438 544/277/544
f 709/279/709 544/277/544 422/278/422
f 544/277/544 710/273/710 545/274/545
f 438/276/438 546/275/546 710/273/710
f 546/275/546 439/270/439 547/271/547
f 710/273/710 547/271/547 423/272/423
f 547/271/547 711/286/711 548/285/548
f 439/270/439 549/269/549 711/286/711
f 549/269/549 440/264/440 550/265/550
f 711/286/711 550/265/550 424/287/424
f 550/265/550 712/261/712 551/288/551
f 440/264/440 552/263/552 712/261/712
f 552/263/552 426/232/426 507/229/507
f 712/261/712 507/229/507 409/231/409
f 533/268/533 713/290/713 618/289/618
f 419/272/419 617/405/617 713/290/713
f 713/290/713 617/405/617 467/291/467
f 713/290/713 610/292/610 466/293/466
f 428/250/428 513/246/513 714/294/714
f 513/246/513 427/244/427 554/296/554
f 714/294/714 554/296/554 443/297/443
f 596/295/596 714/294/714 564/298/564
f 426/232/426 552/263/552 715/300/715
f 552/263/552 440/264/440 556/302/556
f 715/300/715 556/302/556 456/303/456
f 595/301/595 715/300/715 577/304/577
f 525/240/525 716/307/716 594/306/594
f 431/244/431 558/296/558 716/307/716
f 558/296/558 447/321/447 568/308/568
f 716/307/716 568/308/568 448/309/448
f 537/275/537 717/311/717 553/310/553
f 435/270/435 560/312/560 717/311/717
f 560/312/560 451/323/451 572/313/572
f 717/311/717 572/313/572 452/314/452
f 427/244/427 510/240/510 718/307/718
f 510/240/510 425/238/425 555/306/555
f 718/307/718 555/306/555 441/315/441
f 554/296/554 718/307/718 563/316/563
f 440/264/440 549/269/549 719/317/719
f 549/269/549 439/270/439 557/312/557
f 719/317/719 557/312/557 455/318/455
f 556/302/556 719/317/719 576/319/576
f 522/246/522 720/294/720 558/296/558
f 430/250/430 559/295/559 720/294/720
f 559/295/559 446/299/446 567/320/567
f 720/294/720 567/320/567 447/321/447
f 534/269/534 721/317/721 560/312/560
f 434/264/434 561/302/561 721/317/721
f 561/302/561 450/330/450 571/322/571
f 721/317/721 571/322/571 451/323/451
f 722/324/722 683/465/683 497/325/497
f 722/324/722 656/326/656 496/327/496
f 571/322/571 723/331/723 682/329/682
f 450/330/450 578/340/578 723/331/723
f 723/331/723 578/340/578 482/332/482
f 682/329/682 723/331/723 642/333/642
f 681/328/681 496/327/496 655/335/655
f 724/336/724 655/335/655 495/337/495
f 570/339/570 725/341/725 578/340/578
f 449/305/449 580/342/580 725/341/725
f 580/342/580 481/325/481 641/343/641
f 578/340/578 725/341/725 641/343/641
f 579/338/579 495/337/495 654/344/654
f 726/345/726 654/344/654 494/346/494
f 569/348/569 727/349/727 580/342/580
f 448/309/448 582/350/582 727/349/727
f 582/350/582 480/359/480 640/351/640
f 727/349/727 640/351/640 481/325/481
f 581/347/581 494/346/494 653/352/653
f 728/353/728 653/352/653 493/354/493
f 568/308/568 729/356/729 582/350/582
f 447/321/447 584/357/584 729/356/729
f 584/357/584 479/363/479 639/358/639
f 729/356/729 639/358/639 480/359/480
f 730/353/730 583/355/583 493/354/493
f 585/347/585 730/353/730 652/352/652
f 567/320/567 731/360/731 584/357/584
f 446/299/446 587/361/587 731/360/731
f 587/361/587 478/373/478 638/362/638
f 731/360/731 638/362/638 479/363/479
f 732/345/732 585/347/585 492/346/492
f 589/338/589 732/345/732 651/344/651
f 586/342/586 490/421/490 664/364/664
f 733/365/733 664/364/664 504/366/504
f 566/368/566 734/370/734 587/361/587
f 445/369/445 592/371/592 734/370/734
f 592/371/592 477/379/477 637/372/637
f 734/370/734 637/372/637 478/373/478
f 735/336/735 589/338/589 491/337/491
f 588/328/588 735/336/735 650/335/650
f 591/367/591 504/366/504 663/375/663
f 736/376/736 663/375/663 503/377/503
f 445/369/445 565/368/565 737/370/737
f 565/368/565 444/299/444 593/361/593
f 737/370/737 593/361/593 476/373/476
f 592/371/592 737/370/737 636/372/636
f 540/281/540 738/381/738 597/380/597
f 436/276/436 553/310/553 738/381/738
f 553/310/553 452/314/452 573/382/573
f 738/381/738 573/382/573 453/383/453
f 528/234/528 739/384/739 598/301/598
f 432/238/432 594/306/594 739/384/739
f 594/306/594 448/309/448 569/348/569
f 739/384/739 569/348/569 449/305/449
f 429/385/429 516/252/516 740/386/740
f 516/252/516 428/250/428 596/295/596
f 740/386/740 596/295/596 444/299/444
f 599/387/599 740/386/740 565/368/565
f 438/276/438 543/281/543 741/381/741
f 543/281/543 437/282/437 597/380/597
f 741/381/741 597/380/597 453/383/453
f 600/310/600 741/381/741 574/382/574
f 531/263/531 742/300/742 561/302/561
f 433/232/433 598/301/598 742/300/742
f 598/301/598 449/305/449 570/339/570
f 742/300/742 570/339/570 450/330/450
f 519/252/519 743/386/743 559/295/559
f 429/385/429 599/387/599 743/386/743
f 599/387/599 445/369/445 566/368/566
f 743/386/743 566/368/566 446/299/446
f 439/270/439 546/275/546 744/311/744
f 546/275/546 438/276/438 600/310/600
f 744/311/744 600/310/600 454/314/454
f 557/312/557 744/311/744 575/388/575
f 425/238/425 506/234/506 745/384/745
f 506/234/506 426/232/426 595/301/595
f 745/384/745 595/301/595 442/305/442
f 555/306/555 745/384/745 562/389/562
f 601/390/601 746/392/746 616/391/616
f 602/393/602 746/392/746 601/390/601
f 603/395/603 746/392/746 602/393/602
f 604/397/604 746/392/746 603/395/603
f 605/397/605 746/392/746 604/397/604
f 606/395/606 746/392/746 605/397/605
f 607/393/607 746/392/746 606/395/606
f 608/390/608 746/392/746 607/393/607
f 609/391/609 746/392/746 608/390/608
f 610/292/610 746/392/746 609/391/609
f 611/400/611 746/392/746 610/292/610
f 612/401/612 746/392/746 611/400/611
f 613/401/613 746/392/746 612/401/612
f 614/400/614 746/392/746 613/401/613
f 615/292/615 746/392/746 614/400/614
f 616/391/616 746/392/746 615/292/615
f 423/272/423 548/285/548 747/404/747
f 548/285/548 424/287/424 619/289/619
f 747/404/747 619/289/619 472/293/472
f 747/404/747 615/292/615 471/291/471
f 512/243/512 748/408/748 622/406/622
f 512/243/512 412/248/412 621/407/621
f 748/408/748 621/407/621 460/398/460
f 748/408/748 603/395/603 459/396/459
f 527/259/527 749/410/749 624/409/624
f 417/260/417 623/411/623 749/410/749
f 749/410/749 623/411/623 465/392/465
f 749/410/749 608/390/608 464/394/464
f 409/231/409 505/230/505 750/410/750
f 505/230/505 410/236/410 625/409/625
f 750/410/750 625/409/625 458/394/458
f 750/410/750 601/390/601 457/392/457
f 421/284/421 542/280/542 751/412/751
f 542/280/542 422/278/422 627/414/627
f 751/412/751 627/414/627 470/402/470
f 751/412/751 613/401/613 469/403/469
f 521/243/521 752/408/752 630/407/630
f 521/243/521 415/256/415 629/406/629
f 752/408/752 629/406/629 463/396/463
f 752/408/752 606/395/606 462/398/462
f 536/274/536 753/415/753 617/405/617
f 420/278/420 631/414/631 753/415/753
f 753/415/753 631/414/631 468/402/468
f 753/415/753 611/400/611 467/291/467
f 424/287/424 551/288/551 754/416/754
f 551/288/551 409/231/409 626/411/626
f 754/416/754 626/411/626 457/392/457
f 754/416/754 616/391/616 472/293/472
f 515/249/515 755/418/755 621/407/621
f 515/249/515 413/254/413 632/417/632
f 755/418/755 632/417/632 461/399/461
f 755/418/755 604/397/604 460/398/460
f 530/262/530 756/419/756 623/411/623
f 418/266/418 618/289/618 756/419/756
f 756/419/756 618/289/618 466/293/466
f 756/419/756 609/391/609 465/392/465
f 422/278/422 545/274/545 757/415/757
f 545/274/545 423/272/423 620/405/620
f 757/415/757 620/405/620 471/291/471
f 757/415/757 614/400/614 470/402/470
f 410/236/410 509/237/509 758/420/758
f 509/237/509 411/242/411 622/406/622
f 758/420/758 622/406/622 459/396/459
f 758/420/758 602/393/602 458/394/458
f 524/257/524 759/420/759 629/406/629
f 416/258/416 624/409/624 759/420/759
f 759/420/759 624/409/624 464/394/464
f 759/420/759 607/393/607 463/396/463
f 539/280/539 760/412/760 631/414/631
f 421/284/421 628/413/628 760/412/760
f 760/412/760 628/413/628 469/403/469
f 760/412/760 612/401/612 468/402/468
f 518/249/518 761/418/761 632/417/632
f 518/249/518 414/255/414 630/407/630
f 761/418/761 630/407/630 462/398/462
f 761/418/761 605/397/605 461/399/461
f 490/421/490 649/424/649 762/422/762
f 649/424/649 489/374/489 666/425/666
f 762/422/762 666/425/666 473/426/473
f 665/423/665 762/422/762 633/351/633
f 489/374/489 650/335/650 763/427/763
f 650/335/650 491/337/491 667/428/667
f 763/427/763 667/428/667 475/363/475
f 666/425/666 763/427/763 634/358/634
f 491/337/491 651/344/651 764/429/764
f 651/344/651 492/346/492 668/430/668
f 764/429/764 668/430/668 476/373/476
f 667/428/667 764/429/764 635/362/635
f 492/346/492 652/352/652 765/431/765
f 652/352/652 493/354/493 669/432/669
f 765/431/765 669/432/669 477/379/477
f 668/430/668 765/431/765 636/372/636
f 653/352/653 766/431/766 669/432/669
f 494/346/494 670/430/670 766/431/766
f 670/430/670 478/373/478 637/372/637
f 766/431/766 637/372/637 477/379/477
f 654/344/654 767/429/767 670/430/670
f 495/337/495 671/433/671 767/429/767
f 671/433/671 479/363/479 638/362/638
f 767/429/767 638/362/638 478/373/478
f 655/335/655 768/434/768 671/433/671
f 496/327/496 672/435/672 768/434/768
f 672/435/672 480/359/480 639/358/639
f 768/434/768 639/358/639 479/363/479
f 656/326/656 769/436/769 672/435/672
f 497/325/497 673/437/673 769/436/769
f 673/437/673 481/325/481 640/351/640
f 769/436/769 640/351/640 480/359/480
f 497/325/497 657/439/657 770/438/770
f 657/439/657 498/441/498 674/440/674
f 770/438/770 674/440/674 482/332/482
f 673/437/673 770/438/770 641/343/641
f 498/441/498 658/375/658 771/442/771
f 658/375/658 499/377/499 675/443/675
f 771/442/771 675/443/675 483/334/483
f 674/440/674 771/442/771 642/333/642
f 499/377/499 659/445/659 772/444/772
f 659/445/659 500/449/500 676/446/676
f 772/444/772 676/446/676 484/447/484
f 675/443/675 772/444/772 643/448/643
f 500/449/500 660/451/660 773/450/773
f 660/451/660 501/455/501 677/452/677
f 773/450/773 677/452/677 485/453/485
f 676/446/676 773/450/773 644/454/644
f 661/451/661 774/450/774 677/452/677
f 502/449/502 678/446/678 774/450/774
f 678/446/678 486/447/486 645/454/645
f 774/450/774 645/454/645 485/453/485
f 662/445/662 775/444/775 678/446/678
f 503/377/503 679/456/679 775/444/775
f 679/456/679 487/334/487 646/448/646
f 775/444/775 646/448/646 486/447/486
f 663/375/663 776/457/776 679/456/679
f 504/366/504 680/440/680 776/457/776
f 680/440/680 488/461/488 647/458/647
f 776/457/776 647/458/647 487/334/487
f 664/364/664 777/459/777 680/440/680
f 490/421/490 665/423/665 777/459/777
f 665/423/665 474/421/474 648/460/648
f 777/459/777 648/460/648 488/461/488
f 572/313/572 778/463/778 684/462/684
f 451/323/451 682/329/682 778/463/778
f 778/463/778 682/329/682 483/334/483
f 684/462/684 778/463/778 643/448/643
f 779/464/779 685/367/685 498/441/498
f 683/465/683 779/464/779 657/439/657
f 573/382/573 780/467/780 686/466/686
f 452/314/452 684/462/684 780/467/780
f 780/467/780 684/462/684 484/447/484
f 686/466/686 780/467/780 644/454/644
f 781/376/781 687/378/687 499/377/499
f 685/367/685 781/376/781 658/375/658
f 454/314/454 574/382/574 782/467/782
f 574/382/574 453/383/453 686/466/686
f 686/466/686 485/453/485 645/454/645
f 782/467/782 645/454/645 486/447/486
f 783/468/783 689/472/689 500/449/500
f 687/378/687 783/468/783 659/445/659
f 455/318/455 575/388/575 784/463/784
f 575/388/575 454/314/454 688/462/688
f 688/462/688 486/447/486 646/448/646
f 784/463/784 646/448/646 487/334/487
f 441/315/441 562/389/562 785/469/785
f 562/389/562 442/305/442 691/342/691
f 785/469/785 691/342/691 474/421/474
f 692/470/692 785/469/785 633/351/633
f 786/471/786 693/476/693 501/455/501
f 689/472/689 786/471/786 660/451/660
f 456/303/456 576/319/576 787/473/787
f 576/319/576 455/318/455 690/329/690
f 690/329/690 487/334/487 647/458/647
f 787/473/787 647/458/647 488/461/488
f 443/297/443 563/316/563 788/475/788
f 563/316/563 441/315/441 692/470/692
f 788/475/788 692/470/692 473/426/473
f 695/357/695 788/475/788 634/358/634
f 696/472/696 502/449/502 661/451/661
f 789/471/789 661/451/661 501/455/501
f 442/305/442 577/304/577 790/477/790
f 577/304/577 456/303/456 694/474/694
f 694/474/694 488/461/488 648/460/648
f 691/342/691 790/477/790 648/460/648
f 444/299/444 564/298/564 791/360/791
f 564/298/564 443/297/443 695/357/695
f 791/360/791 695/357/695 475/363/475
f 593/361/593 791/360/791 635/362/635
f 590/378/590 503/377/503 662/445/662
f 792/468/792 662/445/662 502/449/502
f 793/478/793 588/328/588 489/374/489
f 793/478/793 649/424/649 490/421/490
f 799/479/799 862/482/862 986/480/985
f 862/482/862 798/561/798 897/483/897
f 986/480/985 897/483/897 814/484/814
f 898/481/898 986/480/985 885/485/885
f 858/487/858 987/491/986 940/488/939
f 795/490/795 939/492/938 987/491/986
f 939/492/938 826/524/826 913/493/913
f 987/491/986 913/493/913 827/494/827
f 871/495/871 988/499/987 874/496/874
f 808/498/808 938/500/937 988/499/987
f 938/500/937 840/510/840 926/501/926
f 988/499/987 926/501/926 839/502/839
f 870/503/870 989/506/988 875/504/875
f 807/497/807 874/496/874 989/506/988
f 874/496/874 839/502/839 925/507/925
f 989/506/988 925/507/925 838/508/838
f 805/497/805 869/503/869 990/506/989
f 869/503/869 806/505/806 875/504/875
f 990/506/989 875/504/875 838/508/838
f 876/496/876 990/506/989 924/507/924
f 804/498/804 868/495/868 991/499/990
f 868/495/868 805/497/805 876/496/876
f 991/499/990 876/496/876 837/509/837
f 877/500/877 991/499/990 923/501/923
f 803/511/803 867/514/867 992/512/991
f 867/514/867 804/498/804 877/500/877
f 992/512/991 877/500/877 836/510/836
f 878/513/878 992/512/991 922/515/922
f 802/489/802 866/519/866 993/517/992
f 866/519/866 803/511/803 878/513/878
f 993/517/992 878/513/878 835/516/835
f 880/518/880 993/517/992 921/520/921
f 801/490/801 865/487/865 994/522/993
f 865/487/865 802/489/802 880/518/880
f 994/522/993 880/518/880 834/521/834
f 879/492/879 994/522/993 920/523/920
f 821/525/821 891/528/891 995/526/994
f 891/528/891 820/545/820 963/529/962
f 995/526/994 963/529/962 852/530/852
f 995/526/994 957/531/956 853/532/853
f 870/503/870 996/534/995 900/533/900
f 806/505/806 899/535/899 996/534/995
f 899/535/899 822/562/822 893/536/893
f 996/534/995 893/536/893 823/525/823
f 800/537/800 863/540/863 997/538/996
f 863/540/863 799/479/799 898/481/898
f 997/538/996 898/481/898 815/486/815
f 901/539/901 997/538/996 886/541/886
f 871/495/871 998/544/997 902/543/902
f 807/497/807 900/533/900 998/544/997
f 900/533/900 823/525/823 894/528/894
f 998/544/997 894/528/894 824/545/824
f 801/490/801 864/548/864 999/546/998
f 864/548/864 800/537/800 901/539/901
f 999/546/998 901/539/901 816/542/816
f 903/547/903 999/546/998 887/549/887
f 872/514/872 1000/552/999 904/551/904
f 808/498/808 902/543/902 1000/552/999
f 902/543/902 824/545/824 895/553/895
f 1000/552/999 895/553/895 825/554/825
f 802/489/802 865/487/865 1001/555/1000
f 865/487/865 801/490/801 903/547/903
f 1001/555/1000 903/547/903 817/550/817
f 905/556/905 1001/555/1000 888/557/888
f 858/487/858 1002/555/1001 907/547/907
f 794/489/794 906/556/906 1002/555/1001
f 906/556/906 811/558/811 881/557/881
f 1002/555/1001 881/557/881 810/550/810
f 873/519/873 1003/559/1002 906/556/906
f 809/511/809 904/551/904 1003/559/1002
f 904/551/904 825/554/825 896/560/896
f 1003/559/1002 896/560/896 811/558/811
f 803/511/803 866/519/866 1004/559/1003
f 866/519/866 802/489/802 905/556/905
f 1004/559/1003 905/556/905 818/558/818
f 908/551/908 1004/559/1003 889/560/889
f 859/548/859 1005/546/1004 909/539/909
f 795/490/795 907/547/907 1005/546/1004
f 907/547/907 810/550/810 882/549/882
f 1005/546/1004 882/549/882 812/542/812
f 804/498/804 867/514/867 1006/552/1005
f 867/514/867 803/511/803 908/551/908
f 1006/552/1005 908/551/908 819/554/819
f 910/543/910 1006/552/1005 890/553/890
f 860/540/860 1007/538/1006 911/481/911
f 796/537/796 909/539/909 1007/538/1006
f 909/539/909 812/542/812 883/541/883
f 1007/538/1006 883/541/883 813/486/813
f 805/497/805 868/495/868 1008/544/1007
f 868/495/868 804/498/804 910/543/910
f 1008/544/1007 910/543/910 820/545/820
f 912/533/912 1008/544/1007 891/528/891
f 861/482/861 1009/480/1008 897/483/897
f 797/479/797 911/481/911 1009/480/1008
f 911/481/911 813/486/813 884/485/884
f 1009/480/1008 884/485/884 814/484/814
f 806/505/806 869/503/869 1010/534/1009
f 869/503/869 805/497/805 912/533/912
f 1010/534/1009 912/533/912 821/525/821
f 899/535/899 1010/534/1009 892/536/892
f 833/524/833 920/523/920 1011/563/1010
f 920/523/920 834/521/834 980/565/979
f 832/566/832 919/569/919 1012/567/1011
f 919/569/919 833/524/833 979/564/978
f 831/570/831 918/573/918 1013/571/1012
f 918/573/918 832/566/832 929/568/929
f 830/574/830 917/577/917 1014/575/1013
f 917/577/917 831/570/831 930/572/930
f 916/577/916 1015/575/1014 932/572/931
f 830/574/830 931/576/814 1015/575/1014
f 915/573/915 1016/571/1015 935/568/934
f 829/578/829 932/572/931 1016/571/1015
f 928/579/928 1017/581/1016 937/580/936
f 827/494/827 933/633/932 1017/581/1016
f 914/569/914 1018/567/1017 934/564/933
f 828/566/828 935/568/934 1018/567/1017
f 927/515/927 1019/583/1018 936/582/935
f 841/516/841 937/580/936 1019/583/1018
f 872/514/872 1020/512/1019 938/500/937
f 809/511/809 941/513/940 1020/512/1019
f 941/513/940 841/516/841 927/515/927
f 1020/512/1019 927/515/927 840/510/840
f 859/548/859 1021/584/1020 939/492/938
f 796/537/796 942/585/941 1021/584/1020
f 942/585/941 828/566/828 914/569/914
f 1021/584/1020 914/569/914 826/524/826
f 873/519/873 1022/586/1021 941/513/940
f 794/489/794 940/488/939 1022/586/1021
f 940/488/939 827/494/827 928/579/928
f 1022/586/1021 928/579/928 841/516/841
f 860/540/860 1023/587/1022 942/585/941
f 797/479/797 943/588/942 1023/587/1022
f 943/588/942 829/578/829 915/573/915
f 1023/587/1022 915/573/915 828/566/828
f 861/482/861 1024/589/1023 943/588/942
f 798/561/798 944/590/943 1024/589/1023
f 944/590/943 830/574/830 916/577/916
f 1024/589/1023 916/577/916 829/578/829
f 798/561/798 862/482/862 1025/589/1024
f 862/482/862 799/479/799 945/588/944
f 1025/589/1024 945/588/944 831/570/831
f 944/590/943 1025/589/1024 917/577/917
f 799/479/799 863/540/863 1026/587/1025
f 863/540/863 800/537/800 946/585/945
f 1026/587/1025 946/585/945 832/566/832
f 945/588/944 1026/587/1025 918/573/918
f 800/537/800 864/548/864 1027/584/1026
f 864/548/864 801/490/801 879/492/879
f 1027/584/1026 879/492/879 833/524/833
f 946/585/945 1027/584/1026 919/569/919
f 947/591/946 1028/636/1027 948/592/947
f 962/594/961 1028/636/1027 947/591/946
f 961/596/960 1028/636/1027 962/594/961
f 960/531/959 1028/636/1027 961/596/960
f 959/599/958 1028/636/1027 960/531/959
f 958/599/957 1028/636/1027 959/599/958
f 957/531/956 1028/636/1027 958/599/957
f 956/596/955 1028/636/1027 957/531/956
f 955/594/954 1028/636/1027 956/596/955
f 954/591/953 1028/636/1027 955/594/954
f 953/592/952 1028/636/1027 954/591/953
f 952/603/951 1028/636/1027 953/592/952
f 951/605/950 1028/636/1027 952/603/951
f 950/607/949 1028/636/1027 951/605/950
f 949/609/948 1028/636/1027 950/607/949
f 948/592/947 1028/636/1027 949/609/948
f 884/485/884 1029/612/1028 966/610/965
f 884/485/884 813/486/813 965/611/964
f 1029/612/1028 965/611/964 845/606/845
f 1029/612/1028 950/607/949 846/608/846
f 822/562/822 892/536/892 1030/613/1029
f 892/536/892 821/525/821 964/527/963
f 1030/613/1029 964/527/963 853/532/853
f 1030/613/1029 958/599/957 854/601/854
f 885/485/885 1031/612/1030 968/611/967
f 885/485/885 814/484/814 966/610/965
f 1031/612/1030 966/610/965 846/608/846
f 1031/612/1030 951/605/950 847/606/847
f 893/536/893 1032/613/1031 969/527/968
f 822/562/822 967/614/966 1032/613/1031
f 1032/613/1031 967/614/966 854/601/854
f 1032/613/1031 959/599/958 855/600/855
f 886/541/886 1033/616/1032 970/615/969
f 886/541/886 815/486/815 968/611/967
f 1033/616/1032 968/611/967 847/606/847
f 1033/616/1032 952/603/951 848/604/848
f 894/528/894 1034/526/1033 971/529/970
f 823/525/823 969/527/968 1034/526/1033
f 1034/526/1033 969/527/968 855/600/855
f 1034/526/1033 960/531/959 856/598/856
f 817/550/817 887/549/887 1035/617/1034
f 887/549/887 816/542/816 970/615/969
f 1035/617/1034 970/615/969 848/604/848
f 1035/617/1034 953/592/952 849/593/849
f 895/553/895 1036/620/1035 973/619/972
f 824/545/824 971/529/970 1036/620/1035
f 1036/620/1035 971/529/970 856/598/856
f 1036/620/1035 961/596/960 857/597/857
f 818/558/818 888/557/888 1037/621/1036
f 888/557/888 817/550/817 972/618/971
f 1037/621/1036 972/618/971 849/593/849
f 1037/621/1036 954/591/953 850/595/850
f 881/557/881 1038/623/1037 976/618/975
f 811/558/811 975/622/974 1038/623/1037
f 1038/623/1037 975/622/974 843/595/843
f 1038/623/1037 947/591/946 842/593/842
f 896/560/896 1039/624/1038 975/622/974
f 825/554/825 973/619/972 1039/624/1038
f 1039/624/1038 973/619/972 857/597/857
f 1039/624/1038 962/594/961 843/595/843
f 819/554/819 889/560/889 1040/625/1039
f 889/560/889 818/558/818 974/622/973
f 1040/625/1039 974/622/973 850/595/850
f 1040/625/1039 955/594/954 851/602/851
f 882/549/882 1041/626/1040 978/615/977
f 810/550/810 976/618/975 1041/626/1040
f 1041/626/1040 976/618/975 842/593/842
f 1041/626/1040 948/592/947 844/604/844
f 820/545/820 890/553/890 1042/627/1041
f 890/553/890 819/554/819 977/619/976
f 1042/627/1041 977/619/976 851/602/851
f 1042/627/1041 956/596/955 852/530/852
f 883/541/883 1043/616/1042 965/611/964
f 883/541/883 812/542/812 978/615/977
f 1043/616/1042 978/615/977 844/604/844
f 1043/616/1042 949/609/948 845/606/845
f 834/521/834 921/520/921 1044/628/1043
f 921/520/921 835/516/835 981/580/980
f 835/516/835 922/515/922 1045/583/1044
f 922/515/922 836/510/836 982/582/981
f 836/510/836 923/501/923 1046/629/1045
f 923/501/923 837/509/837 983/630/982
f 837/509/837 924/507/924 1047/631/1046
f 924/507/924 838/508/838 984/632/983
f 925/507/925 1048/631/1047 984/632/983
f 839/502/839 985/630/984 1048/631/1047
f 926/501/926 1049/629/1048 985/630/984
f 840/510/840 936/582/935 1049/629/1048
f 913/493/913 1050/634/1049 933/633/932
f 826/524/826 934/564/933 1050/634/1049
