# Blender 5.1.0
# www.blender.org
o Sphere
v 0.000000 0.212129 -0.258481
v 0.000000 0.117127 -0.219129
v 0.000000 0.044415 -0.146417
v 0.000000 0.020061 -0.100854
v 0.000000 0.005064 -0.051415
v 0.000000 0.000000 0.000000
v 0.100854 0.263544 -0.243483
v 0.098916 0.212129 -0.238805
v 0.093177 0.162690 -0.224949
v 0.083857 0.117127 -0.202449
v 0.071315 0.077190 -0.172169
v 0.056032 0.044415 -0.135272
v 0.038595 0.020061 -0.093177
v 0.019676 0.005064 -0.047501
v 0.186354 0.263544 -0.186354
v 0.182773 0.212129 -0.182773
v 0.172169 0.162690 -0.172169
v 0.154948 0.117127 -0.154948
v 0.131772 0.077190 -0.131772
v 0.103533 0.044415 -0.103533
v 0.071315 0.020061 -0.071315
v 0.036356 0.005064 -0.036356
v 0.243483 0.263544 -0.100854
v 0.238805 0.212129 -0.098916
v 0.224949 0.162690 -0.093177
v 0.202449 0.117127 -0.083857
v 0.172169 0.077190 -0.071315
v 0.135272 0.044415 -0.056032
v 0.093177 0.020061 -0.038595
v 0.047501 0.005064 -0.019676
v 0.263544 0.263544 0.000000
v 0.258481 0.212129 0.000000
v 0.243483 0.162690 0.000000
v 0.219129 0.117127 0.000000
v 0.186354 0.077190 0.000000
v 0.146417 0.044415 0.000000
v 0.100854 0.020061 0.000000
v 0.051415 0.005064 0.000000
v 0.243483 0.263544 0.100854
v 0.238805 0.212129 0.098916
v 0.224949 0.162690 0.093177
v 0.202449 0.117127 0.083857
v 0.172169 0.077190 0.071315
v 0.135272 0.044415 0.056032
v 0.093177 0.020061 0.038595
v 0.047501 0.005064 0.019676
v 0.186354 0.263544 0.186354
v 0.182773 0.212129 0.182773
v 0.172169 0.162690 0.172169
v 0.154948 0.117127 0.154948
v 0.131772 0.077190 0.131772
v 0.103533 0.044415 0.103533
v 0.071315 0.020061 0.071315
v 0.036356 0.005064 0.036356
v 0.100854 0.263544 0.243483
v 0.098916 0.212129 0.238805
v 0.093177 0.162690 0.224949
v 0.083857 0.117127 0.202449
v 0.071315 0.077190 0.172169
v 0.056032 0.044415 0.135272
v 0.038595 0.020061 0.093177
v 0.019676 0.005064 0.047501
v -0.000000 0.263544 0.263544
v -0.000000 0.212129 0.258480
v -0.000000 0.162690 0.243483
v -0.000000 0.117127 0.219129
v -0.000000 0.077190 0.186354
v -0.000000 0.044415 0.146417
v -0.000000 0.020061 0.100854
v -0.000000 0.005064 0.051415
v -0.100854 0.263544 0.243483
v -0.098916 0.212129 0.238805
v -0.093177 0.162690 0.224949
v -0.083857 0.117127 0.202449
v -0.071315 0.077190 0.172169
v -0.056032 0.044415 0.135272
v -0.038595 0.020061 0.093177
v -0.019676 0.005064 0.047501
v -0.186354 0.263544 0.186354
v -0.182773 0.212129 0.182773
v -0.172169 0.162690 0.172169
v -0.154948 0.117127 0.154948
v -0.131772 0.077190 0.131772
v -0.103533 0.044415 0.103533
v -0.071315 0.020061 0.071315
v -0.036356 0.005064 0.036356
v -0.243483 0.263544 0.100854
v -0.238805 0.212129 0.098916
v -0.224949 0.162690 0.093177
v -0.202449 0.117127 0.083857
v -0.172169 0.077190 0.071315
v -0.135272 0.044415 0.056031
v -0.093177 0.020061 0.038595
v -0.047501 0.005064 0.019676
v -0.263544 0.263544 -0.000000
v -0.258480 0.212129 -0.000000
v -0.243483 0.162690 -0.000000
v -0.219129 0.117127 -0.000000
v -0.186354 0.077190 -0.000000
v -0.146417 0.044415 -0.000000
v -0.100854 0.020061 -0.000000
v -0.051415 0.005064 -0.000000
v -0.243483 0.263544 -0.100854
v -0.238805 0.212129 -0.098916
v -0.224949 0.162690 -0.093177
v -0.202449 0.117127 -0.083857
v -0.172169 0.077190 -0.071315
v -0.135272 0.044415 -0.056032
v -0.093177 0.020061 -0.038595
v -0.047501 0.005064 -0.019676
v -0.186354 0.263544 -0.186354
v -0.182773 0.212129 -0.182773
v -0.172169 0.162690 -0.172169
v -0.154948 0.117127 -0.154948
v -0.131772 0.077190 -0.131772
v -0.103533 0.044415 -0.103533
v -0.071315 0.020061 -0.071315
v -0.036356 0.005064 -0.036356
v -0.100854 0.263544 -0.243483
v -0.098916 0.212129 -0.238805
v -0.093177 0.162690 -0.224949
v -0.083857 0.117127 -0.202449
v -0.071314 0.077190 -0.172169
v -0.056031 0.044415 -0.135272
v -0.038595 0.020061 -0.093177
v -0.019676 0.005064 -0.047501
v 0.000000 0.263544 -0.263544
v 0.000000 0.162690 -0.243483
v 0.000000 0.077190 -0.186354
v 0.000000 0.220259 -0.217105
v 0.000000 0.140319 -0.183913
v 0.000000 0.079238 -0.122639
v 0.000000 0.058835 -0.084281
v -0.000000 0.046319 -0.042694
v 0.000000 0.042167 -0.000000
v 0.084717 0.263544 -0.204526
v 0.083082 0.220259 -0.200578
v 0.078241 0.178648 -0.188889
v 0.070380 0.140319 -0.169913
v 0.059807 0.106752 -0.144388
v 0.046932 0.079238 -0.113304
v 0.032253 0.058835 -0.077866
v 0.016338 0.046319 -0.039444
v 0.156537 0.263544 -0.156537
v 0.153516 0.220259 -0.153516
v 0.144570 0.178648 -0.144570
v 0.130046 0.140319 -0.130046
v 0.110510 0.106752 -0.110510
v 0.086719 0.079238 -0.086719
v 0.059596 0.058835 -0.059596
v 0.030189 0.046319 -0.030189
v 0.204526 0.263544 -0.084717
v 0.200578 0.220259 -0.083082
v 0.188889 0.178648 -0.078241
v 0.169913 0.140319 -0.070380
v 0.144388 0.106752 -0.059807
v 0.113304 0.079238 -0.046932
v 0.077866 0.058835 -0.032253
v 0.039444 0.046319 -0.016338
v 0.221377 0.263544 0.000000
v 0.217105 0.220259 0.000000
v 0.204452 0.178648 0.000000
v 0.183913 0.140319 0.000000
v 0.156284 0.106752 0.000000
v 0.122639 0.079238 0.000000
v 0.084281 0.058835 0.000000
v 0.042694 0.046319 0.000000
v 0.204526 0.263544 0.084717
v 0.200578 0.220259 0.083082
v 0.188889 0.178648 0.078241
v 0.169913 0.140319 0.070380
v 0.144388 0.106752 0.059807
v 0.113304 0.079238 0.046932
v 0.077866 0.058835 0.032253
v 0.039444 0.046319 0.016338
v 0.156537 0.263544 0.156537
v 0.153516 0.220259 0.153516
v 0.144570 0.178648 0.144570
v 0.130046 0.140319 0.130046
v 0.110510 0.106752 0.110510
v 0.086719 0.079238 0.086719
v 0.059596 0.058835 0.059596
v 0.030189 0.046319 0.030189
v 0.084717 0.263544 0.204526
v 0.083082 0.220259 0.200578
v 0.078241 0.178648 0.188889
v 0.070380 0.140319 0.169913
v 0.059807 0.106752 0.144388
v 0.046932 0.079238 0.113304
v 0.032253 0.058835 0.077866
v 0.016338 0.046319 0.039444
v -0.000000 0.263544 0.221377
v -0.000000 0.220259 0.217105
v -0.000000 0.178648 0.204452
v -0.000000 0.140319 0.183913
v -0.000000 0.106752 0.156284
v -0.000000 0.079238 0.122639
v -0.000000 0.058835 0.084281
v -0.000000 0.046319 0.042694
v -0.084718 0.263544 0.204526
v -0.083082 0.220259 0.200578
v -0.078241 0.178648 0.188889
v -0.070380 0.140319 0.169913
v -0.059807 0.106752 0.144388
v -0.046932 0.079238 0.113304
v -0.032253 0.058835 0.077865
v -0.016338 0.046319 0.039444
v -0.156537 0.263544 0.156537
v -0.153516 0.220259 0.153516
v -0.144570 0.178648 0.144570
v -0.130046 0.140319 0.130046
v -0.110510 0.106752 0.110510
v -0.086719 0.079238 0.086719
v -0.059596 0.058835 0.059596
v -0.030189 0.046319 0.030189
v -0.204526 0.263544 0.084717
v -0.200578 0.220259 0.083082
v -0.188889 0.178648 0.078240
v -0.169913 0.140319 0.070380
v -0.144388 0.106752 0.059807
v -0.113304 0.079238 0.046932
v -0.077866 0.058835 0.032253
v -0.039444 0.046319 0.016338
v -0.221377 0.263544 -0.000000
v -0.217105 0.220259 -0.000000
v -0.204452 0.178648 -0.000000
v -0.183913 0.140319 -0.000000
v -0.156284 0.106752 -0.000000
v -0.122639 0.079238 -0.000000
v -0.084281 0.058835 -0.000000
v -0.042694 0.046319 -0.000000
v -0.204526 0.263544 -0.084718
v -0.200578 0.220259 -0.083082
v -0.188889 0.178648 -0.078241
v -0.169913 0.140319 -0.070381
v -0.144388 0.106752 -0.059807
v -0.113304 0.079238 -0.046932
v -0.077865 0.058835 -0.032253
v -0.039444 0.046319 -0.016338
v -0.156537 0.263544 -0.156537
v -0.153516 0.220259 -0.153516
v -0.144570 0.178648 -0.144570
v -0.130046 0.140319 -0.130046
v -0.110510 0.106752 -0.110510
v -0.086719 0.079238 -0.086719
v -0.059596 0.058835 -0.059596
v -0.030189 0.046319 -0.030189
v -0.084717 0.263544 -0.204526
v -0.083082 0.220259 -0.200578
v -0.078240 0.178648 -0.188889
v -0.070380 0.140319 -0.169913
v -0.059807 0.106752 -0.144388
v -0.046932 0.079238 -0.113304
v -0.032253 0.058835 -0.077866
v -0.016338 0.046319 -0.039444
v 0.000000 0.263544 -0.221377
v 0.000000 0.178648 -0.204452
v 0.000000 0.106752 -0.156284
v 0.010785 0.313882 -0.245392
v 0.000000 0.304222 -0.259538
v -0.010785 0.313882 -0.245392
v 0.083943 0.313882 -0.230840
v 0.103872 0.313882 -0.222585
v 0.099321 0.304222 -0.239782
v 0.165892 0.313882 -0.181144
v 0.181144 0.313882 -0.165892
v 0.183521 0.304222 -0.183521
v 0.222585 0.313882 -0.103872
v 0.230840 0.313882 -0.083943
v 0.239782 0.304222 -0.099321
v 0.245392 0.313882 -0.010785
v 0.245392 0.313882 0.010785
v 0.259538 0.304222 0.000000
v 0.230840 0.313882 0.083943
v 0.222585 0.313882 0.103872
v 0.239782 0.304222 0.099321
v 0.181144 0.313882 0.165892
v 0.165892 0.313882 0.181144
v 0.183521 0.304222 0.183521
v 0.103871 0.313882 0.222585
v 0.083943 0.313882 0.230840
v 0.099321 0.304222 0.239782
v 0.010785 0.313882 0.245392
v -0.010785 0.313882 0.245392
v -0.000000 0.304222 0.259538
v -0.083943 0.313882 0.230840
v -0.103872 0.313882 0.222585
v -0.099321 0.304222 0.239782
v -0.165892 0.313882 0.181144
v -0.181144 0.313882 0.165892
v -0.183521 0.304222 0.183521
v -0.222585 0.313882 0.103871
v -0.230840 0.313882 0.083943
v -0.239782 0.304222 0.099321
v -0.245392 0.313882 0.010785
v -0.245392 0.313882 -0.010785
v -0.259538 0.304222 -0.000000
v -0.230840 0.313882 -0.083943
v -0.222585 0.313882 -0.103872
v -0.239782 0.304222 -0.099321
v -0.181144 0.313882 -0.165892
v -0.165892 0.313882 -0.181144
v -0.183521 0.304222 -0.183521
v -0.103871 0.313882 -0.222585
v -0.083943 0.313882 -0.230840
v -0.099321 0.304222 -0.239782
v 0.010785 0.311904 -0.225315
v -0.010785 0.311904 -0.225315
v 0.000000 0.300094 -0.217620
v 0.076260 0.311904 -0.212291
v 0.083280 0.300094 -0.201055
v 0.096188 0.311904 -0.204036
v 0.151695 0.311904 -0.166948
v 0.153880 0.300094 -0.153880
v 0.166948 0.311904 -0.151695
v 0.204036 0.311904 -0.096188
v 0.201055 0.300094 -0.083279
v 0.212291 0.311904 -0.076260
v 0.225315 0.311904 -0.010785
v 0.217620 0.300094 0.000000
v 0.225315 0.311904 0.010785
v 0.212291 0.311904 0.076260
v 0.201055 0.300094 0.083280
v 0.204036 0.311904 0.096188
v 0.166948 0.311904 0.151695
v 0.153880 0.300094 0.153880
v 0.151695 0.311904 0.166948
v 0.096188 0.311904 0.204036
v 0.083279 0.300094 0.201055
v 0.076260 0.311904 0.212291
v 0.010785 0.311904 0.225315
v -0.000000 0.300094 0.217620
v -0.010785 0.311904 0.225315
v -0.076260 0.311904 0.212291
v -0.083280 0.300094 0.201054
v -0.096188 0.311904 0.204036
v -0.151695 0.311904 0.166948
v -0.153880 0.300094 0.153880
v -0.166948 0.311904 0.151695
v -0.204036 0.311904 0.096188
v -0.201055 0.300094 0.083279
v -0.212291 0.311904 0.076260
v -0.225315 0.311904 0.010785
v -0.217620 0.300094 -0.000000
v -0.225315 0.311904 -0.010785
v -0.212291 0.311904 -0.076260
v -0.201054 0.300094 -0.083280
v -0.204036 0.311904 -0.096188
v -0.166948 0.311904 -0.151695
v -0.153880 0.300094 -0.153881
v -0.151695 0.311904 -0.166948
v -0.096188 0.311904 -0.204036
v -0.083279 0.300094 -0.201055
v -0.076260 0.311904 -0.212291
v 0.084717 0.252301 -0.204526
v 0.156537 0.252301 -0.156537
v 0.204526 0.252301 -0.084717
v 0.221377 0.252301 0.000000
v 0.204526 0.252301 0.084717
v 0.156537 0.252301 0.156537
v 0.084717 0.252301 0.204526
v -0.000000 0.252301 0.221377
v -0.084718 0.252301 0.204526
v -0.156537 0.252301 0.156537
v -0.204526 0.252301 0.084717
v -0.221377 0.252301 -0.000000
v -0.204526 0.252301 -0.084718
v -0.156537 0.252301 -0.156537
v -0.084717 0.252301 -0.204526
v 0.000000 0.252301 -0.221377
v 0.000000 0.299582 -0.168688
v 0.000000 0.252910 -0.221315
v 0.000000 0.293329 -0.193245
v 0.000000 0.276246 -0.212508
v 0.064554 0.299582 -0.155848
v 0.084693 0.252910 -0.204468
v 0.073952 0.293330 -0.178535
v 0.081323 0.276246 -0.196332
v 0.119281 0.299582 -0.119281
v 0.156493 0.252910 -0.156493
v 0.136645 0.293329 -0.136645
v 0.150266 0.276246 -0.150266
v 0.155848 0.299582 -0.064554
v 0.204468 0.252910 -0.084693
v 0.178535 0.293330 -0.073952
v 0.196332 0.276246 -0.081323
v 0.168688 0.299582 0.000000
v 0.221315 0.252910 0.000000
v 0.193245 0.293329 0.000000
v 0.212508 0.276246 0.000000
v 0.155848 0.299582 0.064554
v 0.204468 0.252910 0.084693
v 0.178535 0.293329 0.073952
v 0.196332 0.276246 0.081323
v 0.119281 0.299582 0.119281
v 0.156493 0.252910 0.156493
v 0.136645 0.293329 0.136645
v 0.150266 0.276246 0.150266
v 0.064554 0.299582 0.155848
v 0.084693 0.252910 0.204468
v 0.073952 0.293329 0.178535
v 0.081323 0.276246 0.196332
v -0.000000 0.299582 0.168688
v -0.000000 0.252910 0.221315
v -0.000000 0.293329 0.193245
v -0.000000 0.276246 0.212508
v -0.064554 0.299582 0.155848
v -0.084694 0.252910 0.204468
v -0.073952 0.293329 0.178535
v -0.081323 0.276246 0.196332
v -0.119281 0.299582 0.119281
v -0.156493 0.252910 0.156493
v -0.136645 0.293329 0.136645
v -0.150266 0.276246 0.150266
v -0.155848 0.299582 0.064554
v -0.204468 0.252910 0.084693
v -0.178535 0.293329 0.073952
v -0.196332 0.276246 0.081323
v -0.168688 0.299582 -0.000000
v -0.221315 0.252910 -0.000000
v -0.193245 0.293329 -0.000000
v -0.212508 0.276246 -0.000000
v -0.155848 0.299582 -0.064554
v -0.204468 0.252910 -0.084694
v -0.178535 0.293329 -0.073952
v -0.196332 0.276246 -0.081323
v -0.119281 0.299582 -0.119281
v -0.156493 0.252910 -0.156493
v -0.136645 0.293329 -0.136645
v -0.150266 0.276246 -0.150266
v -0.064554 0.299582 -0.155848
v -0.084693 0.252910 -0.204468
v -0.073952 0.293329 -0.178535
v -0.081323 0.276246 -0.196332
v -0.115023 0.287499 -0.043146
v -0.200125 0.362731 -0.104698
v -0.146483 0.346961 -0.176575
v -0.059049 0.278079 -0.059955
v -0.196658 0.393592 -0.158920
v -0.164176 0.306758 -0.064778
v -0.107328 0.298023 -0.038890
v -0.191496 0.405332 -0.147692
v -0.124523 0.329015 -0.107791
v -0.091143 0.282728 -0.044679
v -0.177039 0.319557 -0.076327
v -0.187458 0.334533 -0.086982
v -0.194685 0.348520 -0.094806
v -0.167958 0.369437 -0.173634
v -0.092330 0.296082 -0.155097
v -0.078916 0.290109 -0.144713
v -0.060772 0.284262 -0.124803
v -0.050619 0.279119 -0.092034
v -0.204997 0.383555 -0.129466
v -0.116812 0.294556 -0.095092
v -0.093911 0.285309 -0.085152
v -0.067657 0.279769 -0.085030
v -0.131406 0.290387 -0.050940
v -0.149447 0.297656 -0.056893
v -0.132700 0.329956 -0.174266
v -0.123779 0.317768 -0.168788
v -0.185151 0.373225 -0.153941
v -0.177141 0.351626 -0.134399
v -0.156966 0.329079 -0.126491
v -0.135920 0.309418 -0.113975
v -0.107601 0.304833 -0.162949
v -0.067160 0.293094 -0.046466
v -0.094136 0.296405 -0.039678
v -0.172735 0.335034 -0.070393
v -0.192963 0.372689 -0.100005
v -0.181945 0.400861 -0.158216
v -0.168935 0.389835 -0.165738
v -0.148071 0.367893 -0.172049
v -0.054897 0.295446 -0.124174
v -0.044095 0.292543 -0.093588
v -0.196379 0.390728 -0.118648
v -0.195553 0.401072 -0.133922
v -0.107566 0.314970 -0.087710
v -0.077886 0.304543 -0.090692
v -0.043779 0.290598 -0.068724
v -0.151949 0.316517 -0.056111
v -0.114335 0.331489 -0.167352
v -0.157555 0.367597 -0.137280
v -0.139874 0.347157 -0.126735
v -0.149479 0.323565 -0.067431
v -0.138859 0.327632 -0.083764
v -0.110878 0.326591 -0.131913
v -0.095019 0.316005 -0.155946
v -0.099430 0.286617 -0.038664
v -0.093003 0.289209 -0.036155
v -0.108081 0.295422 -0.036777
v -0.195025 0.351048 -0.090376
v -0.192851 0.352218 -0.086630
v -0.197739 0.376251 -0.103779
v -0.061412 0.287826 -0.133175
v -0.053412 0.289379 -0.124870
v -0.055036 0.293527 -0.127565
v -0.157800 0.364515 -0.177216
v -0.139575 0.349865 -0.178188
v -0.141989 0.357836 -0.175976
v -0.044880 0.278699 -0.060898
v -0.039576 0.281521 -0.057897
v -0.040495 0.285825 -0.058511
v -0.204709 0.406156 -0.155522
v -0.204793 0.413275 -0.155710
v -0.200324 0.413282 -0.153135
v -0.165771 0.308535 -0.056640
v -0.158281 0.307122 -0.049538
v -0.167614 0.320474 -0.058297
v -0.101306 0.306338 -0.168486
v -0.091324 0.304794 -0.165442
v -0.110052 0.323361 -0.172737
v -0.146746 0.338463 -0.167870
v -0.157418 0.353137 -0.171512
v -0.196658 0.364124 -0.119343
v -0.101287 0.283353 -0.051337
v -0.079663 0.286759 -0.129651
v -0.096118 0.294136 -0.142069
v -0.065909 0.282965 -0.118864
v -0.129218 0.344500 -0.148268
v -0.119504 0.337211 -0.158813
v -0.171542 0.342571 -0.079178
v -0.157189 0.345647 -0.096433
v -0.180622 0.371385 -0.108032
v -0.097252 0.304649 -0.061140
v -0.128741 0.313396 -0.060861
v -0.048632 0.294285 -0.109818
v -0.083320 0.309877 -0.138306
v -0.091071 0.313433 -0.118758
v -0.071515 0.281994 -0.042894
v -0.055868 0.279720 -0.049903
v -0.066900 0.284797 -0.040355
v -0.050668 0.282553 -0.047080
v -0.073881 0.289870 -0.038776
v -0.051506 0.286808 -0.047528
v -0.180283 0.323063 -0.068226
v -0.177847 0.324567 -0.064283
v -0.185839 0.346189 -0.078841
v -0.180708 0.388693 -0.172280
v -0.194734 0.400966 -0.165677
v -0.176510 0.391179 -0.173492
v -0.194776 0.407865 -0.165672
v -0.171983 0.391138 -0.171482
v -0.190372 0.408054 -0.163302
v -0.084419 0.296316 -0.157513
v -0.068806 0.294396 -0.146005
v -0.075911 0.301245 -0.151617
v -0.040861 0.279209 -0.075940
v -0.044442 0.282087 -0.101048
v -0.035763 0.282045 -0.072940
v -0.038046 0.283814 -0.090415
v -0.042919 0.287732 -0.105981
v -0.036499 0.286297 -0.073565
v -0.038409 0.287827 -0.090768
v -0.208579 0.401437 -0.141655
v -0.207467 0.389605 -0.125854
v -0.203928 0.379705 -0.111903
v -0.208479 0.408332 -0.141897
v -0.207046 0.395706 -0.125892
v -0.204218 0.408525 -0.139280
v -0.203271 0.396424 -0.123569
v -0.152851 0.300860 -0.049601
v -0.133339 0.293888 -0.042351
v -0.130110 0.296484 -0.039423
v -0.138904 0.303431 -0.043063
v -0.113592 0.316437 -0.173864
v -0.128612 0.331995 -0.177554
v -0.113308 0.321996 -0.175410
v -0.109702 0.287499 0.093872
v -0.214356 0.362731 0.085014
v -0.205457 0.346962 -0.004230
v -0.070409 0.278079 0.050608
v -0.239344 0.393592 0.036768
v -0.162970 0.306758 0.100681
v -0.100914 0.298023 0.093551
v -0.229131 0.405332 0.043726
v -0.151174 0.329015 0.043382
v -0.090031 0.282728 0.080245
v -0.179947 0.319557 0.097419
v -0.194368 0.334533 0.093662
v -0.204594 0.348520 0.090685
v -0.222341 0.369437 0.009362
v -0.147982 0.296082 -0.013751
v -0.131135 0.290109 -0.011770
v -0.105323 0.284262 -0.004067
v -0.079727 0.279119 0.018775
v -0.231301 0.383555 0.066305
v -0.138019 0.294556 0.050287
v -0.113272 0.285309 0.046995
v -0.090714 0.279769 0.033562
v -0.129044 0.291995 0.099030
v -0.146285 0.297656 0.099844
v -0.192456 0.329956 -0.009359
v -0.181988 0.317768 -0.009265
v -0.226917 0.373225 0.035101
v -0.209978 0.351626 0.047714
v -0.188613 0.329079 0.044087
v -0.164128 0.309418 0.043960
v -0.165116 0.304833 -0.012604
v -0.070404 0.293094 0.066348
v -0.090017 0.296405 0.086073
v -0.173199 0.335034 0.100284
v -0.205800 0.372689 0.085342
v -0.226374 0.400861 0.029784
v -0.219106 0.389835 0.016632
v -0.204483 0.367893 0.000466
v -0.099964 0.295446 -0.006557
v -0.074938 0.292543 0.014080
v -0.218339 0.390728 0.071129
v -0.225507 0.401072 0.057617
v -0.126290 0.314970 0.051843
v -0.102398 0.304543 0.033985
v -0.061848 0.290598 0.035221
v -0.148025 0.316517 0.101803
v -0.173156 0.331489 -0.012904
v -0.194682 0.367597 0.035147
v -0.174095 0.347157 0.035066
v -0.151746 0.323565 0.090830
v -0.151068 0.327632 0.071360
v -0.151921 0.326591 0.015678
v -0.150724 0.316005 -0.013091
v -0.094031 0.286617 0.089672
v -0.087229 0.289209 0.088508
v -0.100470 0.295422 0.095749
v -0.202602 0.351048 0.094655
v -0.198807 0.352218 0.096744
v -0.211838 0.376251 0.084572
v -0.110188 0.287826 -0.010910
v -0.099052 0.289379 -0.007919
v -0.101832 0.293527 -0.009391
v -0.215483 0.364515 0.001055
v -0.200369 0.349865 -0.009174
v -0.201297 0.357836 -0.006034
v -0.058755 0.278698 0.042494
v -0.052663 0.281521 0.042331
v -0.053767 0.285825 0.042278
v -0.244490 0.406156 0.043831
v -0.244659 0.413275 0.043713
v -0.239502 0.413282 0.043615
v -0.160141 0.308535 0.108477
v -0.150061 0.307122 0.110700
v -0.162575 0.320474 0.108008
v -0.162577 0.306338 -0.020594
v -0.152455 0.304794 -0.023133
v -0.172262 0.323361 -0.019727
v -0.201193 0.338463 0.003364
v -0.212215 0.353137 0.005746
v -0.218937 0.364124 0.070678
v -0.102156 0.283353 0.079771
v -0.124247 0.288800 0.086959
v -0.124009 0.286759 0.001520
v -0.144511 0.294136 -0.000635
v -0.106662 0.282965 0.003671
v -0.176067 0.344500 0.011121
v -0.173182 0.337211 -0.002923
v -0.176706 0.342571 0.092142
v -0.173306 0.345647 0.069957
v -0.199365 0.371385 0.072101
v -0.103753 0.304649 0.069291
v -0.130590 0.313396 0.085767
v -0.087194 0.294285 0.002513
v -0.131605 0.309877 -0.004010
v -0.128167 0.313433 0.016736
v -0.072294 0.281993 0.071654
v -0.062500 0.279720 0.057580
v -0.067030 0.284797 0.071450
v -0.056590 0.282553 0.057318
v -0.072197 0.289870 0.076402
v -0.057539 0.286808 0.057366
v -0.178549 0.323063 0.106033
v -0.174429 0.324567 0.108155
v -0.188783 0.346189 0.099802
v -0.232566 0.388693 0.017097
v -0.241179 0.400966 0.029987
v -0.229594 0.391179 0.013894
v -0.241213 0.407865 0.030013
v -0.224679 0.391138 0.013281
v -0.236217 0.408053 0.029772
v -0.142450 0.296316 -0.019899
v -0.123139 0.294396 -0.018090
v -0.132120 0.301245 -0.019235
v -0.063068 0.279209 0.027533
v -0.079083 0.282087 0.007867
v -0.057153 0.282045 0.027476
v -0.068120 0.283814 0.013680
v -0.080322 0.287732 0.002855
v -0.058106 0.286297 0.027319
v -0.068613 0.287827 0.013564
v -0.240656 0.401437 0.057708
v -0.231555 0.389605 0.070673
v -0.221330 0.379705 0.080801
v -0.240695 0.408332 0.057449
v -0.231214 0.395706 0.070423
v -0.235694 0.408525 0.057494
v -0.226782 0.396424 0.070467
v -0.145441 0.300860 0.107846
v -0.124986 0.293888 0.103997
v -0.120709 0.296484 0.104841
v -0.130120 0.303431 0.106257
v -0.175877 0.316437 -0.018867
v -0.190649 0.331995 -0.014283
v -0.176431 0.321996 -0.020338
v 0.069851 0.289488 0.036601
v 0.033052 0.349536 0.148428
v 0.019697 0.282439 0.023334
v 0.080563 0.389404 0.156612
v 0.097240 0.307484 0.074966
v 0.066445 0.298569 0.029316
v 0.082363 0.399140 0.145245
v 0.048165 0.329824 0.087494
v 0.051066 0.285490 0.026759
v 0.101924 0.319382 0.089050
v 0.108798 0.329351 0.092938
v 0.107787 0.351856 0.114184
v 0.051314 0.369089 0.155267
v 0.000731 0.303670 0.109297
v -0.002453 0.296170 0.092578
v -0.009155 0.291647 0.072368
v -0.001603 0.285261 0.043327
v 0.100249 0.378795 0.138958
v 0.047120 0.298718 0.075973
v 0.028691 0.290371 0.061185
v 0.014469 0.285340 0.046056
v 0.081823 0.293678 0.049576
v 0.089573 0.299070 0.062575
v 0.027442 0.336584 0.142206
v 0.018655 0.323439 0.133298
v 0.073553 0.371201 0.148430
v 0.098325 0.357808 0.125717
v 0.063728 0.330797 0.116711
v 0.053123 0.312830 0.098380
v 0.008808 0.311770 0.121935
v 0.032619 0.294866 0.016355
v 0.056132 0.297255 0.023788
v 0.102020 0.332718 0.081872
v 0.104641 0.367561 0.111774
v 0.070120 0.395854 0.148841
v 0.056460 0.386627 0.148872
v 0.037096 0.367737 0.144816
v -0.012870 0.301511 0.068620
v -0.006749 0.297231 0.040803
v 0.095919 0.390745 0.132224
v 0.044363 0.316353 0.065163
v 0.020356 0.307478 0.053944
v 0.004587 0.294074 0.022145
v 0.012731 0.335513 0.127153
v 0.060473 0.365411 0.123272
v 0.051439 0.346854 0.108032
v 0.091881 0.317603 0.064155
v 0.070110 0.327136 0.076314
v 0.026559 0.329154 0.099247
v 0.003049 0.321287 0.110270
v 0.060231 0.288530 0.025969
v 0.056679 0.290706 0.020954
v 0.067908 0.296147 0.028210
v 0.109934 0.347894 0.106543
v 0.110099 0.348720 0.102665
v 0.106579 0.370898 0.116674
v -0.012469 0.295274 0.078767
v -0.014522 0.296205 0.068726
v -0.014421 0.300013 0.071312
v 0.041851 0.365006 0.153405
v 0.027221 0.352228 0.146256
v 0.030347 0.359121 0.145365
v 0.008657 0.283114 0.017360
v 0.006187 0.285459 0.012493
v 0.006739 0.289287 0.013184
v 0.088629 0.400253 0.157267
v 0.088854 0.406546 0.157117
v 0.086711 0.406426 0.153092
v 0.100219 0.305437 0.064874
v 0.099969 0.306952 0.060780
v 0.103333 0.319194 0.071095
v 0.004442 0.317595 0.127928
v -0.004560 0.311964 0.116160
v 0.006714 0.328675 0.129548
v 0.043835 0.354636 0.149487
v 0.100686 0.338447 0.108625
v 0.055574 0.286375 0.036473
v 0.068459 0.290854 0.049891
v 0.009601 0.301178 0.101420
v -0.002570 0.290131 0.070397
v 0.033278 0.345812 0.119260
v 0.020804 0.340041 0.122927
v 0.097278 0.339885 0.087534
v 0.078550 0.343674 0.093562
v 0.091588 0.366939 0.112046
v 0.048709 0.305758 0.040923
v 0.072749 0.313298 0.055092
v -0.010886 0.299685 0.054994
v 0.002324 0.314918 0.091867
v 0.017410 0.316882 0.080717
v 0.029314 0.283774 0.014232
v 0.034994 0.287191 0.012046
v 0.019601 0.285685 0.009561
v 0.041144 0.291540 0.013907
v 0.020168 0.289461 0.010093
v 0.106782 0.317856 0.080232
v 0.108344 0.323100 0.080187
v 0.108278 0.342984 0.093827
v 0.062182 0.385937 0.159346
v 0.076216 0.396313 0.160421
v 0.058555 0.388223 0.158166
v 0.076493 0.402401 0.160117
v 0.056101 0.388094 0.154539
v 0.074308 0.402452 0.156268
v -0.006321 0.304058 0.107380
v -0.012703 0.301777 0.091530
v -0.009764 0.308110 0.098747
v -0.001379 0.284457 0.026702
v -0.010349 0.288434 0.047033
v -0.003695 0.286813 0.021933
v -0.010103 0.289375 0.035995
v -0.013601 0.293710 0.049746
v -0.003287 0.290597 0.022549
v -0.009856 0.292936 0.036244
v 0.097857 0.395264 0.148929
v 0.104005 0.383912 0.137135
v 0.107536 0.374385 0.125497
v 0.097911 0.401363 0.148743
v 0.103886 0.389301 0.136683
v 0.095949 0.401404 0.144776
v 0.102169 0.389819 0.133140
v 0.084175 0.294986 0.044309
v 0.083217 0.297123 0.040482
v 0.088348 0.303420 0.047011
v 0.018673 0.336477 0.141464
v 0.007855 0.327609 0.133140
v 0.081349 0.286819 0.104416
v 0.073844 0.285813 0.086859
v 0.079586 0.290936 0.089685
v 0.095928 0.294029 0.120460
v 0.096320 0.297000 0.115296
v 0.092330 0.299913 0.109381
v 0.071777 0.293362 0.079861
v 0.079987 0.299120 0.094057
v 0.069418 0.297444 0.082612
v 0.050469 0.295081 0.067746
v 0.064993 0.287306 0.072917
v 0.048361 0.288949 0.058921
v 0.048109 0.284222 0.058414
v 0.030237 0.287127 0.049632
v 0.029841 0.282116 0.048603
v 0.012006 0.286614 0.047725
v 0.032291 0.293500 0.059646
v 0.013936 0.292878 0.057919
v 0.011154 0.309491 0.105441
v -0.002578 0.293937 0.064379
v -0.017058 0.296002 0.076905
v -0.004679 0.287889 0.055225
v -0.004838 0.282873 0.054158
v -0.018902 0.290416 0.069696
v -0.019022 0.285686 0.069168
v -0.030042 0.293515 0.087718
v -0.030387 0.289387 0.088196
v -0.039923 0.298492 0.112071
v -0.028055 0.317776 0.145612
v -0.036847 0.300602 0.109399
v -0.046513 0.300122 0.138308
v -0.046073 0.308319 0.148849
v -0.047556 0.309622 0.165551
v -0.043191 0.323016 0.178583
v -0.021751 0.336694 0.177218
v -0.013502 0.360962 0.202511
v -0.036354 0.327271 0.175135
v -0.031290 0.350417 0.209042
v -0.033602 0.344067 0.209624
v -0.013949 0.378654 0.230109
v -0.018033 0.370911 0.219428
v -0.008324 0.377517 0.220734
v 0.002077 0.381426 0.223756
v -0.004471 0.387545 0.236542
v -0.000813 0.392977 0.251973
v 0.005764 0.395684 0.263929
v 0.019437 0.403808 0.273901
v 0.034197 0.407816 0.270646
v 0.018902 0.404615 0.267727
v 0.034121 0.390174 0.239222
v 0.042533 0.376643 0.210764
v 0.071593 0.390690 0.233580
v 0.050810 0.403792 0.262820
v 0.051319 0.403112 0.268793
v 0.067402 0.395833 0.248635
v 0.067697 0.394333 0.254007
v 0.082859 0.386697 0.231321
v 0.094051 0.376668 0.213310
v 0.086833 0.382019 0.217111
v 0.089042 0.364418 0.192492
v 0.096754 0.369093 0.201363
v 0.104174 0.358209 0.198897
v 0.107052 0.340592 0.180152
v 0.110225 0.330416 0.176887
v 0.105709 0.314148 0.145763
v 0.100265 0.328878 0.159648
v 0.069731 0.371134 0.198971
v 0.085694 0.333783 0.158735
v 0.063474 0.335433 0.155592
v 0.076467 0.317848 0.129659
v 0.095168 0.314406 0.134355
v 0.104074 0.302261 0.143550
v 0.108428 0.309542 0.148363
v 0.107558 0.311406 0.160449
v 0.098869 0.309698 0.165052
v 0.108365 0.323420 0.176110
v 0.106718 0.337947 0.190627
v 0.100253 0.323184 0.182094
v 0.100857 0.339533 0.197155
v 0.085301 0.363721 0.224279
v 0.051345 0.350931 0.217400
v 0.033127 0.315399 0.175653
v 0.080633 0.296991 0.143802
v 0.073840 0.288134 0.120581
v 0.096554 0.299240 0.145073
v 0.090729 0.292069 0.126034
v 0.020307 0.297706 0.146881
v 0.018931 0.286580 0.117628
v 0.023792 0.344959 0.214509
v 0.028089 0.355897 0.226822
v 0.079368 0.363253 0.226121
v 0.044093 0.374460 0.253131
v 0.035481 0.386952 0.268294
v 0.014093 0.373126 0.251203
v 0.019713 0.385278 0.266466
v 0.006592 0.381138 0.257906
v 0.019583 0.396657 0.273719
v 0.006284 0.390032 0.264026
v 0.035250 0.399726 0.275882
v 0.035221 0.407649 0.276105
v 0.051797 0.395955 0.268559
v 0.068541 0.388674 0.254053
v 0.082192 0.384107 0.238493
v 0.059882 0.383783 0.257623
v 0.090932 0.369090 0.224979
v 0.102923 0.354409 0.204364
v 0.096326 0.371283 0.218311
v -0.009089 0.370386 0.239488
v -0.012723 0.372747 0.237461
v -0.007377 0.384602 0.245463
v -0.031081 0.340953 0.212701
v -0.023412 0.342244 0.217062
v -0.002709 0.363129 0.236214
v -0.028280 0.325994 0.202687
v -0.032772 0.312573 0.186150
v -0.035154 0.301580 0.166475
v -0.038025 0.294878 0.146660
v -0.044787 0.305508 0.167397
v -0.044777 0.298819 0.148974
v -0.042429 0.314678 0.184476
v -0.044187 0.321756 0.187364
v -0.037794 0.326609 0.199524
v -0.034188 0.288749 0.124420
v -0.040566 0.291942 0.122149
v -0.031064 0.286225 0.107858
v -0.038846 0.293520 0.108658
v -0.029377 0.286239 0.092860
v -0.018173 0.282437 0.075335
v -0.011384 0.280054 0.081934
v -0.011737 0.282659 0.104163
v -0.025056 0.291008 0.138623
v 0.029772 0.279780 0.088761
v 0.024105 0.277299 0.065877
v -0.003921 0.279595 0.061086
v 0.012768 0.278275 0.053618
v 0.011699 0.281540 0.046501
v 0.030995 0.278833 0.055493
v 0.049090 0.280970 0.064560
v 0.062041 0.281626 0.083808
v 0.067723 0.283522 0.100976
v 0.052492 0.308035 0.101233
v 0.036327 0.321188 0.130183
v 0.031174 0.338336 0.160334
v 0.025150 0.359689 0.187663
v -0.001069 0.336745 0.165784
v -0.004311 0.320985 0.138148
v -0.028436 0.298696 0.093052
v 0.149686 0.284154 -0.025541
v 0.132368 0.283490 -0.028203
v 0.125221 0.286360 -0.030192
v 0.169360 0.290345 -0.029227
v 0.165580 0.293083 -0.032089
v 0.141615 0.292558 -0.031921
v 0.141166 0.295510 -0.029724
v 0.127108 0.294277 -0.027025
v 0.106312 0.292627 -0.019454
v 0.116880 0.288938 -0.028128
v 0.098321 0.287096 -0.021987
v 0.097726 0.282771 -0.021953
v 0.082273 0.285898 -0.012361
v 0.081198 0.281318 -0.012463
v 0.071940 0.285867 0.000907
v 0.091167 0.291645 -0.009212
v 0.080912 0.291517 0.004241
v 0.116818 0.306594 0.029168
v 0.077949 0.292849 0.020204
v 0.080709 0.295027 0.037510
v 0.069707 0.287396 0.017505
v 0.068718 0.282807 0.017199
v 0.074113 0.289983 0.035547
v 0.073566 0.285653 0.035467
v 0.082786 0.293005 0.052902
v 0.082924 0.289226 0.053476
v 0.097028 0.297689 0.072318
v 0.129201 0.314933 0.079017
v 0.096475 0.299563 0.068591
v 0.114277 0.299219 0.090145
v 0.122828 0.306674 0.094773
v 0.162828 0.330528 0.111429
v 0.143034 0.320691 0.097315
v 0.151261 0.327927 0.087644
v 0.171450 0.344299 0.094422
v 0.180626 0.351191 0.081400
v 0.166911 0.338817 0.104595
v 0.166636 0.329101 0.113939
v 0.198400 0.366725 0.108491
v 0.204658 0.377113 0.102857
v 0.226744 0.399643 0.091964
v 0.230817 0.401275 0.097619
v 0.222892 0.387569 0.103985
v 0.240036 0.404956 0.096901
v 0.249863 0.418369 0.085371
v 0.254891 0.418150 0.087330
v 0.259289 0.423056 0.072851
v 0.239959 0.410621 0.081504
v 0.248886 0.414486 0.068703
v 0.210113 0.374429 0.064442
v 0.251254 0.408950 0.053706
v 0.249793 0.396887 0.037913
v 0.261457 0.416986 0.057817
v 0.266365 0.416781 0.060060
v 0.257991 0.403068 0.041901
v 0.262325 0.402298 0.043927
v 0.248845 0.380379 0.022738
v 0.243126 0.376490 0.019561
v 0.231916 0.346963 -0.000464
v 0.220802 0.323105 -0.013616
v 0.208929 0.318706 -0.018399
v 0.216443 0.334915 -0.007057
v 0.216558 0.343587 0.002024
v 0.203607 0.348414 0.022190
v 0.190836 0.323207 -0.006413
v 0.181783 0.328914 0.012208
v 0.167472 0.312599 -0.010043
v 0.191758 0.314867 -0.018404
v 0.175675 0.300469 -0.029802
v 0.191414 0.297592 -0.024507
v 0.197390 0.304142 -0.025688
v 0.206404 0.305816 -0.019180
v 0.205744 0.304434 -0.010156
v 0.219180 0.316739 -0.012422
v 0.229917 0.330029 -0.004354
v 0.221423 0.318442 -0.000320
v 0.232181 0.331591 0.003346
v 0.234549 0.338617 0.017133
v 0.182208 0.311168 0.046034
v 0.180157 0.293315 -0.006055
v 0.161056 0.286028 -0.012456
v 0.188903 0.294994 -0.017864
v 0.171144 0.288645 -0.022444
v 0.153311 0.295383 0.042361
v 0.132693 0.284993 0.022313
v 0.123482 0.289656 0.071693
v 0.201864 0.345219 0.100401
v 0.206964 0.332335 0.055388
v 0.230247 0.356371 0.059752
v 0.249540 0.379602 0.060434
v 0.255602 0.402317 0.080752
v 0.227205 0.370919 0.093152
v 0.226201 0.378170 0.101809
v 0.254656 0.410721 0.087772
v 0.240196 0.398382 0.097463
v 0.264107 0.415367 0.075264
v 0.264419 0.423042 0.075010
v 0.266250 0.409338 0.060218
v 0.262602 0.395710 0.044211
v 0.256660 0.384356 0.030385
v 0.260278 0.389492 0.048778
v 0.246262 0.357035 0.025717
v 0.247760 0.358118 0.019076
v 0.243438 0.352547 0.010343
v 0.240637 0.353665 0.006554
v 0.215674 0.373436 0.107297
v 0.204024 0.354755 0.108536
v 0.195895 0.358355 0.111675
v 0.183582 0.339456 0.113570
v 0.187457 0.336925 0.109639
v 0.176835 0.323791 0.105730
v 0.158375 0.310088 0.102447
v 0.141728 0.300157 0.094948
v 0.124806 0.294172 0.087686
v 0.137839 0.303982 0.102821
v 0.123397 0.297934 0.093993
v 0.152424 0.312254 0.109111
v 0.141287 0.310763 0.107281
v 0.166578 0.323013 0.112595
v 0.109259 0.288565 0.074019
v 0.104452 0.291653 0.077823
v 0.097844 0.286253 0.063598
v 0.094812 0.293121 0.069912
v 0.081798 0.284190 0.046093
v 0.087112 0.280249 0.035819
v 0.104282 0.282543 0.046832
v 0.112378 0.278993 0.007115
v 0.091780 0.276958 0.000465
v 0.074500 0.279748 0.019905
v 0.076759 0.278178 0.003321
v 0.070755 0.281229 0.000641
v 0.087066 0.278250 -0.009960
v 0.102932 0.279738 -0.019677
v 0.124201 0.279944 -0.020426
v 0.140348 0.281469 -0.016551
v 0.133564 0.304301 -0.005009
v 0.148471 0.316608 0.021381
v 0.169716 0.332312 0.039717
v 0.189203 0.352420 0.056795
v 0.158297 0.331591 0.067474
v 0.134960 0.317347 0.056866
v 0.230964 0.375989 0.029867
v 0.087802 0.297692 0.054150
v 0.001265 0.281473 -0.086695
v -0.004703 0.280556 -0.067703
v -0.007061 0.286086 -0.073775
v -0.001984 0.286299 -0.095837
v 0.003184 0.290915 -0.115083
v -0.002686 0.292484 -0.105346
v -0.003362 0.295490 -0.097928
v -0.007379 0.288511 -0.060680
v -0.003978 0.294500 -0.077434
v -0.003429 0.292569 -0.061227
v 0.001410 0.289614 -0.036648
v -0.007027 0.282076 -0.050643
v -0.003216 0.283378 -0.028281
v -0.003617 0.278460 -0.027755
v 0.004766 0.280871 -0.008679
v 0.004110 0.275665 -0.007645
v 0.017890 0.279514 0.005150
v 0.010251 0.287322 -0.017950
v 0.023589 0.285841 -0.004180
v 0.058797 0.301667 -0.039843
v 0.041089 0.285968 0.001866
v 0.061130 0.287070 0.001734
v 0.036240 0.279828 0.010489
v 0.035370 0.274629 0.011393
v 0.057417 0.281369 0.008645
v 0.056896 0.276455 0.009098
v 0.078580 0.283554 0.001906
v 0.078951 0.279227 0.001718
v 0.103127 0.287577 -0.010690
v 0.081341 0.288593 -0.003042
v 0.117436 0.307279 -0.045133
v 0.099002 0.289995 -0.010627
v 0.126155 0.288221 -0.027037
v 0.133374 0.296478 -0.035617
v 0.160683 0.323026 -0.076957
v 0.140744 0.312601 -0.057419
v 0.131860 0.321782 -0.068035
v 0.143715 0.339277 -0.088010
v 0.131304 0.348262 -0.100152
v 0.152361 0.330449 -0.079430
v 0.164036 0.321283 -0.080873
v 0.165883 0.353998 -0.106463
v 0.162714 0.366803 -0.115153
v 0.157877 0.383916 -0.130880
v 0.148806 0.401962 -0.150570
v 0.160634 0.391188 -0.142100
v 0.162787 0.389172 -0.145578
v 0.152506 0.410356 -0.162414
v 0.154864 0.409391 -0.167277
v 0.142016 0.425482 -0.180936
v 0.144832 0.425160 -0.186358
v 0.129004 0.431937 -0.193868
v 0.136692 0.416712 -0.169913
v 0.122866 0.422407 -0.182719
v 0.116933 0.377558 -0.137671
v 0.091963 0.377785 -0.153335
v 0.107290 0.417544 -0.187502
v 0.112978 0.426444 -0.198620
v 0.116093 0.426113 -0.203861
v 0.094710 0.410341 -0.196557
v 0.099036 0.411241 -0.201277
v 0.061884 0.368771 -0.180029
v 0.085786 0.400123 -0.186908
v 0.062752 0.367161 -0.167346
v 0.056593 0.362895 -0.171762
v 0.040607 0.339013 -0.171408
v 0.034998 0.336550 -0.163627
v 0.011392 0.309930 -0.135697
v 0.026024 0.324766 -0.143082
v 0.045734 0.341696 -0.146081
v 0.068834 0.351714 -0.137441
v 0.032737 0.325067 -0.128403
v 0.052528 0.329799 -0.114919
v 0.023879 0.312827 -0.103118
v 0.012051 0.310012 -0.119518
v 0.007210 0.301890 -0.132318
v 0.010541 0.297541 -0.132953
v 0.019409 0.314336 -0.152493
v 0.019696 0.306753 -0.148626
v 0.029593 0.304429 -0.146422
v 0.030291 0.318859 -0.161479
v 0.041779 0.318769 -0.161269
v 0.053370 0.339030 -0.175758
v 0.071030 0.344657 -0.174396
v 0.089135 0.306905 -0.110344
v 0.018201 0.282027 -0.094433
v 0.019321 0.293491 -0.128551
v 0.008723 0.286782 -0.110136
v 0.065140 0.289134 -0.087398
v 0.059612 0.277852 -0.054994
v 0.122124 0.287836 -0.060641
v 0.148469 0.318873 -0.101420
v 0.104554 0.331462 -0.137372
v 0.121529 0.357616 -0.156878
v 0.113276 0.401974 -0.197625
v 0.114947 0.383878 -0.184244
v 0.136753 0.408197 -0.188900
v 0.150954 0.371161 -0.152215
v 0.161439 0.376542 -0.147421
v 0.145114 0.416742 -0.186096
v 0.155642 0.401965 -0.167311
v 0.132015 0.423139 -0.199102
v 0.132189 0.431845 -0.199317
v 0.116076 0.417705 -0.203781
v 0.096424 0.401625 -0.200766
v 0.089567 0.383374 -0.194870
v 0.080182 0.362371 -0.184789
v 0.047480 0.339687 -0.175569
v 0.083587 0.392048 -0.194348
v 0.163523 0.383539 -0.146553
v 0.167691 0.362846 -0.128117
v 0.166645 0.371061 -0.124342
v 0.168768 0.345055 -0.106582
v 0.166411 0.329377 -0.096091
v 0.165864 0.351044 -0.123003
v 0.163353 0.330967 -0.104722
v 0.156155 0.339038 -0.119664
v 0.157672 0.314430 -0.089021
v 0.148264 0.300500 -0.074160
v 0.138023 0.289995 -0.055624
v 0.124785 0.282936 -0.039452
v 0.144729 0.293095 -0.051231
v 0.131912 0.286649 -0.036686
v 0.154898 0.302273 -0.066286
v 0.150844 0.300489 -0.054128
v 0.162043 0.314493 -0.081240
v 0.106391 0.277365 -0.024460
v 0.110084 0.280445 -0.018317
v 0.092593 0.275353 -0.013455
v 0.099697 0.282549 -0.008758
v 0.081128 0.275868 -0.002696
v 0.060211 0.272941 0.003599
v 0.059160 0.270602 -0.006248
v 0.074594 0.272673 -0.023621
v 0.108873 0.279758 -0.041880
v 0.031159 0.272104 -0.039484
v 0.020056 0.269891 -0.017521
v 0.039144 0.271068 0.005244
v 0.020809 0.270706 -0.000123
v 0.017028 0.274252 0.006279
v 0.007670 0.272111 -0.013924
v -0.000422 0.274950 -0.033327
v 0.002355 0.275716 -0.057345
v 0.009553 0.277482 -0.074790
v 0.023133 0.302257 -0.064457
v 0.056209 0.314358 -0.076372
v 0.081593 0.331114 -0.096643
v 0.105479 0.352925 -0.115066
v 0.110723 0.327755 -0.079191
v 0.093764 0.311969 -0.055228
v 0.073925 0.373575 -0.163139
v 0.086815 0.300777 -0.031039
v -0.083400 0.291344 -0.023646
v -0.070894 0.290309 -0.008696
v -0.077424 0.295446 -0.009701
v -0.102481 0.298550 -0.034952
v -0.101400 0.301526 -0.029745
v -0.081259 0.300545 -0.012271
v -0.079237 0.303829 -0.013737
v -0.065520 0.302232 -0.005671
v -0.042594 0.300072 0.003273
v -0.057842 0.296117 0.002701
v -0.058176 0.291887 0.002362
v -0.037839 0.293777 0.011193
v -0.037363 0.288953 0.011545
v -0.017364 0.292204 0.014935
v -0.016590 0.287089 0.015750
v 0.001026 0.292037 0.011446
v -0.022419 0.298758 0.005840
v -0.003959 0.298484 0.002137
v -0.015466 0.315932 -0.044896
v 0.010271 0.299963 -0.009004
v 0.020716 0.302483 -0.025465
v 0.015114 0.293750 -0.000759
v 0.015667 0.288624 0.000163
v 0.024729 0.296754 -0.019041
v 0.025082 0.291925 -0.018629
v 0.030278 0.300310 -0.039880
v 0.030546 0.296109 -0.040510
v 0.032708 0.305817 -0.066514
v 0.010937 0.325561 -0.095543
v 0.030449 0.307882 -0.062968
v 0.031424 0.307856 -0.094073
v 0.027762 0.316309 -0.104129
v 0.006843 0.343569 -0.147147
v 0.012898 0.332251 -0.120928
v -0.001013 0.340414 -0.118801
v -0.012723 0.358990 -0.139096
v -0.029893 0.366775 -0.134873
v -0.001507 0.352842 -0.144330
v 0.005492 0.342050 -0.152063
v -0.024656 0.384437 -0.170375
v -0.027398 0.388215 -0.167838
v -0.042844 0.405642 -0.173399
v -0.060144 0.421496 -0.176976
v -0.059371 0.423397 -0.184674
v -0.048213 0.408030 -0.184345
v -0.067562 0.427645 -0.190805
v -0.084111 0.442703 -0.188222
v -0.086873 0.442548 -0.193559
v -0.101144 0.448040 -0.184630
v -0.078762 0.433904 -0.177809
v -0.095594 0.438317 -0.173627
v -0.066756 0.393079 -0.142081
v -0.108660 0.432151 -0.162910
v -0.119182 0.418656 -0.148798
v -0.114076 0.441277 -0.173742
v -0.116530 0.441136 -0.179228
v -0.123033 0.425682 -0.158078
v -0.125171 0.424904 -0.162968
v -0.129724 0.400224 -0.135638
v -0.127323 0.395791 -0.128829
v -0.132996 0.362684 -0.104241
v -0.133634 0.335909 -0.085393
v -0.127279 0.330802 -0.072724
v -0.125044 0.349000 -0.087513
v -0.118370 0.358680 -0.095072
v -0.092668 0.363895 -0.102334
v -0.103299 0.335546 -0.069375
v -0.081981 0.341802 -0.078202
v -0.086562 0.323342 -0.049300
v -0.112977 0.326245 -0.060144
v -0.108074 0.309921 -0.038983
v -0.117360 0.306995 -0.055017
v -0.123152 0.314380 -0.058339
v -0.125880 0.316411 -0.070383
v -0.118707 0.314889 -0.077456
v -0.131468 0.328800 -0.085281
v -0.134365 0.343792 -0.099743
v -0.126476 0.328956 -0.092455
v -0.130577 0.345591 -0.107821
v -0.116314 0.333708 -0.103631
v -0.122342 0.353490 -0.120990
v -0.057647 0.322155 -0.107011
v -0.094429 0.302101 -0.062213
v -0.080824 0.292988 -0.041632
v -0.110404 0.304081 -0.058756
v -0.099002 0.296707 -0.041954
v -0.036371 0.304097 -0.082900
v -0.026254 0.292502 -0.054866
v -0.033726 0.360536 -0.166443
v -0.019612 0.338309 -0.150358
v -0.071228 0.346151 -0.132752
v -0.087217 0.373301 -0.153204
v -0.102590 0.399479 -0.167656
v -0.092472 0.424919 -0.188792
v -0.059958 0.389538 -0.178683
v -0.052676 0.397617 -0.185083
v -0.086431 0.434277 -0.193852
v -0.067352 0.420332 -0.191478
v -0.103476 0.439569 -0.190290
v -0.103842 0.448116 -0.190206
v -0.116396 0.432851 -0.179373
v -0.125264 0.417576 -0.163495
v -0.130588 0.404802 -0.147722
v -0.120028 0.410630 -0.165684
v -0.125620 0.374208 -0.136534
v -0.131746 0.375418 -0.132072
v -0.134615 0.369122 -0.121670
v -0.135050 0.370308 -0.116430
v -0.039896 0.392189 -0.181991
v -0.029447 0.371208 -0.174704
v -0.020309 0.375089 -0.171302
v -0.008828 0.353856 -0.164080
v -0.014983 0.351092 -0.163678
v -0.004221 0.334774 -0.151530
v 0.003743 0.320719 -0.136635
v 0.012031 0.309369 -0.118259
v 0.020765 0.302406 -0.099827
v 0.021110 0.313585 -0.121928
v 0.026620 0.306589 -0.104011
v 0.013638 0.323050 -0.137799
v 0.021581 0.321202 -0.128101
v 0.004488 0.335270 -0.150977
v 0.023644 0.295869 -0.077049
v 0.030491 0.299237 -0.076651
v 0.025493 0.293077 -0.059977
v 0.032742 0.300689 -0.062934
v 0.028243 0.292918 -0.044819
v 0.022498 0.288648 -0.024457
v 0.013966 0.286137 -0.028954
v 0.007745 0.289006 -0.050752
v 0.010511 0.298117 -0.088224
v -0.028266 0.285075 -0.023566
v -0.015970 0.282449 -0.002890
v 0.012795 0.285324 -0.006390
v -0.001307 0.283566 0.005785
v 0.001771 0.286854 0.012479
v -0.019684 0.283778 0.009304
v -0.040070 0.285671 0.005776
v -0.058389 0.286250 -0.009235
v -0.069014 0.288227 -0.024326
v -0.054617 0.313559 -0.028683
v -0.047533 0.327579 -0.061532
v -0.051633 0.345462 -0.092269
v -0.055141 0.368214 -0.120605
v -0.021687 0.344551 -0.107074
v -0.010140 0.328279 -0.081237
v -0.109588 0.395061 -0.128503
v 0.027055 0.305614 -0.044549
v 0.007892 0.291482 0.101206
v 0.000884 0.294744 0.117085
v 0.012419 0.296268 0.098835
v 0.013837 0.288475 0.079986
v -0.006860 0.302931 0.135474
v 0.005183 0.301277 0.118588
v -0.003779 0.307547 0.135653
v 0.011111 0.301589 0.103141
v -0.011982 0.319486 0.134813
v -0.006751 0.313381 0.109012
v 0.011151 0.303393 0.092923
v 0.017672 0.296490 0.075907
v 0.017601 0.292143 0.076448
v 0.019151 0.294035 0.053587
v 0.019495 0.289155 0.053067
v 0.015887 0.292492 0.032220
v 0.016592 0.287418 0.031187
v 0.006311 0.292010 0.015477
v 0.012891 0.298494 0.053478
v -0.001257 0.297130 0.024019
v -0.047730 0.309931 0.046105
v -0.081209 0.312622 0.028814
v -0.028801 0.298549 0.010218
v -0.010295 0.292713 0.006268
v -0.009412 0.287638 0.005412
v -0.031289 0.294461 0.003592
v -0.030846 0.289580 0.003170
v -0.053923 0.292747 0.005554
v -0.061357 0.298548 0.006915
v -0.066085 0.302649 0.010764
v -0.097866 0.307160 0.018825
v -0.114341 0.308481 0.026065
v -0.133267 0.326223 0.041337
v -0.114064 0.321286 0.035542
v -0.103368 0.324735 0.044738
v -0.117135 0.340750 0.061757
v -0.135303 0.359900 0.073252
v -0.124297 0.366193 0.086634
v -0.133818 0.339853 0.054080
v -0.153597 0.356454 0.066974
v -0.153949 0.344525 0.061643
v -0.162594 0.392539 0.093995
v -0.159032 0.393405 0.093363
v -0.147175 0.422955 0.124793
v -0.159399 0.412757 0.108835
v -0.158715 0.431844 0.127795
v -0.165665 0.419415 0.116604
v -0.168715 0.417517 0.119368
v -0.165315 0.438883 0.135771
v -0.169025 0.438023 0.139750
v -0.161432 0.453938 0.154513
v -0.165626 0.453724 0.158991
v -0.152374 0.459976 0.169584
v -0.153568 0.445095 0.145691
v -0.143756 0.450469 0.160809
v -0.124385 0.431280 0.154891
v -0.128599 0.444885 0.170440
v -0.110767 0.431439 0.175321
v -0.137276 0.453734 0.178457
v -0.141718 0.453522 0.182688
v -0.118629 0.438488 0.182046
v -0.122582 0.437631 0.185783
v -0.093841 0.412943 0.181533
v -0.083150 0.400811 0.170966
v -0.087368 0.407400 0.177244
v -0.061330 0.372806 0.176629
v -0.042325 0.344079 0.172911
v -0.031984 0.337433 0.163424
v -0.034033 0.340191 0.155773
v -0.053418 0.359040 0.153552
v -0.072741 0.369552 0.140539
v -0.037424 0.339242 0.141195
v -0.053053 0.343673 0.125853
v -0.022344 0.323676 0.122184
v -0.006177 0.313569 0.137180
v -0.017844 0.311164 0.150188
v -0.020170 0.320699 0.156849
v -0.029968 0.322199 0.162281
v -0.037377 0.319551 0.158823
v -0.042736 0.336212 0.171322
v -0.056088 0.352799 0.177585
v -0.051356 0.335771 0.169153
v -0.065203 0.354422 0.176576
v -0.069857 0.342251 0.162686
v -0.082843 0.363307 0.172091
v -0.052738 0.319711 0.149186
v -0.035525 0.301792 0.130434
v -0.023761 0.306932 0.145525
v -0.012553 0.296476 0.127731
v -0.026078 0.288287 0.098604
v -0.090476 0.299852 0.071200
v -0.092451 0.320423 0.108863
v -0.054166 0.286239 0.064140
v -0.128423 0.319897 0.073001
v -0.153978 0.363936 0.101618
v -0.143058 0.341232 0.087958
v -0.111497 0.349592 0.127956
v -0.103116 0.386054 0.173738
v -0.151877 0.430533 0.165998
v -0.161643 0.382230 0.110111
v -0.165381 0.423064 0.143289
v -0.165777 0.445264 0.158822
v -0.169495 0.430537 0.139917
v -0.156742 0.451255 0.173917
v -0.156828 0.459989 0.174077
v -0.141620 0.445060 0.182766
v -0.122809 0.430143 0.186192
v -0.106252 0.418637 0.186242
v -0.127655 0.423967 0.181849
v -0.095953 0.395811 0.184151
v -0.082278 0.376268 0.181315
v -0.077288 0.379740 0.183074
v -0.071979 0.380702 0.181716
v -0.165756 0.382340 0.102245
v -0.168717 0.400489 0.110885
v -0.164737 0.382269 0.090526
v -0.161004 0.358330 0.078297
v -0.158391 0.355209 0.084209
v -0.149914 0.336603 0.071464
v -0.138477 0.320405 0.058614
v -0.122462 0.306810 0.048441
v -0.107850 0.298846 0.034357
v -0.129474 0.312107 0.039542
v -0.113948 0.303835 0.029330
v -0.142441 0.323149 0.050798
v -0.136527 0.321472 0.041095
v -0.152339 0.337138 0.062685
v -0.086099 0.291145 0.024777
v -0.087604 0.294818 0.017539
v -0.070711 0.288534 0.017565
v -0.088197 0.299367 0.014251
v -0.057203 0.289074 0.009572
v -0.035502 0.285548 0.008155
v -0.036746 0.281870 0.019059
v -0.053982 0.282893 0.034065
v -0.091000 0.292461 0.042564
v -0.018522 0.280371 0.059158
v -0.002122 0.279885 0.039516
v -0.014679 0.283370 0.011069
v 0.001902 0.282591 0.020322
v 0.007239 0.286915 0.014367
v 0.011504 0.283149 0.037021
v 0.014938 0.285122 0.058150
v 0.006925 0.284686 0.080186
v -0.004410 0.286118 0.096016
v -0.011505 0.310796 0.088579
v -0.047188 0.323764 0.090127
v -0.085305 0.344661 0.092240
v -0.103433 0.371753 0.109985
v -0.083644 0.324323 0.056865
v -0.099744 0.416144 0.166498
v 0.052295 0.292802 -0.047185
v 0.038992 0.292859 -0.041752
v 0.033215 0.295454 -0.040206
v 0.064734 0.297159 -0.058190
v 0.060950 0.299521 -0.058672
v 0.044175 0.299941 -0.048456
v 0.044868 0.302383 -0.046788
v 0.036097 0.301883 -0.038948
v 0.021380 0.297447 -0.028054
v 0.017275 0.293525 -0.022766
v 0.010551 0.296673 -0.009588
v 0.009624 0.292961 -0.009108
v 0.008884 0.297072 0.004086
v 0.020992 0.301105 -0.019325
v 0.016863 0.301542 0.009007
v 0.052895 0.312577 0.004610
v 0.030724 0.304421 0.025923
v 0.014352 0.298475 0.016659
v 0.013400 0.294751 0.016961
v 0.025122 0.300516 0.027430
v 0.024583 0.296989 0.027699
v 0.036572 0.300856 0.035536
v 0.056928 0.306175 0.043463
v 0.082832 0.319183 0.034254
v 0.055022 0.307712 0.041035
v 0.076598 0.306895 0.048701
v 0.084763 0.312716 0.048192
v 0.120546 0.330904 0.042542
v 0.100749 0.324635 0.039647
v 0.119823 0.341799 0.026658
v 0.120974 0.347061 0.013492
v 0.120767 0.337516 0.035839
v 0.124238 0.329611 0.042735
v 0.145310 0.359268 0.024713
v 0.147623 0.367528 0.017892
v 0.159178 0.385144 0.000447
v 0.164467 0.386362 0.002672
v 0.168712 0.386189 0.001602
v 0.173164 0.399630 -0.014328
v 0.177515 0.399281 -0.015062
v 0.174640 0.403079 -0.027197
v 0.164360 0.393620 -0.012708
v 0.165345 0.396412 -0.025547
v 0.135191 0.364969 -0.011346
v 0.157201 0.387924 -0.042443
v 0.169657 0.397967 -0.038544
v 0.174044 0.397635 -0.039028
v 0.160125 0.386624 -0.047967
v 0.164001 0.385850 -0.048350
v 0.144988 0.368288 -0.057090
v 0.139524 0.365292 -0.056831
v 0.122381 0.341425 -0.065541
v 0.108363 0.322228 -0.069585
v 0.097885 0.319026 -0.067854
v 0.108397 0.332081 -0.063399
v 0.112549 0.339217 -0.057255
v 0.112086 0.343715 -0.037736
v 0.087385 0.318377 -0.059416
v 0.092003 0.328479 -0.035140
v 0.072117 0.315530 -0.044400
v 0.069212 0.305222 -0.061474
v 0.086300 0.307478 -0.067802
v 0.090132 0.305762 -0.066585
v 0.098720 0.307489 -0.060407
v 0.112176 0.320929 -0.068055
v 0.114270 0.318446 -0.060398
v 0.127685 0.331442 -0.059854
v 0.106057 0.314081 -0.011154
v 0.082165 0.299309 -0.046512
v 0.064381 0.293616 -0.041381
v 0.076902 0.297799 -0.057234
v 0.083770 0.302164 -0.001228
v 0.061455 0.294729 -0.000156
v 0.143728 0.341502 0.018041
v 0.127981 0.330577 -0.015462
v 0.161339 0.367792 -0.030869
v 0.174797 0.386263 -0.019637
v 0.157053 0.358659 0.003874
v 0.162341 0.367626 0.008066
v 0.177327 0.393208 -0.014490
v 0.170908 0.383660 -0.001322
v 0.178825 0.396623 -0.027360
v 0.179152 0.402896 -0.027838
v 0.173820 0.391546 -0.038706
v 0.164130 0.380447 -0.048123
v 0.153811 0.371301 -0.055091
v 0.164247 0.375458 -0.043798
v 0.143773 0.349280 -0.053396
v 0.142057 0.350084 -0.058719
v 0.135185 0.345638 -0.062916
v 0.131653 0.346635 -0.064426
v 0.157128 0.364146 0.016457
v 0.148941 0.349269 0.022641
v 0.144656 0.352517 0.028189
v 0.136276 0.337488 0.035118
v 0.137270 0.335262 0.030779
v 0.127792 0.324867 0.032790
v 0.113059 0.314286 0.038552
v 0.097928 0.306712 0.040504
v 0.080711 0.300705 0.039625
v 0.093782 0.308085 0.048048
v 0.117564 0.320049 0.044502
v 0.103113 0.315465 0.049126
v 0.059910 0.297280 0.038714
v 0.064292 0.300994 0.044341
v 0.054230 0.302503 0.042805
v 0.034801 0.295547 0.031735
v 0.034093 0.292088 0.022363
v 0.050857 0.293406 0.022829
v 0.039708 0.290039 -0.008416
v 0.022382 0.289073 -0.004378
v 0.018515 0.292054 0.016497
v 0.013070 0.290616 0.003923
v 0.007810 0.293315 0.004500
v 0.017185 0.290318 -0.016568
v 0.036433 0.290280 -0.032772
v 0.049449 0.290974 -0.036877
v 0.050190 0.309958 -0.026410
v 0.072126 0.319622 -0.014404
v 0.095216 0.331807 -0.010801
v 0.116664 0.347656 -0.007438
v 0.098872 0.331743 0.013530
v 0.077611 0.320860 0.016208
v 0.135310 0.365357 -0.044458
v 0.042792 0.306425 0.034576
v 0.007738 0.318399 -0.041707
v 0.007913 0.317439 -0.036565
v -0.000836 0.333981 -0.058931
v -0.001905 0.333913 -0.055492
v 0.003231 0.325939 -0.042894
v 0.006504 0.325534 -0.038850
v 0.015382 0.312545 -0.026162
v 0.018902 0.307695 -0.024467
v 0.028025 0.305750 -0.016696
v 0.028315 0.302834 -0.017693
v 0.038454 0.304179 -0.013359
v 0.022089 0.314103 -0.022939
v 0.043590 0.310289 -0.015763
v 0.046086 0.333940 -0.034786
v 0.065469 0.320934 -0.024471
v 0.049219 0.306525 -0.014355
v 0.058546 0.309336 -0.018399
v 0.067771 0.316436 -0.024794
v 0.074317 0.349214 -0.046682
v 0.076303 0.328227 -0.033204
v 0.084815 0.337127 -0.045980
v 0.085699 0.344653 -0.048722
v 0.087033 0.373047 -0.064557
v 0.081501 0.360342 -0.055005
v 0.070967 0.384246 -0.061837
v 0.081688 0.378077 -0.062745
v 0.087840 0.373809 -0.067499
v 0.071628 0.411359 -0.069351
v 0.059586 0.429586 -0.071556
v 0.062210 0.432560 -0.074094
v 0.062100 0.434412 -0.077081
v 0.050113 0.446595 -0.076337
v 0.050287 0.448349 -0.079421
v 0.040208 0.450574 -0.077697
v 0.044737 0.443285 -0.074215
v 0.047241 0.391645 -0.063650
v 0.025566 0.434001 -0.075546
v 0.030558 0.445880 -0.078497
v 0.030934 0.447642 -0.081559
v 0.021759 0.434875 -0.078863
v 0.011685 0.414117 -0.077360
v 0.002399 0.389529 -0.077442
v -0.002798 0.370885 -0.077620
v -0.002684 0.364310 -0.071222
v 0.007259 0.383039 -0.070812
v 0.022397 0.384256 -0.065522
v 0.001665 0.358215 -0.064231
v 0.021294 0.365025 -0.058985
v 0.010885 0.348353 -0.053348
v -0.002800 0.341586 -0.058701
v -0.004886 0.351165 -0.069706
v -0.003244 0.351625 -0.072773
v 0.003034 0.356082 -0.076615
v -0.000922 0.371588 -0.080440
v 0.005487 0.370252 -0.081748
v 0.007956 0.384787 -0.084501
v 0.042778 0.359759 -0.070911
v 0.003205 0.344364 -0.069901
v 0.005482 0.333156 -0.061085
v 0.037724 0.340830 -0.061362
v 0.039100 0.326070 -0.049638
v 0.073975 0.344488 -0.060543
v 0.071661 0.332289 -0.051191
v 0.042830 0.380780 -0.078333
v 0.035733 0.421526 -0.085522
v 0.046485 0.438862 -0.084214
v 0.062418 0.410770 -0.081575
v 0.063264 0.427238 -0.080584
v 0.050820 0.444185 -0.081944
v 0.040661 0.452198 -0.081412
v 0.031266 0.443470 -0.084104
v 0.023435 0.437401 -0.082841
v 0.015389 0.422468 -0.082753
v 0.025947 0.428947 -0.085920
v 0.012000 0.403466 -0.085707
v 0.004979 0.396550 -0.082190
v 0.072192 0.413439 -0.077242
v 0.075927 0.399430 -0.077697
v 0.078958 0.400704 -0.071389
v 0.083772 0.384988 -0.072903
v 0.077219 0.389111 -0.077258
v 0.080740 0.373029 -0.073445
v 0.082944 0.359008 -0.067794
v 0.082873 0.342491 -0.057298
v 0.087215 0.345584 -0.056665
v 0.088268 0.364356 -0.067213
v 0.089513 0.354536 -0.059220
v 0.074543 0.323934 -0.040388
v 0.079545 0.327706 -0.039486
v 0.064590 0.312429 -0.026615
v 0.057187 0.310569 -0.029137
v 0.063133 0.318319 -0.038407
v 0.034277 0.305523 -0.026979
v 0.048402 0.302786 -0.015832
v 0.038641 0.300864 -0.014913
v 0.023808 0.305026 -0.024909
v 0.009158 0.320118 -0.046639
v 0.015477 0.319771 -0.046832
v 0.021352 0.333491 -0.038930
v 0.034328 0.348668 -0.046953
v 0.040863 0.366707 -0.055867
v 0.060566 0.366330 -0.054563
v 0.059243 0.349463 -0.045292
v 0.020679 0.409467 -0.071837
v -0.074910 0.315766 0.023484
v -0.060576 0.315637 0.024492
v -0.054682 0.318133 0.025730
v -0.090884 0.320175 0.027979
v -0.087677 0.322443 0.030148
v -0.068111 0.322695 0.028411
v -0.067968 0.325186 0.026677
v -0.056640 0.324649 0.023507
v -0.038672 0.320107 0.020117
v -0.032696 0.316202 0.017079
v -0.020804 0.319465 0.008322
v -0.019801 0.315744 0.008197
v -0.013258 0.320101 -0.003193
v -0.034425 0.323931 0.012564
v -0.018188 0.324845 -0.011005
v -0.052326 0.336587 -0.022674
v -0.023107 0.328371 -0.032218
v -0.012587 0.321878 -0.016843
v -0.011640 0.318141 -0.016797
v -0.017460 0.324374 -0.031202
v -0.016897 0.320842 -0.031304
v -0.024141 0.325131 -0.043520
v -0.038833 0.331059 -0.059473
v -0.065994 0.344451 -0.062297
v -0.038179 0.332504 -0.056411
v -0.054149 0.332320 -0.072840
v -0.061633 0.338310 -0.075828
v -0.096023 0.357171 -0.086064
v -0.079617 0.350407 -0.074896
v -0.102278 0.367725 -0.071197
v -0.109075 0.372745 -0.059754
v -0.099112 0.363649 -0.079966
v -0.099263 0.355964 -0.087904
v -0.125804 0.385713 -0.080227
v -0.130803 0.393883 -0.074902
v -0.148687 0.411397 -0.063873
v -0.152434 0.412776 -0.068171
v -0.156715 0.412677 -0.069092
v -0.167604 0.425889 -0.056400
v -0.171834 0.425623 -0.057674
v -0.174581 0.429111 -0.045416
v -0.159058 0.419720 -0.054131
v -0.165588 0.422275 -0.042975
v -0.132611 0.390461 -0.043263
v -0.165850 0.413270 -0.024464
v -0.175186 0.423662 -0.033183
v -0.179338 0.423418 -0.034695
v -0.170929 0.411924 -0.020838
v -0.174583 0.411228 -0.022229
v -0.161590 0.393076 -0.006481
v -0.156607 0.389966 -0.004383
v -0.145348 0.365554 0.010336
v -0.134775 0.345973 0.019620
v -0.124648 0.342574 0.022608
v -0.131962 0.355946 0.014333
v -0.132890 0.363295 0.007188
v -0.123794 0.368173 -0.009984
v -0.111507 0.341862 0.019662
v -0.104802 0.352550 -0.003864
v -0.091205 0.338979 0.012864
v -0.096263 0.328268 0.029170
v -0.114362 0.330775 0.027358
v -0.117279 0.329170 0.024525
v -0.122231 0.331211 0.015240
v -0.137533 0.344789 0.016528
v -0.136053 0.342509 0.008667
v -0.147700 0.355807 0.002615
v -0.106959 0.338953 -0.031982
v -0.083174 0.316964 0.012964
v -0.107640 0.323551 0.018636
v -0.092751 0.318922 0.022509
v -0.086302 0.325692 -0.020376
v -0.062307 0.318841 -0.022679
v -0.077013 0.330089 -0.064599
v -0.127532 0.367786 -0.074040
v -0.128344 0.355842 -0.037345
v -0.148267 0.374980 -0.038646
v -0.162947 0.383632 -0.021123
v -0.159767 0.394909 -0.052226
v -0.171563 0.412459 -0.052733
v -0.138098 0.380285 -0.074028
v -0.148347 0.394110 -0.072591
v -0.171480 0.419560 -0.058273
v -0.160005 0.410139 -0.067510
v -0.178477 0.422748 -0.047299
v -0.178913 0.429015 -0.046840
v -0.179061 0.417333 -0.035055
v -0.174657 0.405835 -0.022640
v -0.168586 0.396324 -0.012087
v -0.172905 0.400938 -0.026709
v -0.159595 0.374047 -0.004437
v -0.155623 0.370101 0.002443
v -0.153112 0.370989 0.005385
v -0.140000 0.390686 -0.077908
v -0.122812 0.368542 -0.082489
v -0.123755 0.379021 -0.083243
v -0.113341 0.363952 -0.086172
v -0.106901 0.351101 -0.080688
v -0.091255 0.340314 -0.079641
v -0.076217 0.332998 -0.076339
v -0.061920 0.326042 -0.066690
v -0.069836 0.333879 -0.079812
v -0.092602 0.346294 -0.086806
v -0.077647 0.341484 -0.084696
v -0.043705 0.322139 -0.056779
v -0.045106 0.326061 -0.063658
v -0.036744 0.327315 -0.057792
v -0.024291 0.319708 -0.039477
v -0.027839 0.316047 -0.030858
v -0.042653 0.317746 -0.038644
v -0.046508 0.313505 -0.005795
v -0.029194 0.312235 -0.001789
v -0.016462 0.315549 -0.018716
v -0.017154 0.313738 -0.005076
v -0.012152 0.316331 -0.003194
v -0.029910 0.313119 0.011472
v -0.054338 0.313182 0.017498
v -0.067820 0.314082 0.015448
v -0.063646 0.333285 0.006264
v -0.077904 0.343673 -0.013924
v -0.096884 0.356438 -0.027015
v -0.114458 0.372823 -0.039065
v -0.089404 0.356944 -0.050450
v -0.069272 0.345648 -0.043762
v -0.147356 0.390186 -0.013614
v -0.030082 0.330816 -0.045252
v 0.025807 0.315978 0.080750
v 0.029859 0.314590 0.067033
v 0.032288 0.316586 0.061323
v 0.026709 0.321975 0.096814
v 0.029477 0.324021 0.093935
v 0.031961 0.322439 0.074512
v 0.030257 0.324841 0.073767
v 0.029592 0.323167 0.062131
v 0.030197 0.316898 0.044374
v 0.028571 0.312360 0.038294
v 0.022508 0.314214 0.024563
v 0.022660 0.310415 0.023919
v 0.012864 0.313747 0.014728
v 0.023666 0.320045 0.038278
v 0.004103 0.318630 0.017416
v -0.014786 0.332980 0.047026
v -0.017725 0.321814 0.017379
v -0.000354 0.314958 0.011019
v -0.000045 0.311155 0.010467
v -0.015461 0.317362 0.012485
v -0.015383 0.313792 0.012255
v -0.028934 0.318271 0.016306
v -0.047753 0.324921 0.026655
v -0.056537 0.340604 0.051190
v -0.044646 0.326411 0.026528
v -0.064105 0.327076 0.038607
v -0.068721 0.333606 0.044679
v -0.086379 0.355115 0.074152
v -0.071852 0.347305 0.061206
v -0.073367 0.366726 0.082364
v -0.063724 0.372752 0.090911
v -0.081189 0.362064 0.077823
v -0.088849 0.354141 0.077031
v -0.087509 0.386428 0.101609
v -0.083510 0.395205 0.106812
v -0.076846 0.414654 0.124855
v -0.081867 0.416209 0.127458
v -0.083681 0.416464 0.131437
v -0.073827 0.431060 0.143441
v -0.075972 0.431131 0.147312
v -0.064643 0.435297 0.152239
v -0.069683 0.424229 0.136202
v -0.060225 0.427768 0.144665
v -0.052938 0.393112 0.115587
v -0.042054 0.419502 0.149697
v -0.052735 0.430373 0.155936
v -0.055097 0.430451 0.159679
v -0.039577 0.418754 0.155534
v -0.041705 0.418341 0.158861
v -0.023251 0.399673 0.151296
v -0.020086 0.396203 0.147192
v -0.002906 0.371423 0.141698
v 0.008741 0.351316 0.135259
v 0.013879 0.347126 0.126367
v 0.004016 0.360795 0.130446
v -0.003280 0.367933 0.129132
v -0.018186 0.371342 0.116187
v 0.013824 0.345122 0.113031
v -0.007894 0.354298 0.100509
v 0.011572 0.340169 0.092124
v 0.026591 0.330559 0.101520
v 0.020910 0.334626 0.118500
v 0.017546 0.333189 0.120893
v 0.007384 0.335331 0.123551
v 0.005150 0.350275 0.137401
v -0.002174 0.347586 0.134520
v -0.010792 0.361655 0.143291
v -0.035598 0.339939 0.097971
v 0.006740 0.325019 0.102879
v 0.013744 0.317536 0.086450
v 0.018382 0.323622 0.105607
v -0.029616 0.325619 0.075690
v -0.016636 0.316222 0.058440
v -0.081545 0.368968 0.106321
v -0.045684 0.358487 0.116015
v -0.051526 0.379289 0.133278
v -0.037690 0.389864 0.150430
v -0.067572 0.399670 0.139679
v -0.070874 0.418185 0.149358
v -0.083995 0.382364 0.115399
v -0.085008 0.397102 0.124343
v -0.076382 0.425044 0.147423
v -0.082798 0.414293 0.135216
v -0.067212 0.429248 0.156243
v -0.066959 0.435541 0.156161
v -0.055291 0.424357 0.159919
v -0.042035 0.412966 0.159365
v -0.030276 0.403334 0.156604
v -0.045556 0.407786 0.157271
v -0.020520 0.380628 0.151617
v -0.012886 0.376592 0.149587
v -0.009490 0.377356 0.147681
v -0.088361 0.392745 0.115429
v -0.088801 0.368985 0.099871
v -0.089908 0.379473 0.099622
v -0.090298 0.363427 0.090322
v -0.083356 0.350254 0.086452
v -0.078812 0.338141 0.072493
v -0.071003 0.329184 0.060290
v -0.059658 0.321754 0.048068
v -0.074295 0.329793 0.052242
v -0.086196 0.343954 0.071713
v -0.080858 0.337891 0.058076
v -0.046019 0.316581 0.032821
v -0.053101 0.320362 0.032353
v -0.045604 0.321067 0.025339
v -0.024929 0.313035 0.017829
v -0.017209 0.310025 0.023453
v -0.028010 0.312774 0.036054
v 0.003319 0.310095 0.047153
v 0.010956 0.307411 0.031282
v -0.002909 0.308942 0.015001
v 0.010295 0.307698 0.018732
v 0.013161 0.309894 0.014015
v 0.023740 0.308836 0.034696
v 0.024401 0.311328 0.059724
v 0.019501 0.313369 0.072317
v 0.011111 0.331769 0.064471
v -0.011824 0.342664 0.073073
v -0.028877 0.356610 0.087541
v -0.044669 0.374069 0.100513
v -0.050174 0.355585 0.075264
v -0.039153 0.342765 0.058181
v -0.027127 0.395249 0.136221
v -0.031988 0.324404 0.021173
v 0.070090 0.321555 -0.008533
v 0.067912 0.323035 -0.010649
v 0.049138 0.313258 -0.006278
v 0.064475 0.324301 -0.010915
v 0.060661 0.325316 -0.009599
v 0.044678 0.317040 -0.008245
v 0.044336 0.313993 -0.007918
v 0.030576 0.313522 -0.000920
v 0.030346 0.310418 -0.000607
v 0.023443 0.314010 0.008048
v 0.041017 0.319468 -0.003567
v 0.056577 0.333110 0.007724
v 0.041526 0.335781 0.039264
v 0.024903 0.322495 0.030933
v 0.020555 0.316050 0.022847
v 0.022576 0.317469 0.035018
v 0.026698 0.325756 0.047708
v 0.029622 0.330031 0.050999
v 0.036697 0.335465 0.065634
v 0.042265 0.337489 0.072582
v 0.051020 0.348462 0.078011
v 0.046999 0.345256 0.058353
v 0.053657 0.353368 0.072367
v 0.071518 0.374642 0.067744
v 0.066338 0.368338 0.077449
v 0.068674 0.369092 0.082110
v 0.066849 0.362556 0.084401
v 0.086133 0.397833 0.074335
v 0.098215 0.414578 0.065983
v 0.100412 0.416597 0.069702
v 0.103676 0.417385 0.070871
v 0.111198 0.429257 0.060825
v 0.114413 0.429922 0.062285
v 0.117293 0.432592 0.052463
v 0.110290 0.426779 0.054615
v 0.084397 0.381426 0.047082
v 0.115659 0.417346 0.035896
v 0.120111 0.427788 0.043085
v 0.123234 0.428468 0.044728
v 0.120275 0.417078 0.033585
v 0.116225 0.397632 0.021044
v 0.112094 0.374017 0.009349
v 0.108382 0.356110 0.002273
v 0.100676 0.352051 -0.000599
v 0.102560 0.370379 0.010969
v 0.092550 0.372982 0.023315
v 0.087451 0.354505 0.008732
v 0.071020 0.344049 0.011262
v 0.088377 0.345709 -0.000990
v 0.082932 0.334094 -0.008248
v 0.087379 0.333311 -0.007659
v 0.090027 0.332565 -0.004977
v 0.101124 0.343710 -0.002087
v 0.101004 0.342734 0.006694
v 0.110410 0.355851 0.005109
v 0.108828 0.354210 0.011456
v 0.114845 0.367177 0.016495
v 0.087275 0.332786 0.008414
v 0.085797 0.328713 -0.000812
v 0.082277 0.347577 0.041493
v 0.066770 0.321954 0.012330
v 0.049729 0.329112 0.058340
v 0.065396 0.348642 0.077634
v 0.095241 0.365431 0.046653
v 0.117620 0.384576 0.030076
v 0.111139 0.403056 0.058891
v 0.117132 0.419212 0.059223
v 0.089617 0.380055 0.076654
v 0.104120 0.409332 0.072327
v 0.115166 0.425091 0.063161
v 0.120924 0.432928 0.054391
v 0.124079 0.423622 0.045422
v 0.123968 0.418188 0.036863
v 0.122231 0.403863 0.027435
v 0.123155 0.409064 0.039275
v 0.120071 0.384168 0.021999
v 0.117537 0.379188 0.014295
v 0.093579 0.397233 0.077881
v 0.083611 0.376686 0.081458
v 0.081919 0.386961 0.080661
v 0.076617 0.371447 0.083816
v 0.074566 0.359890 0.079710
v 0.056243 0.338833 0.072418
v 0.045111 0.334191 0.071484
v 0.051847 0.341682 0.078197
v 0.063463 0.353584 0.083564
v 0.052925 0.346962 0.080705
v 0.035801 0.323569 0.055108
v 0.035182 0.327015 0.060326
v 0.033340 0.329391 0.061118
v 0.026199 0.316855 0.038409
v 0.031284 0.314003 0.031406
v 0.039820 0.322175 0.050206
v 0.048140 0.313225 0.011577
v 0.037614 0.309939 0.008508
v 0.021323 0.311019 0.017406
v 0.023697 0.309477 0.007789
v 0.034399 0.309368 0.001473
v 0.055823 0.314452 -0.003477
v 0.070236 0.320207 -0.004806
v 0.057248 0.345065 0.033484
v 0.074859 0.358551 0.029153
v 0.063416 0.359435 0.053274
v 0.106529 0.394928 0.026965
v -0.016185 0.301717 0.016683
v -0.011419 0.301979 0.018827
v -0.038720 0.311971 0.016547
v -0.036191 0.312577 0.019039
v -0.021060 0.308271 0.020126
v -0.016039 0.309145 0.019005
v 0.002051 0.300398 0.016824
v 0.006263 0.296461 0.014469
v 0.017432 0.297309 0.009787
v 0.017427 0.294290 0.009106
v 0.025237 0.297646 0.001955
v 0.007358 0.303347 0.012248
v 0.023850 0.303552 -0.003762
v 0.002535 0.322370 -0.014670
v 0.023132 0.314171 -0.027311
v 0.028455 0.300821 -0.008142
v 0.028295 0.303601 -0.018315
v 0.024979 0.309986 -0.029480
v 0.000650 0.337411 -0.045363
v 0.018443 0.320378 -0.040961
v 0.008845 0.326974 -0.054349
v 0.004966 0.333728 -0.056423
v -0.015285 0.357742 -0.064906
v -0.006229 0.347040 -0.055593
v -0.022709 0.367513 -0.049403
v -0.017296 0.362461 -0.059354
v -0.017672 0.357893 -0.066947
v -0.035729 0.392114 -0.053562
v -0.047435 0.407988 -0.043913
v -0.049238 0.410564 -0.047418
v -0.052336 0.411664 -0.048667
v -0.059949 0.422365 -0.037704
v -0.062983 0.423379 -0.039250
v -0.066420 0.424866 -0.029478
v -0.059613 0.419080 -0.031920
v -0.036424 0.371767 -0.029039
v -0.066749 0.407775 -0.015285
v -0.070119 0.419125 -0.021162
v -0.073048 0.420172 -0.022879
v -0.071491 0.407465 -0.013364
v -0.069350 0.386655 -0.003514
v -0.067277 0.361859 0.004953
v -0.065006 0.343226 0.009672
v -0.057770 0.338332 0.012477
v -0.057803 0.357600 0.003614
v -0.046965 0.361576 -0.007583
v -0.048304 0.334483 0.011752
v -0.036960 0.344335 -0.003527
v -0.032412 0.328388 0.008435
v -0.041281 0.319179 0.018348
v -0.054114 0.325722 0.015228
v -0.056171 0.325641 0.012386
v -0.057892 0.329739 0.005019
v -0.066810 0.343460 0.006730
v -0.064827 0.342543 0.000421
v -0.069786 0.356245 -0.003132
v -0.036642 0.338778 -0.028033
v -0.047711 0.319092 0.007177
v -0.037637 0.311346 0.009938
v -0.021004 0.323635 -0.026931
v -0.048318 0.357438 -0.031556
v -0.067842 0.394494 -0.028735
v -0.066398 0.412703 -0.037911
v -0.050154 0.387787 -0.050770
v -0.053063 0.404043 -0.051215
v -0.063890 0.418829 -0.040819
v -0.069846 0.425639 -0.031554
v -0.074060 0.415589 -0.024278
v -0.074840 0.409179 -0.016659
v -0.074506 0.393898 -0.009301
v -0.074294 0.400558 -0.020214
v -0.073763 0.374475 -0.007436
v -0.072030 0.367845 0.000471
v -0.042835 0.392387 -0.057604
v -0.038094 0.379115 -0.061039
v -0.031639 0.382106 -0.060947
v -0.026918 0.367054 -0.065807
v -0.034564 0.369363 -0.061918
v -0.025701 0.355036 -0.063241
v -0.016336 0.342984 -0.062580
v -0.007963 0.332899 -0.058692
v 0.001172 0.322175 -0.050624
v -0.001483 0.332977 -0.061331
v -0.014866 0.348853 -0.067128
v -0.004945 0.341301 -0.064598
v 0.011840 0.314435 -0.042640
v 0.014543 0.318782 -0.046660
v 0.023030 0.305357 -0.027413
v 0.018104 0.302203 -0.021900
v 0.007059 0.310882 -0.033710
v 0.011301 0.295402 -0.000394
v 0.027761 0.296779 -0.008040
v 0.024805 0.294102 0.001121
v 0.008677 0.294293 0.009902
v -0.020270 0.302406 0.013197
v -0.012304 0.300883 0.006022
v -0.011665 0.318391 0.005619
v -0.016790 0.332616 -0.009693
v -0.026196 0.348732 -0.019661
v -0.016428 0.350736 -0.036709
v -0.004747 0.336384 -0.031255
v -0.059502 0.384358 -0.009062
vn -0.0000 -0.1928 -0.9812
vn -0.0000 -0.5500 -0.8352
vn -0.0000 -0.8258 -0.5639
vn -0.0000 -0.9195 -0.3930
vn -0.0000 -0.9784 -0.2068
vn -0.0000 -1.0000 -0.0000
vn 0.3827 -0.0000 -0.9239
vn 0.3755 -0.1928 -0.9065
vn 0.3542 -0.3784 -0.8552
vn 0.3196 -0.5500 -0.7716
vn 0.2729 -0.7011 -0.6588
vn 0.2158 -0.8258 -0.5210
vn 0.1504 -0.9195 -0.3631
vn 0.0791 -0.9784 -0.1911
vn 0.7071 -0.0000 -0.7071
vn 0.6938 -0.1928 -0.6938
vn 0.6545 -0.3784 -0.6545
vn 0.5905 -0.5500 -0.5905
vn 0.5042 -0.7011 -0.5042
vn 0.3987 -0.8258 -0.3987
vn 0.2779 -0.9195 -0.2779
vn 0.1462 -0.9784 -0.1462
vn 0.9239 -0.0000 -0.3827
vn 0.9065 -0.1928 -0.3755
vn 0.8552 -0.3784 -0.3542
vn 0.7716 -0.5500 -0.3196
vn 0.6588 -0.7011 -0.2729
vn 0.5210 -0.8258 -0.2158
vn 0.3631 -0.9195 -0.1504
vn 0.1911 -0.9784 -0.0791
vn 1.0000 -0.0000 -0.0000
vn 0.9812 -0.1928 -0.0000
vn 0.9256 -0.3784 -0.0000
vn 0.8352 -0.5500 -0.0000
vn 0.7131 -0.7011 -0.0000
vn 0.5639 -0.8258 -0.0000
vn 0.3930 -0.9195 -0.0000
vn 0.2068 -0.9784 -0.0000
vn 0.9239 -0.0000 0.3827
vn 0.9065 -0.1928 0.3755
vn 0.8552 -0.3784 0.3542
vn 0.7716 -0.5500 0.3196
vn 0.6588 -0.7011 0.2729
vn 0.5210 -0.8258 0.2158
vn 0.3631 -0.9195 0.1504
vn 0.1911 -0.9784 0.0791
vn 0.7071 -0.0000 0.7071
vn 0.6938 -0.1928 0.6938
vn 0.6545 -0.3784 0.6545
vn 0.5905 -0.5500 0.5905
vn 0.5042 -0.7011 0.5042
vn 0.3987 -0.8258 0.3987
vn 0.2779 -0.9195 0.2779
vn 0.1462 -0.9784 0.1462
vn 0.3827 -0.0000 0.9239
vn 0.3755 -0.1928 0.9065
vn 0.3542 -0.3784 0.8552
vn 0.3196 -0.5500 0.7716
vn 0.2729 -0.7011 0.6588
vn 0.2158 -0.8258 0.5210
vn 0.1504 -0.9195 0.3631
vn 0.0791 -0.9784 0.1911
vn -0.0000 -0.0000 1.0000
vn -0.0000 -0.1928 0.9812
vn -0.0000 -0.3784 0.9256
vn -0.0000 -0.5500 0.8352
vn -0.0000 -0.7011 0.7131
vn -0.0000 -0.8258 0.5639
vn -0.0000 -0.9195 0.3930
vn -0.0000 -0.9784 0.2068
vn -0.3827 -0.0000 0.9239
vn -0.3755 -0.1928 0.9065
vn -0.3542 -0.3784 0.8552
vn -0.3196 -0.5500 0.7716
vn -0.2729 -0.7011 0.6588
vn -0.2158 -0.8258 0.5210
vn -0.1504 -0.9195 0.3631
vn -0.0791 -0.9784 0.1911
vn -0.7071 -0.0000 0.7071
vn -0.6938 -0.1928 0.6938
vn -0.6545 -0.3784 0.6545
vn -0.5905 -0.5500 0.5905
vn -0.5042 -0.7011 0.5042
vn -0.3987 -0.8258 0.3987
vn -0.2779 -0.9195 0.2779
vn -0.1462 -0.9784 0.1462
vn -0.9239 -0.0000 0.3827
vn -0.9065 -0.1928 0.3755
vn -0.8552 -0.3784 0.3542
vn -0.7716 -0.5500 0.3196
vn -0.6588 -0.7011 0.2729
vn -0.5210 -0.8258 0.2158
vn -0.3631 -0.9195 0.1504
vn -0.1911 -0.9784 0.0791
vn -1.0000 -0.0000 -0.0000
vn -0.9812 -0.1928 -0.0000
vn -0.9256 -0.3784 -0.0000
vn -0.8352 -0.5500 -0.0000
vn -0.7131 -0.7011 -0.0000
vn -0.5639 -0.8258 -0.0000
vn -0.3930 -0.9195 -0.0000
vn -0.2068 -0.9784 -0.0000
vn -0.9239 -0.0000 -0.3827
vn -0.9065 -0.1928 -0.3755
vn -0.8552 -0.3784 -0.3542
vn -0.7716 -0.5500 -0.3196
vn -0.6588 -0.7011 -0.2729
vn -0.5210 -0.8258 -0.2158
vn -0.3631 -0.9195 -0.1504
vn -0.1911 -0.9784 -0.0791
vn -0.7071 -0.0000 -0.7071
vn -0.6938 -0.1928 -0.6938
vn -0.6545 -0.3784 -0.6545
vn -0.5905 -0.5500 -0.5905
vn -0.5042 -0.7011 -0.5042
vn -0.3987 -0.8258 -0.3987
vn -0.2779 -0.9195 -0.2779
vn -0.1462 -0.9784 -0.1462
vn -0.3827 -0.0000 -0.9239
vn -0.3755 -0.1928 -0.9065
vn -0.3542 -0.3784 -0.8552
vn -0.3196 -0.5500 -0.7716
vn -0.2729 -0.7011 -0.6588
vn -0.2158 -0.8258 -0.5210
vn -0.1504 -0.9195 -0.3631
vn -0.0791 -0.9784 -0.1911
vn -0.0000 -0.0000 -1.0000
vn -0.0000 -0.3784 -0.9256
vn -0.0000 -0.7011 -0.7131
vn -0.0000 0.1932 0.9812
vn -0.0000 0.5510 0.8345
vn -0.0000 0.8269 0.5624
vn -0.0000 0.9203 0.3911
vn -0.0000 0.9787 0.2051
vn -0.0000 1.0000 -0.0000
vn -0.3827 -0.0020 0.9239
vn -0.3755 0.1932 0.9065
vn -0.3541 0.3792 0.8549
vn -0.3193 0.5510 0.7710
vn -0.2725 0.7022 0.6578
vn -0.2152 0.8269 0.5196
vn -0.1497 0.9203 0.3613
vn -0.0785 0.9787 0.1895
vn -0.7071 -0.0020 0.7071
vn -0.6938 0.1932 0.6938
vn -0.6543 0.3792 0.6543
vn -0.5901 0.5510 0.5901
vn -0.5035 0.7022 0.5035
vn -0.3977 0.8269 0.3977
vn -0.2766 0.9203 0.2766
vn -0.1450 0.9787 0.1450
vn -0.9239 -0.0020 0.3827
vn -0.9065 0.1932 0.3755
vn -0.8549 0.3792 0.3541
vn -0.7710 0.5510 0.3193
vn -0.6578 0.7022 0.2725
vn -0.5196 0.8269 0.2152
vn -0.3613 0.9203 0.1497
vn -0.1895 0.9787 0.0785
vn -1.0000 -0.0020 -0.0000
vn -0.9812 0.1932 -0.0000
vn -0.9253 0.3792 -0.0000
vn -0.8345 0.5510 -0.0000
vn -0.7120 0.7022 -0.0000
vn -0.5624 0.8269 -0.0000
vn -0.3911 0.9203 -0.0000
vn -0.2051 0.9787 -0.0000
vn -0.9239 -0.0020 -0.3827
vn -0.9065 0.1932 -0.3755
vn -0.8549 0.3792 -0.3541
vn -0.7710 0.5510 -0.3193
vn -0.6578 0.7022 -0.2725
vn -0.5196 0.8269 -0.2152
vn -0.3613 0.9203 -0.1497
vn -0.1895 0.9787 -0.0785
vn -0.7071 -0.0020 -0.7071
vn -0.6938 0.1932 -0.6938
vn -0.6543 0.3792 -0.6543
vn -0.5901 0.5510 -0.5901
vn -0.5035 0.7022 -0.5035
vn -0.3977 0.8269 -0.3977
vn -0.2766 0.9203 -0.2766
vn -0.1450 0.9787 -0.1450
vn -0.3827 -0.0020 -0.9239
vn -0.3755 0.1932 -0.9065
vn -0.3541 0.3792 -0.8549
vn -0.3193 0.5510 -0.7710
vn -0.2725 0.7022 -0.6578
vn -0.2152 0.8269 -0.5196
vn -0.1497 0.9203 -0.3613
vn -0.0785 0.9787 -0.1895
vn -0.0000 -0.0020 -1.0000
vn -0.0000 0.1932 -0.9812
vn -0.0000 0.3792 -0.9253
vn -0.0000 0.5510 -0.8345
vn -0.0000 0.7022 -0.7120
vn -0.0000 0.8269 -0.5624
vn -0.0000 0.9203 -0.3911
vn -0.0000 0.9787 -0.2051
vn 0.3827 -0.0020 -0.9239
vn 0.3755 0.1932 -0.9065
vn 0.3541 0.3792 -0.8549
vn 0.3193 0.5510 -0.7710
vn 0.2725 0.7022 -0.6578
vn 0.2152 0.8269 -0.5196
vn 0.1497 0.9203 -0.3613
vn 0.0785 0.9787 -0.1895
vn 0.7071 -0.0020 -0.7071
vn 0.6938 0.1932 -0.6938
vn 0.6543 0.3792 -0.6543
vn 0.5901 0.5510 -0.5901
vn 0.5035 0.7022 -0.5035
vn 0.3977 0.8269 -0.3977
vn 0.2766 0.9203 -0.2766
vn 0.1450 0.9787 -0.1450
vn 0.9239 -0.0020 -0.3827
vn 0.9065 0.1932 -0.3755
vn 0.8549 0.3792 -0.3541
vn 0.7710 0.5510 -0.3193
vn 0.6578 0.7022 -0.2725
vn 0.5196 0.8269 -0.2152
vn 0.3613 0.9203 -0.1497
vn 0.1895 0.9787 -0.0785
vn 1.0000 -0.0020 -0.0000
vn 0.9812 0.1932 -0.0000
vn 0.9253 0.3792 -0.0000
vn 0.8345 0.5510 -0.0000
vn 0.7120 0.7022 -0.0000
vn 0.5624 0.8269 -0.0000
vn 0.3911 0.9203 -0.0000
vn 0.2051 0.9787 -0.0000
vn 0.9239 -0.0020 0.3827
vn 0.9065 0.1932 0.3755
vn 0.8549 0.3792 0.3541
vn 0.7710 0.5510 0.3193
vn 0.6578 0.7022 0.2725
vn 0.5196 0.8269 0.2152
vn 0.3613 0.9203 0.1497
vn 0.1895 0.9787 0.0785
vn 0.7071 -0.0020 0.7071
vn 0.6938 0.1932 0.6938
vn 0.6543 0.3792 0.6543
vn 0.5901 0.5510 0.5901
vn 0.5035 0.7022 0.5035
vn 0.3977 0.8269 0.3977
vn 0.2766 0.9203 0.2766
vn 0.1450 0.9787 0.1450
vn 0.3827 -0.0020 0.9239
vn 0.3755 0.1932 0.9065
vn 0.3541 0.3792 0.8549
vn 0.3193 0.5510 0.7710
vn 0.2725 0.7022 0.6578
vn 0.2152 0.8269 0.5196
vn 0.1497 0.9203 0.3613
vn 0.0785 0.9787 0.1895
vn -0.0000 -0.0020 1.0000
vn -0.0000 0.3792 0.9253
vn -0.0000 0.7022 0.7120
vn 0.0443 0.9548 -0.2941
vn -0.0000 0.4694 -0.8830
vn -0.0443 0.9548 -0.2941
vn 0.0717 0.9548 -0.2886
vn 0.1534 0.9548 -0.2548
vn 0.3379 0.4694 -0.8158
vn 0.1767 0.9547 -0.2393
vn 0.2393 0.9548 -0.1767
vn 0.6244 0.4694 -0.6244
vn 0.2548 0.9548 -0.1534
vn 0.2886 0.9548 -0.0717
vn 0.8158 0.4694 -0.3379
vn 0.2941 0.9547 -0.0443
vn 0.2941 0.9548 0.0443
vn 0.8830 0.4694 -0.0000
vn 0.2886 0.9548 0.0717
vn 0.2548 0.9548 0.1534
vn 0.8158 0.4694 0.3379
vn 0.2393 0.9548 0.1767
vn 0.1767 0.9547 0.2393
vn 0.6244 0.4694 0.6244
vn 0.1534 0.9548 0.2548
vn 0.0717 0.9548 0.2886
vn 0.3379 0.4694 0.8158
vn 0.0443 0.9548 0.2941
vn -0.0443 0.9548 0.2941
vn -0.0000 0.4694 0.8830
vn -0.0717 0.9548 0.2886
vn -0.1534 0.9547 0.2548
vn -0.3379 0.4694 0.8158
vn -0.1767 0.9548 0.2393
vn -0.2393 0.9547 0.1767
vn -0.6244 0.4694 0.6244
vn -0.2548 0.9548 0.1534
vn -0.2886 0.9548 0.0717
vn -0.8158 0.4694 0.3379
vn -0.2941 0.9548 0.0443
vn -0.2941 0.9547 -0.0443
vn -0.8830 0.4694 -0.0000
vn -0.2886 0.9548 -0.0717
vn -0.2548 0.9548 -0.1534
vn -0.8158 0.4694 -0.3379
vn -0.2393 0.9548 -0.1767
vn -0.1767 0.9548 -0.2393
vn -0.6244 0.4694 -0.6244
vn -0.1534 0.9548 -0.2548
vn -0.0717 0.9547 -0.2887
vn -0.3379 0.4694 -0.8158
vn -0.0605 0.8845 0.4627
vn 0.0605 0.8845 0.4627
vn -0.0000 0.2830 0.9591
vn -0.1211 0.8845 0.4506
vn -0.3670 0.2830 0.8861
vn -0.2330 0.8845 0.4043
vn -0.2843 0.8845 0.3700
vn -0.6782 0.2830 0.6782
vn -0.3700 0.8845 0.2843
vn -0.4043 0.8845 0.2330
vn -0.8861 0.2830 0.3670
vn -0.4506 0.8845 0.1211
vn -0.4627 0.8845 0.0605
vn -0.9591 0.2830 -0.0000
vn -0.4627 0.8845 -0.0605
vn -0.4506 0.8845 -0.1211
vn -0.8861 0.2830 -0.3670
vn -0.4043 0.8845 -0.2330
vn -0.3700 0.8845 -0.2843
vn -0.6782 0.2830 -0.6782
vn -0.2843 0.8845 -0.3700
vn -0.2330 0.8845 -0.4043
vn -0.3670 0.2830 -0.8861
vn -0.1211 0.8845 -0.4506
vn -0.0605 0.8845 -0.4627
vn -0.0000 0.2830 -0.9591
vn 0.0605 0.8845 -0.4627
vn 0.1211 0.8845 -0.4506
vn 0.3670 0.2830 -0.8861
vn 0.2330 0.8845 -0.4043
vn 0.2843 0.8845 -0.3700
vn 0.6782 0.2830 -0.6782
vn 0.3700 0.8845 -0.2843
vn 0.4043 0.8845 -0.2330
vn 0.8861 0.2830 -0.3670
vn 0.4506 0.8845 -0.1211
vn 0.4627 0.8845 -0.0605
vn 0.9591 0.2830 -0.0000
vn 0.4627 0.8845 0.0605
vn 0.4506 0.8845 0.1211
vn 0.8861 0.2830 0.3670
vn 0.4043 0.8845 0.2330
vn 0.3700 0.8845 0.2843
vn 0.6782 0.2830 0.6782
vn 0.2843 0.8845 0.3700
vn 0.2330 0.8845 0.4043
vn 0.3670 0.2830 0.8861
vn 0.1211 0.8845 0.4506
vn 0.3807 0.1022 -0.9190
vn 0.7034 0.1023 -0.7034
vn 0.9190 0.1023 -0.3807
vn 0.9948 0.1023 -0.0000
vn 0.9190 0.1023 0.3807
vn 0.7034 0.1022 0.7034
vn 0.3807 0.1023 0.9190
vn -0.0000 0.1023 0.9948
vn -0.3807 0.1023 0.9190
vn -0.7034 0.1023 0.7034
vn -0.9190 0.1023 0.3807
vn -0.9948 0.1022 -0.0000
vn -0.9190 0.1023 -0.3807
vn -0.7034 0.1023 -0.7034
vn -0.3807 0.1022 -0.9190
vn -0.0000 0.1023 -0.9948
vn -0.0000 0.9902 -0.1396
vn -0.0000 0.2261 -0.9741
vn -0.0000 0.8713 -0.4907
vn -0.0000 0.5536 -0.8328
vn 0.0534 0.9902 -0.1290
vn 0.3728 0.2261 -0.9000
vn 0.1878 0.8713 -0.4534
vn 0.3187 0.5537 -0.7694
vn 0.0987 0.9902 -0.0987
vn 0.6888 0.2261 -0.6888
vn 0.3470 0.8713 -0.3470
vn 0.5888 0.5536 -0.5888
vn 0.1290 0.9902 -0.0534
vn 0.9000 0.2261 -0.3728
vn 0.4534 0.8713 -0.1878
vn 0.7694 0.5536 -0.3187
vn 0.1396 0.9902 -0.0000
vn 0.9741 0.2261 -0.0000
vn 0.4907 0.8713 -0.0000
vn 0.8327 0.5536 -0.0000
vn 0.1290 0.9902 0.0534
vn 0.9000 0.2261 0.3728
vn 0.4534 0.8713 0.1878
vn 0.7694 0.5536 0.3187
vn 0.0987 0.9902 0.0987
vn 0.6888 0.2261 0.6888
vn 0.3470 0.8713 0.3470
vn 0.5888 0.5537 0.5888
vn 0.0534 0.9902 0.1290
vn 0.3728 0.2261 0.9000
vn 0.1878 0.8713 0.4534
vn 0.3187 0.5536 0.7694
vn -0.0000 0.9902 0.1396
vn -0.0000 0.2261 0.9741
vn -0.0000 0.8713 0.4907
vn -0.0000 0.5536 0.8328
vn -0.0534 0.9902 0.1290
vn -0.3728 0.2261 0.9000
vn -0.1878 0.8713 0.4534
vn -0.3187 0.5536 0.7694
vn -0.0987 0.9902 0.0987
vn -0.6888 0.2261 0.6888
vn -0.3470 0.8713 0.3470
vn -0.5888 0.5536 0.5888
vn -0.1290 0.9902 0.0534
vn -0.9000 0.2261 0.3728
vn -0.4534 0.8713 0.1878
vn -0.7694 0.5536 0.3187
vn -0.1396 0.9902 -0.0000
vn -0.9741 0.2261 -0.0000
vn -0.4907 0.8713 -0.0000
vn -0.8327 0.5536 -0.0000
vn -0.1290 0.9902 -0.0534
vn -0.9000 0.2261 -0.3728
vn -0.4534 0.8713 -0.1878
vn -0.7694 0.5536 -0.3187
vn -0.0987 0.9902 -0.0987
vn -0.6888 0.2261 -0.6888
vn -0.3470 0.8713 -0.3470
vn -0.5888 0.5537 -0.5888
vn -0.0534 0.9902 -0.1290
vn -0.3728 0.2261 -0.9000
vn -0.1878 0.8713 -0.4534
vn -0.3187 0.5536 -0.7694
vn -0.2332 -0.8884 0.3955
vn -0.9500 -0.3121 0.0026
vn -0.4159 -0.3798 -0.8263
vn -0.0329 -0.9976 0.0611
vn -0.7464 -0.4340 -0.5045
vn -0.5639 -0.8165 -0.1239
vn 0.1005 0.7459 0.6585
vn 0.5734 0.7552 0.3176
vn 0.4948 0.8258 0.2705
vn -0.1053 -0.9556 0.2753
vn -0.6665 -0.7205 -0.1917
vn -0.8066 -0.5717 -0.1500
vn -0.8860 -0.4572 -0.0774
vn -0.5750 -0.3800 -0.7245
vn -0.2355 -0.8972 -0.3737
vn -0.0120 -0.9305 -0.3662
vn 0.2012 -0.9284 -0.3123
vn 0.0842 -0.9899 -0.1142
vn -0.8759 -0.4213 -0.2350
vn -0.3669 -0.9085 -0.2000
vn -0.2515 -0.9599 -0.1241
vn -0.1296 -0.9889 -0.0720
vn -0.3307 -0.9415 0.0655
vn -0.4302 -0.9023 -0.0284
vn -0.4889 -0.5789 -0.6526
vn -0.5137 -0.7097 -0.4821
vn -0.7125 -0.5505 -0.4350
vn -0.6698 -0.6420 -0.3731
vn -0.5985 -0.7307 -0.3283
vn -0.4950 -0.8270 -0.2665
vn -0.4025 -0.8254 -0.3959
vn 0.2990 0.8650 0.4031
vn 0.1791 0.7666 0.6167
vn 0.1669 0.6865 0.7077
vn 0.1264 0.6820 0.7203
vn 0.6576 0.7401 0.1405
vn 0.6857 0.7278 0.0116
vn 0.6847 0.6674 -0.2929
vn 0.6731 0.6924 -0.2600
vn 0.5348 0.8436 -0.0480
vn 0.3082 0.7311 0.6087
vn 0.4712 0.7459 0.4707
vn 0.3686 0.8982 0.2397
vn 0.3365 0.9318 0.1360
vn 0.4358 0.8848 0.1647
vn 0.1594 0.7743 0.6124
vn 0.7022 0.6702 -0.2405
vn 0.6435 0.6933 0.3243
vn 0.5993 0.7458 0.2910
vn 0.3151 0.8026 0.5064
vn 0.4163 0.8229 0.3867
vn 0.5626 0.8164 0.1307
vn 0.6125 0.7778 -0.1412
vn -0.1472 -0.7273 0.6703
vn 0.0374 -0.1913 0.9808
vn -0.0284 0.2437 0.9694
vn -0.9347 -0.1539 0.3203
vn -0.7130 0.2250 0.6640
vn -0.3742 0.5644 0.7359
vn 0.4663 -0.7085 -0.5297
vn 0.7805 -0.3538 -0.5154
vn 0.8141 0.2948 -0.5003
vn -0.1752 -0.0507 -0.9832
vn 0.1690 0.1373 -0.9760
vn 0.5054 0.4834 -0.7148
vn 0.2297 -0.9629 0.1418
vn 0.7883 -0.4060 0.4623
vn 0.7129 0.5636 0.4172
vn -0.8593 -0.1680 -0.4831
vn -0.5979 0.7169 -0.3587
vn 0.2300 0.9666 0.1132
vn -0.7235 -0.5664 0.3945
vn -0.5014 -0.0775 0.8617
vn -0.1802 0.5000 0.8471
vn -0.0210 -0.5928 -0.8051
vn 0.4882 -0.1180 -0.8647
vn 0.6312 0.4627 -0.6224
vn -0.6364 -0.6318 -0.4424
vn -0.6403 -0.5387 -0.5477
vn -0.7683 -0.5511 -0.3257
vn -0.1877 -0.9815 0.0369
vn -0.1996 -0.9642 -0.1746
vn -0.3599 -0.9125 -0.1946
vn -0.0731 -0.9837 -0.1643
vn 0.6609 0.7316 0.1673
vn 0.6883 0.7244 0.0389
vn 0.3849 0.7160 0.5824
vn 0.5098 0.7425 0.4345
vn 0.5272 0.6954 0.4883
vn 0.2674 0.9277 0.2606
vn 0.2616 0.8828 0.3902
vn 0.6321 0.7616 -0.1433
vn 0.4664 0.8846 0.0010
vn 0.4408 0.8923 0.0976
vn 0.0013 -0.8725 0.4886
vn 0.1003 -0.9285 0.3575
vn 0.2670 -0.3253 0.9071
vn 0.5016 -0.3958 0.7692
vn 0.2401 0.3998 0.8846
vn 0.5076 0.5562 0.6581
vn -0.8635 -0.4069 0.2978
vn -0.6316 0.1042 0.7682
vn -0.2976 0.4948 0.8164
vn -0.4911 -0.1631 -0.8557
vn -0.6155 -0.1679 -0.7701
vn 0.0302 0.3478 -0.9371
vn -0.2482 0.5511 -0.7967
vn 0.5247 0.6740 -0.5200
vn 0.4511 0.8511 -0.2685
vn 0.2357 -0.6864 -0.6880
vn 0.6702 -0.2517 -0.6982
vn 0.7023 0.4358 -0.5629
vn 0.3235 -0.9447 -0.0539
vn 0.5036 -0.8085 -0.3046
vn 0.9102 -0.4097 0.0604
vn 0.8788 -0.4250 -0.2168
vn 0.9226 0.0173 -0.3854
vn 0.8546 0.5138 0.0755
vn 0.8835 0.4448 -0.1471
vn -0.9681 -0.1781 -0.1762
vn -0.9880 -0.1352 0.0748
vn -0.9046 0.1393 0.4028
vn -0.8037 0.5719 0.1642
vn -0.8102 0.3887 0.4388
vn 0.0094 0.8692 0.4943
vn -0.1616 0.7277 0.6666
vn -0.5186 -0.6935 0.5001
vn -0.3922 -0.7011 0.5955
vn -0.2249 -0.1356 0.9649
vn -0.1353 0.4526 0.8814
vn -0.1408 -0.5189 -0.8432
vn -0.1178 -0.2509 -0.9608
vn 0.2859 0.0319 -0.9577
vn -0.0128 -0.8944 0.4471
vn -0.8126 -0.3121 0.4921
vn -0.7824 -0.3798 -0.4935
vn 0.0033 -0.9976 0.0694
vn -0.8997 -0.4340 -0.0474
vn -0.5470 -0.8165 0.1846
vn 0.4256 0.7459 0.5124
vn 0.6551 0.7552 -0.0235
vn 0.5634 0.8258 -0.0234
vn 0.0517 -0.9556 0.2902
vn -0.6699 -0.7205 0.1794
vn -0.7685 -0.5717 0.2874
vn -0.7990 -0.4572 0.3906
vn -0.8663 -0.3800 -0.3243
vn -0.3945 -0.8972 -0.1988
vn -0.1991 -0.9305 -0.3075
vn 0.0114 -0.9284 -0.3713
vn 0.0132 -0.9899 -0.1413
vn -0.8717 -0.4213 0.2503
vn -0.4188 -0.9079 0.0160
vn -0.2785 -0.9602 0.0212
vn -0.1482 -0.9889 0.0051
vn -0.2179 -0.9252 0.3108
vn -0.3925 -0.8997 0.1912
vn -0.7554 -0.5789 -0.3071
vn -0.6887 -0.7097 -0.1482
vn -0.8348 -0.5505 -0.0053
vn -0.7663 -0.6420 0.0257
vn -0.6821 -0.7307 0.0273
vn -0.5616 -0.8270 0.0269
vn -0.5490 -0.8254 -0.1317
vn 0.4640 0.8650 0.1912
vn 0.4714 0.7666 0.4360
vn 0.5079 0.6865 0.5203
vn 0.4797 0.6820 0.5520
vn 0.6359 0.7401 -0.2187
vn 0.5935 0.7278 -0.3436
vn 0.4356 0.6674 -0.6040
vn 0.4426 0.6924 -0.5698
vn 0.4335 0.8436 -0.3169
vn 0.5779 0.7311 0.3626
vn 0.6464 0.7459 0.1604
vn 0.4394 0.8982 0.0153
vn 0.3585 0.9318 -0.0570
vn 0.4583 0.8848 -0.0836
vn 0.4523 0.7743 0.4425
vn 0.4776 0.6702 -0.5681
vn 0.7186 0.6933 -0.0539
vn 0.6635 0.7458 -0.0597
vn 0.5311 0.8026 0.2714
vn 0.5560 0.8229 0.1167
vn 0.5494 0.8164 -0.1781
vn 0.4520 0.7778 -0.4368
vn 0.2195 -0.7273 0.6502
vn 0.5378 -0.1913 0.8211
vn 0.4755 0.2437 0.8453
vn -0.6357 -0.1539 0.7564
vn -0.2685 0.2250 0.9366
vn 0.0589 0.5643 0.8234
vn 0.1264 -0.7085 -0.6943
vn 0.4030 -0.3539 -0.8440
vn 0.4396 0.2948 -0.8485
vn -0.6571 -0.0507 -0.7521
vn -0.3585 0.1373 -0.9234
vn 0.0644 0.4834 -0.8730
vn 0.2699 -0.9629 0.0030
vn 0.9138 -0.4060 -0.0103
vn 0.8260 0.5636 -0.0102
vn -0.9854 -0.1680 0.0292
vn -0.6972 0.7169 0.0010
vn 0.2554 0.9666 -0.0216
vn -0.4165 -0.5664 0.7111
vn 0.0148 -0.0776 0.9969
vn 0.2824 0.5000 0.8187
vn -0.4331 -0.5928 -0.6790
vn -0.0276 -0.1180 -0.9926
vn 0.2199 0.4627 -0.8588
vn -0.7734 -0.6318 -0.0509
vn -0.8310 -0.5387 -0.1391
vn -0.8262 -0.5511 0.1171
vn -0.1384 -0.9817 0.1311
vn -0.2721 -0.9587 0.0828
vn -0.2610 -0.9642 -0.0467
vn -0.4087 -0.9125 0.0188
vn -0.1473 -0.9837 -0.1031
vn 0.6525 0.7316 -0.1974
vn 0.6098 0.7244 -0.3216
vn 0.6301 0.7160 0.3005
vn 0.6608 0.7425 0.1094
vn 0.7035 0.6954 0.1466
vn 0.3634 0.9277 0.0854
vn 0.4254 0.8828 0.1995
vn 0.4677 0.7616 -0.4487
vn 0.4001 0.8846 -0.2397
vn 0.4280 0.8923 -0.1436
vn 0.2531 -0.8725 0.4180
vn 0.2703 -0.9285 0.2546
vn 0.6965 -0.3253 0.6395
vn 0.8264 -0.3958 0.4004
vn 0.6618 0.3998 0.6341
vn 0.7742 0.5562 0.3021
vn -0.5863 -0.4070 0.7004
vn -0.1451 0.1042 0.9839
vn 0.1660 0.4948 0.8530
vn -0.8620 -0.1631 -0.4799
vn -0.9244 -0.1678 -0.3425
vn -0.4573 0.3478 -0.8185
vn -0.6235 0.5511 -0.5546
vn 0.1814 0.6740 -0.7161
vn 0.2481 0.8511 -0.4626
vn -0.1528 -0.6864 -0.7110
vn 0.2142 -0.2517 -0.9438
vn 0.3115 0.4358 -0.8444
vn 0.2494 -0.9447 -0.2130
vn 0.2744 -0.8085 -0.5206
vn 0.8110 -0.4097 -0.4176
vn 0.6412 -0.4250 -0.6389
vn 0.5918 0.0173 -0.8059
vn 0.7711 0.5138 -0.3759
vn 0.6811 0.4448 -0.5816
vn -0.9203 -0.1780 0.3483
vn -0.8080 -0.1352 0.5735
vn -0.5674 0.1393 0.8116
vn -0.6040 0.5719 0.5551
vn -0.4679 0.3887 0.7937
vn 0.2630 0.8692 0.4187
vn 0.2053 0.7277 0.6545
vn -0.1917 -0.6878 0.7001
vn -0.0104 -0.6926 0.7212
vn 0.3048 -0.1356 0.9427
vn 0.3386 0.4526 0.8250
vn -0.5554 -0.5189 -0.6498
vn -0.5963 -0.2509 -0.7625
vn -0.2489 0.0319 -0.9680
vn 0.3684 -0.9185 -0.1437
vn -0.1192 -0.2990 0.9468
vn 0.0152 -0.9998 0.0096
vn 0.3483 -0.4044 0.8457
vn 0.3901 -0.8077 0.4421
vn 0.2927 0.7013 -0.6500
vn -0.2827 0.7332 -0.6184
vn -0.2433 0.8092 -0.5348
vn 0.1982 -0.9695 -0.1440
vn 0.4363 -0.7041 0.5602
vn 0.8581 -0.3860 0.3387
vn 0.7503 -0.3780 0.5423
vn 0.0886 -0.3351 0.9380
vn -0.0468 -0.8585 0.5107
vn -0.1269 -0.9296 0.3459
vn -0.3825 -0.9025 0.1979
vn -0.1711 -0.9798 0.1039
vn 0.6006 -0.4132 0.6845
vn 0.1670 -0.8946 0.4145
vn 0.1071 -0.9516 0.2880
vn 0.0324 -0.9826 0.1827
vn 0.3570 -0.9278 0.1081
vn 0.3349 -0.9020 0.2725
vn 0.1419 -0.5648 0.8130
vn 0.1314 -0.6729 0.7280
vn 0.3506 -0.5280 0.7735
vn 0.4340 -0.5508 0.7130
vn 0.3079 -0.7063 0.6374
vn 0.2455 -0.8106 0.5316
vn 0.0672 -0.8087 0.5844
vn -0.0056 0.8384 -0.5450
vn 0.2051 0.7255 -0.6569
vn 0.2860 0.6378 -0.7151
vn 0.3002 0.6370 -0.7100
vn -0.4535 0.7331 -0.5068
vn -0.5460 0.7295 -0.4120
vn -0.7087 0.6892 -0.1507
vn -0.6805 0.7118 -0.1737
vn -0.4451 0.8481 -0.2875
vn -0.0265 0.7096 -0.7041
vn -0.1498 0.8827 -0.4455
vn -0.1761 0.9228 -0.3426
vn -0.2470 0.8747 -0.4171
vn -0.6957 0.6886 -0.2045
vn -0.3451 0.6750 -0.6522
vn -0.3242 0.7286 -0.6034
vn 0.1815 0.7450 -0.6418
vn -0.1047 0.7949 -0.5976
vn -0.3751 0.8093 -0.4520
vn -0.5629 0.7889 -0.2465
vn 0.4485 -0.7712 -0.4518
vn 0.4786 -0.2576 -0.8394
vn 0.5470 0.1794 -0.8177
vn 0.9580 -0.1673 0.2331
vn 0.9643 0.1788 -0.1952
vn 0.7172 0.5248 -0.4585
vn -0.6988 -0.6730 0.2422
vn -0.9483 -0.3147 0.0402
vn -0.9431 0.3317 -0.0244
vn -0.3740 0.0129 0.9273
vn -0.6544 0.2020 0.7287
vn -0.7875 0.5321 0.3110
vn -0.1519 -0.9695 -0.1925
vn -0.4395 -0.4308 -0.7882
vn -0.3609 0.5392 -0.7609
vn 0.4658 -0.1410 0.8736
vn 0.3453 0.7353 0.5831
vn -0.0965 0.9584 -0.2685
vn 0.7522 -0.6583 0.0286
vn 0.8606 -0.1291 -0.4926
vn 0.6120 0.4492 -0.6510
vn -0.4423 -0.4673 0.7655
vn -0.8554 -0.1006 0.5080
vn -0.8461 0.5062 0.1672
vn 0.2468 -0.5220 0.8165
vn 0.4206 -0.6083 0.6731
vn 0.1400 -0.9836 0.1138
vn 0.1568 -0.9550 0.2516
vn 0.1777 -0.8976 0.4035
vn -0.0503 -0.9730 0.2250
vn -0.4424 0.7229 -0.5307
vn -0.5339 0.7243 -0.4363
vn 0.0095 0.6814 -0.7319
vn -0.1726 0.7154 -0.6771
vn -0.1606 0.6668 -0.7277
vn -0.0518 0.9102 -0.4110
vn 0.0078 0.8644 -0.5028
vn -0.5812 0.7730 -0.2543
vn -0.3596 0.8853 -0.2948
vn -0.2864 0.8865 -0.3634
vn 0.1439 -0.9155 -0.3757
vn 0.2794 -0.3839 -0.8801
vn -0.0413 -0.4665 -0.8835
vn 0.2807 0.3424 -0.8966
vn -0.0597 0.5148 -0.8552
vn 0.8337 -0.5259 0.1687
vn 0.9593 0.0405 -0.2795
vn 0.7041 0.4385 -0.5586
vn -0.0433 -0.1095 0.9930
vn 0.1073 -0.1206 0.9869
vn -0.5079 0.4087 0.7583
vn -0.1895 0.6007 0.7767
vn -0.6931 0.7097 0.1260
vn -0.4906 0.8695 -0.0570
vn -0.5853 -0.6402 0.4977
vn -0.9476 -0.2015 0.2480
vn -0.8758 0.4759 0.0805
vn -0.3403 -0.9372 -0.0766
vn -0.6201 -0.7838 0.0328
vn -0.7557 -0.4075 -0.5127
vn -0.8765 -0.4047 -0.2608
vn -0.9852 0.0479 -0.1646
vn -0.6638 0.5128 -0.5444
vn -0.8089 0.4586 -0.3679
vn 0.7201 -0.1718 0.6723
vn 0.8715 -0.1456 0.4683
vn 0.9860 0.0918 0.1390
vn 0.7907 0.5552 0.2578
vn 0.9343 0.3543 0.0385
vn 0.2828 0.8358 -0.4706
vn 0.5470 0.6559 -0.5202
vn 0.6240 -0.7341 -0.2678
vn 0.6958 -0.1999 -0.6899
vn 0.5979 0.3955 -0.6972
vn -0.4043 -0.2070 0.8909
vn -0.7203 0.0568 0.6913
vn 0.4156 -0.9087 -0.0383
vn 0.5655 -0.7629 -0.3134
vn 0.8175 -0.2590 -0.5145
vn 0.6896 -0.7197 -0.0808
vn 0.8964 -0.1953 -0.3980
vn 0.7483 0.3922 -0.5350
vn 0.6649 0.3130 -0.6782
vn 0.5239 0.6746 -0.5200
vn 0.3359 0.7947 -0.5055
vn 0.2337 0.8367 -0.4953
vn 0.6720 -0.3497 -0.6528
vn 0.4518 0.4405 -0.7758
vn 0.5305 -0.3999 -0.7474
vn 0.2201 0.5197 -0.8255
vn 0.2662 -0.4180 -0.8686
vn -0.1202 0.5543 -0.8236
vn 0.0834 0.8823 -0.4632
vn -0.0487 0.8956 -0.4421
vn -0.0744 0.9304 -0.3589
vn -0.1895 0.8875 -0.4200
vn -0.2584 0.9008 -0.3489
vn -0.4452 0.5333 -0.7194
vn -0.5416 -0.4004 -0.7392
vn -0.6531 0.4596 -0.6019
vn -0.7539 -0.3719 -0.5417
vn -0.7901 0.3633 -0.4937
vn -0.8617 -0.3240 -0.3906
vn -0.8903 0.3229 -0.3210
vn -0.2746 0.8831 -0.3804
vn -0.6002 0.7099 -0.3686
vn -0.9811 -0.1612 -0.1069
vn -0.8527 0.4790 -0.2084
vn -0.9943 -0.0555 0.0909
vn -0.8125 0.5511 -0.1899
vn -0.3588 0.7704 -0.5270
vn -0.3181 0.7535 -0.5753
vn -0.5415 0.7481 -0.3837
vn -0.8611 0.5075 -0.0311
vn -0.9148 0.1422 0.3781
vn -0.7617 0.6434 -0.0757
vn -0.6380 0.6932 -0.3355
vn -0.2942 0.7933 -0.5330
vn -0.1070 0.8483 -0.5186
vn -0.3647 0.8734 -0.3228
vn -0.6828 0.7261 0.0810
vn -0.7424 0.4014 0.5364
vn -0.4339 0.5551 0.7096
vn -0.0264 0.9858 -0.1656
vn -0.3189 0.9402 -0.1202
vn -0.0590 0.8848 -0.4622
vn -0.0623 0.8606 -0.5054
vn 0.1076 0.9236 -0.3679
vn 0.2689 0.9533 -0.1372
vn 0.5542 0.5824 0.5947
vn 0.4710 0.8817 -0.0277
vn 0.7230 0.4940 0.4829
vn 0.6073 0.7938 0.0328
vn 0.6918 0.7087 -0.1381
vn 0.2844 0.8895 -0.3576
vn 0.1714 0.7499 -0.6389
vn 0.5218 0.7288 -0.4434
vn 0.9299 0.3613 -0.0696
vn 0.7816 0.4958 -0.3785
vn 0.9986 0.0459 0.0270
vn 0.7524 0.4899 -0.4403
vn 0.4068 0.7178 -0.5650
vn 0.0066 0.8158 -0.5783
vn 0.2142 0.7751 -0.5944
vn 0.0648 0.8174 -0.5724
vn 0.1801 0.8646 -0.4691
vn 0.4191 0.7659 -0.4877
vn 0.6988 -0.7084 0.0991
vn 0.9803 -0.1410 -0.1383
vn 0.7425 -0.5914 0.3146
vn 0.2230 -0.8210 0.5256
vn 0.7442 -0.5140 0.4265
vn 0.8232 -0.3000 0.4820
vn 0.2731 -0.7151 0.6435
vn 0.4389 -0.5650 0.6987
vn 0.2899 -0.5746 0.7654
vn 0.0965 -0.7785 0.6201
vn 0.0711 -0.8201 0.5678
vn 0.0509 -0.9091 0.4134
vn 0.0873 -0.9618 0.2596
vn 0.2592 -0.9011 0.3475
vn 0.2931 -0.9354 0.1977
vn 0.0554 -0.9046 0.4227
vn 0.0258 -0.9577 0.2865
vn 0.1242 -0.7540 0.6450
vn 0.0396 -0.7955 0.6047
vn 0.2731 -0.7540 0.5974
vn 0.1232 -0.7700 0.6261
vn 0.1044 -0.6241 0.7744
vn -0.1033 -0.7753 0.6231
vn -0.1444 -0.6448 0.7506
vn -0.3575 -0.6205 0.6979
vn -0.2916 -0.2665 0.9187
vn -0.5822 -0.2878 0.7604
vn 0.1347 -0.2351 0.9626
vn 0.1116 0.6839 0.7210
vn 0.4714 -0.2349 0.8501
vn 0.6730 -0.1979 0.7126
vn 0.8019 0.1958 0.5645
vn 0.3931 -0.5576 0.7311
vn 0.6369 -0.3401 0.6918
vn 0.8571 -0.1609 0.4893
vn 0.9026 0.1982 0.3821
vn -0.4652 -0.4551 0.7592
vn -0.6750 -0.2138 0.7061
vn -0.8768 0.2639 0.4019
vn -0.6123 -0.3181 0.7238
vn -0.2316 -0.5560 0.7983
vn -0.1164 -0.6717 0.7317
vn -0.0897 -0.7071 0.7014
vn -0.0823 -0.8164 0.5716
vn -0.1240 -0.8968 0.4248
vn -0.2836 -0.9214 0.2658
vn -0.6169 -0.6986 0.3624
vn -0.6905 -0.6954 0.1992
vn -0.5972 -0.6224 0.5060
vn -0.9601 0.0022 0.2797
vn -0.6189 -0.4303 0.6571
vn -0.2964 -0.9427 0.1530
vn -0.7376 -0.6745 -0.0315
vn -0.3825 -0.9237 0.0233
vn -0.9144 -0.2926 -0.2798
vn -0.5966 -0.7887 -0.1480
vn -0.4814 -0.8575 -0.1815
vn -0.1732 -0.9844 0.0309
vn -0.0632 -0.9838 0.1680
vn -0.0263 -0.9552 0.2947
vn 0.0242 -0.9879 0.1531
vn 0.0297 -0.9996 -0.0008
vn -0.2782 -0.9381 -0.2063
vn -0.0701 -0.9646 -0.2543
vn -0.1528 -0.4131 -0.8978
vn 0.1800 -0.9399 -0.2902
vn 0.3383 -0.8936 -0.2949
vn 0.2342 -0.9700 -0.0651
vn 0.1284 -0.9833 0.1290
vn 0.0694 0.9213 -0.3826
vn -0.0132 0.8931 -0.4497
vn -0.0677 0.8241 -0.5623
vn -0.1120 0.7942 -0.5972
vn -0.2095 0.8202 -0.5324
vn -0.1690 0.8934 -0.4162
vn -0.4418 0.8057 -0.3946
vn 0.1710 -0.9188 -0.3557
vn 0.0436 -0.7670 -0.6402
vn -0.1422 -0.3037 -0.9421
vn 0.2834 -0.7368 -0.6138
vn 0.0991 -0.1950 -0.9758
vn -0.0843 0.1900 -0.9782
vn -0.1628 0.7120 -0.6831
vn -0.2256 0.7608 -0.6085
vn -0.2835 0.8348 -0.4719
vn -0.2960 0.3262 -0.8978
vn -0.4167 0.4343 -0.7986
vn -0.3599 -0.4118 -0.8372
vn -0.5748 0.5180 -0.6335
vn -0.6038 -0.4204 -0.6773
vn -0.7525 0.5613 -0.3445
vn -0.3332 0.8822 -0.3328
vn -0.3849 0.8988 -0.2098
vn -0.3272 0.9338 -0.1446
vn -0.4407 0.8942 -0.0785
vn -0.4166 0.9089 0.0173
vn -0.8363 0.5482 -0.0132
vn -0.9208 -0.3825 0.0761
vn -0.8478 0.4793 0.2268
vn -0.8546 -0.3774 0.3567
vn -0.8302 0.3861 0.4021
vn -0.7651 -0.3188 0.5594
vn -0.7374 0.3474 0.5793
vn -0.4558 0.8895 0.0315
vn -0.6171 0.7271 0.3007
vn -0.6100 -0.1345 0.7809
vn -0.6153 0.4861 0.6206
vn -0.5332 0.5145 0.6716
vn -0.5711 0.7934 0.2104
vn -0.5797 0.8142 0.0306
vn -0.6716 0.7409 0.0074
vn -0.6577 0.7426 -0.1266
vn -0.6546 0.7044 0.2744
vn -0.1630 0.0931 0.9822
vn -0.4173 0.5397 0.7311
vn -0.6254 0.7043 0.3360
vn -0.6630 0.7480 0.0310
vn -0.4034 0.7088 0.5788
vn -0.0020 0.3301 0.9440
vn 0.1278 0.4424 0.8877
vn -0.3917 0.8801 0.2683
vn 0.3626 0.5869 0.7240
vn -0.2175 0.9660 -0.1397
vn -0.6509 0.7524 -0.1009
vn -0.5891 0.7551 -0.2876
vn -0.6611 0.6953 -0.2820
vn -0.5071 0.7343 -0.4513
vn -0.3631 0.7067 -0.6073
vn -0.0489 0.8410 -0.5388
vn 0.7913 0.5357 -0.2948
vn 0.0956 0.6848 -0.7224
vn 0.7586 0.3378 -0.5571
vn 0.2936 0.5112 -0.8078
vn -0.1979 0.6457 -0.7375
vn 0.2058 0.4399 -0.8741
vn 0.5587 0.0346 -0.8286
vn 0.0857 0.4472 -0.8903
vn -0.2364 0.6523 -0.7202
vn -0.4362 0.6956 -0.5709
vn -0.5410 0.7341 -0.4105
vn -0.3553 0.7839 -0.5092
vn -0.4401 0.8139 -0.3793
vn -0.2856 0.8684 -0.4054
vn -0.2148 0.7448 -0.6317
vn 0.0356 0.3995 -0.9160
vn 0.4409 -0.7267 -0.5268
vn 0.3876 -0.1404 -0.9111
vn 0.6490 -0.6119 -0.4521
vn 0.5487 -0.8298 0.1021
vn 0.7467 -0.5414 -0.3865
vn 0.8396 -0.3259 -0.4346
vn 0.6793 -0.7201 0.1417
vn 0.8264 -0.5631 0.0056
vn 0.7292 -0.6352 0.2544
vn 0.5014 -0.8268 0.2549
vn 0.3618 -0.9119 0.1939
vn 0.2542 -0.9635 0.0840
vn 0.4158 -0.9093 -0.0187
vn 0.3068 -0.9430 -0.1290
vn 0.3728 -0.9077 0.1929
vn 0.2378 -0.9598 0.1493
vn 0.2146 -0.9573 0.1936
vn 0.6735 -0.6302 0.3864
vn 0.6146 -0.7316 0.2950
vn 0.6961 -0.6406 0.3242
vn 0.7666 -0.5540 0.3248
vn 0.7920 -0.4293 0.4340
vn 0.7229 -0.5481 0.4207
vn 0.6414 -0.3510 0.6822
vn 0.7068 -0.1476 0.6918
vn 0.5605 -0.1377 0.8166
vn 0.9084 -0.1695 0.3823
vn 0.6561 0.7154 0.2402
vn 0.9777 -0.1997 0.0654
vn 0.9671 -0.1712 -0.1881
vn 0.8544 0.0739 -0.5143
vn 0.8899 -0.4337 0.1412
vn 0.8046 -0.5558 0.2088
vn 0.9217 -0.3696 -0.1177
vn 0.8879 -0.2081 -0.4103
vn 0.6283 0.1751 -0.7580
vn 0.3275 -0.0460 0.9437
vn 0.5501 -0.3822 0.7425
vn -0.0434 0.1937 0.9801
vn 0.2302 -0.2021 0.9519
vn 0.5502 -0.5599 0.6195
vn 0.5516 -0.6989 0.4553
vn 0.4246 -0.8173 0.3895
vn 0.2784 -0.8958 0.3464
vn 0.0624 -0.9163 0.3955
vn -0.0733 -0.6775 0.7319
vn -0.2140 -0.6600 0.7201
vn 0.1073 -0.5516 0.8272
vn -0.3873 -0.0362 0.9213
vn 0.2318 -0.4767 0.8479
vn -0.0458 -0.9348 0.3522
vn -0.4303 -0.6555 0.6206
vn -0.2270 -0.9019 0.3676
vn -0.7226 -0.2947 0.6253
vn -0.4693 -0.7912 0.3920
vn -0.0919 -0.9801 0.1759
vn 0.0899 -0.9829 0.1608
vn 0.1260 -0.9889 0.0792
vn -0.0029 -1.0000 -0.0064
vn -0.3383 -0.9293 0.1479
vn -0.2702 -0.9612 -0.0565
vn -0.8500 -0.4045 -0.3374
vn -0.1679 -0.9428 -0.2881
vn -0.0847 -0.8972 -0.4335
vn 0.0512 -0.9754 -0.2145
vn 0.1618 -0.9867 -0.0166
vn -0.2715 0.9211 -0.2790
vn -0.3725 0.8954 -0.2439
vn -0.5035 0.8256 -0.2547
vn -0.6117 0.7480 -0.2575
vn -0.5487 0.8278 -0.1167
vn -0.4265 0.8996 -0.0939
vn -0.5662 0.6847 -0.4590
vn -0.5540 0.8188 0.1506
vn -0.3400 -0.9089 -0.2416
vn -0.6725 -0.7284 -0.1306
vn -0.9742 -0.1883 -0.1245
vn -0.6755 -0.6837 -0.2761
vn -0.5775 -0.6889 -0.4382
vn -0.9409 -0.1556 -0.3009
vn -0.8948 0.4405 -0.0733
vn -0.9282 0.3615 0.0880
vn -0.6996 0.7118 0.0625
vn -0.5411 0.8227 0.1745
vn -0.4546 0.8596 0.2334
vn -0.9520 -0.3006 0.0579
vn -0.8228 0.4816 0.3018
vn -0.9084 -0.3548 0.2212
vn -0.6748 0.5513 0.4906
vn -0.7870 -0.3818 0.4846
vn -0.4132 0.5701 0.7101
vn -0.3172 0.8974 0.3069
vn -0.2024 0.9040 0.3766
vn -0.1288 0.9372 0.3241
vn -0.0858 0.8875 0.4527
vn 0.0241 0.8484 0.5288
vn -0.0998 0.5313 0.8413
vn -0.0884 -0.4049 0.9101
vn 0.1305 0.4450 0.8860
vn 0.2023 -0.3916 0.8976
vn 0.2988 0.3354 0.8934
vn 0.3847 -0.3528 0.8530
vn 0.4863 0.2898 0.8243
vn 0.1514 0.7736 0.6153
vn 0.0220 0.8755 0.4828
vn 0.2547 0.6963 0.6710
vn 0.6702 -0.2027 0.7140
vn 0.5540 0.4277 0.7143
vn 0.6141 0.4593 0.6418
vn 0.1773 0.7656 0.6184
vn 0.0019 0.7989 0.6015
vn -0.0390 0.7290 0.6834
vn -0.1726 0.7395 0.6507
vn 0.2045 0.6785 0.7055
vn 0.9490 0.0252 0.3142
vn 0.7190 0.4472 0.5321
vn 0.3821 0.6454 0.6615
vn 0.2152 0.7200 0.6597
vn -0.0022 0.7536 0.6573
vn 0.6136 0.6670 0.4225
vn 0.9389 0.3436 0.0205
vn 0.4536 0.7710 0.4469
vn 0.9034 0.4197 -0.0879
vn 0.2396 0.8769 0.4168
vn 0.7775 0.5650 -0.2763
vn -0.1147 0.9695 0.2165
vn -0.1583 0.7581 0.6326
vn -0.3212 0.7626 0.5615
vn -0.3187 0.7028 0.6361
vn -0.4182 0.6950 0.5850
vn -0.5002 0.7414 0.4474
vn -0.5203 0.8539 -0.0123
vn -0.1765 0.5534 -0.8140
vn -0.7367 0.6435 -0.2078
vn -0.4781 0.3303 -0.8138
vn -0.8028 0.5090 -0.3106
vn -0.7068 0.6803 0.1939
vn -0.6203 0.6840 0.3839
vn -0.7419 0.6611 0.1120
vn -0.6948 0.1550 -0.7023
vn -0.8234 0.5133 -0.2419
vn -0.8324 0.5302 -0.1611
vn -0.6399 0.7489 0.1722
vn -0.5384 0.7504 0.3834
vn -0.4353 0.7483 0.5006
vn -0.4957 0.8206 0.2843
vn -0.3840 0.8308 0.4029
vn -0.3942 0.8855 0.2458
vn -0.5925 0.7985 0.1066
vn -0.8930 -0.0600 -0.4461
vn -0.4509 -0.6969 -0.5578
vn -0.7838 0.0099 -0.6209
vn -0.3731 -0.6220 -0.6884
vn 0.1288 -0.8242 -0.5514
vn -0.3235 -0.4362 -0.8397
vn 0.1792 -0.7097 -0.6813
vn 0.0784 -0.5324 -0.8429
vn 0.3245 -0.6471 -0.6899
vn 0.2639 -0.8324 -0.4873
vn 0.0596 -0.9619 -0.2670
vn 0.0294 -0.9035 -0.4276
vn -0.1682 -0.9257 -0.3389
vn 0.1982 -0.9123 -0.3583
vn 0.1133 -0.9629 -0.2449
vn 0.1887 -0.9166 -0.3526
vn 0.3350 -0.7455 -0.5762
vn 0.3322 -0.7374 -0.5881
vn 0.3789 -0.6474 -0.6613
vn 0.3131 -0.4470 -0.8379
vn 0.3909 -0.5602 -0.7304
vn 0.5137 -0.4306 -0.7421
vn 0.4830 -0.5507 -0.6808
vn 0.7339 -0.3602 -0.5759
vn 0.7551 -0.1617 -0.6353
vn 0.8534 -0.1322 -0.5043
vn 0.4936 -0.1757 -0.8518
vn 0.3656 0.7096 -0.6023
vn 0.1600 -0.1884 -0.9690
vn -0.1738 -0.1445 -0.9741
vn 0.0776 -0.3976 -0.9143
vn 0.2581 -0.5448 -0.7979
vn -0.3102 -0.2561 -0.9155
vn -0.6341 0.2028 -0.7462
vn 0.9558 -0.0174 -0.2935
vn 0.9618 -0.1111 -0.2502
vn 0.8628 0.4175 0.2850
vn 0.9972 -0.0371 0.0657
vn 0.9259 -0.3452 -0.1533
vn 0.7551 -0.4467 -0.4798
vn 0.6676 -0.5694 -0.4797
vn 0.4348 -0.6471 -0.6263
vn 0.5298 -0.7142 -0.4574
vn 0.3923 -0.8330 -0.3901
vn 0.3575 -0.9106 -0.2074
vn 0.3338 -0.9418 -0.0398
vn 0.6698 -0.7229 0.1697
vn 0.6325 -0.7127 0.3034
vn 0.7971 -0.6038 -0.0015
vn 0.8486 -0.1106 0.5174
vn 0.8433 -0.5273 -0.1039
vn 0.2748 -0.9592 0.0668
vn 0.5046 -0.7067 0.4959
vn 0.2572 -0.9406 0.2215
vn 0.4981 -0.3268 0.8031
vn 0.3160 -0.8112 0.4921
vn 0.2032 -0.8736 0.4422
vn 0.0999 -0.9918 0.0794
vn 0.1052 -0.9898 -0.0962
vn 0.1621 -0.9644 -0.2090
vn 0.0289 -0.9895 -0.1416
vn -0.0756 -0.9967 -0.0281
vn 0.0284 -0.9441 0.3286
vn -0.1622 -0.9596 0.2299
vn -0.4873 -0.3955 0.7786
vn -0.3742 -0.9224 0.0953
vn -0.4951 -0.8688 -0.0034
vn -0.2711 -0.9561 -0.1115
vn -0.0657 -0.9794 -0.1908
vn -0.2522 0.9335 0.2550
vn -0.2344 0.9033 0.3593
vn -0.2693 0.8320 0.4850
vn -0.2916 0.7517 0.5916
vn -0.1394 0.8236 0.5498
vn -0.0941 0.8935 0.4390
vn -0.5218 0.6888 0.5033
vn -0.0404 0.9207 0.3883
vn -0.3718 -0.9172 0.1430
vn -0.4388 -0.7769 0.4516
vn -0.6024 -0.3343 0.7248
vn -0.6251 -0.7341 0.2651
vn -0.7214 -0.1966 0.6641
vn -0.5613 0.2582 0.7863
vn -0.3223 0.7077 0.6287
vn -0.2255 0.7558 0.6147
vn -0.0911 0.8293 0.5513
vn -0.3811 0.3374 0.8608
vn -0.4604 -0.4180 0.7831
vn -0.2150 0.4238 0.8799
vn -0.2866 -0.4172 0.8625
vn 0.0178 0.5077 0.8614
vn 0.0017 -0.4310 0.9023
vn 0.3426 0.5491 0.7623
vn 0.0385 0.8763 0.4803
vn 0.1588 0.8924 0.4223
vn 0.1589 0.9285 0.3357
vn 0.2874 0.8874 0.3606
vn 0.3327 0.9027 0.2730
vn 0.6242 0.5356 0.5688
vn 0.7378 -0.3960 0.5466
vn 0.7908 0.4672 0.3955
vn 0.8838 -0.3615 0.2969
vn 0.8925 0.3747 0.2512
vn 0.9429 -0.3101 0.1219
vn 0.9395 0.3379 0.0564
vn 0.3714 0.8827 0.2879
vn 0.6688 0.7186 0.1905
vn 0.9725 -0.1416 -0.1848
vn 0.8764 0.4785 -0.0536
vn 0.8488 0.5083 -0.1459
vn 0.5752 0.7854 0.2287
vn 0.4631 0.8056 0.3696
vn 0.5191 0.7317 0.4418
vn 0.4143 0.7298 0.5438
vn 0.6779 0.6967 0.2345
vn 0.7722 0.0932 -0.6285
vn 0.8003 0.5214 -0.2961
vn 0.7312 0.6703 0.1265
vn 0.6789 0.7030 0.2118
vn 0.5191 0.7409 0.4261
vn 0.6901 0.7054 -0.1617
vn 0.6283 0.3324 -0.7034
vn 0.4948 0.4466 -0.7455
vn 0.4796 0.8749 0.0677
vn 0.2117 0.5941 -0.7761
vn 0.0801 0.9623 0.2599
vn 0.4290 0.7424 0.5146
vn 0.2593 0.7455 0.6140
vn 0.3164 0.6847 0.6566
vn 0.0894 0.7255 0.6824
vn -0.1220 0.6996 0.7040
vn -0.3113 0.8388 0.4467
vn -0.7836 0.5467 -0.2951
vn -0.5425 0.6843 0.4872
vn -0.9343 0.3476 -0.0790
vn -0.7492 0.5134 0.4184
vn -0.3326 0.6408 0.6919
vn -0.7279 0.4407 0.5254
vn -0.9665 0.0408 0.2533
vn -0.6483 0.4461 0.6170
vn -0.2922 0.6468 0.7044
vn -0.0432 0.6875 0.7249
vn 0.1418 0.7249 0.6741
vn -0.0623 0.7772 0.6262
vn 0.0875 0.8063 0.5851
vn -0.0452 0.8630 0.5032
vn -0.2491 0.7399 0.6249
vn -0.6282 0.3976 0.6688
vn -0.6859 -0.7214 0.0956
vn -0.8942 -0.1370 0.4262
vn -0.7916 -0.6033 -0.0966
vn -0.3519 -0.8212 -0.4492
vn -0.8287 -0.5238 -0.1972
vn -0.9239 -0.3065 -0.2291
vn -0.4818 -0.7004 -0.5266
vn -0.6038 -0.5650 -0.5623
vn -0.2763 -0.7281 -0.6273
vn -0.3879 -0.6226 -0.6796
vn -0.2153 -0.8193 -0.5313
vn -0.1523 -0.9062 -0.3944
vn -0.1422 -0.9610 -0.2373
vn -0.3331 -0.9030 -0.2713
vn -0.3219 -0.9393 -0.1186
vn -0.1595 -0.9016 -0.4020
vn -0.0911 -0.9554 -0.2808
vn -0.2552 -0.6176 -0.7440
vn -0.2644 -0.7264 -0.6344
vn -0.2740 -0.7205 -0.6370
vn -0.3143 -0.6293 -0.7108
vn -0.3660 -0.5416 -0.7567
vn -0.3118 -0.4163 -0.8541
vn -0.2699 -0.5362 -0.7998
vn -0.0341 -0.3397 -0.9399
vn -0.0748 -0.1353 -0.9880
vn 0.1176 -0.1272 -0.9849
vn -0.4308 -0.1549 -0.8891
vn -0.3270 0.7257 -0.6053
vn -0.6925 -0.1849 -0.6973
vn -0.8518 -0.1572 -0.4997
vn -0.9804 0.0853 -0.1776
vn -0.5788 -0.4200 -0.6990
vn -0.4713 -0.5432 -0.6948
vn -0.7731 -0.3561 -0.5249
vn -0.9395 -0.1960 -0.2810
vn -0.9707 0.1825 0.1560
vn 0.3773 -0.0387 -0.9253
vn 0.0741 -0.3721 -0.9252
vn 0.6820 0.1956 -0.7047
vn 0.4553 -0.1892 -0.8700
vn -0.0285 -0.5622 -0.8265
vn -0.0575 -0.6758 -0.7348
vn -0.0696 -0.8098 -0.5825
vn 0.0116 -0.8902 -0.4553
vn 0.2106 -0.9131 -0.3492
vn 0.5322 -0.6766 -0.5090
vn 0.6301 -0.6613 -0.4069
vn 0.4607 -0.5478 -0.6983
vn 0.8990 -0.0396 -0.4361
vn 0.3943 -0.4630 -0.7938
vn 0.2556 -0.9352 -0.2452
vn 0.7267 -0.6598 -0.1914
vn 0.3750 -0.9155 -0.1455
vn 0.9610 -0.2767 0.0012
vn 0.6271 -0.7779 -0.0409
vn 0.5275 -0.8492 0.0232
vn 0.1734 -0.9804 -0.0935
vn 0.0287 -0.9807 -0.1932
vn -0.0436 -0.9518 -0.3035
vn -0.0507 -0.9868 -0.1539
vn -0.0115 -0.9999 -0.0051
vn 0.3414 -0.9341 0.1042
vn 0.1564 -0.9652 0.2095
vn 0.4113 -0.4180 0.8100
vn -0.0733 -0.9459 0.3161
vn -0.2243 -0.9029 0.3667
vn -0.1894 -0.9751 0.1157
vn -0.1436 -0.9845 -0.1008
vn 0.0282 0.9163 0.3996
vn 0.1269 0.8891 0.4397
vn 0.2174 0.8174 0.5335
vn 0.2961 0.7382 0.6062
vn 0.3426 0.8193 0.4598
vn 0.2666 0.8929 0.3629
vn 0.1282 0.6750 0.7266
vn 0.5231 0.8108 0.2626
vn 0.5554 -0.7554 0.3476
vn 0.4532 -0.7790 0.4333
vn 0.9102 -0.2745 0.3103
vn 0.6500 -0.7256 0.2256
vn 0.4449 -0.6629 0.6022
vn 0.8730 -0.1619 0.4601
vn 0.8206 -0.1207 0.5586
vn 0.9059 0.3429 0.2487
vn 0.6288 0.7769 -0.0331
vn 0.3966 0.9026 -0.1673
vn 0.6282 0.7780 -0.0091
vn 0.9120 0.4064 0.0558
vn 0.9306 -0.3219 0.1740
vn 0.8799 0.4701 -0.0689
vn 0.9319 -0.3622 -0.0197
vn 0.7594 0.5827 -0.2894
vn 0.8759 -0.3725 -0.3066
vn 0.5588 0.6118 -0.5598
vn 0.4184 0.8984 -0.1338
vn 0.2501 0.9386 -0.2376
vn 0.2294 0.9417 -0.2463
vn 0.1872 0.9158 -0.3552
vn 0.1406 0.9035 -0.4048
vn 0.2814 0.5912 -0.7558
vn 0.2808 -0.3709 -0.8852
vn 0.0515 0.4928 -0.8686
vn -0.0088 -0.3672 -0.9301
vn -0.1764 -0.3036 -0.9363
vn -0.1183 0.3477 -0.9301
vn 0.0034 0.7765 -0.6301
vn -0.2526 0.4180 -0.8726
vn -0.5280 -0.1017 -0.8431
vn -0.2616 0.5168 -0.8152
vn 0.0763 0.7948 -0.6021
vn 0.2306 0.8429 -0.4862
vn 0.3184 0.7559 -0.5720
vn 0.3610 0.6664 -0.6524
vn 0.4423 0.6555 -0.6121
vn 0.1526 0.7032 -0.6945
vn -0.3860 0.4745 -0.7911
vn -0.8069 0.0657 -0.5870
vn -0.5446 0.4742 -0.6918
vn -0.0422 0.6074 -0.7933
vn 0.4339 0.6485 -0.6254
vn 0.0459 0.6544 -0.7548
vn 0.1365 0.7200 -0.6805
vn -0.4762 0.5899 -0.6521
vn -0.9129 0.2563 -0.3176
vn -0.3311 0.7240 -0.6051
vn -0.9006 0.3795 -0.2119
vn -0.1249 0.8636 -0.4885
vn -0.8216 0.5680 0.0479
vn 0.1865 0.9658 -0.1799
vn 0.3222 0.7421 -0.5878
vn 0.4637 0.7536 -0.4660
vn 0.5625 0.6573 -0.5016
vn 0.5939 0.7435 -0.3074
vn 0.6819 0.7151 -0.1541
vn 0.4969 0.8583 0.1279
vn -0.0358 0.5614 0.8268
vn 0.6170 0.7112 0.3370
vn 0.2242 0.3726 0.9005
vn 0.6368 0.5502 0.5402
vn 0.7349 0.6293 -0.2530
vn 0.7579 0.6471 0.0828
vn 0.7388 0.4782 0.4749
vn 0.5440 0.1101 0.8319
vn 0.7897 0.4976 0.3588
vn 0.7093 0.7012 -0.0722
vn 0.6505 0.6671 -0.3632
vn 0.6000 0.6531 -0.4621
vn 0.5841 0.7697 -0.2577
vn 0.5245 0.7554 -0.3927
vn 0.4763 0.8497 -0.2262
vn 0.8226 0.4729 0.3159
vn 0.3419 -0.6081 0.7164
vn 0.6885 -0.0390 0.7242
vn 0.1912 -0.4955 0.8473
vn -0.2158 -0.7420 0.6347
vn 0.1001 -0.4136 0.9049
vn 0.0859 -0.2149 0.9728
vn -0.3076 -0.6082 0.7317
vn -0.3114 -0.4740 0.8236
vn -0.4990 -0.6383 0.5861
vn -0.5188 -0.5530 0.6520
vn -0.4146 -0.7594 0.5013
vn -0.2828 -0.8707 0.4024
vn -0.0769 -0.8278 0.5558
vn 0.0504 -0.8994 0.4342
vn -0.1693 -0.9499 0.2626
vn -0.3632 -0.8732 0.3251
vn -0.4686 -0.7499 0.4670
vn -0.2229 -0.9552 0.1949
vn -0.4956 -0.7654 0.4105
vn -0.6560 -0.5555 0.5111
vn -0.5795 -0.6480 0.4942
vn -0.5462 -0.6331 0.5485
vn -0.5384 -0.5171 0.6654
vn -0.6357 -0.4559 0.6229
vn -0.7286 -0.4873 0.4814
vn -0.7844 -0.4113 0.4643
vn -0.8917 -0.1684 0.4202
vn -0.9769 -0.1218 0.1755
vn -0.6939 -0.1662 0.7006
vn -0.4859 0.7193 0.4964
vn -0.4171 -0.1763 0.8916
vn -0.1843 -0.1553 0.9705
vn 0.1612 0.1392 0.9771
vn -0.4584 -0.4113 0.7879
vn -0.2661 -0.2908 0.9190
vn -0.3197 -0.3921 0.8626
vn 0.0505 -0.1085 0.9928
vn 0.4538 0.2325 0.8603
vn -0.9281 -0.3196 0.1912
vn -0.9973 -0.0704 -0.0200
vn -0.8882 0.1512 -0.4338
vn -0.9702 -0.1968 -0.1412
vn -0.8001 -0.5122 0.3121
vn -0.7193 -0.6230 0.3075
vn -0.6236 -0.7508 0.2180
vn -0.5019 -0.8553 0.1289
vn -0.4448 -0.8893 -0.1060
vn -0.6764 -0.6596 -0.3277
vn -0.5652 -0.6993 -0.4376
vn -0.8220 -0.5346 -0.1961
vn -0.6963 -0.0915 -0.7119
vn -0.8874 -0.4493 -0.1031
vn -0.3320 -0.9238 -0.1909
vn -0.3971 -0.7265 -0.5608
vn -0.2518 -0.9063 -0.3393
vn -0.3713 -0.2093 -0.9046
vn -0.2275 -0.7756 -0.5887
vn -0.1120 -0.8422 -0.5274
vn -0.0919 -0.9785 -0.1844
vn -0.1709 -0.9852 -0.0092
vn -0.3179 -0.9416 0.1113
vn -0.0389 -0.9948 0.0946
vn 0.1055 -0.9942 -0.0193
vn 0.0507 -0.9205 -0.3876
vn 0.2318 -0.9397 -0.2515
vn 0.6496 -0.3636 -0.6677
vn 0.4235 -0.9037 -0.0634
vn 0.5160 -0.8526 0.0826
vn 0.2848 -0.9426 0.1746
vn 0.0937 -0.9633 0.2513
vn 0.3095 0.9287 -0.2041
vn 0.3722 0.8655 -0.3352
vn 0.4496 0.7511 -0.4834
vn 0.5245 0.6466 -0.5539
vn 0.3066 0.8651 -0.3969
vn 0.6574 0.6505 -0.3803
vn -0.0630 -0.9272 -0.3693
vn -0.3198 -0.7721 -0.5492
vn -0.6415 -0.2432 -0.7276
vn -0.0882 -0.7698 -0.6321
vn -0.4238 -0.2042 -0.8824
vn -0.5707 0.1881 -0.7994
vn -0.4671 0.7143 -0.5211
vn -0.5017 0.7435 -0.4421
vn -0.7250 0.3686 -0.5819
vn -0.7551 -0.3565 -0.5501
vn -0.7909 0.5568 -0.2539
vn -0.8724 -0.4217 -0.2473
vn -0.8031 0.5928 0.0604
vn -0.4612 0.8622 -0.2097
vn -0.4208 0.9052 0.0594
vn -0.3238 0.9460 0.0167
vn -0.3681 0.8832 0.2907
vn -0.7043 0.5725 0.4197
vn -0.7631 -0.3420 0.5484
vn -0.5913 0.5180 0.6182
vn -0.5675 -0.3446 0.7478
vn -0.4859 0.1081 0.8673
vn -0.3223 0.3824 0.8660
vn -0.3436 0.9161 0.2066
vn -0.3496 0.7545 0.5554
vn -0.1014 -0.1620 0.9816
vn -0.1921 0.5177 0.8337
vn -0.0987 0.5423 0.8344
vn -0.3732 0.8286 0.4173
vn -0.5455 0.7715 0.3275
vn -0.6032 0.7696 0.2093
vn -0.3851 0.7336 0.5599
vn 0.4079 0.0627 0.9109
vn 0.0578 0.5583 0.8276
vn -0.3391 0.7324 0.5905
vn -0.5266 0.7761 0.3470
vn -0.0728 0.7391 0.6697
vn 0.5648 0.3992 0.7222
vn -0.1658 0.8962 0.4115
vn 0.7021 0.5728 0.4229
vn -0.2251 0.9737 -0.0339
vn -0.5839 0.7793 0.2276
vn -0.6307 0.7755 0.0289
vn -0.6872 0.7223 0.0780
vn -0.6256 0.7423 -0.2401
vn -0.2936 0.8406 -0.4551
vn 0.5449 0.4995 -0.6735
vn -0.2618 0.6494 -0.7140
vn 0.3753 0.3017 -0.8764
vn -0.1542 0.5066 -0.8483
vn -0.5248 0.6526 -0.5465
vn -0.2580 0.4259 -0.8672
vn 0.0228 0.0038 -0.9997
vn -0.3753 0.4459 -0.8126
vn -0.5344 0.6545 -0.5349
vn -0.6412 0.7135 -0.2824
vn -0.6495 0.7546 -0.0939
vn -0.4944 0.7636 -0.4154
vn -0.5469 0.8265 -0.1332
vn -0.4154 0.8853 -0.2088
vn -0.4268 0.3953 -0.8134
vn -0.1779 -0.1516 -0.9723
vn 0.2502 -0.7017 -0.6671
vn 0.4969 -0.8434 -0.2044
vn 0.4784 -0.4902 -0.7286
vn 0.6230 -0.7576 -0.1946
vn 0.7123 -0.6213 -0.3265
vn 0.5324 -0.8463 -0.0167
vn 0.3880 -0.9216 0.0082
vn 0.2190 -0.9749 -0.0394
vn 0.2206 -0.9285 -0.2986
vn 0.3862 -0.9224 0.0017
vn 0.2499 -0.9678 0.0320
vn 0.7553 -0.6553 -0.0084
vn 0.6596 -0.7505 -0.0407
vn 0.8034 -0.5871 -0.0990
vn 0.8867 -0.4618 -0.0226
vn 0.8024 -0.5968 -0.0017
vn 0.8889 -0.3784 0.2583
vn 0.9552 -0.1723 0.2408
vn 0.9105 -0.1535 0.3839
vn 0.9692 -0.2065 -0.1340
vn 0.7103 0.6877 -0.1501
vn 0.8647 -0.2414 -0.4406
vn 0.7262 -0.2138 -0.6534
vn 0.4704 0.0342 -0.8818
vn 0.8204 -0.4710 -0.3243
vn 0.7795 -0.5945 -0.1974
vn 0.7191 -0.3972 -0.5702
vn 0.5418 -0.2597 -0.7994
vn 0.1554 0.1339 -0.9787
vn 0.7435 -0.0090 0.6687
vn 0.8396 -0.4014 0.3659
vn 0.4744 0.2023 0.8568
vn 0.6772 -0.2101 0.7052
vn 0.7708 -0.5798 0.2638
vn 0.6852 -0.7130 0.1488
vn 0.5197 -0.8386 0.1630
vn 0.4055 -0.8961 0.1802
vn 0.2287 -0.9377 0.2614
vn 0.2322 -0.6333 0.7383
vn 0.5393 -0.4784 0.6930
vn 0.1802 -0.0785 0.9805
vn 0.0310 -0.9159 0.4001
vn -0.0538 -0.6439 0.7633
vn -0.3037 -0.2651 0.9151
vn -0.2287 -0.7500 0.6206
vn -0.0219 -0.9741 0.2249
vn 0.1332 -0.9849 0.1108
vn 0.1141 -0.9930 0.0304
vn -0.0499 -0.9984 0.0249
vn -0.2458 -0.9131 0.3255
vn -0.2926 -0.9499 0.1100
vn -0.9158 -0.3693 0.1580
vn -0.3608 -0.9033 -0.2322
vn -0.1154 -0.9747 -0.1913
vn 0.0919 -0.9930 -0.0743
vn -0.3466 0.9299 -0.1230
vn -0.4140 0.9093 -0.0419
vn -0.5341 0.8452 0.0180
vn -0.6309 0.7724 0.0732
vn -0.5011 0.8485 0.1701
vn -0.3830 0.9166 0.1144
vn -0.6960 0.7078 -0.1208
vn -0.3877 0.8140 0.4325
vn -0.5949 -0.7633 -0.2519
vn -0.8414 -0.4826 0.2431
vn -0.6249 -0.6107 -0.4864
vn -0.9473 -0.3147 0.0602
vn -0.9075 -0.0530 0.4168
vn -0.5886 0.3594 0.7242
vn -0.7319 -0.0286 0.6808
vn -0.6895 -0.6570 0.3048
vn -0.4297 0.0498 0.9016
vn -0.4194 -0.8039 0.4218
vn -0.1167 -0.0215 0.9929
vn -0.3254 0.4811 0.8140
vn -0.0317 0.5140 0.8572
vn -0.0808 0.6016 0.7947
vn 0.2767 0.4189 0.8648
vn 0.2760 0.0484 0.9599
vn 0.5783 -0.3304 0.7459
vn 0.7494 -0.2845 0.5979
vn 0.1241 0.5412 0.8317
vn 0.6659 0.1529 0.7302
vn 0.9377 -0.3045 0.1674
vn 0.7624 0.2384 0.6016
vn 0.7802 0.3100 0.5433
vn 0.3098 0.4359 0.8450
vn 0.1387 0.2948 0.9454
vn 0.4522 0.3488 0.8209
vn 0.9757 0.1804 -0.1244
vn 0.5370 0.3739 0.7562
vn 0.2068 0.3087 0.9284
vn 0.6336 0.4984 0.5918
vn 0.8053 0.5751 -0.1440
vn 0.3699 0.6166 0.6950
vn 0.5588 0.8157 -0.1492
vn -0.1166 0.7322 0.6710
vn -0.0340 0.3214 0.9463
vn -0.0771 0.2611 0.9622
vn -0.3735 0.2956 0.8793
vn -0.5324 0.5723 0.6238
vn -0.5661 0.7790 -0.2695
vn -0.7867 0.4880 0.3781
vn -0.7999 0.3613 0.4792
vn -0.9254 0.3038 0.2266
vn -0.9748 0.1136 -0.1921
vn -0.8429 0.2704 0.4651
vn -0.4335 0.2657 0.8611
vn -0.2465 0.2784 0.9283
vn -0.5109 0.4058 0.7579
vn -0.2663 0.3957 0.8789
vn -0.3006 0.5307 0.7925
vn -0.8929 0.1736 0.4155
vn -0.9851 -0.1218 -0.1216
vn -0.5902 -0.3731 -0.7158
vn -0.0711 -0.3994 -0.9140
vn -0.5951 -0.0737 -0.8002
vn -0.0394 -0.2639 -0.9638
vn -0.1699 -0.0769 -0.9825
vn 0.1128 -0.4052 -0.9072
vn -0.0973 -0.5779 -0.8103
vn -0.1050 -0.6792 -0.7264
vn 0.1170 -0.5502 -0.8268
vn 0.1037 -0.6648 -0.7398
vn 0.1110 -0.5495 -0.8281
vn 0.1845 -0.6806 -0.7090
vn 0.1201 -0.2524 -0.9602
vn 0.0854 -0.0337 -0.9958
vn 0.1611 0.1329 -0.9780
vn 0.1978 -0.0436 -0.9793
vn 0.5447 0.2391 -0.8038
vn 0.4293 0.3623 -0.8273
vn 0.0118 0.9258 -0.3779
vn -0.2029 0.3174 -0.9263
vn -0.7029 0.4918 -0.5139
vn -0.7801 0.3810 -0.4963
vn -0.1647 0.1200 -0.9790
vn -0.2942 0.0760 -0.9527
vn -0.8296 0.2407 -0.5038
vn 0.8073 0.3312 -0.4884
vn 0.5557 0.1144 -0.8235
vn 0.9070 0.3817 0.1781
vn 0.8283 0.1278 -0.5456
vn 0.3305 -0.0848 -0.9400
vn 0.3084 -0.2254 -0.9242
vn 0.2913 -0.4251 -0.8570
vn 0.3793 -0.6260 -0.6814
vn 0.7945 -0.4575 -0.3994
vn 0.8032 -0.1677 -0.5717
vn 0.9980 -0.0636 -0.0036
vn 0.4628 -0.7683 -0.4421
vn 0.8462 -0.5319 0.0309
vn 0.5710 -0.8155 -0.0939
vn 0.2367 -0.8572 -0.4574
vn 0.2053 -0.7755 -0.5971
vn 0.0466 -0.8681 -0.4942
vn 0.3279 -0.8800 0.3437
vn -0.0053 -0.9172 0.3985
vn -0.2768 -0.9231 -0.2670
vn -0.2830 -0.8013 -0.5271
vn 0.0128 -0.7690 -0.6391
vn -0.2260 0.5888 0.7761
vn -0.1507 0.5285 0.8355
vn -0.1171 0.4005 0.9088
vn 0.0365 0.4063 0.9130
vn 0.0077 0.5385 0.8426
vn -0.2957 0.2175 0.9302
vn -0.1122 -0.9359 0.3340
vn 0.0355 -0.7899 0.6123
vn 0.2509 -0.2719 0.9290
vn -0.2203 -0.7677 0.6018
vn -0.0124 -0.2313 0.9728
vn 0.1604 0.1593 0.9741
vn 0.1963 0.6932 0.6935
vn 0.2627 0.7232 0.6388
vn 0.3969 0.3406 0.8523
vn 0.4301 -0.3842 0.8170
vn 0.6032 0.5339 0.5926
vn 0.6684 -0.4458 0.5954
vn 0.7535 0.5759 0.3172
vn 0.3304 0.8473 0.4158
vn 0.4136 0.8967 0.1578
vn 0.3082 0.9387 0.1544
vn 0.4684 0.8805 -0.0734
vn 0.8236 0.5650 -0.0492
vn 0.9231 -0.3478 -0.1641
vn 0.8093 0.5170 -0.2787
vn 0.8358 -0.3420 -0.4294
vn 0.8205 0.1148 -0.5600
vn 0.6762 0.3925 -0.6234
vn 0.4096 0.9122 -0.0080
vn 0.5675 0.7576 -0.3225
vn 0.5232 -0.1444 -0.8399
vn 0.5466 0.5300 -0.6483
vn 0.4635 0.5566 -0.6894
vn 0.5284 0.8283 -0.1863
vn 0.6426 0.7656 -0.0311
vn 0.6420 0.7601 0.1003
vn 0.6011 0.7360 -0.3115
vn 0.0377 0.0900 -0.9952
vn 0.3203 0.5760 -0.7521
vn 0.5733 0.7364 -0.3593
vn 0.6342 0.7711 -0.0569
vn 0.3696 0.7506 -0.5478
vn -0.1828 0.4261 -0.8860
vn 0.3405 0.9004 -0.2707
vn -0.4364 0.5967 -0.6734
vn 0.1976 0.9676 0.1570
vn 0.6329 0.7706 0.0756
vn 0.5870 0.7617 0.2743
vn 0.6587 0.7083 0.2537
vn 0.4631 0.7232 0.5124
vn 0.0713 0.8246 0.5612
vn -0.7810 0.4978 0.3771
vn -0.0738 0.6289 0.7740
vn -0.7208 0.2923 0.6285
vn -0.2312 0.4859 0.8429
vn 0.2362 0.6297 0.7400
vn -0.1474 0.4026 0.9034
vn -0.4625 -0.0158 0.8865
vn -0.0179 0.4210 0.9069
vn 0.2499 0.6315 0.7340
vn 0.4581 0.6932 0.5564
vn 0.5493 0.7379 0.3921
vn 0.2681 0.7439 0.6122
vn 0.4407 0.8113 0.3841
vn 0.2900 0.8715 0.3954
vn 0.0275 0.3692 0.9289
vn -0.2720 -0.1751 0.9462
vn -0.5263 -0.7037 0.4772
vn -0.5484 -0.8338 -0.0633
vn -0.7567 -0.4940 0.4283
vn -0.6531 -0.7474 -0.1218
vn -0.7900 -0.6119 -0.0389
vn -0.4956 -0.8349 -0.2396
vn -0.2300 -0.9677 -0.1038
vn -0.3754 -0.9268 0.0065
vn -0.2761 -0.9509 0.1398
vn -0.3531 -0.9113 -0.2119
vn -0.2205 -0.9617 -0.1627
vn -0.3530 -0.9148 -0.1965
vn -0.6808 -0.6481 -0.3414
vn -0.6145 -0.7414 -0.2696
vn -0.6981 -0.6544 -0.2904
vn -0.7858 -0.5769 -0.2232
vn -0.7574 -0.5614 -0.3334
vn -0.8110 -0.4422 -0.3830
vn -0.7104 -0.5289 -0.4643
vn -0.6911 -0.3588 -0.6274
vn -0.7521 -0.1462 -0.6427
vn -0.6486 -0.1255 -0.7507
vn -0.9308 -0.1876 -0.3138
vn -0.6958 0.7001 -0.1601
vn -0.9730 -0.2309 0.0063
vn -0.9426 -0.2107 0.2591
vn -0.8118 0.0251 0.5834
vn -0.8821 -0.4619 -0.0921
vn -0.8933 -0.4350 0.1131
vn -0.8418 -0.2613 0.4724
vn -0.5707 0.1176 0.8127
vn -0.3781 0.0035 -0.9257
vn -0.5754 -0.4148 -0.7048
vn -0.0444 0.2300 -0.9722
vn -0.3107 -0.2031 -0.9286
vn -0.5587 -0.6924 -0.4566
vn -0.4038 -0.8224 -0.4008
vn -0.2677 -0.8633 -0.4278
vn -0.0913 -0.9263 -0.3656
vn 0.1160 -0.6103 -0.7836
vn -0.1825 -0.4523 -0.8730
vn 0.2711 -0.0547 -0.9610
vn 0.1390 -0.9068 -0.3980
vn 0.3786 -0.6294 -0.6786
vn 0.6741 -0.2534 -0.6938
vn 0.4713 -0.7423 -0.4763
vn 0.1084 -0.9697 -0.2191
vn -0.0813 -0.9793 -0.1856
vn -0.0998 -0.9894 -0.1053
vn 0.0448 -0.9986 -0.0281
vn 0.3543 -0.9116 -0.2087
vn 0.3006 -0.9537 0.0042
vn 0.8871 -0.3862 0.2526
vn 0.2110 -0.9155 0.3425
vn 0.0082 -0.9807 0.1954
vn -0.1262 -0.9920 -0.0016
vn 0.2667 0.9193 0.2893
vn 0.3628 0.8989 0.2458
vn 0.4963 0.8334 0.2434
vn 0.6067 0.7595 0.2346
vn 0.5340 0.8404 0.0925
vn 0.4042 0.9100 0.0922
vn 0.5786 0.6896 0.4355
vn 0.5479 0.8138 -0.1938
vn 0.3155 -0.9085 0.2742
vn 0.6184 -0.7671 0.1708
vn 0.9655 -0.2596 -0.0215
vn 0.5388 -0.7403 0.4021
vn 0.9513 -0.1937 0.2399
vn 0.9832 0.1794 0.0346
vn 0.7081 0.6973 -0.1110
vn 0.6683 0.7192 -0.1900
vn 0.9118 0.3340 -0.2387
vn 0.8962 -0.3916 -0.2087
vn 0.6991 0.4983 -0.5127
vn 0.7317 -0.4825 -0.4814
vn 0.4616 0.5166 -0.7212
vn 0.4631 0.8285 -0.3149
vn 0.2281 0.8607 -0.4552
vn 0.2015 0.9120 -0.3574
vn 0.0141 0.8312 -0.5558
vn 0.1189 0.4861 -0.8658
vn 0.0427 -0.4356 -0.8991
vn -0.1075 0.4312 -0.8958
vn -0.2352 -0.4316 -0.8709
vn -0.3734 0.0196 -0.9275
vn -0.4707 0.3068 -0.8272
vn 0.0650 0.8706 -0.4878
vn -0.2059 0.6910 -0.6929
vn -0.7061 -0.2216 -0.6725
vn -0.5249 0.4544 -0.7197
vn -0.5833 0.4870 -0.6500
vn -0.0824 0.7698 -0.6330
vn 0.0946 0.7027 -0.7052
vn 0.2229 0.7020 -0.6763
vn -0.1876 0.6668 -0.7212
vn -0.9655 0.0501 -0.2556
vn -0.6755 0.5169 -0.5259
vn -0.2403 0.6680 -0.7043
vn 0.0676 0.7079 -0.7030
vn -0.4682 0.6937 -0.5474
vn -0.9114 0.4084 -0.0504
vn -0.2062 0.8555 -0.4750
vn -0.7608 0.6088 0.2248
vn 0.1799 0.9509 -0.2520
vn 0.1967 0.7124 -0.6737
vn 0.3811 0.7150 -0.5862
vn 0.3772 0.6545 -0.6552
vn 0.5877 0.6965 -0.4116
vn 0.5500 0.8346 -0.0300
vn 0.1932 0.5798 0.7915
vn 0.7300 0.6607 0.1749
vn 0.4550 0.3789 0.8059
vn 0.7659 0.5351 0.3563
vn 0.7631 0.6322 -0.1339
vn 0.8444 0.4468 0.2956
vn 0.7672 0.0583 0.6388
vn 0.8751 0.4535 0.1686
vn 0.7601 0.6326 -0.1487
vn 0.6302 0.6687 -0.3946
vn 0.4885 0.6990 -0.5223
vn 0.6432 0.7383 -0.2029
vn 0.4562 0.7816 -0.4254
vn 0.4341 0.8555 -0.2823
vn 0.9072 0.3988 0.1341
vn 0.8689 -0.1152 0.4814
vn 0.3560 -0.6412 0.6798
vn -0.1614 -0.7850 0.5982
vn 0.2645 -0.4076 0.8740
vn -0.2466 -0.6892 0.6814
vn -0.1970 -0.5389 0.8190
vn -0.3303 -0.7946 0.5094
vn -0.2607 -0.8834 0.3893
vn -0.1188 -0.9487 0.2930
vn 0.0834 -0.8888 0.4507
vn -0.2545 -0.8840 0.3920
vn -0.1938 -0.9426 0.2718
vn -0.4685 -0.5958 0.6523
vn -0.3828 -0.6920 0.6120
vn -0.4223 -0.5987 0.6806
vn -0.3767 -0.5112 0.7726
vn -0.4785 -0.5023 0.7203
vn -0.5403 -0.3807 0.7504
vn -0.5968 -0.4790 0.6437
vn -0.7547 -0.3174 0.5741
vn -0.7862 -0.1008 0.6097
vn -0.8699 -0.0935 0.4842
vn -0.5025 -0.1139 0.8570
vn -0.3165 0.7539 0.5757
vn -0.1981 -0.1416 0.9699
vn 0.0549 -0.1150 0.9918
vn 0.3958 0.1196 0.9105
vn -0.2711 -0.3832 0.8830
vn -0.0735 -0.3480 0.9346
vn 0.2856 -0.1667 0.9437
vn 0.6698 0.1982 0.7156
vn -0.9851 0.0041 0.1718
vn -0.8048 -0.3864 0.4506
vn -0.9628 0.1976 -0.1844
vn -0.9701 -0.2078 0.1255
vn -0.5542 -0.6551 0.5135
vn -0.4627 -0.7975 0.3871
vn -0.4057 -0.8656 0.2935
vn -0.3595 -0.9267 0.1098
vn -0.7303 -0.6486 -0.2146
vn -0.8844 -0.4654 0.0364
vn -0.8798 -0.1139 -0.4615
vn -0.3443 -0.9295 -0.1321
vn -0.5716 -0.6853 -0.4512
vn -0.5294 -0.3384 -0.7780
vn -0.3524 -0.7987 -0.4877
vn -0.1751 -0.9828 -0.0585
vn -0.1828 -0.9740 0.1340
vn -0.1082 -0.9795 0.1699
vn -0.0017 -0.9989 0.0465
vn -0.1133 -0.9468 -0.3011
vn 0.0839 -0.9762 -0.1998
vn 0.4427 -0.4555 -0.7724
vn 0.3945 -0.9178 -0.0448
vn 0.2085 -0.9697 0.1276
vn -0.0125 -0.9759 0.2177
vn 0.3247 0.9013 -0.2866
vn 0.3030 0.8707 -0.3873
vn 0.3303 0.7933 -0.5114
vn 0.3466 0.7095 -0.6136
vn 0.1909 0.7915 -0.5806
vn 0.1617 0.8725 -0.4611
vn 0.5379 0.6498 -0.5370
vn -0.0853 0.7533 -0.6522
vn 0.3856 -0.7372 -0.5548
vn 0.1855 -0.3432 -0.9208
vn 0.1806 -0.8787 -0.4418
vn -0.0800 0.1480 -0.9858
vn -0.3179 0.5849 -0.7463
vn -0.3445 0.2685 -0.8995
vn -0.1659 -0.5213 -0.8371
vn -0.6226 0.3192 -0.7145
vn -0.4745 -0.5828 -0.6597
vn -0.8154 0.4044 -0.4144
vn -0.4652 0.7136 -0.5238
vn -0.4735 0.7922 -0.3849
vn -0.5514 0.7963 -0.2487
vn -0.6794 0.7187 -0.1481
vn -0.9729 0.2291 -0.0313
vn -0.8835 -0.3411 0.3210
vn -0.9481 0.1384 0.2863
vn -0.7813 0.6221 0.0510
vn -0.8423 0.3438 0.4152
vn -0.6328 -0.1271 0.7638
vn -0.7455 0.4737 0.4689
vn -0.6257 0.7572 -0.1874
vn -0.7476 0.6625 0.0462
vn -0.7936 0.5845 -0.1686
vn -0.7861 0.5960 0.1637
vn -0.6487 0.5108 0.5641
vn -0.2443 0.1448 0.9588
vn -0.7487 0.6007 0.2804
vn -0.7984 0.5948 -0.0936
vn -0.6022 0.6643 0.4427
vn 0.0066 0.4959 0.8684
vn -0.5601 0.8096 0.1755
vn 0.1752 0.7222 0.6691
vn -0.3246 0.9106 -0.2559
vn -0.7220 0.6125 -0.3219
vn -0.7417 0.5559 -0.3752
vn -0.5463 0.5663 -0.6172
vn -0.1791 0.7429 -0.6450
vn 0.6827 0.6453 -0.3427
vn 0.1048 0.5829 -0.8058
vn -0.0178 0.4968 -0.8677
vn 0.2328 0.3594 -0.9037
vn 0.5556 0.0662 -0.8288
vn -0.0430 0.4063 -0.9127
vn -0.5169 0.5289 -0.6731
vn -0.6428 0.5652 -0.5171
vn -0.4973 0.6249 -0.6018
vn -0.5022 0.7361 -0.4539
vn -0.3473 0.6539 -0.6722
vn -0.0046 0.3291 -0.9443
vn 0.3766 -0.2012 -0.9042
vn 0.6378 -0.6630 -0.3920
vn 0.6713 -0.3228 -0.6672
vn 0.7109 -0.6789 0.1834
vn 0.9015 -0.3296 -0.2806
vn 0.7860 -0.5592 0.2637
vn 0.9013 -0.3972 0.1727
vn 0.5524 -0.7697 0.3200
vn 0.5476 -0.8364 0.0235
vn 0.6404 -0.6652 0.3840
vn 0.4433 -0.8612 0.2488
vn 0.4061 -0.8390 0.3620
vn 0.5457 -0.6675 0.5066
vn 0.7239 -0.5575 0.4064
vn 0.8399 -0.3959 0.3713
vn 0.8093 -0.3426 0.4772
vn 0.8418 -0.1964 0.5028
vn 0.7429 -0.3793 0.5516
vn 0.5866 -0.0514 0.8082
vn 0.6815 0.0696 0.7285
vn 0.6105 0.7515 0.2502
vn 0.9856 -0.0055 0.1687
vn 0.8594 0.2938 -0.4185
vn 0.8390 0.1940 -0.5083
vn 0.9545 -0.2140 0.2078
vn 0.9783 -0.2071 -0.0048
vn 0.8162 0.0603 -0.5747
vn 0.2635 0.1262 0.9564
vn 0.5418 -0.2225 0.8105
vn -0.3727 0.4199 0.8275
vn 0.2086 -0.0597 0.9762
vn 0.6340 -0.5068 0.5842
vn 0.4472 -0.7701 0.4550
vn -0.0309 -0.7468 0.6643
vn 0.0089 -0.5827 0.8127
vn 0.1523 -0.3410 0.9276
vn -0.4014 -0.0461 0.9147
vn -0.0319 -0.8808 0.4725
vn -0.3118 -0.7345 0.6027
vn -0.7622 -0.2485 0.5977
vn -0.3298 -0.8328 0.4447
vn 0.0757 -0.9559 0.2838
vn 0.2502 -0.9039 0.3470
vn 0.3239 -0.9273 0.1876
vn 0.1598 -0.9813 0.1072
vn -0.7243 -0.6887 0.0334
vn -0.6517 -0.7093 -0.2685
vn 0.0474 -0.9819 -0.1835
vn 0.3222 -0.9392 -0.1189
vn 0.4320 -0.8959 -0.1039
vn -0.5949 0.7349 -0.3255
vn -0.6367 0.6477 -0.4185
vn -0.7092 0.6553 -0.2600
vn -0.6434 0.5099 -0.5710
vn -0.2844 -0.8588 0.4261
vn -0.0334 -0.5002 0.8653
vn -0.5403 -0.7673 0.3455
vn -0.2798 -0.3905 0.8770
vn -0.0196 -0.0517 0.9985
vn 0.2812 0.4511 0.8470
vn 0.2789 0.0506 0.9590
vn 0.1296 -0.6389 0.7583
vn 0.5814 0.2086 0.7864
vn 0.3849 -0.7260 0.5699
vn 0.8141 0.1933 0.5476
vn 0.4426 0.6171 0.6506
vn 0.5991 0.6896 0.4068
vn 0.5017 0.7550 0.4221
vn 0.7633 0.6318 0.1350
vn 0.9383 0.2948 0.1809
vn 0.9792 -0.0890 -0.1821
vn 0.9138 -0.0602 -0.4016
vn 0.6377 0.7266 0.2557
vn 0.8823 0.3845 -0.2713
vn 0.6280 -0.1580 -0.7620
vn 0.7914 0.4481 -0.4158
vn 0.7308 0.5060 -0.4583
vn 0.7562 0.6472 0.0963
vn 0.8044 0.5155 0.2954
vn 0.8190 0.5724 -0.0412
vn 0.2702 0.2488 -0.9301
vn 0.7935 0.5908 -0.1461
vn 0.8157 0.5322 0.2267
vn 0.6619 0.6839 -0.3068
vn 0.0803 0.6086 -0.7894
vn 0.6071 0.7942 -0.0258
vn -0.0915 0.8143 -0.5731
vn 0.3464 0.8495 0.3979
vn 0.7235 0.5233 0.4501
vn 0.7338 0.4641 0.4962
vn 0.5247 0.4474 0.7242
vn 0.1653 0.6402 0.7502
vn -0.6743 0.6331 0.3802
vn -0.1365 0.4759 0.8688
vn -0.0229 0.3749 0.9268
vn -0.2815 0.2485 0.9268
vn -0.6175 -0.0363 0.7857
vn -0.0309 0.2792 0.9597
vn 0.4905 0.4080 0.7700
vn 0.6266 0.4552 0.6326
vn 0.3325 0.5118 0.7921
vn 0.5458 0.5554 0.6273
vn 0.4223 0.6628 0.6184
vn -0.0712 0.1689 0.9831
vn -0.5019 -0.2492 0.8283
vn -0.7801 -0.5902 0.2076
vn -0.7229 -0.6018 -0.3395
vn -0.9321 -0.3164 0.1761
vn -0.7849 -0.4793 -0.3927
vn -0.9046 -0.3163 -0.2857
vn -0.6323 -0.5866 -0.5062
vn -0.5903 -0.7538 -0.2886
vn -0.5005 -0.8380 -0.2172
vn -0.5239 -0.7174 -0.4592
vn -0.7155 -0.4506 -0.5339
vn -0.8163 -0.2507 -0.5204
vn -0.8098 -0.0774 -0.5816
vn -0.7508 -0.2447 -0.6136
vn -0.5194 0.1055 -0.8480
vn -0.6207 0.2072 -0.7562
vn -0.5543 0.8112 -0.1865
vn -0.9693 0.0747 -0.2342
vn -0.8730 0.2850 0.3959
vn -0.8634 0.1736 0.4737
vn -0.9488 -0.1243 -0.2904
vn -0.9712 -0.1746 -0.1624
vn -0.8562 0.0309 0.5157
vn -0.1557 0.2941 -0.9430
vn -0.5004 -0.0186 -0.8656
vn 0.4517 0.5054 -0.7352
vn -0.1450 0.0864 -0.9857
vn -0.6488 -0.2617 -0.7145
vn -0.6095 -0.3964 -0.6865
vn -0.5106 -0.5753 -0.6390
vn -0.4291 -0.6711 -0.6045
vn -0.2466 -0.7765 -0.5799
vn 0.1110 -0.4679 -0.8768
vn -0.1043 -0.2082 -0.9725
vn 0.4457 0.0426 -0.8942
vn -0.0077 -0.8070 -0.5905
vn 0.5287 -0.4215 -0.7368
vn 0.3713 -0.7506 -0.5465
vn -0.0965 -0.9063 -0.4115
vn -0.3200 -0.8465 -0.4256
vn -0.1866 -0.9483 -0.2569
vn 0.6605 -0.7389 -0.1331
vn 0.5727 -0.7975 0.1898
vn -0.1195 -0.9835 0.1359
vn -0.3828 -0.9237 0.0168
vn -0.3242 -0.9143 -0.2427
vn 0.4258 0.7231 0.5438
vn 0.5250 0.6862 0.5035
vn 0.6352 0.5826 0.5071
vn 0.7040 0.6053 0.3715
vn 0.5974 0.7142 0.3648
vn 0.6222 0.3915 0.6779
vt 0.575720 0.110674
vt 0.574081 0.128865
vt 0.574081 0.110674
vt 0.574081 0.092483
vt 0.575720 0.092483
vt 0.575720 0.074292
vt 0.574081 0.074292
vt 0.574081 0.056100
vt 0.575720 0.056100
vt 0.574081 0.037909
vt 0.575720 0.037909
vt 0.574081 0.019718
vt 0.575720 0.019718
vt 0.574900 0.001527
vt 0.575720 0.147057
vt 0.575720 0.128865
vt 0.572442 0.147057
vt 0.572442 0.128865
vt 0.572442 0.110674
vt 0.572442 0.092483
vt 0.572442 0.074292
vt 0.572442 0.056100
vt 0.572442 0.037909
vt 0.572442 0.019718
vt 0.573262 0.001527
vt 0.570804 0.056100
vt 0.570804 0.037909
vt 0.570804 0.019718
vt 0.571623 0.001527
vt 0.570804 0.128865
vt 0.570804 0.110674
vt 0.570804 0.092483
vt 0.570804 0.074292
vt 0.569165 0.110674
vt 0.569165 0.092483
vt 0.569165 0.074292
vt 0.569165 0.056100
vt 0.569165 0.037909
vt 0.569165 0.019718
vt 0.569984 0.001527
vt 0.570804 0.147057
vt 0.569165 0.128865
vt 0.567526 0.037909
vt 0.567526 0.019718
vt 0.568346 0.001527
vt 0.569165 0.147057
vt 0.567526 0.128865
vt 0.567526 0.110674
vt 0.567526 0.092483
vt 0.567526 0.074292
vt 0.567526 0.056100
vt 0.565888 0.110674
vt 0.565888 0.092483
vt 0.565888 0.074292
vt 0.565888 0.056100
vt 0.565888 0.037909
vt 0.565888 0.019718
vt 0.566707 0.001527
vt 0.567526 0.147057
vt 0.565888 0.128865
vt 0.564249 0.037909
vt 0.564249 0.019718
vt 0.565068 0.001527
vt 0.565888 0.147057
vt 0.564249 0.128865
vt 0.564249 0.110674
vt 0.564249 0.092483
vt 0.564249 0.074292
vt 0.564249 0.056100
vt 0.562610 0.092483
vt 0.562610 0.074292
vt 0.562610 0.056100
vt 0.562610 0.037909
vt 0.562610 0.019718
vt 0.563430 0.001527
vt 0.564249 0.147057
vt 0.562610 0.128865
vt 0.562610 0.110674
vt 0.560972 0.037909
vt 0.560972 0.019718
vt 0.561791 0.001527
vt 0.562610 0.147057
vt 0.560972 0.128865
vt 0.560972 0.110674
vt 0.560972 0.092483
vt 0.560972 0.074292
vt 0.560972 0.056100
vt 0.559333 0.092483
vt 0.559333 0.074292
vt 0.559333 0.056100
vt 0.559333 0.037909
vt 0.559333 0.019718
vt 0.560152 0.001527
vt 0.560972 0.147057
vt 0.559333 0.128865
vt 0.559333 0.110674
vt 0.558514 0.001527
vt 0.557694 0.019718
vt 0.559333 0.147057
vt 0.557694 0.128865
vt 0.557694 0.110674
vt 0.557694 0.092483
vt 0.557694 0.074292
vt 0.557694 0.056100
vt 0.557694 0.037909
vt 0.556056 0.092483
vt 0.556056 0.074292
vt 0.556056 0.056100
vt 0.556056 0.037909
vt 0.556056 0.019718
vt 0.556875 0.001527
vt 0.557694 0.147057
vt 0.556056 0.128865
vt 0.556056 0.110674
vt 0.581455 0.001527
vt 0.582274 0.019718
vt 0.580636 0.019718
vt 0.582274 0.147057
vt 0.580636 0.128865
vt 0.582274 0.128865
vt 0.582274 0.110674
vt 0.580636 0.110674
vt 0.580636 0.092483
vt 0.582274 0.092483
vt 0.582274 0.074292
vt 0.580636 0.074292
vt 0.580636 0.056100
vt 0.582274 0.056100
vt 0.582274 0.037909
vt 0.580636 0.037909
vt 0.578997 0.056100
vt 0.578997 0.037909
vt 0.578997 0.019718
vt 0.579816 0.001527
vt 0.580636 0.147057
vt 0.578997 0.128865
vt 0.578997 0.110674
vt 0.578997 0.092483
vt 0.578997 0.074292
vt 0.578997 0.147057
vt 0.577358 0.128865
vt 0.577358 0.110674
vt 0.577358 0.092483
vt 0.577358 0.074292
vt 0.577358 0.056100
vt 0.577358 0.037909
vt 0.577358 0.019718
vt 0.578178 0.001527
vt 0.576539 0.001527
vt 0.577358 0.147057
vt 0.574081 0.147057
vt 0.575532 0.165248
vt 0.575720 0.161449
vt 0.575907 0.165248
vt 0.574269 0.165248
vt 0.573893 0.165248
vt 0.574081 0.161449
vt 0.572630 0.165248
vt 0.572255 0.165248
vt 0.572442 0.161449
vt 0.570991 0.165248
vt 0.570616 0.165248
vt 0.570804 0.161449
vt 0.569353 0.165248
vt 0.568977 0.165248
vt 0.569165 0.161449
vt 0.567714 0.165248
vt 0.567339 0.165248
vt 0.567526 0.161449
vt 0.566076 0.165248
vt 0.565700 0.165248
vt 0.565888 0.161449
vt 0.564437 0.165248
vt 0.564061 0.165248
vt 0.564249 0.161449
vt 0.562798 0.165248
vt 0.562423 0.165248
vt 0.562610 0.161449
vt 0.561160 0.165248
vt 0.560784 0.165248
vt 0.560972 0.161449
vt 0.559521 0.165248
vt 0.559145 0.165248
vt 0.559333 0.161449
vt 0.557882 0.165248
vt 0.557507 0.165248
vt 0.557694 0.161449
vt 0.556244 0.165248
vt 0.556056 0.165248
vt 0.556056 0.162715
vt 0.580823 0.165248
vt 0.580448 0.165248
vt 0.580636 0.161449
vt 0.579185 0.165248
vt 0.578809 0.165248
vt 0.578997 0.161449
vt 0.577546 0.165248
vt 0.577170 0.165248
vt 0.577358 0.161449
vt 0.575521 0.165248
vt 0.575918 0.165248
vt 0.575720 0.161119
vt 0.574280 0.165248
vt 0.574081 0.161119
vt 0.573882 0.165248
vt 0.572641 0.165248
vt 0.572442 0.161119
vt 0.572244 0.165248
vt 0.571002 0.165248
vt 0.570804 0.161119
vt 0.570605 0.165248
vt 0.569364 0.165248
vt 0.569165 0.161119
vt 0.568966 0.165248
vt 0.567725 0.165248
vt 0.567526 0.161119
vt 0.567328 0.165248
vt 0.566087 0.165248
vt 0.565888 0.161119
vt 0.565689 0.165248
vt 0.564448 0.165248
vt 0.564249 0.161119
vt 0.564050 0.165248
vt 0.562809 0.165248
vt 0.562610 0.161119
vt 0.562412 0.165248
vt 0.561171 0.165248
vt 0.560972 0.161119
vt 0.560773 0.165248
vt 0.559532 0.165248
vt 0.559333 0.161119
vt 0.559134 0.165248
vt 0.557893 0.165248
vt 0.557694 0.161119
vt 0.557496 0.165248
vt 0.556255 0.165248
vt 0.556056 0.162495
vt 0.580835 0.165248
vt 0.580636 0.161119
vt 0.580437 0.165248
vt 0.579196 0.165248
vt 0.578997 0.161119
vt 0.578798 0.165248
vt 0.577557 0.165248
vt 0.577358 0.161119
vt 0.577160 0.165248
vt 0.582274 0.161449
vt 0.582274 0.161119
vt 0.556056 0.147057
vt 0.582087 0.165248
vt 0.558594 0.730010
vt 0.630171 0.715772
vt 0.640591 0.740928
vt 0.648764 0.760660
vt 0.558594 0.778596
vt 0.648764 0.544361
vt 0.652501 0.518485
vt 0.558594 0.518486
vt 0.690852 0.675227
vt 0.710105 0.694480
vt 0.725208 0.709583
vt 0.725208 0.544361
vt 0.732112 0.518486
vt 0.731397 0.614546
vt 0.756553 0.624966
vt 0.776285 0.633139
vt 0.652501 0.518486
vt 0.745635 0.542969
vt 0.772863 0.542969
vt 0.794221 0.542969
vt 0.558594 0.544361
vt 0.558594 0.518486
vt 0.731397 0.471391
vt 0.756553 0.460971
vt 0.776285 0.452798
vt 0.468423 0.544361
vt 0.464686 0.518486
vt 0.690852 0.410711
vt 0.710105 0.391457
vt 0.725208 0.376355
vt 0.391980 0.544361
vt 0.385075 0.518486
vt 0.630171 0.370165
vt 0.640591 0.345010
vt 0.648764 0.325277
vt 0.648764 0.544361
vt 0.558594 0.355928
vt 0.558594 0.328699
vt 0.558594 0.307341
vt 0.558594 0.544361
vt 0.558594 0.518485
vt 0.468423 0.544361
vt 0.476596 0.345010
vt 0.487016 0.370166
vt 0.426336 0.410711
vt 0.407082 0.391457
vt 0.391980 0.376355
vt 0.468423 0.325277
vt 0.391980 0.544361
vt 0.385075 0.518485
vt 0.464686 0.518485
vt 0.464686 0.518485
vt 0.360635 0.460971
vt 0.385790 0.471391
vt 0.371553 0.542969
vt 0.344324 0.542969
vt 0.322966 0.542969
vt 0.340902 0.452798
vt 0.558594 0.544361
vt 0.558594 0.518485
vt 0.385791 0.614546
vt 0.360635 0.624966
vt 0.340902 0.633140
vt 0.648765 0.544361
vt 0.652501 0.518485
vt 0.426336 0.675227
vt 0.407083 0.694480
vt 0.391980 0.709583
vt 0.732113 0.518485
vt 0.487016 0.715772
vt 0.476597 0.740928
vt 0.468423 0.760660
vt 0.468423 0.544361
vt 0.464686 0.518486
vt 0.385075 0.518485
vt 0.558594 0.757238
vt 0.558594 0.517810
vt 0.464660 0.517810
vt 0.732162 0.517810
vt 0.652528 0.517810
vt 0.652528 0.517810
vt 0.558594 0.517810
vt 0.464659 0.517810
vt 0.732162 0.517810
vt 0.464659 0.517810
vt 0.558594 0.517810
vt 0.385026 0.517810
vt 0.464660 0.517810
vt 0.652528 0.517810
vt 0.558594 0.517810
vt 0.732162 0.517810
vt 0.385026 0.517810
vt 0.310818 0.220646
vt 0.311331 0.228606
vt 0.312486 0.211049
vt 0.309803 0.239773
vt 0.309400 0.258097
vt 0.311876 0.203966
vt 0.313300 0.200076
vt 0.308822 0.250376
vt 0.309284 0.225272
vt 0.309808 0.212567
vt 0.310455 0.201709
vt 0.312103 0.187820
vt 0.312836 0.191358
vt 0.313988 0.183513
vt 0.312926 0.185371
vt 0.313617 0.181853
vt 0.314127 0.181323
vt 0.315308 0.178813
vt 0.315741 0.177379
vt 0.314704 0.184743
vt 0.315396 0.181524
vt 0.316165 0.178261
vt 0.313877 0.191001
vt 0.314067 0.192652
vt 0.315654 0.182625
vt 0.311677 0.235982
vt 0.312213 0.233727
vt 0.310788 0.253322
vt 0.313135 0.218534
vt 0.313932 0.209554
vt 0.312961 0.222689
vt 0.312701 0.227544
vt 0.309562 0.281542
vt 0.309081 0.285335
vt 0.308877 0.281720
vt 0.308836 0.272945
vt 0.309628 0.256536
vt 0.310085 0.232091
vt 0.309007 0.257642
vt 0.310025 0.225697
vt 0.313820 0.199920
vt 0.313301 0.208676
vt 0.312237 0.207341
vt 0.312449 0.220590
vt 0.311728 0.219417
vt 0.311194 0.215968
vt 0.316265 0.191127
vt 0.314131 0.207372
vt 0.314794 0.199830
vt 0.314520 0.204355
vt 0.315950 0.192113
vt 0.313710 0.184622
vt 0.314995 0.187382
vt 0.315333 0.190117
vt 0.313977 0.192926
vt 0.309768 0.216817
vt 0.310282 0.213345
vt 0.309366 0.235160
vt 0.308921 0.237138
vt 0.308904 0.239283
vt 0.308647 0.249194
vt 0.309645 0.215542
vt 0.311070 0.209988
vt 0.309013 0.240275
vt 0.308767 0.260664
vt 0.309624 0.271219
vt 0.309835 0.273328
vt 0.310776 0.250708
vt 0.310265 0.254883
vt 0.311345 0.235816
vt 0.310062 0.273293
vt 0.310216 0.272187
vt 0.311265 0.253573
vt 0.314465 0.192851
vt 0.314118 0.200043
vt 0.315250 0.191222
vt 0.314893 0.197032
vt 0.315943 0.190485
vt 0.314742 0.187585
vt 0.313176 0.215795
vt 0.315622 0.185648
vt 0.316024 0.186966
vt 0.316475 0.180779
vt 0.316552 0.185569
vt 0.316797 0.182244
vt 0.316779 0.185649
vt 0.316655 0.178338
vt 0.316875 0.184351
vt 0.316509 0.188000
vt 0.316674 0.183950
vt 0.308278 0.271992
vt 0.308456 0.263594
vt 0.308299 0.277169
vt 0.308402 0.266860
vt 0.308222 0.282031
vt 0.312168 0.192993
vt 0.311726 0.198887
vt 0.310751 0.202018
vt 0.312005 0.190791
vt 0.314034 0.186821
vt 0.313275 0.192092
vt 0.313313 0.194299
vt 0.311024 0.196706
vt 0.310375 0.203216
vt 0.312243 0.223119
vt 0.311692 0.238279
vt 0.313013 0.214637
vt 0.309226 0.220646
vt 0.308594 0.228606
vt 0.309559 0.211049
vt 0.308152 0.239773
vt 0.307300 0.258097
vt 0.310457 0.203966
vt 0.310408 0.200076
vt 0.307702 0.250376
vt 0.308937 0.225272
vt 0.309662 0.212567
vt 0.310516 0.201709
vt 0.312463 0.186475
vt 0.311770 0.191358
vt 0.313014 0.183513
vt 0.313194 0.185371
vt 0.313573 0.181853
vt 0.314183 0.181323
vt 0.312221 0.189185
vt 0.311355 0.193988
vt 0.314149 0.178813
vt 0.315170 0.177379
vt 0.312475 0.184743
vt 0.313347 0.181524
vt 0.314701 0.178261
vt 0.311444 0.191001
vt 0.311269 0.192652
vt 0.313414 0.182625
vt 0.309956 0.235982
vt 0.309857 0.233727
vt 0.308921 0.253322
vt 0.311071 0.218534
vt 0.311131 0.209554
vt 0.310003 0.222689
vt 0.310002 0.227544
vt 0.307328 0.281542
vt 0.307189 0.285335
vt 0.307371 0.281720
vt 0.307732 0.272945
vt 0.308686 0.256536
vt 0.309825 0.232091
vt 0.308362 0.257642
vt 0.310001 0.225697
vt 0.313493 0.199920
vt 0.312360 0.208676
vt 0.312144 0.207341
vt 0.311109 0.220590
vt 0.311114 0.219417
vt 0.311080 0.215968
vt 0.314326 0.191127
vt 0.312266 0.207372
vt 0.313561 0.199830
vt 0.312093 0.204355
vt 0.313684 0.192113
vt 0.313982 0.184622
vt 0.315080 0.187382
vt 0.315170 0.190117
vt 0.314184 0.192926
vt 0.309939 0.216817
vt 0.310535 0.213345
vt 0.309218 0.235160
vt 0.308423 0.237138
vt 0.308523 0.239283
vt 0.307932 0.249194
vt 0.309732 0.215542
vt 0.311267 0.209988
vt 0.308714 0.240275
vt 0.308059 0.260664
vt 0.307016 0.271219
vt 0.307166 0.273328
vt 0.307875 0.250708
vt 0.307530 0.254883
vt 0.308379 0.235816
vt 0.307413 0.273293
vt 0.307693 0.272187
vt 0.308428 0.253573
vt 0.311547 0.192851
vt 0.311044 0.200043
vt 0.312518 0.191222
vt 0.312067 0.197032
vt 0.313590 0.190485
vt 0.312116 0.187585
vt 0.310048 0.215795
vt 0.313170 0.185648
vt 0.313729 0.186966
vt 0.314734 0.180779
vt 0.314671 0.185569
vt 0.315285 0.182244
vt 0.315260 0.185649
vt 0.315539 0.178338
vt 0.315788 0.184351
vt 0.315600 0.188000
vt 0.316006 0.183950
vt 0.307067 0.271992
vt 0.307581 0.263594
vt 0.307084 0.277169
vt 0.307080 0.266860
vt 0.306610 0.282031
vt 0.312641 0.192993
vt 0.312167 0.198887
vt 0.311165 0.202018
vt 0.312425 0.190791
vt 0.314324 0.186821
vt 0.313658 0.192092
vt 0.313636 0.194299
vt 0.311397 0.196706
vt 0.310658 0.203216
vt 0.309124 0.223119
vt 0.308635 0.238279
vt 0.309839 0.214637
vt 0.321381 0.206860
vt 0.319648 0.215860
vt 0.319153 0.205961
vt 0.323772 0.228592
vt 0.321914 0.222103
vt 0.323835 0.212419
vt 0.324129 0.239968
vt 0.324180 0.220876
vt 0.323599 0.202325
vt 0.322222 0.187058
vt 0.321504 0.184417
vt 0.321278 0.183667
vt 0.322824 0.190613
vt 0.323214 0.195187
vt 0.322152 0.188217
vt 0.321079 0.194889
vt 0.320152 0.187807
vt 0.319700 0.181078
vt 0.319193 0.196976
vt 0.318587 0.192727
vt 0.319437 0.183539
vt 0.318629 0.183472
vt 0.318747 0.199090
vt 0.318250 0.188889
vt 0.318581 0.187603
vt 0.321296 0.235724
vt 0.320383 0.234841
vt 0.321750 0.251468
vt 0.320045 0.220709
vt 0.318863 0.214035
vt 0.319350 0.226104
vt 0.319756 0.229945
vt 0.322236 0.277294
vt 0.322851 0.280082
vt 0.323601 0.229812
vt 0.323971 0.253291
vt 0.323840 0.223732
vt 0.321159 0.200861
vt 0.320940 0.209849
vt 0.322368 0.207258
vt 0.321132 0.221277
vt 0.322235 0.218997
vt 0.323330 0.210910
vt 0.318163 0.195709
vt 0.319585 0.210298
vt 0.319733 0.202320
vt 0.318827 0.208632
vt 0.318063 0.197258
vt 0.321738 0.186246
vt 0.320184 0.182211
vt 0.320779 0.188799
vt 0.320350 0.191621
vt 0.321532 0.193647
vt 0.324079 0.211124
vt 0.324157 0.215573
vt 0.323906 0.212259
vt 0.324154 0.232442
vt 0.324237 0.236607
vt 0.324246 0.237308
vt 0.324069 0.256123
vt 0.321836 0.268881
vt 0.321654 0.270821
vt 0.320814 0.251124
vt 0.321290 0.254588
vt 0.320372 0.238000
vt 0.321531 0.270711
vt 0.321549 0.269466
vt 0.320575 0.253441
vt 0.318392 0.199419
vt 0.318481 0.206126
vt 0.318071 0.197484
vt 0.318219 0.202856
vt 0.317985 0.195987
vt 0.319047 0.220303
vt 0.318083 0.191967
vt 0.317980 0.192756
vt 0.318190 0.186164
vt 0.318026 0.190640
vt 0.318202 0.186962
vt 0.318214 0.189983
vt 0.318641 0.182790
vt 0.318545 0.187999
vt 0.318941 0.190949
vt 0.319049 0.186888
vt 0.323939 0.267163
vt 0.324117 0.259081
vt 0.323933 0.271735
vt 0.323750 0.262822
vt 0.323630 0.276794
vt 0.323847 0.272174
vt 0.323533 0.272959
vt 0.323534 0.282002
vt 0.322894 0.193535
vt 0.323152 0.198877
vt 0.323736 0.201874
vt 0.322942 0.191722
vt 0.321560 0.188091
vt 0.322124 0.192707
vt 0.322051 0.194762
vt 0.319649 0.226921
vt 0.320079 0.240284
vt 0.319105 0.219398
vt 0.318933 0.210903
vt 0.321829 0.180388
vt 0.322423 0.183940
vt 0.322800 0.184794
vt 0.322115 0.181997
vt 0.323533 0.190911
vt 0.322319 0.190345
vt 0.322732 0.195229
vt 0.323352 0.195902
vt 0.322200 0.193808
vt 0.321978 0.185207
vt 0.322712 0.188287
vt 0.318580 0.190832
vt 0.319271 0.204028
vt 0.319411 0.189934
vt 0.316857 0.196486
vt 0.317299 0.211056
vt 0.317280 0.194870
vt 0.316371 0.196080
vt 0.316393 0.203033
vt 0.316703 0.194697
vt 0.316882 0.219111
vt 0.317616 0.227105
vt 0.318493 0.213778
vt 0.318656 0.227149
vt 0.318031 0.247693
vt 0.317137 0.238747
vt 0.316538 0.215502
vt 0.317020 0.233361
vt 0.316488 0.214433
vt 0.318008 0.262703
vt 0.317803 0.256134
vt 0.318291 0.261737
vt 0.318339 0.267748
vt 0.318669 0.274853
vt 0.319660 0.284726
vt 0.318485 0.270245
vt 0.320848 0.260996
vt 0.322310 0.272913
vt 0.322216 0.256323
vt 0.322099 0.277276
vt 0.321265 0.284028
vt 0.323439 0.261017
vt 0.323076 0.265557
vt 0.322876 0.269526
vt 0.323575 0.254591
vt 0.323553 0.256449
vt 0.323948 0.245357
vt 0.324093 0.230413
vt 0.323751 0.220475
vt 0.323187 0.250625
vt 0.323019 0.224636
vt 0.322555 0.211118
vt 0.321901 0.226035
vt 0.323943 0.197894
vt 0.324162 0.204071
vt 0.324118 0.205652
vt 0.324159 0.215845
vt 0.324252 0.221780
vt 0.324076 0.228168
vt 0.323565 0.195331
vt 0.323681 0.204203
vt 0.322764 0.193423
vt 0.320376 0.209040
vt 0.319731 0.194030
vt 0.317450 0.188348
vt 0.319662 0.184591
vt 0.320927 0.259144
vt 0.320122 0.243396
vt 0.321292 0.239183
vt 0.321721 0.267054
vt 0.322701 0.249637
vt 0.319418 0.258013
vt 0.318574 0.249532
vt 0.322156 0.271202
vt 0.321314 0.277379
vt 0.322843 0.267328
vt 0.322114 0.276004
vt 0.323282 0.254589
vt 0.322999 0.250033
vt 0.323781 0.229514
vt 0.318070 0.257691
vt 0.318253 0.255688
vt 0.317533 0.231814
vt 0.319906 0.234117
vt 0.317288 0.218028
vt 0.316942 0.197316
vt 0.316798 0.191630
vt 0.316670 0.189140
vt 0.316757 0.190479
vt 0.316991 0.186431
vt 0.317148 0.184290
vt 0.317233 0.184302
vt 0.318120 0.181264
vt 0.320207 0.178822
vt 0.318137 0.179055
vt 0.317796 0.181077
vt 0.318513 0.178666
vt 0.322423 0.185910
vt 0.321349 0.202793
vt 0.320536 0.213950
vt 0.320277 0.228498
vt 0.319974 0.246614
vt 0.318814 0.265054
vt 0.324955 0.178962
vt 0.325365 0.181969
vt 0.326236 0.182533
vt 0.325767 0.180256
vt 0.327225 0.187785
vt 0.325006 0.184405
vt 0.325830 0.189663
vt 0.327035 0.190108
vt 0.325808 0.192167
vt 0.327543 0.196374
vt 0.322629 0.189910
vt 0.324584 0.201570
vt 0.322778 0.188780
vt 0.323561 0.195605
vt 0.325206 0.208644
vt 0.323125 0.194018
vt 0.324456 0.195313
vt 0.324886 0.201638
vt 0.323589 0.194016
vt 0.325902 0.213529
vt 0.325814 0.205107
vt 0.326897 0.221875
vt 0.326315 0.219668
vt 0.325496 0.210692
vt 0.327088 0.220663
vt 0.330316 0.281893
vt 0.330111 0.280508
vt 0.329000 0.261395
vt 0.329275 0.259118
vt 0.330775 0.289822
vt 0.331224 0.293101
vt 0.331343 0.288404
vt 0.331270 0.278170
vt 0.330323 0.260441
vt 0.329599 0.232953
vt 0.330934 0.260867
vt 0.329593 0.225596
vt 0.330371 0.235817
vt 0.330809 0.241502
vt 0.331222 0.264166
vt 0.329812 0.215577
vt 0.329215 0.211845
vt 0.328352 0.208588
vt 0.327130 0.206665
vt 0.327850 0.220506
vt 0.328305 0.215664
vt 0.328635 0.199490
vt 0.328334 0.193934
vt 0.329088 0.200910
vt 0.329730 0.210177
vt 0.330270 0.221451
vt 0.329843 0.211621
vt 0.327871 0.205450
vt 0.329055 0.199738
vt 0.328208 0.191729
vt 0.327768 0.190305
vt 0.326808 0.184122
vt 0.325382 0.183245
vt 0.326418 0.192060
vt 0.324919 0.187201
vt 0.329116 0.223408
vt 0.328860 0.234338
vt 0.327601 0.216159
vt 0.331797 0.271896
vt 0.331257 0.263507
vt 0.331092 0.244362
vt 0.331562 0.282776
vt 0.330134 0.256140
vt 0.331914 0.277171
vt 0.332097 0.288733
vt 0.331615 0.267540
vt 0.331900 0.282761
vt 0.331167 0.245280
vt 0.330950 0.240555
vt 0.330083 0.262292
vt 0.329554 0.258276
vt 0.328968 0.242428
vt 0.327941 0.229449
vt 0.328560 0.245481
vt 0.328135 0.227301
vt 0.326673 0.204534
vt 0.325836 0.196109
vt 0.324985 0.191032
vt 0.323962 0.188895
vt 0.323477 0.190141
vt 0.324204 0.186275
vt 0.323630 0.184314
vt 0.322823 0.182563
vt 0.322879 0.186836
vt 0.322409 0.183804
vt 0.323953 0.181167
vt 0.323090 0.179221
vt 0.322456 0.178795
vt 0.325426 0.199625
vt 0.326175 0.210065
vt 0.327243 0.223388
vt 0.326669 0.222777
vt 0.327792 0.239404
vt 0.328223 0.240447
vt 0.318828 0.175375
vt 0.318473 0.179481
vt 0.318773 0.180258
vt 0.319190 0.176873
vt 0.318610 0.184353
vt 0.318575 0.189600
vt 0.318870 0.188269
vt 0.318339 0.186229
vt 0.318510 0.191310
vt 0.318541 0.192150
vt 0.318537 0.189672
vt 0.318357 0.180770
vt 0.318355 0.184172
vt 0.320776 0.184072
vt 0.321666 0.197390
vt 0.319896 0.183964
vt 0.323688 0.187488
vt 0.324615 0.202151
vt 0.322800 0.186299
vt 0.325053 0.185983
vt 0.325416 0.192988
vt 0.323895 0.185437
vt 0.325787 0.206666
vt 0.326294 0.196391
vt 0.326789 0.215510
vt 0.325340 0.214455
vt 0.323424 0.206130
vt 0.323075 0.196635
vt 0.326958 0.214032
vt 0.327051 0.241785
vt 0.326891 0.252649
vt 0.327089 0.256261
vt 0.327196 0.234199
vt 0.325936 0.229297
vt 0.326648 0.267166
vt 0.324589 0.261772
vt 0.325583 0.294989
vt 0.324888 0.299820
vt 0.324104 0.295695
vt 0.323023 0.280915
vt 0.322427 0.258393
vt 0.322913 0.274065
vt 0.323472 0.289584
vt 0.323689 0.290348
vt 0.321821 0.254318
vt 0.321865 0.252952
vt 0.321555 0.249333
vt 0.320752 0.229073
vt 0.320470 0.226983
vt 0.320018 0.216986
vt 0.319686 0.208138
vt 0.319283 0.204400
vt 0.319911 0.206858
vt 0.321351 0.221256
vt 0.320356 0.217241
vt 0.319072 0.197580
vt 0.319700 0.201705
vt 0.320233 0.211975
vt 0.322281 0.233861
vt 0.323967 0.222667
vt 0.320811 0.211899
vt 0.319148 0.184763
vt 0.319681 0.190454
vt 0.319625 0.180729
vt 0.321985 0.186758
vt 0.321707 0.177187
vt 0.323192 0.201834
vt 0.324850 0.185657
vt 0.324184 0.178803
vt 0.324490 0.267134
vt 0.324820 0.244854
vt 0.325586 0.287765
vt 0.326300 0.256346
vt 0.326561 0.229094
vt 0.323558 0.282190
vt 0.323213 0.266707
vt 0.321097 0.229645
vt 0.322741 0.248888
vt 0.321393 0.229087
vt 0.327050 0.239279
vt 0.327142 0.249292
vt 0.327077 0.220898
vt 0.326923 0.222247
vt 0.326827 0.260911
vt 0.326175 0.211987
vt 0.326165 0.196400
vt 0.325650 0.187488
vt 0.324245 0.179387
vt 0.323723 0.181171
vt 0.324059 0.176774
vt 0.323366 0.175066
vt 0.322789 0.175504
vt 0.322461 0.172793
vt 0.320277 0.172311
vt 0.321685 0.171036
vt 0.321737 0.173021
vt 0.320678 0.171431
vt 0.319873 0.197891
vt 0.321536 0.208156
vt 0.322812 0.222371
vt 0.324277 0.219522
vt 0.325312 0.236919
vt 0.324013 0.240875
vt 0.315774 0.184311
vt 0.315145 0.187755
vt 0.314516 0.188632
vt 0.315240 0.185988
vt 0.313557 0.194746
vt 0.314817 0.192113
vt 0.314624 0.196439
vt 0.313611 0.197271
vt 0.314726 0.199225
vt 0.313276 0.204393
vt 0.319226 0.195945
vt 0.317932 0.209492
vt 0.318511 0.194690
vt 0.320241 0.202662
vt 0.319260 0.217660
vt 0.320070 0.200739
vt 0.320290 0.202641
vt 0.320106 0.209812
vt 0.320354 0.200910
vt 0.319358 0.223336
vt 0.319795 0.213963
vt 0.319054 0.232938
vt 0.318659 0.230261
vt 0.318200 0.219967
vt 0.318986 0.231650
vt 0.315725 0.300660
vt 0.315686 0.299047
vt 0.316556 0.285598
vt 0.315353 0.274939
vt 0.314750 0.309574
vt 0.313903 0.313318
vt 0.313246 0.308086
vt 0.312717 0.296638
vt 0.313200 0.276621
vt 0.312758 0.245757
vt 0.312308 0.277241
vt 0.312423 0.237545
vt 0.312023 0.249154
vt 0.311919 0.255622
vt 0.312187 0.281001
vt 0.311991 0.226439
vt 0.312310 0.222107
vt 0.313029 0.218241
vt 0.314357 0.215778
vt 0.314588 0.231439
vt 0.313516 0.226132
vt 0.312518 0.208176
vt 0.312809 0.201910
vt 0.312381 0.209899
vt 0.312100 0.220409
vt 0.311954 0.233127
vt 0.312862 0.224572
vt 0.315811 0.214771
vt 0.312741 0.208607
vt 0.313159 0.199438
vt 0.313962 0.197758
vt 0.316881 0.199452
vt 0.319238 0.194378
vt 0.317390 0.189615
vt 0.315129 0.235128
vt 0.317014 0.247332
vt 0.317724 0.228476
vt 0.312675 0.289829
vt 0.313552 0.280369
vt 0.312394 0.258931
vt 0.314060 0.301951
vt 0.315695 0.271936
vt 0.312411 0.295722
vt 0.312857 0.308680
vt 0.312144 0.284885
vt 0.312416 0.301938
vt 0.312086 0.259957
vt 0.311941 0.254616
vt 0.316061 0.278790
vt 0.316704 0.274185
vt 0.317229 0.256385
vt 0.318266 0.241665
vt 0.317689 0.259677
vt 0.317957 0.239320
vt 0.318898 0.213553
vt 0.319315 0.203924
vt 0.319754 0.198017
vt 0.320243 0.195329
vt 0.320356 0.196560
vt 0.319899 0.192471
vt 0.319992 0.190103
vt 0.320130 0.189968
vt 0.319099 0.186649
vt 0.317289 0.183314
vt 0.319412 0.184215
vt 0.319841 0.186345
vt 0.319353 0.183526
vt 0.314646 0.190027
vt 0.315964 0.207479
vt 0.316320 0.219373
vt 0.316114 0.234544
vt 0.317619 0.233771
vt 0.317207 0.252625
vt 0.315937 0.253846
vt 0.318079 0.192986
vt 0.318754 0.191517
vt 0.318365 0.198463
vt 0.319334 0.192810
vt 0.319269 0.197324
vt 0.318970 0.197060
vt 0.319271 0.198854
vt 0.318370 0.207328
vt 0.318107 0.212507
vt 0.319358 0.194698
vt 0.316310 0.204401
vt 0.318131 0.205135
vt 0.317262 0.194745
vt 0.318647 0.193541
vt 0.317137 0.191277
vt 0.318192 0.189794
vt 0.315387 0.198223
vt 0.314627 0.206684
vt 0.313789 0.202051
vt 0.312975 0.214034
vt 0.314275 0.195439
vt 0.315625 0.194744
vt 0.312009 0.218222
vt 0.311981 0.229785
vt 0.313512 0.216960
vt 0.312820 0.230546
vt 0.314504 0.216610
vt 0.311907 0.246793
vt 0.312460 0.252131
vt 0.310987 0.243869
vt 0.310535 0.274481
vt 0.310714 0.275216
vt 0.310695 0.291633
vt 0.311310 0.300285
vt 0.310730 0.307826
vt 0.310988 0.319068
vt 0.315091 0.264439
vt 0.315626 0.257741
vt 0.313991 0.291791
vt 0.316582 0.233370
vt 0.317102 0.227732
vt 0.317586 0.216061
vt 0.316042 0.233026
vt 0.316828 0.229267
vt 0.318520 0.202379
vt 0.318399 0.207487
vt 0.317696 0.213536
vt 0.317813 0.205447
vt 0.317203 0.214808
vt 0.316561 0.226697
vt 0.315890 0.240768
vt 0.316924 0.197497
vt 0.317399 0.186039
vt 0.318488 0.184199
vt 0.314161 0.195851
vt 0.314134 0.189580
vt 0.315986 0.184302
vt 0.313104 0.238047
vt 0.310968 0.250216
vt 0.311517 0.230955
vt 0.312291 0.301143
vt 0.311073 0.306714
vt 0.313525 0.268980
vt 0.310394 0.300377
vt 0.310582 0.265736
vt 0.312535 0.306383
vt 0.311589 0.319038
vt 0.313367 0.296622
vt 0.312546 0.312735
vt 0.313885 0.277257
vt 0.314824 0.263623
vt 0.314573 0.260678
vt 0.314544 0.249682
vt 0.315431 0.242145
vt 0.310376 0.265829
vt 0.310227 0.281226
vt 0.310614 0.245460
vt 0.310427 0.265769
vt 0.310969 0.233749
vt 0.312253 0.212856
vt 0.312552 0.201753
vt 0.313287 0.194997
vt 0.311548 0.215614
vt 0.311845 0.214191
vt 0.312200 0.206247
vt 0.314381 0.188464
vt 0.314305 0.191580
vt 0.315154 0.186249
vt 0.315834 0.186707
vt 0.315996 0.181463
vt 0.317779 0.179324
vt 0.316862 0.180596
vt 0.316925 0.183716
vt 0.317972 0.181868
vt 0.316337 0.216136
vt 0.313509 0.256848
vt 0.312456 0.307347
vt 0.315052 0.254981
vt 0.314421 0.233865
vt 0.320542 0.187730
vt 0.320670 0.189918
vt 0.321339 0.189870
vt 0.321196 0.188318
vt 0.321965 0.193566
vt 0.320380 0.192119
vt 0.320931 0.195926
vt 0.321774 0.195570
vt 0.320966 0.197998
vt 0.322190 0.200406
vt 0.319785 0.193810
vt 0.319765 0.196913
vt 0.320525 0.197573
vt 0.319432 0.194683
vt 0.319558 0.197284
vt 0.319157 0.193492
vt 0.320549 0.196702
vt 0.319973 0.196414
vt 0.319946 0.193422
vt 0.321476 0.202519
vt 0.322875 0.212250
vt 0.320861 0.201426
vt 0.322561 0.201825
vt 0.322972 0.206764
vt 0.321572 0.201215
vt 0.323776 0.216875
vt 0.323895 0.209096
vt 0.324771 0.222193
vt 0.322612 0.213672
vt 0.324782 0.227802
vt 0.324735 0.231436
vt 0.324957 0.221096
vt 0.326979 0.269241
vt 0.326713 0.268208
vt 0.326132 0.253263
vt 0.325507 0.251092
vt 0.326974 0.275399
vt 0.327024 0.277768
vt 0.326761 0.269464
vt 0.326614 0.270567
vt 0.327240 0.279086
vt 0.324369 0.229246
vt 0.325725 0.251367
vt 0.324160 0.223192
vt 0.324863 0.231119
vt 0.325329 0.235539
vt 0.326000 0.253908
vt 0.324158 0.214833
vt 0.323632 0.212117
vt 0.323104 0.211566
vt 0.322336 0.209151
vt 0.323336 0.220136
vt 0.323049 0.202320
vt 0.324455 0.211625
vt 0.324350 0.213731
vt 0.325130 0.222650
vt 0.324042 0.207921
vt 0.323674 0.202330
vt 0.322577 0.194109
vt 0.322841 0.195390
vt 0.321947 0.190560
vt 0.323242 0.200864
vt 0.322922 0.197812
vt 0.322768 0.196574
vt 0.321800 0.191504
vt 0.325145 0.221916
vt 0.325937 0.231185
vt 0.325135 0.217072
vt 0.326968 0.259991
vt 0.326822 0.253487
vt 0.325939 0.237782
vt 0.327499 0.269158
vt 0.326607 0.245739
vt 0.326962 0.264223
vt 0.327450 0.273639
vt 0.326444 0.256464
vt 0.326956 0.268807
vt 0.325853 0.238464
vt 0.325507 0.234693
vt 0.327303 0.266949
vt 0.327193 0.269095
vt 0.326610 0.250395
vt 0.326872 0.253347
vt 0.326199 0.237773
vt 0.325562 0.227779
vt 0.325983 0.240529
vt 0.325612 0.225890
vt 0.324395 0.208096
vt 0.323634 0.201670
vt 0.323425 0.202835
vt 0.324621 0.212985
vt 0.321943 0.196819
vt 0.321437 0.198099
vt 0.321722 0.193668
vt 0.320460 0.192198
vt 0.321267 0.190382
vt 0.320424 0.189263
vt 0.320706 0.187526
vt 0.319641 0.189235
vt 0.319835 0.186706
vt 0.319574 0.187762
vt 0.321233 0.204424
vt 0.322336 0.212622
vt 0.323497 0.222960
vt 0.323681 0.222905
vt 0.324793 0.235900
vt 0.324576 0.236405
vt 0.321369 0.206646
vt 0.319170 0.213043
vt 0.319099 0.211585
vt 0.318668 0.224804
vt 0.319108 0.210771
vt 0.318872 0.217981
vt 0.318614 0.224746
vt 0.319037 0.217637
vt 0.318569 0.231256
vt 0.319483 0.206618
vt 0.319821 0.207940
vt 0.322002 0.213736
vt 0.321027 0.224769
vt 0.320902 0.204705
vt 0.321185 0.201511
vt 0.320643 0.199521
vt 0.321654 0.203897
vt 0.321144 0.198339
vt 0.322117 0.209920
vt 0.322546 0.219922
vt 0.322447 0.237727
vt 0.322974 0.227472
vt 0.323019 0.233858
vt 0.322808 0.247168
vt 0.323211 0.242242
vt 0.323086 0.257946
vt 0.321689 0.237938
vt 0.322817 0.262212
vt 0.322278 0.267446
vt 0.323127 0.258592
vt 0.322680 0.281408
vt 0.322311 0.290448
vt 0.321706 0.305911
vt 0.321838 0.308433
vt 0.319804 0.310398
vt 0.319995 0.309656
vt 0.320246 0.319733
vt 0.319297 0.292788
vt 0.319075 0.266422
vt 0.318575 0.250533
vt 0.318830 0.271928
vt 0.318960 0.277885
vt 0.318569 0.256111
vt 0.319257 0.236996
vt 0.319781 0.251140
vt 0.318794 0.245363
vt 0.318464 0.239382
vt 0.318986 0.255574
vt 0.318664 0.256708
vt 0.319110 0.267906
vt 0.320861 0.246673
vt 0.318862 0.243553
vt 0.318986 0.224104
vt 0.319488 0.212749
vt 0.320607 0.230614
vt 0.320676 0.218093
vt 0.322429 0.233717
vt 0.320863 0.264506
vt 0.322593 0.271574
vt 0.322770 0.257931
vt 0.320015 0.305369
vt 0.320507 0.299073
vt 0.319313 0.283751
vt 0.321047 0.313780
vt 0.321848 0.289947
vt 0.320754 0.325094
vt 0.321238 0.321828
vt 0.321265 0.318296
vt 0.319888 0.312541
vt 0.320282 0.317689
vt 0.320265 0.321228
vt 0.319484 0.299872
vt 0.321891 0.303918
vt 0.321832 0.310005
vt 0.322340 0.292212
vt 0.322528 0.280327
vt 0.322922 0.268076
vt 0.322880 0.246035
vt 0.322877 0.232023
vt 0.322313 0.223369
vt 0.323095 0.234647
vt 0.323148 0.250572
vt 0.322458 0.216280
vt 0.322709 0.219480
vt 0.321957 0.206520
vt 0.321884 0.211517
vt 0.321585 0.204942
vt 0.320433 0.200662
vt 0.320653 0.196709
vt 0.320134 0.198380
vt 0.319907 0.200240
vt 0.319783 0.224388
vt 0.320436 0.237264
vt 0.320765 0.252567
vt 0.321085 0.273723
vt 0.319750 0.288842
vt 0.319836 0.267455
vt 0.321755 0.252247
vt 0.315978 0.207159
vt 0.315664 0.209242
vt 0.314943 0.209351
vt 0.315300 0.207923
vt 0.314140 0.213091
vt 0.315960 0.211359
vt 0.315285 0.215230
vt 0.314301 0.215016
vt 0.315292 0.217342
vt 0.313870 0.219957
vt 0.316765 0.213034
vt 0.316979 0.216278
vt 0.315862 0.216887
vt 0.318077 0.214537
vt 0.317795 0.217054
vt 0.318043 0.213029
vt 0.317496 0.217296
vt 0.317832 0.216654
vt 0.317860 0.213658
vt 0.316790 0.223551
vt 0.315392 0.233686
vt 0.317197 0.222119
vt 0.315987 0.223395
vt 0.315611 0.228477
vt 0.316757 0.222325
vt 0.314707 0.238739
vt 0.314806 0.231169
vt 0.313882 0.244477
vt 0.315227 0.234701
vt 0.313726 0.249973
vt 0.313567 0.253431
vt 0.313719 0.243453
vt 0.311045 0.291650
vt 0.311234 0.290480
vt 0.312133 0.275622
vt 0.312042 0.272719
vt 0.310712 0.297540
vt 0.310384 0.299708
vt 0.310115 0.290927
vt 0.310371 0.292068
vt 0.309901 0.300885
vt 0.312028 0.249672
vt 0.310836 0.272299
vt 0.312075 0.243438
vt 0.311402 0.251589
vt 0.311011 0.256200
vt 0.310585 0.274937
vt 0.311933 0.234977
vt 0.312442 0.232094
vt 0.313103 0.231489
vt 0.314124 0.229044
vt 0.313440 0.240557
vt 0.312960 0.222084
vt 0.311869 0.232038
vt 0.311795 0.233973
vt 0.311283 0.243320
vt 0.313332 0.229022
vt 0.312564 0.222454
vt 0.314046 0.212028
vt 0.313298 0.215956
vt 0.314528 0.210368
vt 0.314371 0.217772
vt 0.315577 0.211960
vt 0.314838 0.221502
vt 0.315597 0.218069
vt 0.312257 0.243349
vt 0.312297 0.253482
vt 0.313335 0.239328
vt 0.310517 0.266925
vt 0.311255 0.259586
vt 0.310677 0.276492
vt 0.310016 0.281607
vt 0.309928 0.285761
vt 0.309707 0.295516
vt 0.310233 0.277693
vt 0.309932 0.290336
vt 0.310685 0.258794
vt 0.310885 0.255447
vt 0.310665 0.289412
vt 0.310830 0.291566
vt 0.311671 0.272909
vt 0.311251 0.275815
vt 0.312535 0.254123
vt 0.313011 0.250230
vt 0.312487 0.263014
vt 0.314121 0.230176
vt 0.314878 0.223970
vt 0.315198 0.224717
vt 0.314054 0.235250
vt 0.316442 0.218085
vt 0.316862 0.219149
vt 0.316512 0.214757
vt 0.317488 0.212695
vt 0.316565 0.211031
vt 0.317310 0.209589
vt 0.316371 0.207433
vt 0.317882 0.209167
vt 0.317242 0.206356
vt 0.317206 0.207105
vt 0.315510 0.224213
vt 0.314793 0.233026
vt 0.313838 0.243855
vt 0.314215 0.244285
vt 0.313226 0.257689
vt 0.312955 0.257756
vt 0.316079 0.227015
vt 0.319937 0.205586
vt 0.320211 0.208353
vt 0.320007 0.209531
vt 0.319690 0.207318
vt 0.320053 0.214618
vt 0.320333 0.210047
vt 0.320317 0.215012
vt 0.320192 0.216354
vt 0.320231 0.217050
vt 0.320047 0.221901
vt 0.320228 0.210312
vt 0.319900 0.212981
vt 0.320198 0.215630
vt 0.318692 0.208666
vt 0.318916 0.211781
vt 0.319357 0.207638
vt 0.317255 0.211477
vt 0.317932 0.210705
vt 0.317936 0.207676
vt 0.316465 0.218382
vt 0.315867 0.230422
vt 0.317102 0.216679
vt 0.315487 0.218946
vt 0.315255 0.224486
vt 0.316309 0.217118
vt 0.315097 0.236107
vt 0.314644 0.228121
vt 0.314367 0.242733
vt 0.316741 0.232255
vt 0.314628 0.248628
vt 0.315021 0.252583
vt 0.314242 0.241906
vt 0.314594 0.294562
vt 0.314846 0.293243
vt 0.314511 0.276743
vt 0.316048 0.274968
vt 0.315206 0.301366
vt 0.315682 0.304368
vt 0.316720 0.296721
vt 0.316595 0.297356
vt 0.316058 0.306578
vt 0.318545 0.253607
vt 0.317700 0.277590
vt 0.318912 0.247552
vt 0.318564 0.256568
vt 0.318233 0.261601
vt 0.317541 0.280534
vt 0.319149 0.239510
vt 0.319408 0.235956
vt 0.319405 0.234255
vt 0.319292 0.230054
vt 0.318313 0.242039
vt 0.319761 0.225351
vt 0.318601 0.236346
vt 0.318969 0.238627
vt 0.318167 0.248281
vt 0.316920 0.229858
vt 0.319081 0.225949
vt 0.319634 0.216016
vt 0.319049 0.217201
vt 0.319401 0.210853
vt 0.319592 0.224132
vt 0.317221 0.217710
vt 0.315710 0.214431
vt 0.317873 0.209738
vt 0.316413 0.245593
vt 0.314610 0.254485
vt 0.314519 0.238609
vt 0.316815 0.272213
vt 0.316119 0.263241
vt 0.315312 0.280531
vt 0.316419 0.287416
vt 0.316596 0.291811
vt 0.315930 0.301474
vt 0.317188 0.283640
vt 0.316613 0.296371
vt 0.317678 0.264377
vt 0.318062 0.260953
vt 0.314547 0.292937
vt 0.314502 0.294779
vt 0.314267 0.274656
vt 0.314436 0.278353
vt 0.314245 0.254500
vt 0.314170 0.249784
vt 0.314189 0.263397
vt 0.314747 0.228333
vt 0.315140 0.220734
vt 0.314974 0.221251
vt 0.314376 0.233265
vt 0.316040 0.213250
vt 0.316417 0.213848
vt 0.316396 0.210043
vt 0.317456 0.207034
vt 0.317301 0.206813
vt 0.317845 0.204481
vt 0.318877 0.204540
vt 0.318564 0.203562
vt 0.319261 0.202263
vt 0.319904 0.203472
vt 0.319269 0.222928
vt 0.318115 0.232170
vt 0.317258 0.244001
vt 0.316187 0.243132
vt 0.315506 0.257696
vt 0.316464 0.258812
vt 0.317966 0.223955
vt 0.321952 0.216592
vt 0.321760 0.217452
vt 0.322880 0.224900
vt 0.320956 0.210432
vt 0.320772 0.212492
vt 0.320247 0.207448
vt 0.319889 0.207861
vt 0.319962 0.215060
vt 0.320798 0.226331
vt 0.319845 0.210796
vt 0.319743 0.209592
vt 0.319782 0.205324
vt 0.320386 0.220910
vt 0.320555 0.226063
vt 0.320052 0.217826
vt 0.321408 0.241251
vt 0.322045 0.253951
vt 0.322306 0.259299
vt 0.322829 0.269749
vt 0.322163 0.254590
vt 0.322071 0.249046
vt 0.323041 0.278973
vt 0.323648 0.293179
vt 0.323759 0.294891
vt 0.324757 0.295299
vt 0.324525 0.295526
vt 0.324749 0.304385
vt 0.324554 0.278802
vt 0.323867 0.255682
vt 0.323772 0.240134
vt 0.324346 0.258769
vt 0.324620 0.263155
vt 0.324159 0.243577
vt 0.322281 0.233345
vt 0.323107 0.242216
vt 0.323154 0.234753
vt 0.323794 0.233057
vt 0.324261 0.243357
vt 0.324182 0.241965
vt 0.324484 0.252966
vt 0.323024 0.220335
vt 0.323788 0.232230
vt 0.323098 0.223790
vt 0.322067 0.214601
vt 0.322847 0.236338
vt 0.321210 0.220673
vt 0.321538 0.228920
vt 0.323499 0.251485
vt 0.323216 0.263890
vt 0.322459 0.246783
vt 0.324624 0.267726
vt 0.324298 0.283403
vt 0.324790 0.308745
vt 0.324463 0.306196
vt 0.324501 0.302097
vt 0.324902 0.288500
vt 0.324943 0.296241
vt 0.324949 0.300851
vt 0.324906 0.304962
vt 0.324747 0.267380
vt 0.324856 0.284088
vt 0.323945 0.288728
vt 0.323923 0.295559
vt 0.323415 0.278464
vt 0.322914 0.261033
vt 0.322562 0.256588
vt 0.320978 0.224982
vt 0.321901 0.241434
vt 0.321371 0.235817
vt 0.320479 0.218894
vt 0.320510 0.215970
vt 0.320027 0.210275
vt 0.320712 0.214788
vt 0.320283 0.207856
vt 0.321130 0.207195
vt 0.320601 0.204408
vt 0.319901 0.204015
vt 0.320236 0.204814
vt 0.320439 0.203924
vt 0.321517 0.208237
vt 0.321588 0.234207
vt 0.322474 0.245648
vt 0.323363 0.257890
vt 0.322953 0.265054
vt 0.324066 0.276508
vt 0.321898 0.246397
vt 0.321073 0.234369
vt 0.321555 0.224065
vt 0.317691 0.198017
vt 0.317896 0.197433
vt 0.316763 0.206132
vt 0.318136 0.197655
vt 0.317651 0.202993
vt 0.316890 0.206646
vt 0.317903 0.203734
vt 0.316634 0.212247
vt 0.318813 0.196314
vt 0.319080 0.198815
vt 0.319873 0.207998
vt 0.318837 0.214954
vt 0.319909 0.198989
vt 0.320141 0.196673
vt 0.319979 0.193979
vt 0.320133 0.199031
vt 0.320106 0.193244
vt 0.319966 0.204447
vt 0.319637 0.213263
vt 0.318743 0.227714
vt 0.319155 0.218860
vt 0.318960 0.224589
vt 0.318397 0.235882
vt 0.318461 0.231014
vt 0.317941 0.244961
vt 0.318471 0.226843
vt 0.317840 0.248965
vt 0.317568 0.253251
vt 0.317821 0.245089
vt 0.317119 0.265630
vt 0.316913 0.274121
vt 0.316325 0.287588
vt 0.316234 0.289773
vt 0.315115 0.287144
vt 0.315354 0.287407
vt 0.315184 0.297036
vt 0.315223 0.269490
vt 0.315803 0.244841
vt 0.315805 0.228495
vt 0.315327 0.248454
vt 0.315088 0.253532
vt 0.315441 0.232646
vt 0.317080 0.220059
vt 0.316851 0.233588
vt 0.316281 0.225230
vt 0.315989 0.217797
vt 0.315450 0.232067
vt 0.315351 0.232846
vt 0.315201 0.243691
vt 0.316868 0.228873
vt 0.315799 0.221205
vt 0.316817 0.205601
vt 0.318091 0.196725
vt 0.316311 0.212173
vt 0.319065 0.205208
vt 0.317654 0.216027
vt 0.318769 0.214788
vt 0.316280 0.244704
vt 0.316972 0.254820
vt 0.317418 0.242666
vt 0.314974 0.281284
vt 0.315299 0.276140
vt 0.315001 0.259157
vt 0.315371 0.291588
vt 0.316188 0.270451
vt 0.315198 0.302562
vt 0.315543 0.300645
vt 0.315497 0.296785
vt 0.314947 0.288598
vt 0.314986 0.294036
vt 0.315037 0.297924
vt 0.314964 0.275634
vt 0.316042 0.284241
vt 0.316078 0.290706
vt 0.316556 0.274353
vt 0.316794 0.263094
vt 0.317356 0.252862
vt 0.317888 0.232441
vt 0.318309 0.223886
vt 0.318635 0.223952
vt 0.317962 0.237421
vt 0.319305 0.208222
vt 0.319441 0.211910
vt 0.319868 0.200520
vt 0.319620 0.197845
vt 0.319957 0.190973
vt 0.319586 0.191132
vt 0.319146 0.191134
vt 0.319278 0.192076
vt 0.318123 0.211578
vt 0.317866 0.223646
vt 0.317393 0.237318
vt 0.316878 0.256860
vt 0.315718 0.267541
vt 0.316348 0.248214
vt 0.317884 0.239018
vt 0.310795 0.241055
vt 0.312038 0.221389
vt 0.308822 0.275375
vt 0.311196 0.193988
vt 0.310806 0.234701
vt 0.316493 0.189650
vt 0.315114 0.180700
vt 0.315346 0.183078
vt 0.315901 0.178772
vt 0.316162 0.181175
vt 0.316120 0.184785
vt 0.316453 0.177905
vt 0.316720 0.180300
vt 0.308919 0.281630
vt 0.308916 0.287483
vt 0.309138 0.287643
vt 0.308417 0.286034
vt 0.308413 0.292073
vt 0.308637 0.292079
vt 0.311571 0.245041
vt 0.313616 0.201353
vt 0.316912 0.180744
vt 0.308442 0.288044
vt 0.308489 0.277777
vt 0.308227 0.287879
vt 0.312998 0.209920
vt 0.306675 0.275375
vt 0.308040 0.241055
vt 0.309033 0.221389
vt 0.309996 0.234701
vt 0.314942 0.189650
vt 0.315075 0.180700
vt 0.315340 0.183078
vt 0.315567 0.178772
vt 0.315864 0.181175
vt 0.315817 0.184785
vt 0.315756 0.177905
vt 0.316062 0.180300
vt 0.306583 0.281630
vt 0.306581 0.287483
vt 0.306833 0.287643
vt 0.306417 0.286034
vt 0.306408 0.292073
vt 0.306668 0.292079
vt 0.308588 0.245041
vt 0.310535 0.201353
vt 0.315836 0.180744
vt 0.306859 0.288043
vt 0.307307 0.277777
vt 0.306608 0.287879
vt 0.309867 0.209920
vt 0.320090 0.227012
vt 0.323654 0.245018
vt 0.322408 0.256380
vt 0.320914 0.242326
vt 0.322761 0.271822
vt 0.322659 0.233027
vt 0.323315 0.252764
vt 0.318371 0.193627
vt 0.320469 0.185109
vt 0.319724 0.187036
vt 0.319695 0.183832
vt 0.319145 0.181651
vt 0.319021 0.183640
vt 0.323749 0.200589
vt 0.322542 0.277683
vt 0.322556 0.282848
vt 0.322446 0.282892
vt 0.323166 0.281026
vt 0.323178 0.286364
vt 0.323070 0.286263
vt 0.320236 0.246132
vt 0.318524 0.184789
vt 0.323633 0.281968
vt 0.323553 0.193431
vt 0.323272 0.189248
vt 0.321248 0.191803
vt 0.321142 0.186601
vt 0.321129 0.182591
vt 0.320230 0.185055
vt 0.320210 0.180804
vt 0.320333 0.190462
vt 0.319314 0.184620
vt 0.319298 0.180316
vt 0.317759 0.187846
vt 0.317852 0.192584
vt 0.318475 0.185701
vt 0.318467 0.181446
vt 0.317753 0.183833
vt 0.317182 0.186972
vt 0.317199 0.190474
vt 0.316319 0.204139
vt 0.319000 0.277150
vt 0.319687 0.284041
vt 0.320429 0.287442
vt 0.320481 0.287300
vt 0.320426 0.272475
vt 0.321290 0.283451
vt 0.324025 0.207979
vt 0.323495 0.208198
vt 0.323751 0.215644
vt 0.319701 0.268322
vt 0.320494 0.269742
vt 0.319695 0.277975
vt 0.320482 0.280578
vt 0.319041 0.264810
vt 0.319026 0.272355
vt 0.323885 0.242134
vt 0.317147 0.230719
vt 0.317062 0.206642
vt 0.316458 0.200649
vt 0.316577 0.208428
vt 0.316458 0.194974
vt 0.316810 0.218550
vt 0.319922 0.176717
vt 0.319352 0.177546
vt 0.320268 0.178019
vt 0.321178 0.179832
vt 0.324055 0.189721
vt 0.324587 0.186592
vt 0.323653 0.185029
vt 0.327315 0.186343
vt 0.325101 0.191121
vt 0.323624 0.181360
vt 0.322847 0.184012
vt 0.322793 0.180127
vt 0.323294 0.188888
vt 0.322327 0.183987
vt 0.322268 0.180052
vt 0.322436 0.187478
vt 0.322768 0.191757
vt 0.322215 0.185284
vt 0.322165 0.181390
vt 0.322872 0.190041
vt 0.327331 0.233557
vt 0.327102 0.228906
vt 0.328686 0.252582
vt 0.329917 0.270266
vt 0.331273 0.296394
vt 0.330779 0.285016
vt 0.331526 0.296208
vt 0.331747 0.300371
vt 0.332005 0.300359
vt 0.331682 0.283413
vt 0.331856 0.295221
vt 0.332103 0.295047
vt 0.328947 0.237048
vt 0.330384 0.222776
vt 0.330503 0.228737
vt 0.330287 0.243799
vt 0.330787 0.279438
vt 0.331514 0.289906
vt 0.331989 0.293848
vt 0.325641 0.199354
vt 0.326374 0.206371
vt 0.324914 0.194224
vt 0.327086 0.215499
vt 0.324360 0.178155
vt 0.323325 0.176428
vt 0.322569 0.177463
vt 0.323088 0.177524
vt 0.323885 0.178787
vt 0.318781 0.187165
vt 0.318548 0.181875
vt 0.318528 0.177703
vt 0.318949 0.179748
vt 0.318917 0.175332
vt 0.319225 0.185221
vt 0.319609 0.178596
vt 0.319566 0.174133
vt 0.321784 0.185007
vt 0.321597 0.180171
vt 0.320532 0.178863
vt 0.320488 0.174453
vt 0.321571 0.176002
vt 0.322680 0.178353
vt 0.322661 0.182024
vt 0.326371 0.221808
vt 0.326192 0.282475
vt 0.326787 0.273336
vt 0.326378 0.289597
vt 0.326895 0.271625
vt 0.326497 0.288778
vt 0.325851 0.302429
vt 0.325992 0.302156
vt 0.325196 0.307905
vt 0.325356 0.307827
vt 0.323334 0.261965
vt 0.324391 0.303245
vt 0.324547 0.302964
vt 0.321009 0.231349
vt 0.322171 0.239847
vt 0.319316 0.204470
vt 0.319240 0.193890
vt 0.320198 0.199733
vt 0.324405 0.282486
vt 0.326536 0.282478
vt 0.326006 0.295014
vt 0.325348 0.300441
vt 0.324546 0.295831
vt 0.326932 0.266847
vt 0.324984 0.181500
vt 0.326638 0.208218
vt 0.326498 0.197905
vt 0.325987 0.190118
vt 0.325343 0.184650
vt 0.326858 0.208271
vt 0.319718 0.170433
vt 0.319756 0.171124
vt 0.319096 0.172316
vt 0.318689 0.174725
vt 0.316568 0.196037
vt 0.315802 0.192682
vt 0.316807 0.190696
vt 0.315785 0.189094
vt 0.313732 0.193182
vt 0.315416 0.197869
vt 0.316831 0.186604
vt 0.317837 0.189362
vt 0.317876 0.185023
vt 0.317583 0.194922
vt 0.318761 0.189221
vt 0.318799 0.184824
vt 0.319953 0.193222
vt 0.319751 0.198082
vt 0.319470 0.190674
vt 0.319498 0.186325
vt 0.319971 0.189125
vt 0.320246 0.192675
vt 0.320232 0.196239
vt 0.318070 0.246020
vt 0.318634 0.240805
vt 0.317470 0.267608
vt 0.317332 0.270813
vt 0.316286 0.287623
vt 0.314481 0.317038
vt 0.315313 0.304264
vt 0.314342 0.316906
vt 0.313624 0.321566
vt 0.313489 0.321630
vt 0.312524 0.302599
vt 0.312974 0.315828
vt 0.312851 0.315709
vt 0.314050 0.250181
vt 0.312351 0.220541
vt 0.312144 0.234653
vt 0.312558 0.241354
vt 0.314325 0.258161
vt 0.315323 0.298060
vt 0.314364 0.309890
vt 0.313507 0.314379
vt 0.318498 0.225476
vt 0.319771 0.207500
vt 0.319396 0.215531
vt 0.320048 0.201565
vt 0.318936 0.225897
vt 0.317907 0.181086
vt 0.318644 0.182034
vt 0.317720 0.182214
vt 0.316695 0.183820
vt 0.319107 0.188750
vt 0.319058 0.182984
vt 0.319406 0.186198
vt 0.319595 0.189311
vt 0.319598 0.192998
vt 0.319673 0.190916
vt 0.319690 0.186776
vt 0.319509 0.189607
vt 0.319544 0.185302
vt 0.319027 0.189197
vt 0.319074 0.184876
vt 0.318237 0.185489
vt 0.317159 0.187136
vt 0.315999 0.189823
vt 0.312961 0.203171
vt 0.310380 0.297282
vt 0.310398 0.313797
vt 0.310227 0.295672
vt 0.310211 0.313068
vt 0.310593 0.326570
vt 0.310382 0.326388
vt 0.311048 0.331692
vt 0.310824 0.331703
vt 0.311482 0.323627
vt 0.313140 0.307482
vt 0.312244 0.318889
vt 0.312745 0.313463
vt 0.311808 0.326397
vt 0.311584 0.326217
vt 0.314317 0.287089
vt 0.313695 0.294507
vt 0.316999 0.230072
vt 0.316024 0.246063
vt 0.314529 0.281499
vt 0.316831 0.212562
vt 0.317515 0.201857
vt 0.316128 0.226322
vt 0.316058 0.212698
vt 0.315197 0.231819
vt 0.314061 0.213302
vt 0.310374 0.319211
vt 0.310829 0.324293
vt 0.310188 0.306718
vt 0.310746 0.242812
vt 0.311172 0.227028
vt 0.311747 0.213287
vt 0.312980 0.199230
vt 0.311050 0.227482
vt 0.318603 0.178911
vt 0.318805 0.181207
vt 0.319288 0.181681
vt 0.319461 0.183354
vt 0.319240 0.193154
vt 0.319578 0.190483
vt 0.319194 0.190005
vt 0.319103 0.190305
vt 0.320255 0.199727
vt 0.319384 0.191523
vt 0.326016 0.246256
vt 0.327417 0.280497
vt 0.327635 0.280201
vt 0.327491 0.283423
vt 0.327718 0.283268
vt 0.327461 0.278805
vt 0.325513 0.251422
vt 0.324346 0.233061
vt 0.327626 0.275050
vt 0.327701 0.277947
vt 0.319367 0.188015
vt 0.320119 0.200854
vt 0.319660 0.202504
vt 0.321230 0.320340
vt 0.320959 0.317532
vt 0.320732 0.323716
vt 0.318547 0.239772
vt 0.318871 0.233613
vt 0.317664 0.212489
vt 0.317066 0.209721
vt 0.317714 0.209332
vt 0.318099 0.209830
vt 0.317548 0.220045
vt 0.318125 0.211366
vt 0.312384 0.268691
vt 0.310283 0.302775
vt 0.310070 0.302548
vt 0.309932 0.305508
vt 0.309714 0.305426
vt 0.309693 0.300678
vt 0.311301 0.272485
vt 0.312485 0.253810
vt 0.312813 0.220722
vt 0.310084 0.291380
vt 0.311766 0.264086
vt 0.310088 0.297405
vt 0.309736 0.300110
vt 0.317847 0.207631
vt 0.319842 0.208034
vt 0.320146 0.206462
vt 0.319849 0.204812
vt 0.319372 0.204369
vt 0.317819 0.214482
vt 0.318708 0.205439
vt 0.314310 0.269298
vt 0.314998 0.307161
vt 0.314890 0.307221
vt 0.315460 0.310755
vt 0.315343 0.310963
vt 0.315940 0.306644
vt 0.317346 0.276781
vt 0.317795 0.256499
vt 0.315146 0.296238
vt 0.314487 0.265849
vt 0.314869 0.302057
vt 0.315330 0.305624
vt 0.319228 0.202506
vt 0.322234 0.214262
vt 0.321181 0.207223
vt 0.322125 0.215518
vt 0.320939 0.207847
vt 0.322241 0.213118
vt 0.323103 0.224235
vt 0.320199 0.221453
vt 0.321275 0.237089
vt 0.320835 0.227780
vt 0.324301 0.305632
vt 0.324255 0.303530
vt 0.324607 0.308461
vt 0.323237 0.223603
vt 0.321998 0.237242
vt 0.324599 0.297109
vt 0.321317 0.231337
vt 0.319586 0.193693
vt 0.319025 0.192973
vt 0.315696 0.299785
vt 0.315712 0.296998
vt 0.315370 0.301906
vt 0.315886 0.217728
vt 0.582075 0.165248
vt 0.725208 0.544361
vt 0.468423 0.544361
vt 0.391980 0.544361
vt 0.385026 0.517810
s 1
f 128/1/128 8/2/8 9/3/9
f 128/1/128 10/4/10 2/5/2
f 129/6/129 10/4/10 11/7/11
f 129/6/129 12/8/12 3/9/3
f 3/9/3 13/10/13 4/11/4
f 4/11/4 14/12/14 5/13/5
f 6/14/6 5/13/5 14/12/14
f 127/15/127 8/2/8 1/16/1
f 8/2/8 15/17/15 16/18/16
f 8/2/8 17/19/17 9/3/9
f 10/4/10 17/19/17 18/20/18
f 11/7/11 18/20/18 19/21/19
f 11/7/11 20/22/20 12/8/12
f 13/10/13 20/22/20 21/23/21
f 14/12/14 21/23/21 22/24/22
f 6/25/6 14/12/14 22/24/22
f 19/21/19 28/26/28 20/22/20
f 21/23/21 28/26/28 29/27/29
f 22/24/22 29/27/29 30/28/30
f 6/29/6 22/24/22 30/28/30
f 15/17/15 24/30/24 16/18/16
f 16/18/16 25/31/25 17/19/17
f 18/20/18 25/31/25 26/32/26
f 18/20/18 27/33/27 19/21/19
f 24/30/24 33/34/33 25/31/25
f 26/32/26 33/34/33 34/35/34
f 26/32/26 35/36/35 27/33/27
f 28/26/28 35/36/35 36/37/36
f 29/27/29 36/37/36 37/38/37
f 30/28/30 37/38/37 38/39/38
f 6/40/6 30/28/30 38/39/38
f 23/41/23 32/42/32 24/30/24
f 36/37/36 45/43/45 37/38/37
f 38/39/38 45/43/45 46/44/46
f 6/45/6 38/39/38 46/44/46
f 31/46/31 40/47/40 32/42/32
f 32/42/32 41/48/41 33/34/33
f 33/34/33 42/49/42 34/35/34
f 35/36/35 42/49/42 43/50/43
f 35/36/35 44/51/44 36/37/36
f 40/47/40 49/52/49 41/48/41
f 41/48/41 50/53/50 42/49/42
f 43/50/43 50/53/50 51/54/51
f 43/50/43 52/55/52 44/51/44
f 45/43/45 52/55/52 53/56/53
f 46/44/46 53/56/53 54/57/54
f 6/58/6 46/44/46 54/57/54
f 39/59/39 48/60/48 40/47/40
f 52/55/52 61/61/61 53/56/53
f 54/57/54 61/61/61 62/62/62
f 6/63/6 54/57/54 62/62/62
f 47/64/47 56/65/56 48/60/48
f 48/60/48 57/66/57 49/52/49
f 49/52/49 58/67/58 50/53/50
f 51/54/51 58/67/58 59/68/59
f 51/54/51 60/69/60 52/55/52
f 57/66/57 66/70/66 58/67/58
f 59/68/59 66/70/66 67/71/67
f 59/68/59 68/72/68 60/69/60
f 60/69/60 69/73/69 61/61/61
f 62/62/62 69/73/69 70/74/70
f 6/75/6 62/62/62 70/74/70
f 55/76/55 64/77/64 56/65/56
f 56/65/56 65/78/65 57/66/57
f 70/74/70 77/79/77 78/80/78
f 6/81/6 70/74/70 78/80/78
f 63/82/63 72/83/72 64/77/64
f 64/77/64 73/84/73 65/78/65
f 65/78/65 74/85/74 66/70/66
f 67/71/67 74/85/74 75/86/75
f 67/71/67 76/87/76 68/72/68
f 69/73/69 76/87/76 77/79/77
f 75/86/75 82/88/82 83/89/83
f 75/86/75 84/90/84 76/87/76
f 77/79/77 84/90/84 85/91/85
f 77/79/77 86/92/86 78/80/78
f 6/93/6 78/80/78 86/92/86
f 71/94/71 80/95/80 72/83/72
f 72/83/72 81/96/81 73/84/73
f 74/85/74 81/96/81 82/88/82
f 6/97/6 86/92/86 94/98/94
f 79/99/79 88/100/88 80/95/80
f 80/95/80 89/101/89 81/96/81
f 82/88/82 89/101/89 90/102/90
f 83/89/83 90/102/90 91/103/91
f 83/89/83 92/104/92 84/90/84
f 85/91/85 92/104/92 93/105/93
f 85/91/85 94/98/94 86/92/86
f 91/103/91 98/106/98 99/107/99
f 91/103/91 100/108/100 92/104/92
f 93/105/93 100/108/100 101/109/101
f 93/105/93 102/110/102 94/98/94
f 6/111/6 94/98/94 102/110/102
f 87/112/87 96/113/96 88/100/88
f 88/100/88 97/114/97 89/101/89
f 90/102/90 97/114/97 98/106/98
f 6/115/6 102/116/102 110/117/110
f 95/118/95 104/119/104 96/120/96
f 97/121/97 104/119/104 105/122/105
f 97/121/97 106/123/106 98/124/98
f 99/125/99 106/123/106 107/126/107
f 99/125/99 108/127/108 100/128/100
f 101/129/101 108/127/108 109/130/109
f 101/129/101 110/117/110 102/116/102
f 107/126/107 116/131/116 108/127/108
f 109/130/109 116/131/116 117/132/117
f 109/130/109 118/133/118 110/117/110
f 6/134/6 110/117/110 118/133/118
f 103/135/103 112/136/112 104/119/104
f 104/119/104 113/137/113 105/122/105
f 105/122/105 114/138/114 106/123/106
f 107/126/107 114/138/114 115/139/115
f 111/140/111 120/141/120 112/136/112
f 112/136/112 121/142/121 113/137/113
f 114/138/114 121/142/121 122/143/122
f 115/139/115 122/143/122 123/144/123
f 115/139/115 124/145/124 116/131/116
f 117/132/117 124/145/124 125/146/125
f 117/132/117 126/147/126 118/133/118
f 6/148/6 118/133/118 126/147/126
f 123/144/123 3/9/3 124/145/124
f 125/146/125 3/9/3 4/11/4
f 125/146/125 5/13/5 126/147/126
f 6/149/6 126/147/126 5/13/5
f 119/150/119 1/16/1 120/141/120
f 121/142/121 1/16/1 128/1/128
f 121/142/121 2/5/2 122/143/122
f 123/144/123 2/5/2 129/6/129
f 257/1/257 137/2/137 130/16/130
f 139/4/139 257/1/257 131/5/131
f 258/6/258 139/4/139 131/5/131
f 141/8/141 258/6/258 132/9/132
f 142/10/142 132/9/132 133/11/133
f 143/12/143 133/11/133 134/13/134
f 135/14/135 143/12/143 134/13/134
f 137/2/137 256/15/256 130/16/130
f 145/18/145 136/151/136 137/2/137
f 138/3/138 145/18/145 137/2/137
f 139/4/139 146/19/146 138/3/138
f 148/21/148 139/4/139 140/7/140
f 141/8/141 148/21/148 140/7/140
f 142/10/142 149/22/149 141/8/141
f 143/12/143 150/23/150 142/10/142
f 135/25/135 151/24/151 143/12/143
f 157/26/157 148/21/148 149/22/149
f 158/27/158 149/22/149 150/23/150
f 151/24/151 158/27/158 150/23/150
f 135/29/135 159/28/159 151/24/151
f 153/30/153 144/17/144 145/18/145
f 154/31/154 145/18/145 146/19/146
f 147/20/147 154/31/154 146/19/146
f 156/33/156 147/20/147 148/21/148
f 162/34/162 153/30/153 154/31/154
f 155/32/155 162/34/162 154/31/154
f 156/33/156 163/35/163 155/32/155
f 157/26/157 164/36/164 156/33/156
f 158/27/158 165/37/165 157/26/157
f 159/28/159 166/38/166 158/27/158
f 135/40/135 167/39/167 159/28/159
f 161/42/161 152/41/152 153/30/153
f 174/43/174 165/37/165 166/38/166
f 175/44/175 166/38/166 167/39/167
f 135/45/135 175/44/175 167/39/167
f 169/47/169 160/46/160 161/42/161
f 170/48/170 161/42/161 162/34/162
f 171/49/171 162/34/162 163/35/163
f 164/36/164 171/49/171 163/35/163
f 165/37/165 172/50/172 164/36/164
f 178/52/178 169/47/169 170/48/170
f 171/49/171 178/52/178 170/48/170
f 172/50/172 179/53/179 171/49/171
f 181/55/181 172/50/172 173/51/173
f 182/56/182 173/51/173 174/43/174
f 175/44/175 182/56/182 174/43/174
f 135/58/135 183/57/183 175/44/175
f 177/60/177 168/59/168 169/47/169
f 182/56/182 189/69/189 181/55/181
f 183/57/183 190/61/190 182/56/182
f 135/63/135 191/62/191 183/57/183
f 185/65/185 176/64/176 177/60/177
f 186/66/186 177/60/177 178/52/178
f 179/53/179 186/66/186 178/52/178
f 180/54/180 187/67/187 179/53/179
f 189/69/189 180/54/180 181/55/181
f 195/70/195 186/66/186 187/67/187
f 188/68/188 195/70/195 187/67/187
f 197/72/197 188/68/188 189/69/189
f 190/61/190 197/72/197 189/69/189
f 199/74/199 190/61/190 191/62/191
f 135/75/135 199/74/199 191/62/191
f 193/77/193 184/76/184 185/65/185
f 194/78/194 185/65/185 186/66/186
f 207/80/207 198/73/198 199/74/199
f 135/81/135 207/80/207 199/74/199
f 201/83/201 192/82/192 193/77/193
f 202/84/202 193/77/193 194/78/194
f 203/85/203 194/78/194 195/70/195
f 196/71/196 203/85/203 195/70/195
f 205/87/205 196/71/196 197/72/197
f 198/73/198 205/87/205 197/72/197
f 204/86/204 211/88/211 203/85/203
f 213/90/213 204/86/204 205/87/205
f 206/79/206 213/90/213 205/87/205
f 215/92/215 206/79/206 207/80/207
f 135/93/135 215/92/215 207/80/207
f 209/95/209 200/94/200 201/83/201
f 210/96/210 201/83/201 202/84/202
f 211/88/211 202/84/202 203/85/203
f 135/97/135 223/98/223 215/92/215
f 217/100/217 208/99/208 209/95/209
f 218/101/218 209/95/209 210/96/210
f 219/102/219 210/96/210 211/88/211
f 212/89/212 219/102/219 211/88/211
f 221/104/221 212/89/212 213/90/213
f 214/91/214 221/104/221 213/90/213
f 223/98/223 214/91/214 215/92/215
f 220/103/220 227/106/227 219/102/219
f 229/108/229 220/103/220 221/104/221
f 222/105/222 229/108/229 221/104/221
f 223/98/223 230/109/230 222/105/222
f 135/111/135 231/110/231 223/98/223
f 225/113/225 216/112/216 217/100/217
f 226/114/226 217/100/217 218/101/218
f 219/102/219 226/114/226 218/101/218
f 135/115/135 239/117/239 231/116/231
f 233/119/233 224/118/224 225/120/225
f 234/122/234 225/120/225 226/121/226
f 235/123/235 226/121/226 227/124/227
f 228/125/228 235/123/235 227/124/227
f 237/127/237 228/125/228 229/128/229
f 230/129/230 237/127/237 229/128/229
f 239/117/239 230/129/230 231/116/231
f 245/131/245 236/126/236 237/127/237
f 238/130/238 245/131/245 237/127/237
f 239/117/239 246/132/246 238/130/238
f 135/134/135 247/133/247 239/117/239
f 241/136/241 232/135/232 233/119/233
f 242/137/242 233/119/233 234/122/234
f 235/123/235 242/137/242 234/122/234
f 236/126/236 243/138/243 235/123/235
f 249/141/249 240/140/240 241/136/241
f 250/142/250 241/136/241 242/137/242
f 251/143/251 242/137/242 243/138/243
f 244/139/244 251/143/251 243/138/243
f 253/145/253 244/139/244 245/131/245
f 246/132/246 253/145/253 245/131/245
f 247/133/247 254/146/254 246/132/246
f 135/148/135 255/147/255 247/133/247
f 132/9/132 252/144/252 253/145/253
f 254/146/254 132/9/132 253/145/253
f 134/13/134 254/146/254 255/147/255
f 135/149/135 134/13/134 255/147/255
f 130/16/130 248/150/248 249/141/249
f 250/142/250 130/16/130 249/141/249
f 131/5/131 250/142/250 251/143/251
f 252/144/252 131/5/131 251/143/251
f 259/152/259 260/153/260 261/154/261
f 262/155/262 263/156/263 264/157/264
f 265/158/265 266/159/266 267/160/267
f 268/161/268 269/162/269 270/163/270
f 271/164/271 272/165/272 273/166/273
f 274/167/274 275/168/275 276/169/276
f 277/170/277 278/171/278 279/172/279
f 280/173/280 281/174/281 282/175/282
f 283/176/283 284/177/284 285/178/285
f 286/179/286 287/180/287 288/181/288
f 289/182/289 290/183/290 291/184/291
f 292/185/292 293/186/293 294/187/294
f 295/188/295 296/189/296 297/190/297
f 298/191/298 299/192/299 300/193/300
f 301/194/301 302/195/302 303/196/303
f 304/197/304 305/198/305 306/199/306
f 307/200/307 308/201/308 309/202/309
f 310/203/310 311/204/311 312/205/312
f 313/206/313 314/207/314 315/208/315
f 316/209/316 317/210/317 318/211/318
f 319/212/319 320/213/320 321/214/321
f 322/215/322 323/216/323 324/217/324
f 325/218/325 326/219/326 327/220/327
f 328/221/328 329/222/329 330/223/330
f 331/224/331 332/225/332 333/226/333
f 334/227/334 335/228/335 336/229/336
f 337/230/337 338/231/338 339/232/339
f 340/233/340 341/234/341 342/235/342
f 343/236/343 344/237/344 345/189/345
f 346/238/346 347/239/347 348/240/348
f 349/241/349 350/242/350 351/243/351
f 352/244/352 353/245/353 354/246/354
f 260/153/260 262/155/262 264/157/264
f 264/157/264 265/158/265 267/160/267
f 267/160/267 268/161/268 270/163/270
f 270/163/270 271/164/271 273/166/273
f 276/169/276 272/165/272 274/167/274
f 276/169/276 277/170/277 279/172/279
f 282/175/282 278/171/278 280/173/280
f 282/175/282 283/176/283 285/178/285
f 286/179/286 285/178/285 284/177/284
f 291/184/291 287/180/287 289/182/289
f 290/183/290 294/187/294 291/184/291
f 294/187/294 295/188/295 297/190/297
f 297/247/297 298/191/298 300/193/300
f 300/193/300 301/194/301 303/196/303
f 306/199/306 302/195/302 304/197/304
f 306/199/306 261/154/261 260/153/260
f 310/203/310 309/202/309 311/204/311
f 312/205/312 314/207/314 313/206/313
f 315/208/315 317/210/317 316/209/316
f 318/211/318 320/213/320 319/212/319
f 321/214/321 323/216/323 322/215/322
f 325/218/325 323/216/323 326/219/326
f 328/221/328 326/219/326 329/222/329
f 331/224/331 329/222/329 332/225/332
f 335/228/335 333/226/333 332/225/332
f 337/230/337 335/228/335 338/231/338
f 338/231/338 340/233/340 339/232/339
f 343/236/343 341/234/341 344/237/344
f 346/238/346 344/248/344 347/239/347
f 349/241/349 347/239/347 350/242/350
f 352/244/352 350/242/350 353/245/353
f 308/201/308 353/245/353 309/202/309
f 308/201/308 259/152/259 261/154/261
f 262/155/262 312/205/312 263/156/263
f 313/206/313 266/159/266 265/158/265
f 316/209/316 269/162/269 268/161/268
f 319/212/319 272/165/272 271/164/271
f 322/215/322 275/168/275 274/167/274
f 277/170/277 327/220/327 278/171/278
f 328/221/328 281/174/281 280/173/280
f 283/176/283 333/226/333 284/177/284
f 286/179/286 336/229/336 287/180/287
f 289/182/289 339/232/339 290/183/290
f 340/233/340 293/186/293 292/185/292
f 295/188/295 345/189/345 296/189/296
f 298/191/298 348/240/348 299/192/299
f 301/194/301 351/243/351 302/195/302
f 304/197/304 354/246/354 305/198/305
f 259/152/259 310/203/310 262/155/262
f 127/15/127 264/157/264 7/151/7
f 119/150/119 260/153/260 127/15/127
f 305/198/305 308/201/308 261/154/261
f 264/157/264 15/17/15 7/151/7
f 265/158/265 312/205/312 313/206/313
f 267/160/267 23/41/23 15/17/15
f 266/159/266 316/209/316 268/161/268
f 270/163/270 31/46/31 23/41/23
f 269/162/269 319/212/319 271/164/271
f 273/166/273 39/59/39 31/46/31
f 272/165/272 322/215/322 274/167/274
f 39/59/39 279/172/279 47/64/47
f 275/168/275 325/218/325 277/170/277
f 47/64/47 282/175/282 55/76/55
f 278/171/278 328/221/328 280/173/280
f 55/76/55 285/178/285 63/82/63
f 281/174/281 331/224/331 283/176/283
f 63/82/63 288/181/288 71/94/71
f 286/179/286 333/226/333 334/227/334
f 71/94/71 291/184/291 79/99/79
f 287/180/287 337/230/337 289/182/289
f 79/99/79 294/187/294 87/112/87
f 290/183/290 340/233/340 292/185/292
f 87/112/87 297/190/297 95/249/95
f 293/186/293 343/236/343 295/188/295
f 95/118/95 300/193/300 103/135/103
f 296/250/296 346/238/346 298/191/298
f 103/135/103 303/196/303 111/140/111
f 301/194/301 348/240/348 349/241/349
f 111/140/111 306/199/306 119/150/119
f 304/197/304 351/243/351 352/244/352
f 256/15/256 311/204/311 309/202/309
f 248/150/248 309/202/309 353/245/353
f 144/17/144 311/204/311 136/151/136
f 152/41/152 314/207/314 144/17/144
f 152/41/152 320/213/320 317/210/317
f 160/46/160 323/216/323 320/213/320
f 168/59/168 326/219/326 323/216/323
f 176/64/176 329/222/329 326/219/326
f 184/76/184 332/225/332 329/222/329
f 192/82/192 335/228/335 332/225/332
f 200/94/200 338/231/338 335/228/335
f 208/99/208 341/234/341 338/231/338
f 216/112/216 344/237/344 341/234/341
f 224/118/224 347/239/347 344/248/344
f 232/135/232 350/242/350 347/239/347
f 240/140/240 353/245/353 350/242/350
f 371/251/371 375/252/375 377/253/377
f 377/253/377 378/254/378 374/255/374
f 378/256/378 376/257/376 372/258/372
f 375/252/375 379/259/379 381/260/381
f 377/253/377 381/260/381 382/261/382
f 378/256/378 382/262/382 380/263/380
f 379/259/379 383/264/383 385/265/385
f 381/260/381 385/265/385 386/266/386
f 382/262/382 386/256/386 384/267/384
f 383/264/383 387/268/387 389/269/389
f 385/265/385 389/269/389 390/270/390
f 390/271/390 388/272/388 384/267/384
f 387/268/387 391/273/391 393/274/393
f 389/269/389 393/274/393 394/275/394
f 390/271/390 394/276/394 392/277/392
f 395/278/395 397/279/397 393/274/393
f 397/279/397 398/280/398 394/275/394
f 398/281/398 396/282/396 392/277/392
f 399/283/399 401/284/401 397/279/397
f 397/279/397 401/284/401 402/285/402
f 402/286/402 400/257/400 396/263/396
f 399/283/399 403/287/403 405/288/405
f 401/284/401 405/288/405 406/289/406
f 406/290/406 404/291/404 400/257/400
f 404/291/404 406/290/406 410/292/410
f 406/289/406 405/288/405 409/293/409
f 405/288/405 403/287/403 407/294/407
f 407/294/407 411/295/411 413/296/413
f 413/296/413 414/297/414 410/298/410
f 414/299/414 412/300/412 408/301/408
f 416/302/416 412/300/412 414/299/414
f 414/297/414 413/296/413 417/303/417
f 417/303/417 413/296/413 411/295/411
f 415/304/415 419/305/419 421/306/421
f 421/306/421 422/307/422 418/308/418
f 422/309/422 420/310/420 416/302/416
f 419/305/419 423/311/423 425/312/425
f 425/312/425 426/313/426 422/307/422
f 426/314/426 424/315/424 420/310/420
f 423/311/423 427/316/427 429/317/429
f 429/317/429 430/318/430 426/313/426
f 430/262/430 428/319/428 424/315/424
f 431/320/431 433/321/433 429/317/429
f 429/317/429 433/321/433 434/322/434
f 434/323/434 432/324/432 428/325/428
f 431/320/431 371/251/371 373/326/373
f 373/326/373 374/255/374 434/322/434
f 374/309/374 372/258/372 432/324/432
f 383/264/383 415/304/415 399/283/399
f 370/327/370 372/258/372 376/257/376
f 370/327/370 369/328/369 432/324/432
f 356/329/356 355/330/355 376/257/376
f 356/329/356 380/263/380 384/267/384
f 357/331/357 384/267/384 388/272/388
f 358/332/358 388/272/388 392/277/392
f 359/333/359 392/277/392 396/282/396
f 360/334/360 396/263/396 400/257/400
f 361/331/361 400/257/400 404/291/404
f 363/335/363 362/336/362 404/291/404
f 364/337/364 363/335/363 408/301/408
f 364/337/364 412/300/412 416/302/416
f 365/338/365 416/302/416 420/310/420
f 367/339/367 366/340/366 420/310/420
f 368/341/368 367/339/367 424/315/424
f 369/328/369 368/342/368 428/325/428
f 463/343/463 512/344/512 460/345/460
f 462/346/462 461/347/461 512/344/512
f 464/348/464 460/345/460 465/349/465
f 514/350/514 462/346/462 446/351/446
f 445/352/445 464/348/464 440/353/440
f 457/354/457 454/355/454 455/356/455
f 435/357/435 515/358/515 444/359/444
f 435/357/435 457/354/457 515/358/515
f 515/358/515 455/356/455 456/360/456
f 444/359/444 515/358/515 438/361/438
f 516/362/516 518/363/518 456/360/456
f 456/360/456 452/364/452 438/361/438
f 464/348/464 517/365/517 454/355/454
f 465/349/465 449/366/449 517/365/517
f 518/363/518 451/367/451 452/364/452
f 483/368/483 519/369/519 482/370/482
f 486/371/486 519/369/519 483/368/483
f 487/372/487 481/373/481 520/374/520
f 482/370/482 470/375/470 442/376/442
f 476/377/476 475/378/475 523/379/523
f 521/380/521 469/381/469 468/382/468
f 524/383/524 477/384/477 525/385/525
f 477/384/477 443/386/443 485/387/485
f 525/385/525 485/387/485 484/388/484
f 526/389/526 528/390/528 478/391/478
f 527/392/527 528/390/528 526/389/526
f 473/393/473 527/392/527 526/389/526
f 444/359/444 488/394/488 435/357/435
f 533/395/533 466/396/466 467/397/467
f 536/398/536 508/399/508 537/400/537
f 447/401/447 491/402/491 436/403/436
f 445/352/445 535/404/535 446/351/446
f 508/399/508 480/405/480 468/382/468
f 537/400/537 468/382/468 469/381/469
f 492/406/492 537/400/537 493/407/493
f 538/408/538 540/409/540 497/410/497
f 448/411/448 497/410/497 437/412/437
f 542/413/542 471/414/471 472/415/472
f 544/416/544 510/417/510 545/418/545
f 545/418/545 546/419/546 496/420/496
f 449/366/449 544/416/544 450/421/450
f 510/417/510 511/422/511 546/419/546
f 546/419/546 487/372/487 473/393/473
f 494/423/494 545/418/545 495/424/495
f 548/425/548 551/426/551 550/427/550
f 551/426/551 553/428/553 550/427/550
f 452/364/452 548/425/548 547/429/547
f 451/367/451 494/423/494 548/425/548
f 552/430/552 479/431/479 502/432/502
f 555/433/555 556/434/556 558/435/558
f 453/436/453 555/433/555 554/437/554
f 436/403/436 491/402/491 556/434/556
f 563/438/563 564/439/564 507/440/507
f 435/357/435 488/394/488 562/441/562
f 489/442/489 490/443/490 563/438/563
f 490/443/490 441/444/441 564/439/564
f 564/439/564 480/405/480 508/399/508
f 561/445/561 507/440/507 506/446/506
f 566/447/566 498/448/498 567/449/567
f 437/412/437 497/410/497 566/447/566
f 497/410/497 498/448/498 566/447/566
f 567/449/567 511/422/511 510/417/510
f 596/450/596 645/451/645 593/452/593
f 595/453/595 594/454/594 645/451/645
f 597/455/597 593/452/593 598/456/598
f 647/457/647 595/453/595 579/458/579
f 578/459/578 597/455/597 573/460/573
f 649/461/649 587/462/587 588/463/588
f 568/464/568 648/465/648 577/466/577
f 590/467/590 591/468/591 649/461/649
f 648/465/648 588/463/588 589/469/589
f 577/466/577 648/465/648 571/470/571
f 650/471/650 652/472/652 589/469/589
f 589/469/589 585/473/585 571/470/571
f 597/455/597 651/474/651 587/462/587
f 598/456/598 582/475/582 651/474/651
f 652/472/652 584/476/584 585/473/585
f 616/477/616 653/478/653 615/479/615
f 619/480/619 653/478/653 616/477/616
f 620/481/620 614/482/614 654/483/654
f 615/479/615 603/484/603 575/485/575
f 609/486/609 608/487/608 657/488/657
f 655/489/655 602/490/602 601/491/601
f 658/492/658 610/493/610 659/494/659
f 610/493/610 576/495/576 618/496/618
f 659/494/659 618/496/618 617/497/617
f 660/498/660 662/499/662 611/500/611
f 661/501/661 662/499/662 660/498/660
f 606/502/606 661/501/661 660/498/660
f 577/466/577 621/503/621 568/464/568
f 667/504/667 599/505/599 600/506/600
f 670/507/670 641/508/641 671/509/671
f 580/510/580 624/511/624 569/512/569
f 578/459/578 669/513/669 579/458/579
f 641/508/641 613/514/613 601/491/601
f 671/509/671 601/491/601 602/490/602
f 625/515/625 671/509/671 626/516/626
f 672/517/672 674/518/674 630/519/630
f 581/520/581 630/519/630 570/521/570
f 676/522/676 604/523/604 605/524/605
f 678/525/678 643/526/643 679/527/679
f 679/527/679 680/528/680 629/529/629
f 582/475/582 678/525/678 583/530/583
f 643/526/643 644/531/644 680/528/680
f 680/528/680 620/481/620 606/502/606
f 627/532/627 679/527/679 628/533/628
f 682/534/682 685/535/685 684/536/684
f 685/535/685 687/537/687 684/536/684
f 585/473/585 682/534/682 681/538/681
f 584/476/584 627/532/627 682/534/682
f 686/539/686 612/540/612 635/541/635
f 689/542/689 690/543/690 692/544/692
f 586/545/586 689/542/689 688/546/688
f 569/512/569 624/511/624 690/543/690
f 697/547/697 698/548/698 640/549/640
f 568/464/568 621/503/621 696/550/696
f 622/551/622 623/552/623 697/547/697
f 623/552/623 574/553/574 698/548/698
f 698/548/698 613/514/613 641/508/641
f 695/554/695 640/549/640 639/555/639
f 700/556/700 631/557/631 701/558/701
f 570/521/570 630/519/630 700/556/700
f 630/519/630 631/557/631 700/556/700
f 701/558/701 644/531/644 643/526/643
f 730/559/730 726/560/726 731/561/731
f 777/562/777 729/563/729 711/564/711
f 713/565/713 777/562/777 712/566/712
f 711/564/711 730/559/730 706/567/706
f 702/568/702 778/569/778 710/570/710
f 723/571/723 724/572/724 779/573/779
f 779/573/779 720/574/720 721/575/721
f 710/570/710 778/569/778 704/576/704
f 780/577/780 716/578/716 721/575/721
f 722/579/722 718/580/718 704/576/704
f 730/559/730 780/577/780 720/574/720
f 731/561/731 715/581/715 780/577/780
f 716/578/716 717/582/717 781/583/781
f 781/583/781 717/582/717 718/580/718
f 747/584/747 782/585/782 746/586/746
f 750/587/750 782/585/782 747/584/747
f 751/588/751 745/589/745 783/590/783
f 746/586/746 736/591/736 708/592/708
f 784/593/784 735/594/735 734/595/734
f 787/596/787 742/597/742 788/598/788
f 742/597/742 709/599/709 749/600/749
f 788/598/788 749/600/749 748/601/748
f 789/602/789 791/603/791 743/604/743
f 790/605/790 791/603/791 789/602/789
f 739/606/739 790/605/790 789/602/789
f 710/570/710 752/607/752 702/568/702
f 704/576/704 792/608/792 710/570/710
f 795/609/795 732/610/732 733/611/733
f 797/612/797 798/613/798 712/566/712
f 798/613/798 772/614/772 799/615/799
f 712/566/712 755/616/755 713/565/713
f 772/614/772 748/601/748 734/595/734
f 799/615/799 734/595/734 735/594/735
f 756/617/756 799/615/799 757/618/757
f 800/619/800 802/620/802 761/621/761
f 714/622/714 761/621/761 703/623/703
f 804/624/804 737/625/737 738/626/738
f 806/627/806 774/628/774 807/629/807
f 807/629/807 808/630/808 760/631/760
f 715/581/715 806/627/806 716/578/716
f 774/628/774 775/632/775 808/630/808
f 808/630/808 751/588/751 739/606/739
f 758/633/758 807/629/807 759/634/759
f 810/635/810 813/636/813 812/637/812
f 813/636/813 815/638/815 812/637/812
f 718/580/718 810/635/810 809/639/809
f 717/582/717 758/633/758 810/635/810
f 814/640/814 744/641/744 766/642/766
f 817/643/817 818/644/818 820/645/820
f 719/646/719 817/643/817 816/647/816
f 713/565/713 755/616/755 818/644/818
f 822/648/822 741/649/741 821/650/821
f 824/651/824 825/652/825 771/653/771
f 702/568/702 752/607/752 823/654/823
f 753/655/753 754/656/754 824/651/824
f 754/656/754 707/657/707 825/652/825
f 825/652/825 748/601/748 772/614/772
f 826/658/826 762/659/762 827/660/827
f 703/623/703 761/621/761 826/658/826
f 761/621/761 762/659/762 826/658/826
f 827/660/827 775/632/775 774/628/774
f 773/661/773 827/660/827 774/628/774
f 966/662/966 829/663/829 828/664/828
f 828/664/828 967/665/967 966/662/966
f 828/664/828 829/663/829 831/666/831
f 834/667/834 835/668/835 833/669/833
f 834/667/834 836/670/836 835/668/835
f 838/671/838 834/667/834 830/672/830
f 847/673/847 846/674/846 845/675/845
f 857/676/857 856/677/856 974/678/974
f 858/679/858 859/680/859 855/681/855
f 859/680/859 864/682/864 857/676/857
f 864/682/864 862/683/862 856/677/856
f 856/677/856 973/684/973 974/678/974
f 972/685/972 862/683/862 863/686/863
f 865/687/865 864/682/864 861/688/861
f 866/689/866 865/687/865 948/690/948
f 867/691/867 868/692/868 865/687/865
f 863/686/863 868/692/868 869/693/869
f 937/694/937 872/695/872 867/691/867
f 872/695/872 876/696/876 871/697/871
f 878/698/878 879/699/879 894/700/894
f 882/701/882 879/699/879 880/702/880
f 885/703/885 886/704/886 884/705/884
f 886/704/886 885/703/885 888/706/888
f 934/707/934 889/708/889 885/703/885
f 890/709/890 893/710/893 888/706/888
f 894/700/894 887/711/887 895/712/895
f 897/713/897 896/714/896 895/712/895
f 899/715/899 900/716/900 901/717/901
f 903/718/903 891/719/891 904/720/904
f 912/721/912 902/722/902 910/723/910
f 910/723/910 909/724/909 914/725/914
f 914/725/914 958/726/958 915/727/915
f 919/728/919 917/729/917 908/730/908
f 931/731/931 919/728/919 918/732/918
f 917/729/917 921/733/921 940/734/940
f 931/731/931 929/735/929 928/736/928
f 929/735/929 930/737/930 883/738/883
f 932/739/932 934/707/934 930/737/930
f 932/739/932 907/740/907 906/741/906
f 936/742/936 937/694/937 866/689/866
f 940/734/940 935/743/935 939/744/939
f 916/745/916 940/734/940 941/746/941
f 943/747/943 944/748/944 958/726/958
f 951/749/951 858/679/858 953/750/953
f 950/751/950 951/749/951 952/752/952
f 952/752/952 951/749/951 954/753/954
f 958/726/958 950/751/950 957/754/957
f 915/727/915 957/754/957 959/755/959
f 956/756/956 955/757/955 961/758/961
f 967/665/967 911/759/911 959/755/959
f 968/760/968 969/761/969 897/713/897
f 969/761/969 970/762/970 896/714/896
f 971/763/971 878/698/878 894/700/894
f 971/763/971 870/764/870 878/698/878
f 972/685/972 863/686/863 971/763/971
f 974/678/974 973/684/973 846/674/846
f 1108/765/1108 976/766/976 975/767/975
f 975/767/975 1109/768/1109 1108/765/1108
f 975/767/975 976/766/976 978/769/978
f 977/770/977 980/771/980 979/772/979
f 980/771/980 981/773/981 1043/774/1043
f 993/775/993 992/776/992 991/777/991
f 1003/778/1003 1002/779/1002 1117/780/1117
f 1004/781/1004 1005/782/1005 1001/783/1001
f 1005/782/1005 1007/784/1007 1003/778/1003
f 1092/785/1092 1006/786/1006 1005/782/1005
f 1007/784/1007 1008/787/1008 1002/779/1002
f 1002/779/1002 1115/788/1115 1117/780/1117
f 1012/789/1012 1006/786/1006 1092/785/1092
f 1016/790/1016 1015/791/1015 1014/792/1014
f 1024/793/1024 1022/794/1022 1023/795/1023
f 1025/796/1025 1026/797/1026 1116/798/1116
f 1037/799/1037 1032/800/1032 1036/801/1036
f 1033/802/1033 1036/801/1036 1032/800/1032
f 1079/803/1079 1033/802/1033 1031/804/1031
f 1034/805/1034 1035/806/1035 1033/802/1033
f 1035/806/1035 1042/807/1042 1036/801/1036
f 1041/808/1041 1040/809/1040 1039/810/1039
f 1043/774/1043 1042/807/1042 1035/806/1035
f 979/772/979 1043/774/1043 1045/811/1045
f 1044/812/1044 1045/811/1045 1046/813/1046
f 1048/814/1048 1034/805/1034 1049/815/1049
f 1050/816/1050 1053/817/1053 1047/818/1047
f 1056/819/1056 1047/818/1047 1054/820/1054
f 1055/821/1055 1054/820/1054 1059/822/1059
f 1054/820/1054 1053/817/1053 1058/823/1058
f 1058/823/1058 1060/824/1060 1059/822/1059
f 1062/825/1062 1061/826/1061 1085/827/1085
f 1075/828/1075 1064/829/1064 1076/830/1076
f 1064/829/1064 1065/831/1065 1066/832/1066
f 1075/828/1075 1073/833/1073 1072/834/1072
f 1073/833/1073 1074/835/1074 1030/836/1030
f 1077/837/1077 1078/838/1078 1074/835/1074
f 1067/839/1067 1080/840/1080 1081/841/1081
f 1081/841/1081 1080/840/1080 1083/842/1083
f 1080/840/1080 1082/843/1082 1083/842/1083
f 1083/842/1083 1082/843/1082 1012/789/1012
f 1061/826/1061 1081/841/1081 1084/844/1084
f 1066/832/1066 1067/839/1067 1081/841/1081
f 1053/817/1053 1085/827/1085 1086/845/1086
f 1087/846/1087 1088/847/1088 1060/824/1060
f 1095/848/1095 1004/781/1004 1097/849/1097
f 1094/850/1094 1095/848/1095 1096/851/1096
f 1096/851/1096 1095/848/1095 1098/852/1098
f 1098/852/1098 1000/853/1000 998/854/998
f 1060/824/1060 1094/850/1094 1100/855/1100
f 1099/856/1099 1098/852/1098 1103/857/1103
f 1110/858/1110 1111/859/1111 1041/808/1041
f 1111/859/1111 1112/860/1112 1040/809/1040
f 1114/861/1114 1010/862/1010 1113/863/1113
f 1113/863/1113 1010/862/1010 1024/793/1024
f 1117/780/1117 1115/788/1115 992/776/992
f 1260/864/1260 1119/865/1119 1118/866/1118
f 1118/866/1118 1261/867/1261 1260/864/1260
f 1118/866/1118 1119/865/1119 1121/868/1121
f 1121/868/1121 1123/869/1123 1122/870/1122
f 1125/871/1125 1126/872/1126 1124/873/1124
f 1125/871/1125 1127/874/1127 1126/872/1126
f 1129/875/1129 1125/871/1125 1120/876/1120
f 1138/877/1138 1137/878/1137 1136/879/1136
f 1149/880/1149 1148/881/1148 1147/882/1147
f 1150/883/1150 1151/884/1151 1146/885/1146
f 1151/884/1151 1153/886/1153 1149/880/1149
f 1242/887/1242 1152/888/1152 1151/884/1151
f 1153/886/1153 1154/889/1154 1148/881/1148
f 1148/881/1148 1267/890/1267 1269/891/1269
f 1158/892/1158 1152/888/1152 1242/887/1242
f 1159/893/1159 1160/894/1160 1152/888/1152
f 1229/895/1229 1159/893/1159 1230/896/1230
f 1229/895/1229 1160/894/1160 1159/893/1159
f 1155/897/1155 1160/894/1160 1161/898/1161
f 1172/899/1172 1170/900/1170 1171/901/1171
f 1174/902/1174 1180/903/1180 1268/904/1268
f 1226/905/1226 1177/906/1177 1178/907/1178
f 1226/905/1226 1179/908/1179 1177/906/1177
f 1179/908/1179 1180/903/1180 1177/906/1177
f 1181/909/1181 1180/903/1180 1182/910/1182
f 1268/904/1268 1180/903/1180 1181/909/1181
f 1179/908/1179 1182/910/1182 1180/903/1180
f 1183/911/1183 1184/912/1184 1179/908/1179
f 1184/912/1184 1186/913/1186 1182/910/1182
f 1195/914/1195 1185/915/1185 1184/912/1184
f 1191/916/1191 1190/917/1190 1189/918/1189
f 1193/919/1193 1185/915/1185 1195/914/1195
f 1196/920/1196 1195/914/1195 1198/921/1198
f 1201/922/1201 1210/923/1210 1199/924/1199
f 1205/925/1205 1204/926/1204 1203/927/1203
f 1203/927/1203 1206/928/1206 1207/929/1207
f 1202/930/1202 1208/931/1208 1206/928/1206
f 1208/931/1208 1252/932/1252 1207/929/1207
f 1213/933/1213 1211/934/1211 1201/922/1201
f 1213/933/1213 1214/935/1214 1215/936/1215
f 1211/934/1211 1215/936/1215 1234/937/1234
f 1222/938/1222 1226/905/1226 1178/907/1178
f 1223/939/1223 1225/940/1225 1222/938/1222
f 1223/939/1223 1224/941/1224 1200/942/1200
f 1200/942/1200 1225/940/1225 1223/939/1223
f 1225/940/1225 1183/911/1183 1226/905/1226
f 1232/943/1232 1228/944/1228 1230/896/1230
f 1231/945/1231 1230/896/1230 1158/892/1158
f 1234/937/1234 1232/943/1232 1233/946/1233
f 1215/936/1215 1216/947/1216 1232/943/1232
f 1202/930/1202 1209/948/1209 1236/949/1236
f 1236/949/1236 1237/950/1237 1208/931/1208
f 1245/951/1245 1150/883/1150 1247/952/1247
f 1244/953/1244 1245/951/1245 1246/954/1246
f 1246/954/1246 1245/951/1245 1248/955/1248
f 1252/932/1252 1244/953/1244 1251/956/1251
f 1207/929/1207 1251/956/1251 1253/957/1253
f 1250/958/1250 1249/959/1249 1255/960/1255
f 1261/867/1261 1203/927/1203 1253/957/1253
f 1262/961/1262 1263/962/1263 1191/916/1191
f 1263/962/1263 1264/963/1264 1190/917/1190
f 1266/964/1266 1156/965/1156 1265/966/1265
f 1265/966/1265 1156/965/1156 1172/899/1172
f 1269/891/1269 1267/890/1267 1137/878/1137
f 1408/967/1408 1271/968/1271 1270/969/1270
f 1270/969/1270 1409/970/1409 1408/967/1408
f 1270/969/1270 1271/968/1271 1273/971/1273
f 1272/972/1272 1275/973/1275 1274/974/1274
f 1275/973/1275 1276/975/1276 1340/976/1340
f 1289/977/1289 1288/978/1288 1287/979/1287
f 1299/980/1299 1298/981/1298 1417/982/1417
f 1300/983/1300 1301/984/1301 1297/985/1297
f 1301/984/1301 1303/986/1303 1299/980/1299
f 1390/987/1390 1302/988/1302 1301/984/1301
f 1303/986/1303 1304/989/1304 1298/981/1298
f 1298/981/1298 1415/990/1415 1417/982/1417
f 1308/991/1308 1302/988/1302 1390/987/1390
f 1313/992/1313 1312/993/1312 1311/994/1311
f 1321/995/1321 1319/996/1319 1320/997/1320
f 1322/998/1322 1323/999/1323 1416/1000/1416
f 1334/1001/1334 1329/1002/1329 1333/1003/1333
f 1330/1004/1330 1333/1003/1333 1329/1002/1329
f 1377/1005/1377 1330/1004/1330 1328/1006/1328
f 1331/1007/1331 1332/1008/1332 1330/1004/1330
f 1332/1008/1332 1339/1009/1339 1333/1003/1333
f 1338/1010/1338 1337/1011/1337 1336/1012/1336
f 1340/976/1340 1339/1009/1339 1332/1008/1332
f 1274/974/1274 1340/976/1340 1342/1013/1342
f 1341/1014/1341 1342/1013/1342 1343/1015/1343
f 1345/1016/1345 1331/1007/1331 1346/1017/1346
f 1349/1018/1349 1351/1019/1351 1344/1020/1344
f 1354/1021/1354 1344/1020/1344 1352/1022/1352
f 1352/1022/1352 1351/1019/1351 1356/1023/1356
f 1356/1023/1356 1400/1024/1400 1357/1025/1357
f 1360/1026/1360 1358/1027/1358 1359/1028/1359
f 1373/1029/1373 1362/1030/1362 1374/1031/1374
f 1362/1030/1362 1363/1032/1363 1364/1033/1364
f 1373/1029/1373 1371/1034/1371 1370/1035/1370
f 1371/1034/1371 1372/1036/1372 1327/1037/1327
f 1375/1038/1375 1376/1039/1376 1372/1036/1372
f 1365/1040/1365 1378/1041/1378 1379/1042/1379
f 1379/1042/1379 1378/1041/1378 1381/1043/1381
f 1378/1041/1378 1380/1044/1380 1381/1043/1381
f 1381/1043/1381 1380/1044/1380 1308/991/1308
f 1358/1027/1358 1379/1042/1379 1382/1045/1382
f 1364/1033/1364 1365/1040/1365 1379/1042/1379
f 1351/1019/1351 1359/1028/1359 1384/1046/1384
f 1385/1047/1385 1386/1048/1386 1400/1024/1400
f 1393/1049/1393 1300/983/1300 1395/1050/1395
f 1392/1051/1392 1393/1049/1393 1394/1052/1394
f 1394/1052/1394 1393/1049/1393 1396/1053/1396
f 1400/1024/1400 1392/1051/1392 1399/1054/1399
f 1357/1025/1357 1399/1054/1399 1401/1055/1401
f 1398/1056/1398 1397/1057/1397 1403/1058/1403
f 1409/970/1409 1353/1059/1353 1401/1055/1401
f 1410/1060/1410 1411/1061/1411 1338/1010/1338
f 1411/1061/1411 1412/1062/1412 1337/1011/1337
f 1414/1063/1414 1306/1064/1306 1413/1065/1413
f 1413/1065/1413 1306/1064/1306 1321/995/1321
f 1417/982/1417 1415/990/1415 1288/978/1288
f 1506/1066/1506 1419/1067/1419 1422/1068/1422
f 1420/1069/1420 1425/1070/1425 1423/1071/1423
f 1428/1072/1428 1427/1073/1427 1426/1074/1426
f 1436/1075/1436 1438/1076/1438 1563/1077/1563
f 1440/1078/1440 1438/1076/1438 1437/1079/1437
f 1443/1080/1443 1440/1078/1440 1441/1081/1441
f 1447/1082/1447 1439/1083/1439 1440/1078/1440
f 1448/1084/1448 1451/1085/1451 1447/1082/1447
f 1548/1086/1548 1448/1084/1448 1446/1087/1446
f 1450/1088/1450 1456/1089/1456 1451/1085/1451
f 1451/1085/1451 1452/1090/1452 1439/1083/1439
f 1452/1090/1452 1453/1091/1453 1567/1092/1567
f 1453/1091/1453 1454/1093/1454 1455/1094/1455
f 1453/1091/1453 1456/1089/1456 1454/1093/1454
f 1457/1095/1457 1456/1089/1456 1450/1088/1450
f 1459/1096/1459 1460/1097/1460 1457/1095/1457
f 1454/1093/1454 1460/1097/1460 1462/1098/1462
f 1461/1099/1461 1462/1098/1462 1463/1100/1463
f 1461/1099/1461 1463/1100/1463 1471/1101/1471
f 1530/1102/1530 1483/1103/1483 1480/1104/1480
f 1484/1105/1484 1485/1106/1485 1483/1103/1483
f 1491/1107/1491 1490/1108/1490 1489/1109/1489
f 1424/1110/1424 1492/1111/1492 1494/1112/1494
f 1493/1113/1493 1494/1112/1494 1495/1114/1495
f 1497/1115/1497 1484/1105/1484 1498/1116/1498
f 1506/1066/1506 1504/1117/1504 1507/1118/1507
f 1419/1067/1419 1506/1066/1506 1562/1119/1562
f 1508/1120/1508 1553/1121/1553 1510/1122/1510
f 1514/1123/1514 1512/1124/1512 1513/1125/1513
f 1526/1126/1526 1516/1127/1516 1515/1128/1515
f 1515/1128/1515 1516/1127/1516 1512/1124/1512
f 1516/1127/1516 1518/1129/1518 1517/1130/1517
f 1526/1126/1526 1524/1131/1524 1523/1132/1523
f 1524/1131/1524 1525/1133/1525 1479/1134/1479
f 1527/1135/1527 1529/1136/1529 1525/1133/1525
f 1528/1137/1528 1502/1138/1502 1500/1139/1500
f 1528/1137/1528 1529/1136/1529 1527/1135/1527
f 1531/1140/1531 1532/1141/1532 1534/1142/1534
f 1532/1141/1532 1533/1143/1533 1534/1142/1534
f 1534/1142/1534 1533/1143/1533 1458/1144/1458
f 1511/1145/1511 1538/1146/1538 1508/1120/1508
f 1538/1146/1538 1539/1147/1539 1553/1121/1553
f 1542/1148/1542 1543/1149/1543 1540/1150/1540
f 1545/1151/1545 1546/1152/1546 1547/1153/1547
f 1547/1153/1547 1546/1152/1546 1549/1154/1549
f 1553/1121/1553 1545/1151/1545 1552/1155/1552
f 1510/1122/1510 1552/1155/1552 1554/1156/1554
f 1551/1157/1551 1550/1158/1550 1556/1159/1556
f 1562/1119/1562 1507/1118/1507 1554/1156/1554
f 1563/1077/1563 1564/1160/1564 1491/1107/1491
f 1566/1161/1566 1473/1162/1473 1488/1163/1488
f 1566/1161/1566 1461/1099/1461 1473/1162/1473
f 1566/1161/1566 1455/1094/1455 1461/1099/1461
f 1567/1092/1567 1565/1164/1565 1564/1160/1564
f 1439/1083/1439 1567/1092/1567 1438/1076/1438
f 1684/1165/1684 1570/1166/1570 1569/1167/1569
f 1569/1167/1569 1685/1168/1685 1684/1165/1684
f 1569/1167/1569 1570/1166/1570 1572/1169/1572
f 1571/1170/1571 1574/1171/1574 1573/1172/1573
f 1574/1171/1574 1575/1173/1575 1629/1174/1629
f 1577/1175/1577 1582/1176/1582 1576/1177/1576
f 1586/1178/1586 1583/1179/1583 1581/1180/1581
f 1590/1181/1590 1588/1182/1588 1589/1183/1589
f 1593/1184/1593 1592/1185/1592 1693/1186/1693
f 1594/1187/1594 1595/1188/1595 1591/1189/1591
f 1595/1188/1595 1597/1190/1597 1593/1184/1593
f 1671/1191/1671 1596/1192/1596 1595/1188/1595
f 1592/1185/1592 1691/1193/1691 1693/1186/1693
f 1597/1190/1597 1600/1194/1600 1598/1195/1598
f 1601/1196/1601 1596/1192/1596 1671/1191/1671
f 1605/1197/1605 1604/1198/1604 1603/1199/1603
f 1612/1200/1612 1610/1201/1610 1611/1202/1611
f 1616/1203/1616 1613/1204/1613 1614/1205/1614
f 1624/1206/1624 1619/1207/1619 1623/1208/1623
f 1620/1209/1620 1623/1208/1623 1619/1207/1619
f 1659/1210/1659 1620/1209/1620 1618/1211/1618
f 1621/1212/1621 1622/1213/1622 1620/1209/1620
f 1622/1213/1622 1626/1214/1626 1623/1208/1623
f 1628/1215/1628 1627/1216/1627 1626/1214/1626
f 1629/1174/1629 1626/1214/1626 1622/1213/1622
f 1573/1172/1573 1629/1174/1629 1630/1217/1630
f 1634/1218/1634 1633/1219/1633 1635/1220/1635
f 1634/1218/1634 1636/1221/1636 1632/1222/1632
f 1639/1223/1639 1632/1222/1632 1637/1224/1637
f 1639/1223/1639 1637/1224/1637 1638/1225/1638
f 1639/1223/1639 1572/1169/1572 1631/1226/1631
f 1637/1224/1637 1636/1221/1636 1640/1227/1640
f 1640/1227/1640 1668/1228/1668 1641/1229/1641
f 1643/1230/1643 1642/1231/1642 1665/1232/1665
f 1655/1233/1655 1644/1234/1644 1656/1235/1656
f 1644/1234/1644 1645/1236/1645 1646/1237/1646
f 1655/1233/1655 1653/1238/1653 1652/1239/1652
f 1653/1238/1653 1654/1240/1654 1617/1241/1617
f 1657/1242/1657 1658/1243/1658 1654/1240/1654
f 1649/1244/1649 1606/1245/1606 1660/1246/1660
f 1647/1247/1647 1660/1246/1660 1661/1248/1661
f 1661/1248/1661 1660/1246/1660 1663/1249/1663
f 1660/1246/1660 1662/1250/1662 1663/1249/1663
f 1663/1249/1663 1662/1250/1662 1601/1196/1601
f 1642/1231/1642 1661/1248/1661 1664/1251/1664
f 1646/1237/1646 1647/1247/1647 1661/1248/1661
f 1636/1221/1636 1665/1232/1665 1666/1252/1666
f 1667/1253/1667 1669/1254/1669 1668/1228/1668
f 1669/1254/1669 1671/1191/1671 1594/1187/1594
f 1670/1255/1670 1601/1196/1601 1671/1191/1671
f 1673/1256/1673 1594/1187/1594 1674/1257/1674
f 1672/1258/1672 1673/1256/1673 1675/1259/1675
f 1675/1259/1675 1590/1181/1590 1589/1183/1589
f 1677/1260/1677 1672/1258/1672 1676/1261/1676
f 1668/1228/1668 1672/1258/1672 1677/1260/1677
f 1641/1229/1641 1677/1260/1677 1678/1262/1678
f 1676/1261/1676 1675/1259/1675 1680/1263/1680
f 1679/1264/1679 1683/1265/1683 1684/1165/1684
f 1685/1168/1685 1638/1225/1638 1678/1262/1678
f 1686/1266/1686 1687/1267/1687 1628/1215/1628
f 1687/1267/1687 1688/1268/1688 1627/1216/1627
f 1690/1269/1690 1599/1270/1599 1689/1271/1689
f 1689/1271/1689 1599/1270/1599 1612/1200/1612
f 1693/1186/1693 1691/1193/1691 1584/1272/1584
f 1790/1273/1790 1694/1274/1694 1696/1275/1696
f 1695/1276/1695 1698/1277/1698 1697/1278/1697
f 1698/1277/1698 1699/1279/1699 1743/1280/1743
f 1700/1281/1700 1705/1282/1705 1699/1279/1699
f 1708/1283/1708 1707/1284/1707 1706/1285/1706
f 1709/1286/1709 1706/1285/1706 1704/1287/1704
f 1710/1288/1710 1709/1286/1709 1787/1289/1787
f 1711/1290/1711 1708/1283/1708 1710/1288/1710
f 1713/1291/1713 1708/1283/1708 1711/1290/1711
f 1713/1291/1713 1712/1292/1712 1708/1283/1708
f 1714/1293/1714 1715/1294/1715 1713/1291/1713
f 1715/1294/1715 1717/1295/1717 1713/1291/1713
f 1780/1296/1780 1716/1297/1716 1715/1294/1715
f 1712/1292/1712 1796/1298/1796 1708/1283/1708
f 1717/1295/1717 1719/1299/1719 1718/1300/1718
f 1720/1301/1720 1716/1297/1716 1780/1296/1780
f 1772/1302/1772 1716/1297/1716 1720/1301/1720
f 1718/1300/1718 1721/1303/1721 1722/1304/1722
f 1723/1305/1723 1722/1304/1722 1721/1303/1721
f 1733/1306/1733 1730/1307/1730 1731/1308/1731
f 1734/1309/1734 1730/1307/1730 1733/1306/1733
f 1738/1310/1738 1734/1309/1734 1737/1311/1737
f 1735/1312/1735 1737/1311/1737 1734/1309/1734
f 1769/1313/1769 1735/1312/1735 1734/1309/1734
f 1736/1314/1736 1737/1311/1737 1735/1312/1735
f 1742/1315/1742 1741/1316/1741 1740/1317/1740
f 1699/1279/1699 1742/1315/1742 1740/1317/1740
f 1743/1280/1743 1740/1317/1740 1737/1311/1737
f 1697/1278/1697 1743/1280/1743 1744/1318/1744
f 1748/1319/1748 1747/1320/1747 1749/1321/1749
f 1748/1319/1748 1750/1322/1750 1746/1323/1746
f 1790/1273/1790 1752/1324/1752 1791/1325/1791
f 1752/1324/1752 1753/1326/1753 1754/1327/1754
f 1750/1322/1750 1755/1328/1755 1753/1326/1753
f 1757/1329/1757 1774/1330/1774 1775/1331/1775
f 1767/1332/1767 1758/1333/1758 1768/1334/1768
f 1758/1333/1758 1759/1335/1759 1760/1336/1760
f 1763/1337/1763 1726/1338/1726 1762/1339/1762
f 1767/1332/1767 1765/1340/1765 1764/1341/1764
f 1764/1341/1764 1765/1340/1765 1732/1342/1732
f 1768/1334/1768 1769/1313/1769 1766/1343/1766
f 1761/1344/1761 1724/1345/1724 1770/1346/1770
f 1761/1344/1761 1770/1346/1770 1771/1347/1771
f 1771/1347/1771 1770/1346/1770 1773/1348/1773
f 1770/1346/1770 1772/1302/1772 1773/1348/1773
f 1773/1348/1773 1772/1302/1772 1720/1301/1720
f 1760/1336/1760 1761/1344/1761 1771/1347/1771
f 1750/1322/1750 1775/1331/1775 1776/1349/1776
f 1776/1349/1776 1777/1350/1777 1755/1328/1755
f 1755/1328/1755 1777/1350/1777 1756/1351/1756
f 1778/1352/1778 1780/1296/1780 1714/1293/1714
f 1779/1353/1779 1720/1301/1720 1780/1296/1780
f 1781/1354/1781 1782/1355/1782 1783/1356/1783
f 1783/1356/1783 1782/1355/1782 1711/1290/1711
f 1783/1356/1783 1711/1290/1711 1710/1288/1710
f 1785/1357/1785 1781/1354/1781 1784/1358/1784
f 1785/1357/1785 1784/1358/1784 1786/1359/1786
f 1784/1358/1784 1783/1356/1783 1787/1289/1787
f 1788/1360/1788 1703/1361/1703 1789/1362/1789
f 1786/1359/1786 1789/1362/1789 1790/1273/1790
f 1790/1273/1790 1791/1325/1791 1786/1359/1786
f 1791/1325/1791 1754/1327/1754 1785/1357/1785
f 1792/1363/1792 1793/1364/1793 1742/1315/1742
f 1793/1364/1793 1794/1365/1794 1741/1316/1741
f 1729/1366/1729 1797/1367/1797 1739/1368/1739
f 1795/1369/1795 1718/1300/1718 1729/1366/1729
f 1708/1283/1708 1796/1298/1796 1707/1284/1707
f 1914/1370/1914 1799/1371/1799 1798/1372/1798
f 1798/1372/1798 1915/1373/1915 1914/1370/1914
f 1798/1372/1798 1799/1371/1799 1801/1374/1801
f 1800/1375/1800 1803/1376/1803 1802/1377/1802
f 1803/1376/1803 1804/1378/1804 1858/1379/1858
f 1806/1380/1806 1811/1381/1811 1805/1382/1805
f 1815/1383/1815 1812/1384/1812 1810/1385/1810
f 1819/1386/1819 1817/1387/1817 1818/1388/1818
f 1822/1389/1822 1821/1390/1821 1923/1391/1923
f 1823/1392/1823 1824/1393/1824 1820/1394/1820
f 1824/1393/1824 1826/1395/1826 1822/1389/1822
f 1901/1396/1901 1825/1397/1825 1824/1393/1824
f 1821/1390/1821 1921/1398/1921 1923/1391/1923
f 1826/1395/1826 1829/1399/1829 1827/1400/1827
f 1830/1401/1830 1825/1397/1825 1901/1396/1901
f 1834/1402/1834 1833/1403/1833 1832/1404/1832
f 1841/1405/1841 1839/1406/1839 1840/1407/1840
f 1845/1408/1845 1842/1409/1842 1843/1410/1843
f 1853/1411/1853 1848/1412/1848 1852/1413/1852
f 1849/1414/1849 1852/1413/1852 1848/1412/1848
f 1890/1415/1890 1849/1414/1849 1847/1416/1847
f 1850/1417/1850 1851/1418/1851 1849/1414/1849
f 1851/1418/1851 1855/1419/1855 1852/1413/1852
f 1857/1420/1857 1856/1421/1856 1855/1419/1855
f 1858/1379/1858 1855/1419/1855 1851/1418/1851
f 1802/1377/1802 1858/1379/1858 1859/1422/1859
f 1863/1423/1863 1862/1424/1862 1864/1425/1864
f 1863/1423/1863 1865/1426/1865 1861/1427/1861
f 1868/1428/1868 1867/1429/1867 1866/1430/1866
f 1866/1430/1866 1869/1431/1869 1870/1432/1870
f 1865/1426/1865 1871/1433/1871 1869/1431/1869
f 1871/1433/1871 1898/1434/1898 1870/1432/1870
f 1873/1435/1873 1872/1436/1872 1895/1437/1895
f 1875/1438/1875 1874/1439/1874 1864/1425/1864
f 1874/1439/1874 1876/1440/1876 1872/1436/1872
f 1887/1441/1887 1885/1442/1885 1884/1443/1884
f 1885/1442/1885 1886/1444/1886 1846/1445/1846
f 1888/1446/1888 1889/1447/1889 1886/1444/1886
f 1881/1448/1881 1835/1449/1835 1891/1450/1891
f 1879/1451/1879 1891/1450/1891 1892/1452/1892
f 1892/1452/1892 1891/1450/1891 1894/1453/1894
f 1891/1450/1891 1893/1454/1893 1894/1453/1894
f 1894/1453/1894 1893/1454/1893 1830/1401/1830
f 1865/1426/1865 1895/1437/1895 1896/1455/1896
f 1896/1455/1896 1897/1456/1897 1871/1433/1871
f 1897/1456/1897 1899/1457/1899 1898/1434/1898
f 1899/1457/1899 1901/1396/1901 1823/1392/1823
f 1900/1458/1900 1830/1401/1830 1901/1396/1901
f 1903/1459/1903 1823/1392/1823 1904/1460/1904
f 1902/1461/1902 1903/1459/1903 1905/1462/1905
f 1905/1462/1905 1819/1386/1819 1818/1388/1818
f 1907/1463/1907 1902/1461/1902 1906/1464/1906
f 1898/1434/1898 1902/1461/1902 1907/1463/1907
f 1870/1432/1870 1907/1463/1907 1908/1465/1908
f 1906/1464/1906 1905/1462/1905 1910/1466/1910
f 1909/1467/1909 1913/1468/1913 1914/1370/1914
f 1915/1373/1915 1866/1430/1866 1908/1465/1908
f 1916/1469/1916 1917/1470/1917 1857/1420/1857
f 1917/1470/1917 1918/1471/1918 1856/1421/1856
f 1920/1472/1920 1828/1473/1828 1919/1474/1919
f 1919/1474/1919 1828/1473/1828 1841/1405/1841
f 1923/1391/1923 1921/1398/1921 1813/1475/1813
f 2039/1476/2039 1925/1477/1925 1924/1478/1924
f 1924/1478/1924 2040/1479/2040 2039/1476/2039
f 1924/1478/1924 1925/1477/1925 1927/1480/1927
f 1926/1481/1926 1929/1482/1929 1928/1483/1928
f 1929/1482/1929 1930/1484/1930 1984/1485/1984
f 1932/1486/1932 1937/1487/1937 1931/1488/1931
f 1941/1489/1941 1938/1490/1938 1936/1491/1936
f 1945/1492/1945 1943/1493/1943 1944/1494/1944
f 1948/1495/1948 1947/1496/1947 2048/1497/2048
f 1949/1498/1949 1950/1499/1950 1946/1500/1946
f 1950/1499/1950 1952/1501/1952 1948/1495/1948
f 2026/1502/2026 1951/1503/1951 1950/1499/1950
f 1947/1496/1947 2046/1504/2046 2048/1497/2048
f 1952/1501/1952 1955/1505/1955 1953/1506/1953
f 1956/1507/1956 1951/1503/1951 2026/1502/2026
f 1960/1508/1960 1959/1509/1959 1958/1510/1958
f 1967/1511/1967 1965/1512/1965 1966/1513/1966
f 1971/1514/1971 1968/1515/1968 1969/1516/1969
f 1979/1517/1979 1974/1518/1974 1978/1519/1978
f 1975/1520/1975 1978/1519/1978 1974/1518/1974
f 2015/1521/2015 1975/1520/1975 1973/1522/1973
f 1976/1523/1976 1977/1524/1977 1975/1520/1975
f 1977/1524/1977 1981/1525/1981 1978/1519/1978
f 1983/1526/1983 1982/1527/1982 1981/1525/1981
f 1984/1485/1984 1981/1525/1981 1977/1524/1977
f 1928/1483/1928 1984/1485/1984 1985/1528/1985
f 1989/1529/1989 1988/1530/1988 1990/1531/1990
f 1989/1529/1989 1991/1532/1991 1987/1533/1987
f 1994/1534/1994 1987/1533/1987 1992/1535/1992
f 1994/1534/1994 1992/1535/1992 1993/1536/1993
f 1994/1534/1994 1927/1480/1927 1986/1537/1986
f 1992/1535/1992 1991/1532/1991 1995/1538/1995
f 1995/1538/1995 2023/1539/2023 1996/1540/1996
f 1998/1541/1998 1997/1542/1997 2020/1543/2020
f 2000/1544/2000 1999/1545/1999 1990/1531/1990
f 1999/1545/1999 2001/1546/2001 1997/1542/1997
f 2012/1547/2012 2010/1548/2010 2009/1549/2009
f 2010/1548/2010 2011/1550/2011 1972/1551/1972
f 2013/1552/2013 2014/1553/2014 2011/1550/2011
f 2006/1554/2006 1961/1555/1961 2016/1556/2016
f 2004/1557/2004 2016/1556/2016 2017/1558/2017
f 2017/1558/2017 2016/1556/2016 2019/1559/2019
f 2016/1556/2016 2018/1560/2018 2019/1559/2019
f 2019/1559/2019 2018/1560/2018 1956/1507/1956
f 1991/1532/1991 2020/1543/2020 2021/1561/2021
f 2022/1562/2022 2024/1563/2024 2023/1539/2023
f 2024/1563/2024 2026/1502/2026 1949/1498/1949
f 2025/1564/2025 1956/1507/1956 2026/1502/2026
f 2028/1565/2028 1949/1498/1949 2029/1566/2029
f 2027/1567/2027 2028/1565/2028 2030/1568/2030
f 2030/1568/2030 1945/1492/1945 1944/1494/1944
f 2032/1569/2032 2027/1567/2027 2031/1570/2031
f 2023/1539/2023 2027/1567/2027 2032/1569/2032
f 1996/1540/1996 2032/1569/2032 2033/1571/2033
f 2031/1570/2031 2030/1568/2030 2035/1572/2035
f 2034/1573/2034 2038/1574/2038 2039/1476/2039
f 2040/1479/2040 1993/1536/1993 2033/1571/2033
f 2041/1575/2041 2042/1576/2042 1983/1526/1983
f 2042/1576/2042 2043/1577/2043 1982/1527/1982
f 2045/1578/2045 1954/1579/1954 2044/1580/2044
f 2044/1580/2044 1954/1579/1954 1967/1511/1967
f 2048/1497/2048 2046/1504/2046 1939/1581/1939
f 2052/1582/2052 2053/1583/2053 2098/1584/2098
f 2054/1585/2054 2059/1586/2059 2053/1583/2053
f 2056/1587/2056 2058/1588/2058 2059/1586/2059
f 2062/1589/2062 2061/1590/2061 2058/1588/2058
f 2064/1591/2064 2063/1592/2063 2144/1593/2144
f 2138/1594/2138 2067/1595/2067 2065/1596/2065
f 2071/1597/2071 2073/1598/2073 2072/1599/2072
f 2128/1600/2128 2074/1601/2074 2075/1602/2075
f 2072/1599/2072 2076/1603/2076 2077/1604/2077
f 2078/1605/2078 2077/1604/2077 2076/1603/2076
f 2088/1606/2088 2085/1607/2085 2086/1608/2086
f 2089/1609/2089 2085/1607/2085 2088/1606/2088
f 2093/1610/2093 2089/1609/2089 2092/1611/2092
f 2090/1612/2090 2092/1611/2092 2089/1609/2089
f 2125/1613/2125 2090/1612/2090 2089/1609/2089
f 2091/1614/2091 2092/1611/2092 2090/1612/2090
f 2096/1615/2096 2095/1616/2095 2097/1617/2097
f 2098/1584/2098 2097/1617/2097 2092/1611/2092
f 2101/1618/2101 2091/1614/2091 2103/1619/2103
f 2104/1620/2104 2103/1619/2103 2105/1621/2105
f 2107/1622/2107 2102/1623/2102 2106/1624/2106
f 2107/1622/2107 2106/1624/2106 2109/1625/2109
f 2108/1626/2108 2110/1627/2110 2106/1624/2106
f 2108/1626/2108 2131/1628/2131 2110/1627/2110
f 2112/1629/2112 2116/1630/2116 2130/1631/2130
f 2113/1632/2113 2114/1633/2114 2116/1630/2116
f 2119/1634/2119 2081/1635/2081 2118/1636/2118
f 2123/1637/2123 2121/1638/2121 2120/1639/2120
f 2120/1639/2120 2121/1638/2121 2087/1640/2087
f 2124/1641/2124 2125/1613/2125 2122/1642/2122
f 2117/1643/2117 2079/1644/2079 2126/1645/2126
f 2117/1643/2117 2126/1645/2126 2127/1646/2127
f 2127/1646/2127 2126/1645/2126 2129/1647/2129
f 2126/1645/2126 2128/1600/2128 2129/1647/2129
f 2129/1647/2129 2128/1600/2128 2075/1602/2075
f 2131/1628/2131 2132/1648/2132 2110/1627/2110
f 2134/1649/2134 2075/1602/2075 2135/1650/2135
f 2132/1648/2132 2137/1651/2137 2136/1652/2136
f 2136/1652/2136 2137/1651/2137 2139/1653/2139
f 2141/1654/2141 2136/1652/2136 2140/1655/2140
f 2110/1627/2110 2141/1654/2141 2142/1656/2142
f 2142/1656/2142 2140/1655/2140 2143/1657/2143
f 2140/1655/2140 2139/1653/2139 2144/1593/2144
f 2145/1658/2145 2057/1659/2057 2146/1660/2146
f 2147/1661/2147 2142/1656/2142 2143/1657/2143
f 2149/1662/2149 2150/1663/2150 2096/1615/2096
f 2150/1663/2150 2094/1664/2094 2095/1616/2095
f 2084/1665/2084 2152/1666/2152 2094/1664/2094
f 2151/1667/2151 2072/1599/2072 2084/1665/2084
f 2070/1668/2070 2151/1667/2151 2149/1662/2149
f 2061/1590/2061 2149/1662/2149 2060/1669/2060
f 2247/1670/2247 2153/1671/2153 2155/1672/2155
f 2154/1673/2154 2157/1674/2157 2156/1675/2156
f 2157/1674/2157 2158/1676/2158 2202/1677/2202
f 2159/1678/2159 2164/1679/2164 2158/1676/2158
f 2167/1680/2167 2166/1681/2166 2165/1682/2165
f 2168/1683/2168 2165/1682/2165 2163/1684/2163
f 2169/1685/2169 2168/1683/2168 2244/1686/2244
f 2170/1687/2170 2167/1680/2167 2169/1685/2169
f 2172/1688/2172 2167/1680/2167 2170/1687/2170
f 2172/1688/2172 2171/1689/2171 2167/1680/2167
f 2173/1690/2173 2174/1691/2174 2172/1688/2172
f 2174/1691/2174 2176/1692/2176 2172/1688/2172
f 2237/1693/2237 2175/1694/2175 2174/1691/2174
f 2171/1689/2171 2253/1695/2253 2167/1680/2167
f 2176/1692/2176 2178/1696/2178 2177/1697/2177
f 2179/1698/2179 2175/1694/2175 2237/1693/2237
f 2228/1699/2228 2175/1694/2175 2179/1698/2179
f 2177/1697/2177 2180/1700/2180 2181/1701/2181
f 2182/1702/2182 2181/1701/2181 2180/1700/2180
f 2192/1703/2192 2189/1704/2189 2190/1705/2190
f 2193/1706/2193 2189/1704/2189 2192/1703/2192
f 2197/1707/2197 2193/1706/2193 2196/1708/2196
f 2194/1709/2194 2196/1708/2196 2193/1706/2193
f 2225/1710/2225 2194/1709/2194 2193/1706/2193
f 2195/1711/2195 2196/1708/2196 2194/1709/2194
f 2201/1712/2201 2200/1713/2200 2199/1714/2199
f 2158/1676/2158 2201/1712/2201 2199/1714/2199
f 2202/1677/2202 2199/1714/2199 2196/1708/2196
f 2156/1675/2156 2202/1677/2202 2203/1715/2203
f 2207/1716/2207 2206/1717/2206 2208/1718/2208
f 2207/1716/2207 2209/1719/2209 2205/1720/2205
f 2247/1670/2247 2211/1721/2211 2248/1722/2248
f 2211/1721/2211 2210/1723/2210 2242/1724/2242
f 2210/1723/2210 2209/1719/2209 2212/1725/2212
f 2212/1725/2212 2234/1726/2234 2242/1724/2242
f 2213/1727/2213 2230/1728/2230 2231/1729/2231
f 2223/1730/2223 2214/1731/2214 2224/1732/2224
f 2214/1731/2214 2215/1733/2215 2216/1734/2216
f 2219/1735/2219 2185/1736/2185 2218/1737/2218
f 2223/1730/2223 2221/1738/2221 2220/1739/2220
f 2220/1739/2220 2221/1738/2221 2191/1740/2191
f 2224/1732/2224 2225/1710/2225 2222/1741/2222
f 2217/1742/2217 2183/1743/2183 2226/1744/2226
f 2217/1742/2217 2226/1744/2226 2227/1745/2227
f 2227/1745/2227 2226/1744/2226 2229/1746/2229
f 2226/1744/2226 2228/1699/2228 2229/1746/2229
f 2229/1746/2229 2228/1699/2228 2179/1698/2179
f 2216/1734/2216 2217/1742/2217 2227/1745/2227
f 2209/1719/2209 2231/1729/2231 2232/1747/2232
f 2233/1748/2233 2235/1749/2235 2234/1726/2234
f 2235/1749/2235 2237/1693/2237 2173/1690/2173
f 2236/1750/2236 2179/1698/2179 2237/1693/2237
f 2238/1751/2238 2239/1752/2239 2240/1753/2240
f 2240/1753/2240 2239/1752/2239 2170/1687/2170
f 2240/1753/2240 2170/1687/2170 2169/1685/2169
f 2242/1724/2242 2238/1751/2238 2241/1754/2241
f 2234/1726/2234 2238/1751/2238 2242/1724/2242
f 2241/1754/2241 2240/1753/2240 2244/1686/2244
f 2245/1755/2245 2162/1756/2162 2246/1757/2246
f 2243/1758/2243 2246/1757/2246 2247/1670/2247
f 2247/1670/2247 2248/1722/2248 2243/1758/2243
f 2249/1759/2249 2250/1760/2250 2201/1712/2201
f 2250/1760/2250 2251/1761/2251 2200/1713/2200
f 2188/1762/2188 2254/1763/2254 2198/1764/2198
f 2252/1765/2252 2177/1697/2177 2188/1762/2188
f 2167/1680/2167 2253/1695/2253 2166/1681/2166
f 512/344/512 461/347/461 513/1766/513
f 463/343/463 462/346/462 512/344/512
f 437/412/437 512/344/512 513/1766/513
f 513/1766/513 448/411/448 437/412/437
f 463/343/463 446/351/446 462/346/462
f 460/345/460 512/344/512 459/1767/459
f 464/348/464 463/343/463 460/345/460
f 447/401/447 514/350/514 446/351/446
f 514/350/514 436/403/436 453/436/453
f 461/347/461 453/436/453 439/1768/439
f 454/355/454 440/353/440 464/348/464
f 514/350/514 461/347/461 462/346/462
f 445/352/445 463/343/463 464/348/464
f 457/354/457 458/1769/458 454/355/454
f 515/358/515 457/354/457 455/356/455
f 448/411/448 461/347/461 439/1768/439
f 516/362/516 454/355/454 517/365/517
f 438/361/438 515/358/515 456/360/456
f 455/356/455 516/362/516 456/360/456
f 450/421/450 517/365/517 449/366/449
f 464/348/464 465/349/465 517/365/517
f 451/367/451 516/362/516 450/421/450
f 471/414/471 482/370/482 519/369/519
f 456/360/456 518/363/518 452/364/452
f 472/415/472 519/369/519 520/374/520
f 520/374/520 486/371/486 487/372/487
f 443/386/443 486/371/486 483/368/483
f 468/382/468 484/388/484 521/380/521
f 520/374/520 481/373/481 472/415/472
f 522/1770/522 523/379/523 521/380/521
f 521/380/521 485/387/485 522/1770/522
f 522/1770/522 443/386/443 483/368/483
f 522/1770/522 482/370/482 523/379/523
f 476/377/476 482/370/482 442/376/442
f 469/381/469 523/379/523 475/378/475
f 478/391/478 466/396/466 479/431/479
f 467/397/467 466/396/466 524/383/524
f 467/397/467 524/383/524 525/385/525
f 525/385/525 441/444/441 467/397/467
f 524/383/524 478/391/478 477/384/477
f 525/385/525 477/384/477 485/387/485
f 480/405/480 525/385/525 484/388/484
f 478/391/478 474/1771/474 526/389/526
f 486/371/486 527/392/527 487/372/487
f 473/393/473 487/372/487 527/392/527
f 443/386/443 528/390/528 486/371/486
f 489/442/489 529/1772/529 531/1773/531
f 478/391/478 528/390/528 477/384/477
f 531/1773/531 530/1774/530 532/1775/532
f 534/1776/534 531/1773/531 532/1775/532
f 489/442/489 531/1773/531 533/395/533
f 529/1772/529 438/361/438 530/1774/530
f 444/359/444 529/1772/529 488/394/488
f 532/1775/532 500/1777/500 501/1778/501
f 438/361/438 500/1777/500 530/1774/530
f 502/432/502 532/1775/532 501/1778/501
f 479/431/479 534/1776/534 502/432/502
f 467/397/467 490/443/490 533/395/533
f 533/395/533 534/1776/534 466/396/466
f 492/406/492 535/404/535 536/398/536
f 489/442/489 533/395/533 490/443/490
f 491/402/491 446/351/446 535/404/535
f 492/406/492 536/398/536 537/400/537
f 535/404/535 440/353/440 506/446/506
f 536/398/536 506/446/506 507/440/507
f 540/409/540 539/1779/539 541/1780/541
f 536/398/536 507/440/507 508/399/508
f 537/400/537 508/399/508 468/382/468
f 493/407/493 537/400/537 469/381/469
f 543/1781/543 540/409/540 541/1780/541
f 538/408/538 439/1768/439 539/1779/539
f 448/411/448 538/408/538 497/410/497
f 541/1780/541 503/1782/503 504/1783/504
f 439/1768/439 503/1782/503 539/1779/539
f 505/1784/505 541/1780/541 504/1783/504
f 442/376/442 543/1781/543 505/1784/505
f 470/375/470 542/413/542 543/1781/543
f 499/1785/499 540/409/540 542/413/542
f 499/1785/499 542/413/542 472/415/472
f 494/423/494 450/421/450 544/416/544
f 497/410/497 540/409/540 498/448/498
f 494/423/494 544/416/544 545/418/545
f 545/418/545 510/417/510 546/419/546
f 449/366/449 509/1786/509 544/416/544
f 550/427/550 547/429/547 548/425/548
f 544/416/544 509/1786/509 510/417/510
f 546/419/546 511/422/511 487/372/487
f 496/420/496 546/419/546 473/393/473
f 495/424/495 545/418/545 496/420/496
f 552/430/552 550/427/550 553/428/553
f 547/429/547 438/361/438 452/364/452
f 495/424/495 548/425/548 494/423/494
f 452/364/452 451/367/451 548/425/548
f 526/389/526 496/420/496 473/393/473
f 551/426/551 495/424/495 496/420/496
f 474/1771/474 551/426/551 526/389/526
f 552/430/552 474/1771/474 479/431/479
f 502/432/502 549/1787/549 552/430/552
f 549/1787/549 500/1777/500 547/429/547
f 558/435/558 554/437/554 555/433/555
f 559/1788/559 558/435/558 560/1789/560
f 560/1789/560 556/434/556 493/407/493
f 554/437/554 439/1768/439 453/436/453
f 556/434/556 453/436/453 436/403/436
f 475/378/475 493/407/493 469/381/469
f 556/434/556 491/402/491 492/406/492
f 556/434/556 492/406/492 493/407/493
f 476/377/476 560/1789/560 475/378/475
f 442/376/442 559/1788/559 476/377/476
f 505/1784/505 557/1790/557 559/1788/559
f 557/1790/557 503/1782/503 554/437/554
f 561/445/561 563/438/563 507/440/507
f 506/446/506 458/1769/458 561/445/561
f 563/438/563 490/443/490 564/439/564
f 562/441/562 458/1769/458 457/354/457
f 563/438/563 488/394/488 489/442/489
f 457/354/457 435/357/435 562/441/562
f 511/422/511 498/448/498 499/1785/499
f 564/439/564 441/444/441 480/405/480
f 507/440/507 564/439/564 508/399/508
f 565/1791/565 566/447/566 567/449/567
f 565/1791/565 465/349/465 460/345/460
f 566/447/566 460/345/460 459/1767/459
f 481/373/481 499/1785/499 472/415/472
f 459/1767/459 437/412/437 566/447/566
f 567/449/567 509/1786/509 565/1791/565
f 511/422/511 481/373/481 487/372/487
f 581/520/581 594/454/594 572/1792/572
f 645/451/645 594/454/594 646/1793/646
f 596/450/596 595/453/595 645/451/645
f 570/521/570 645/451/645 646/1793/646
f 646/1793/646 581/520/581 570/521/570
f 596/450/596 579/458/579 595/453/595
f 593/452/593 645/451/645 592/1794/592
f 597/455/597 596/450/596 593/452/593
f 580/510/580 647/457/647 579/458/579
f 647/457/647 569/512/569 586/545/586
f 594/454/594 586/545/586 572/1792/572
f 649/461/649 568/464/568 590/467/590
f 647/457/647 594/454/594 595/453/595
f 578/459/578 596/450/596 597/455/597
f 649/461/649 591/468/591 587/462/587
f 648/465/648 649/461/649 588/463/588
f 587/462/587 573/460/573 597/455/597
f 650/471/650 587/462/587 651/474/651
f 571/470/571 648/465/648 589/469/589
f 588/463/588 650/471/650 589/469/589
f 583/530/583 651/474/651 582/475/582
f 597/455/597 598/456/598 651/474/651
f 584/476/584 650/471/650 583/530/583
f 604/523/604 615/479/615 653/478/653
f 589/469/589 652/472/652 585/473/585
f 605/524/605 653/478/653 654/483/654
f 654/483/654 619/480/619 620/481/620
f 576/495/576 619/480/619 616/477/616
f 601/491/601 617/497/617 655/489/655
f 654/483/654 614/482/614 605/524/605
f 656/1795/656 657/488/657 655/489/655
f 655/489/655 618/496/618 656/1795/656
f 656/1795/656 576/495/576 616/477/616
f 656/1795/656 615/479/615 657/488/657
f 609/486/609 615/479/615 575/485/575
f 602/490/602 657/488/657 608/487/608
f 611/500/611 599/505/599 612/540/612
f 600/506/600 599/505/599 658/492/658
f 600/506/600 658/492/658 659/494/659
f 659/494/659 574/553/574 600/506/600
f 658/492/658 611/500/611 610/493/610
f 659/494/659 610/493/610 618/496/618
f 613/514/613 659/494/659 617/497/617
f 611/500/611 607/1796/607 660/498/660
f 619/480/619 661/501/661 620/481/620
f 606/502/606 620/481/620 661/501/661
f 576/495/576 662/499/662 619/480/619
f 622/551/622 663/1797/663 665/1798/665
f 611/500/611 662/499/662 610/493/610
f 665/1798/665 664/1799/664 666/1800/666
f 668/1801/668 665/1798/665 666/1800/666
f 622/551/622 665/1798/665 667/504/667
f 663/1797/663 571/470/571 664/1799/664
f 577/466/577 663/1797/663 621/503/621
f 666/1800/666 633/1802/633 634/1803/634
f 571/470/571 633/1802/633 664/1799/664
f 635/541/635 666/1800/666 634/1803/634
f 612/540/612 668/1801/668 635/541/635
f 600/506/600 623/552/623 667/504/667
f 667/504/667 668/1801/668 599/505/599
f 625/515/625 669/513/669 670/507/670
f 622/551/622 667/504/667 623/552/623
f 624/511/624 579/458/579 669/513/669
f 625/515/625 670/507/670 671/509/671
f 669/513/669 573/460/573 639/555/639
f 670/507/670 639/555/639 640/549/640
f 674/518/674 673/1804/673 675/1805/675
f 670/507/670 640/549/640 641/508/641
f 671/509/671 641/508/641 601/491/601
f 626/516/626 671/509/671 602/490/602
f 677/1806/677 674/518/674 675/1805/675
f 672/517/672 572/1792/572 673/1804/673
f 581/520/581 672/517/672 630/519/630
f 675/1805/675 636/1807/636 637/1808/637
f 572/1792/572 636/1807/636 673/1804/673
f 638/1809/638 675/1805/675 637/1808/637
f 575/485/575 677/1806/677 638/1809/638
f 603/484/603 676/522/676 677/1806/677
f 632/1810/632 674/518/674 676/522/676
f 632/1810/632 676/522/676 605/524/605
f 627/532/627 583/530/583 678/525/678
f 630/519/630 674/518/674 631/557/631
f 627/532/627 678/525/678 679/527/679
f 679/527/679 643/526/643 680/528/680
f 582/475/582 642/1811/642 678/525/678
f 684/536/684 681/538/681 682/534/682
f 678/525/678 642/1811/642 643/526/643
f 680/528/680 644/531/644 620/481/620
f 629/529/629 680/528/680 606/502/606
f 628/533/628 679/527/679 629/529/629
f 686/539/686 684/536/684 687/537/687
f 681/538/681 571/470/571 585/473/585
f 628/533/628 682/534/682 627/532/627
f 585/473/585 584/476/584 682/534/682
f 660/498/660 629/529/629 606/502/606
f 685/535/685 628/533/628 629/529/629
f 607/1796/607 685/535/685 660/498/660
f 686/539/686 607/1796/607 612/540/612
f 635/541/635 683/1812/683 686/539/686
f 683/1812/683 633/1802/633 681/538/681
f 692/544/692 688/546/688 689/542/689
f 693/1813/693 692/544/692 694/1814/694
f 694/1814/694 690/543/690 626/516/626
f 688/546/688 572/1792/572 586/545/586
f 690/543/690 586/545/586 569/512/569
f 608/487/608 626/516/626 602/490/602
f 690/543/690 624/511/624 625/515/625
f 690/543/690 625/515/625 626/516/626
f 609/486/609 694/1814/694 608/487/608
f 575/485/575 693/1813/693 609/486/609
f 638/1809/638 691/1815/691 693/1813/693
f 691/1815/691 636/1807/636 688/546/688
f 695/554/695 697/547/697 640/549/640
f 639/555/639 591/468/591 695/554/695
f 697/547/697 623/552/623 698/548/698
f 695/554/695 590/467/590 696/550/696
f 697/547/697 621/503/621 622/551/622
f 590/467/590 568/464/568 696/550/696
f 644/531/644 631/557/631 632/1810/632
f 698/548/698 574/553/574 613/514/613
f 640/549/640 698/548/698 641/508/641
f 699/1816/699 700/556/700 701/558/701
f 699/1816/699 598/456/598 593/452/593
f 700/556/700 593/452/593 592/1794/592
f 614/482/614 632/1810/632 605/524/605
f 592/1794/592 570/521/570 700/556/700
f 701/558/701 642/1811/642 699/1816/699
f 644/531/644 614/482/614 620/481/620
f 725/1817/725 729/563/729 728/1818/728
f 725/1817/725 727/1819/727 776/1820/776
f 714/622/714 727/1819/727 705/1821/705
f 727/1819/727 719/646/719 705/1821/705
f 776/1820/776 714/622/714 703/623/703
f 725/1817/725 776/1820/776 703/623/703
f 730/559/730 729/563/729 726/560/726
f 713/565/713 728/1818/728 777/562/777
f 712/566/712 777/562/777 711/564/711
f 713/565/713 719/646/719 728/1818/728
f 779/573/779 702/568/702 723/571/723
f 777/562/777 728/1818/728 729/563/729
f 711/564/711 729/563/729 730/559/730
f 779/573/779 724/572/724 720/574/720
f 720/574/720 706/567/706 730/559/730
f 721/575/721 778/569/778 779/573/779
f 781/583/781 721/575/721 716/578/716
f 704/576/704 778/569/778 722/579/722
f 737/625/737 746/586/746 782/585/782
f 720/574/720 780/577/780 721/575/721
f 730/559/730 731/561/731 780/577/780
f 780/577/780 715/581/715 716/578/716
f 722/579/722 781/583/781 718/580/718
f 738/626/738 782/585/782 783/590/783
f 783/590/783 750/587/750 751/588/751
f 709/599/709 750/587/750 747/584/747
f 784/593/784 749/600/749 785/1822/785
f 783/590/783 745/589/745 738/626/738
f 785/1822/785 786/1823/786 784/593/784
f 748/601/748 784/593/784 734/595/734
f 785/1822/785 709/599/709 747/584/747
f 785/1822/785 746/586/746 786/1823/786
f 741/649/741 746/586/746 708/592/708
f 735/594/735 786/1823/786 741/649/741
f 743/604/743 732/610/732 744/641/744
f 733/611/733 732/610/732 787/596/787
f 733/611/733 787/596/787 788/598/788
f 788/598/788 707/657/707 733/611/733
f 787/596/787 743/604/743 742/597/742
f 788/598/788 742/597/742 749/600/749
f 743/604/743 740/1824/740 789/602/789
f 750/587/750 790/605/790 751/588/751
f 739/606/739 751/588/751 790/605/790
f 709/599/709 791/603/791 750/587/750
f 752/607/752 793/1825/793 753/655/753
f 743/604/743 791/603/791 742/597/742
f 796/1826/796 793/1825/793 794/1827/794
f 792/608/792 794/1827/794 793/1825/793
f 753/655/753 793/1825/793 795/609/795
f 794/1827/794 764/1828/764 765/1829/765
f 710/570/710 792/608/792 752/607/752
f 704/576/704 764/1828/764 792/608/792
f 766/642/766 794/1827/794 765/1829/765
f 744/641/744 796/1826/796 766/642/766
f 733/611/733 754/656/754 795/609/795
f 795/609/795 796/1826/796 732/610/732
f 756/617/756 712/566/712 798/613/798
f 753/655/753 795/609/795 754/656/754
f 797/612/797 706/567/706 770/1830/770
f 756/617/756 798/613/798 799/615/799
f 711/564/711 797/612/797 712/566/712
f 797/612/797 771/653/771 798/613/798
f 802/620/802 801/1831/801 803/1832/803
f 798/613/798 771/653/771 772/614/772
f 799/615/799 772/614/772 734/595/734
f 757/618/757 799/615/799 735/594/735
f 805/1833/805 802/620/802 803/1832/803
f 800/619/800 705/1821/705 801/1831/801
f 714/622/714 800/619/800 761/621/761
f 803/1832/803 767/1834/767 768/1835/768
f 705/1821/705 767/1834/767 801/1831/801
f 769/1836/769 803/1832/803 768/1835/768
f 708/592/708 805/1833/805 769/1836/769
f 736/591/736 804/624/804 805/1833/805
f 763/1837/763 802/620/802 804/624/804
f 763/1837/763 804/624/804 738/626/738
f 758/633/758 716/578/716 806/627/806
f 761/621/761 802/620/802 762/659/762
f 758/633/758 806/627/806 807/629/807
f 807/629/807 774/628/774 808/630/808
f 806/627/806 731/561/731 773/661/773
f 812/637/812 809/639/809 810/635/810
f 806/627/806 773/661/773 774/628/774
f 808/630/808 775/632/775 751/588/751
f 760/631/760 808/630/808 739/606/739
f 759/634/759 807/629/807 760/631/760
f 814/640/814 812/637/812 815/638/815
f 809/639/809 704/576/704 718/580/718
f 759/634/759 810/635/810 758/633/758
f 718/580/718 717/582/717 810/635/810
f 789/602/789 760/631/760 739/606/739
f 813/636/813 759/634/759 760/631/760
f 740/1824/740 813/636/813 789/602/789
f 814/640/814 740/1824/740 744/641/744
f 766/642/766 811/1838/811 814/640/814
f 811/1838/811 764/1828/764 809/639/809
f 820/645/820 816/647/816 817/643/817
f 821/650/821 820/645/820 822/648/822
f 822/648/822 818/644/818 757/618/757
f 816/647/816 705/1821/705 719/646/719
f 818/644/818 719/646/719 713/565/713
f 741/649/741 757/618/757 735/594/735
f 818/644/818 755/616/755 756/617/756
f 818/644/818 756/617/756 757/618/757
f 708/592/708 821/650/821 741/649/741
f 769/1836/769 819/1839/819 821/650/821
f 819/1839/819 767/1834/767 816/647/816
f 771/653/771 823/654/823 824/651/824
f 823/654/823 724/572/724 723/571/723
f 824/651/824 754/656/754 825/652/825
f 706/567/706 724/572/724 770/1830/770
f 824/651/824 752/607/752 753/655/753
f 723/571/723 702/568/702 823/654/823
f 775/632/775 762/659/762 763/1837/763
f 825/652/825 707/657/707 748/601/748
f 771/653/771 825/652/825 772/614/772
f 773/661/773 826/658/826 827/660/827
f 826/658/826 726/560/726 725/1817/725
f 731/561/731 726/560/726 773/661/773
f 745/589/745 763/1837/763 738/626/738
f 725/1817/725 703/623/703 826/658/826
f 831/666/831 830/672/830 832/1840/832
f 775/632/775 745/589/745 751/588/751
f 833/669/833 830/672/830 834/667/834
f 829/663/829 838/671/838 830/672/830
f 913/1841/913 828/664/828 831/666/831
f 837/1842/837 834/667/834 839/1843/839
f 836/670/836 837/1842/837 968/760/968
f 839/1843/839 838/671/838 840/1844/840
f 841/1845/841 840/1844/840 842/1846/842
f 844/1847/844 839/1843/839 841/1845/841
f 843/1848/843 842/1846/842 963/1849/963
f 845/675/845 841/1845/841 843/1848/843
f 846/674/846 844/1847/844 845/675/845
f 837/1842/837 844/1847/844 968/760/968
f 847/673/847 974/678/974 846/674/846
f 847/673/847 851/1850/851 848/1851/848
f 845/675/845 849/1852/849 847/673/847
f 843/1848/843 850/1853/850 849/1852/849
f 849/1852/849 852/1854/852 851/1850/851
f 851/1850/851 854/1855/854 853/1856/853
f 848/1851/848 853/1856/853 974/678/974
f 853/1856/853 953/750/953 855/681/855
f 974/678/974 855/681/855 857/676/857
f 861/688/861 860/1857/860 948/690/948
f 855/681/855 859/680/859 857/676/857
f 953/750/953 858/679/858 855/681/855
f 858/679/858 860/1857/860 859/680/859
f 972/685/972 856/677/856 862/683/862
f 859/680/859 861/688/861 864/682/864
f 857/676/857 864/682/864 856/677/856
f 863/686/863 864/682/864 868/692/868
f 866/689/866 867/691/867 865/687/865
f 865/687/865 868/692/868 864/682/864
f 948/690/948 865/687/865 861/688/861
f 867/691/867 869/693/869 868/692/868
f 876/696/876 873/1858/873 874/1859/874
f 870/764/870 869/693/869 871/697/871
f 867/691/867 872/695/872 871/697/871
f 937/694/937 873/1858/873 872/695/872
f 875/1860/875 874/1859/874 927/1861/927
f 876/696/876 877/1862/877 871/697/871
f 877/1862/877 870/764/870 871/697/871
f 875/1860/875 881/1863/881 880/702/880
f 877/1862/877 875/1860/875 879/699/879
f 878/698/878 877/1862/877 879/699/879
f 880/702/880 879/699/879 875/1860/875
f 880/702/880 883/738/883 882/701/882
f 882/701/882 930/737/930 884/705/884
f 879/699/879 884/705/884 886/704/886
f 884/705/884 934/707/934 885/703/885
f 886/704/886 894/700/894 879/699/879
f 887/711/887 886/704/886 888/706/888
f 892/1864/892 891/719/891 900/716/900
f 889/708/889 890/709/890 888/706/888
f 885/703/885 889/708/889 888/706/888
f 889/708/889 891/719/891 890/709/890
f 893/710/893 887/711/887 888/706/888
f 890/709/890 892/1864/892 893/710/893
f 895/712/895 898/1865/898 897/713/897
f 896/714/896 894/700/894 895/712/895
f 897/713/897 835/668/835 836/670/836
f 898/1865/898 833/669/833 835/668/835
f 836/670/836 968/760/968 897/713/897
f 892/1864/892 832/1840/832 833/669/833
f 892/1864/892 898/1865/898 893/710/893
f 899/715/899 832/1840/832 900/716/900
f 891/719/891 901/717/901 900/716/900
f 901/717/901 912/721/912 899/715/899
f 903/718/903 902/722/902 901/717/901
f 904/720/904 905/1866/905 903/718/903
f 908/730/908 907/740/907 918/732/918
f 906/741/906 907/740/907 905/1866/905
f 909/724/909 905/1866/905 908/730/908
f 910/723/910 913/1841/913 912/721/912
f 910/723/910 902/722/902 909/724/909
f 899/715/899 913/1841/913 831/666/831
f 911/759/911 828/664/828 913/1841/913
f 914/725/914 911/759/911 910/723/910
f 922/1867/922 919/728/919 920/1868/920
f 909/724/909 917/729/917 916/745/916
f 916/745/916 917/729/917 940/734/940
f 908/730/908 917/729/917 909/724/909
f 918/732/918 919/728/919 908/730/908
f 931/731/931 920/1868/920 919/728/919
f 924/1869/924 920/1868/920 926/1870/926
f 919/728/919 921/733/921 917/729/917
f 921/733/921 922/1867/922 923/1871/923
f 925/1872/925 922/1867/922 924/1869/924
f 873/1858/873 924/1869/924 874/1859/874
f 874/1859/874 926/1870/926 927/1861/927
f 928/736/928 920/1868/920 931/731/931
f 881/1863/881 926/1870/926 928/736/928
f 883/738/883 928/736/928 929/735/929
f 930/737/930 931/731/931 932/739/932
f 918/732/918 932/739/932 931/731/931
f 933/1873/933 906/741/906 904/720/904
f 889/708/889 904/720/904 891/719/891
f 932/739/932 933/1873/933 934/707/934
f 936/742/936 923/1871/923 925/1872/925
f 933/1873/933 889/708/889 934/707/934
f 937/694/937 925/1872/925 873/1858/873
f 936/742/936 939/744/939 935/743/935
f 935/743/935 921/733/921 923/1871/923
f 938/1874/938 936/742/936 866/689/866
f 941/746/941 909/724/909 916/745/916
f 941/746/941 940/734/940 939/744/939
f 914/725/914 942/1875/942 943/747/943
f 945/1876/945 942/1875/942 947/1877/947
f 914/725/914 943/747/943 958/726/958
f 946/1878/946 943/747/943 945/1876/945
f 860/1857/860 946/1878/946 945/1876/945
f 860/1857/860 947/1877/947 948/690/948
f 949/1879/949 942/1875/942 941/746/941
f 938/1874/938 941/746/941 939/744/939
f 947/1877/947 949/1879/949 948/690/948
f 866/689/866 949/1879/949 938/1874/938
f 951/749/951 944/748/944 946/1878/946
f 953/750/953 954/753/954 951/749/951
f 951/749/951 946/1878/946 858/679/858
f 954/753/954 956/756/956 952/752/952
f 854/1855/854 955/757/955 954/753/954
f 952/752/952 957/754/957 950/751/950
f 956/756/956 959/755/959 957/754/957
f 958/726/958 944/748/944 950/751/950
f 915/727/915 958/726/958 957/754/957
f 961/758/961 960/1880/960 956/756/956
f 852/1854/852 961/758/961 955/757/955
f 850/1853/850 962/1881/962 961/758/961
f 842/1846/842 962/1881/962 963/1849/963
f 960/1880/960 962/1881/962 964/1882/964
f 965/1883/965 960/1880/960 964/1882/964
f 840/1844/840 964/1882/964 842/1846/842
f 959/755/959 966/662/966 967/665/967
f 838/671/838 965/1883/965 840/1844/840
f 959/755/959 911/759/911 915/727/915
f 966/662/966 965/1883/965 829/663/829
f 896/714/896 971/763/971 894/700/894
f 897/713/897 969/761/969 896/714/896
f 968/760/968 846/674/846 969/761/969
f 870/764/870 863/686/863 869/693/869
f 970/762/970 972/685/972 971/763/971
f 970/762/970 973/684/973 972/685/972
f 979/772/979 976/766/976 977/770/977
f 846/674/846 973/684/973 969/761/969
f 983/1884/983 984/1885/984 985/1886/985
f 1057/1887/1057 975/767/975 978/769/978
f 979/772/979 980/771/980 1043/774/1043
f 982/1888/982 983/1884/983 1110/858/1110
f 982/1888/982 980/771/980 984/1885/984
f 984/1885/984 986/1889/986 985/1886/985
f 977/770/977 984/1885/984 980/771/980
f 987/1890/987 986/1889/986 988/1891/988
f 990/1892/990 985/1886/985 987/1890/987
f 989/1893/989 988/1891/988 1105/1894/1105
f 991/777/991 987/1890/987 989/1893/989
f 992/776/992 990/1892/990 991/777/991
f 983/1884/983 990/1892/990 1110/858/1110
f 993/775/993 1117/780/1117 992/776/992
f 993/775/993 997/1895/997 994/1896/994
f 991/777/991 995/1897/995 993/775/993
f 989/1893/989 996/1898/996 995/1897/995
f 995/1897/995 998/854/998 997/1895/997
f 997/1895/997 1000/853/1000 999/1899/999
f 994/1896/994 999/1899/999 1117/780/1117
f 999/1899/999 1097/849/1097 1001/783/1001
f 1117/780/1117 1001/783/1001 1003/778/1003
f 1114/861/1114 1002/779/1002 1008/787/1008
f 1001/783/1001 1005/782/1005 1003/778/1003
f 1097/849/1097 1004/781/1004 1001/783/1001
f 1004/781/1004 1092/785/1092 1005/782/1005
f 1005/782/1005 1006/786/1006 1007/784/1007
f 1003/778/1003 1007/784/1007 1002/779/1002
f 1009/1900/1009 1114/861/1114 1008/787/1008
f 1011/1901/1011 1008/787/1008 1007/784/1007
f 1006/786/1006 1082/843/1082 1013/1902/1013
f 1006/786/1006 1011/1901/1011 1007/784/1007
f 1011/1901/1011 1013/1902/1013 1014/792/1014
f 1014/792/1014 1010/862/1010 1009/1900/1009
f 1009/1900/1009 1011/1901/1011 1014/792/1014
f 1013/1902/1013 1017/1903/1017 1016/790/1016
f 1013/1902/1013 1016/790/1016 1014/792/1014
f 1019/1904/1019 1018/1905/1018 1020/1906/1020
f 1017/1903/1017 1018/1905/1018 1016/790/1016
f 1022/794/1022 1016/790/1016 1019/1904/1019
f 1021/1907/1021 1020/1906/1020 1071/1908/1071
f 1023/795/1023 1019/1904/1019 1021/1907/1021
f 1015/791/1015 1024/793/1024 1010/862/1010
f 1025/796/1025 1024/793/1024 1023/795/1023
f 1025/796/1025 1029/1909/1029 1026/797/1026
f 1023/795/1023 1027/1910/1027 1025/796/1025
f 1021/1907/1021 1028/1911/1028 1027/1910/1027
f 1027/1910/1027 1030/836/1030 1029/1909/1029
f 1029/1909/1029 1074/835/1074 1031/804/1031
f 1026/797/1026 1031/804/1031 1032/800/1032
f 1032/800/1032 1116/798/1116 1026/797/1026
f 1074/835/1074 1079/803/1079 1031/804/1031
f 1036/801/1036 1039/810/1039 1037/799/1037
f 1031/804/1031 1033/802/1033 1032/800/1032
f 1079/803/1079 1034/805/1034 1033/802/1033
f 1033/802/1033 1035/806/1035 1036/801/1036
f 1034/805/1034 1045/811/1045 1035/806/1035
f 1037/799/1037 1040/809/1040 1038/1912/1038
f 1041/808/1041 981/773/981 982/1888/982
f 1038/1912/1038 1116/798/1116 1037/799/1037
f 1042/807/1042 1041/808/1041 1039/810/1039
f 1044/812/1044 979/772/979 1045/811/1045
f 982/1888/982 1110/858/1110 1041/808/1041
f 1043/774/1043 981/773/981 1042/807/1042
f 1045/811/1045 1043/774/1043 1035/806/1035
f 1034/805/1034 1046/813/1046 1045/811/1045
f 1046/813/1046 1056/819/1056 1044/812/1044
f 1048/814/1048 1047/818/1047 1046/813/1046
f 1049/815/1049 1050/816/1050 1048/814/1048
f 1054/820/1054 1057/1887/1057 1056/819/1056
f 1051/1913/1051 1052/1914/1052 1050/816/1050
f 1054/820/1054 1047/818/1047 1053/817/1053
f 1044/812/1044 1057/1887/1057 978/769/978
f 1055/821/1055 975/767/975 1057/1887/1057
f 1062/825/1062 1052/1914/1052 1063/1915/1063
f 1059/822/1059 1054/820/1054 1058/823/1058
f 1053/817/1053 1062/825/1062 1085/827/1085
f 1062/825/1062 1063/1915/1063 1061/826/1061
f 1050/816/1050 1062/825/1062 1053/817/1053
f 1063/1915/1063 1076/830/1076 1064/829/1064
f 1066/832/1066 1063/1915/1063 1064/829/1064
f 1075/828/1075 1065/831/1065 1064/829/1064
f 1069/1916/1069 1065/831/1065 1068/1917/1068
f 1066/832/1066 1065/831/1065 1067/839/1067
f 1065/831/1065 1070/1918/1070 1068/1917/1068
f 1018/1905/1018 1068/1917/1068 1020/1906/1020
f 1020/1906/1020 1070/1918/1070 1071/1908/1071
f 1072/834/1072 1065/831/1065 1075/828/1075
f 1028/1911/1028 1070/1918/1070 1072/834/1072
f 1030/836/1030 1072/834/1072 1073/833/1073
f 1074/835/1074 1075/828/1075 1077/837/1077
f 1052/1914/1052 1077/837/1077 1076/830/1076
f 1077/837/1077 1075/828/1075 1076/830/1076
f 1078/838/1078 1051/1913/1051 1049/815/1049
f 1079/803/1079 1049/815/1049 1034/805/1034
f 1017/1903/1017 1069/1916/1069 1018/1905/1018
f 1074/835/1074 1078/838/1078 1079/803/1079
f 1067/839/1067 1069/1916/1069 1080/840/1080
f 1058/823/1058 1086/845/1086 1087/846/1087
f 1080/840/1080 1017/1903/1017 1082/843/1082
f 1084/844/1084 1081/841/1081 1083/842/1083
f 1061/826/1061 1066/832/1066 1081/841/1081
f 1085/827/1085 1061/826/1061 1084/844/1084
f 1089/1919/1089 1086/845/1086 1091/1920/1091
f 1058/823/1058 1087/846/1087 1060/824/1060
f 1090/1921/1090 1087/846/1087 1089/1919/1089
f 1092/785/1092 1090/1921/1090 1089/1919/1089
f 1093/1922/1093 1086/845/1086 1085/827/1085
f 1089/1919/1089 1091/1920/1091 1092/785/1092
f 1012/789/1012 1091/1920/1091 1093/1922/1093
f 1083/842/1083 1085/827/1085 1084/844/1084
f 1095/848/1095 1088/847/1088 1090/1921/1090
f 1093/1922/1093 1083/842/1083 1012/789/1012
f 1097/849/1097 1098/852/1098 1095/848/1095
f 1095/848/1095 1090/1921/1090 1004/781/1004
f 1096/851/1096 1100/855/1100 1094/850/1094
f 1099/856/1099 1096/851/1096 1098/852/1098
f 1100/855/1100 1059/822/1059 1060/824/1060
f 1060/824/1060 1088/847/1088 1094/850/1094
f 1099/856/1099 1101/1923/1101 1100/855/1100
f 1103/857/1103 1102/1924/1102 1099/856/1099
f 998/854/998 1103/857/1103 1098/852/1098
f 996/1898/996 1104/1925/1104 1103/857/1103
f 988/1891/988 1104/1925/1104 1105/1894/1105
f 1102/1924/1102 1104/1925/1104 1106/1926/1106
f 1107/1927/1107 1102/1924/1102 1106/1926/1106
f 986/1889/986 1106/1926/1106 988/1891/988
f 1101/1923/1101 1108/765/1108 1109/768/1109
f 1059/822/1059 1109/768/1109 1055/821/1055
f 977/770/977 1107/1927/1107 986/1889/986
f 1108/765/1108 1107/1927/1107 976/766/976
f 1038/1912/1038 1112/860/1112 1113/863/1113
f 1041/808/1041 1111/859/1111 1040/809/1040
f 1110/858/1110 992/776/992 1111/859/1111
f 1038/1912/1038 1024/793/1024 1116/798/1116
f 1112/860/1112 1115/788/1115 1114/861/1114
f 1112/860/1112 1114/861/1114 1113/863/1113
f 1121/868/1121 1120/876/1120 1123/869/1123
f 992/776/992 1115/788/1115 1111/859/1111
f 1121/868/1121 1205/925/1205 1118/866/1118
f 1119/865/1119 1129/875/1129 1120/876/1120
f 1124/873/1124 1120/876/1120 1125/871/1125
f 1128/1928/1128 1125/871/1125 1130/1929/1130
f 1127/874/1127 1128/1928/1128 1262/961/1262
f 1130/1929/1130 1129/875/1129 1131/1930/1131
f 1132/1931/1132 1131/1930/1131 1133/1932/1133
f 1135/1933/1135 1130/1929/1130 1132/1931/1132
f 1134/1934/1134 1133/1932/1133 1257/1935/1257
f 1136/879/1136 1132/1931/1132 1134/1934/1134
f 1137/878/1137 1135/1933/1135 1136/879/1136
f 1128/1928/1128 1135/1933/1135 1262/961/1262
f 1137/878/1137 1139/1936/1139 1269/891/1269
f 1138/877/1138 1142/1937/1142 1139/1936/1139
f 1136/879/1136 1140/1938/1140 1138/877/1138
f 1134/1934/1134 1141/1939/1141 1140/1938/1140
f 1140/1938/1140 1143/1940/1143 1142/1937/1142
f 1142/1937/1142 1145/1941/1145 1144/1942/1144
f 1139/1936/1139 1144/1942/1144 1147/882/1147
f 1144/1942/1144 1247/952/1247 1146/885/1146
f 1147/882/1147 1146/885/1146 1149/880/1149
f 1269/891/1269 1147/882/1147 1148/881/1148
f 1266/964/1266 1148/881/1148 1154/889/1154
f 1146/885/1146 1151/884/1151 1149/880/1149
f 1247/952/1247 1150/883/1150 1146/885/1146
f 1150/883/1150 1242/887/1242 1151/884/1151
f 1151/884/1151 1152/888/1152 1153/886/1153
f 1149/880/1149 1153/886/1153 1148/881/1148
f 1155/897/1155 1266/964/1266 1154/889/1154
f 1157/1943/1157 1154/889/1154 1153/886/1153
f 1152/888/1152 1230/896/1230 1159/893/1159
f 1155/897/1155 1157/1943/1157 1160/894/1160
f 1152/888/1152 1160/894/1160 1157/1943/1157
f 1152/888/1152 1157/1943/1157 1153/886/1153
f 1161/898/1161 1156/965/1156 1155/897/1155
f 1162/1944/1162 1163/1945/1163 1165/1946/1165
f 1161/898/1161 1229/895/1229 1163/1945/1163
f 1165/1946/1165 1164/1947/1164 1166/1948/1166
f 1164/1947/1164 1163/1945/1163 1229/895/1229
f 1167/1949/1167 1166/1948/1166 1168/1950/1168
f 1170/900/1170 1165/1946/1165 1167/1949/1167
f 1169/1951/1169 1168/1950/1168 1220/1952/1220
f 1171/901/1171 1167/1949/1167 1169/1951/1169
f 1162/1944/1162 1172/899/1172 1156/965/1156
f 1173/1953/1173 1171/901/1171 1174/902/1174
f 1174/902/1174 1177/906/1177 1180/903/1180
f 1173/1953/1173 1174/902/1174 1268/904/1268
f 1171/901/1171 1175/1954/1175 1174/902/1174
f 1169/1951/1169 1176/1955/1176 1175/1954/1175
f 1175/1954/1175 1178/907/1178 1177/906/1177
f 1182/910/1182 1187/1956/1187 1181/909/1181
f 1179/908/1179 1184/912/1184 1182/910/1182
f 1226/905/1226 1183/911/1183 1179/908/1179
f 1183/911/1183 1195/914/1195 1184/912/1184
f 1184/912/1184 1185/915/1185 1186/913/1186
f 1189/918/1189 1187/1956/1187 1186/913/1186
f 1187/1956/1187 1190/917/1190 1188/1957/1188
f 1181/909/1181 1188/1957/1188 1268/904/1268
f 1189/918/1189 1192/1958/1192 1191/916/1191
f 1191/916/1191 1126/872/1126 1127/874/1127
f 1192/1958/1192 1124/873/1124 1126/872/1126
f 1127/874/1127 1262/961/1262 1191/916/1191
f 1193/919/1193 1124/873/1124 1185/915/1185
f 1185/915/1185 1192/1958/1192 1186/913/1186
f 1196/920/1196 1193/919/1193 1195/914/1195
f 1193/919/1193 1122/870/1122 1123/869/1123
f 1196/920/1196 1204/926/1204 1194/1959/1194
f 1198/921/1198 1197/1960/1197 1196/920/1196
f 1225/940/1225 1199/924/1199 1198/921/1198
f 1183/911/1183 1198/921/1198 1195/914/1195
f 1202/930/1202 1199/924/1199 1210/923/1210
f 1200/942/1200 1201/922/1201 1199/924/1199
f 1206/928/1206 1197/1960/1197 1202/930/1202
f 1122/870/1122 1204/926/1204 1205/925/1205
f 1203/927/1203 1204/926/1204 1206/928/1206
f 1203/927/1203 1118/866/1118 1205/925/1205
f 1234/937/1234 1210/923/1210 1211/934/1211
f 1206/928/1206 1208/931/1208 1207/929/1207
f 1202/930/1202 1210/923/1210 1209/948/1209
f 1213/933/1213 1223/939/1223 1212/1961/1212
f 1201/922/1201 1211/934/1211 1210/923/1210
f 1224/941/1224 1213/933/1213 1201/922/1201
f 1218/1962/1218 1214/935/1214 1217/1963/1217
f 1212/1961/1212 1214/935/1214 1213/933/1213
f 1211/934/1211 1213/933/1213 1215/936/1215
f 1215/936/1215 1214/935/1214 1216/947/1216
f 1214/935/1214 1219/1964/1219 1217/1963/1217
f 1166/1948/1166 1217/1963/1217 1168/1950/1168
f 1168/1950/1168 1219/1964/1219 1220/1952/1220
f 1221/1965/1221 1214/935/1214 1212/1961/1212
f 1176/1955/1176 1219/1964/1219 1221/1965/1221
f 1222/938/1222 1212/1961/1212 1223/939/1223
f 1178/907/1178 1221/1965/1221 1222/938/1222
f 1164/1947/1164 1218/1962/1218 1166/1948/1166
f 1200/942/1200 1224/941/1224 1201/922/1201
f 1222/938/1222 1225/940/1225 1226/905/1226
f 1216/947/1216 1218/1962/1218 1227/1966/1227
f 1229/895/1229 1227/1966/1227 1164/1947/1164
f 1230/896/1230 1233/946/1233 1232/943/1232
f 1216/947/1216 1227/1966/1227 1228/944/1228
f 1228/944/1228 1229/895/1229 1230/896/1230
f 1233/946/1233 1209/948/1209 1234/937/1234
f 1232/943/1232 1216/947/1216 1228/944/1228
f 1234/937/1234 1215/936/1215 1232/943/1232
f 1238/1967/1238 1208/931/1208 1237/950/1237
f 1236/949/1236 1209/948/1209 1235/1968/1235
f 1202/930/1202 1236/949/1236 1208/931/1208
f 1237/950/1237 1241/1969/1241 1239/1970/1239
f 1240/1971/1240 1237/950/1237 1239/1970/1239
f 1242/887/1242 1240/1971/1240 1239/1970/1239
f 1243/1972/1243 1236/949/1236 1235/1968/1235
f 1239/1970/1239 1241/1969/1241 1242/887/1242
f 1158/892/1158 1241/1969/1241 1243/1972/1243
f 1231/945/1231 1235/1968/1235 1233/946/1233
f 1245/951/1245 1238/1967/1238 1240/1971/1240
f 1243/1972/1243 1231/945/1231 1158/892/1158
f 1247/952/1247 1248/955/1248 1245/951/1245
f 1245/951/1245 1240/1971/1240 1150/883/1150
f 1248/955/1248 1250/958/1250 1246/954/1246
f 1145/1941/1145 1249/959/1249 1248/955/1248
f 1246/954/1246 1251/956/1251 1244/953/1244
f 1250/958/1250 1253/957/1253 1251/956/1251
f 1252/932/1252 1238/1967/1238 1244/953/1244
f 1207/929/1207 1252/932/1252 1251/956/1251
f 1255/960/1255 1254/1973/1254 1250/958/1250
f 1143/1940/1143 1255/960/1255 1249/959/1249
f 1141/1939/1141 1256/1974/1256 1255/960/1255
f 1133/1932/1133 1256/1974/1256 1257/1935/1257
f 1254/1973/1254 1256/1974/1256 1258/1975/1258
f 1259/1976/1259 1254/1973/1254 1258/1975/1258
f 1131/1930/1131 1258/1975/1258 1133/1932/1133
f 1253/957/1253 1260/864/1260 1261/867/1261
f 1129/875/1129 1259/1976/1259 1131/1930/1131
f 1253/957/1253 1203/927/1203 1207/929/1207
f 1260/864/1260 1259/1976/1259 1119/865/1119
f 1188/1957/1188 1264/963/1264 1265/966/1265
f 1191/916/1191 1263/962/1263 1190/917/1190
f 1262/961/1262 1137/878/1137 1263/962/1263
f 1173/1953/1173 1265/966/1265 1172/899/1172
f 1188/1957/1188 1173/1953/1173 1268/904/1268
f 1264/963/1264 1267/890/1267 1266/964/1266
f 1264/963/1264 1266/964/1266 1265/966/1265
f 1273/971/1273 1272/972/1272 1274/974/1274
f 1137/878/1137 1267/890/1267 1263/962/1263
f 1278/1977/1278 1279/1978/1279 1281/1979/1281
f 1271/968/1271 1280/1980/1280 1272/972/1272
f 1355/1981/1355 1270/969/1270 1273/971/1273
f 1274/974/1274 1275/973/1275 1340/976/1340
f 1277/1982/1277 1278/1977/1278 1410/1060/1410
f 1277/1982/1277 1275/973/1275 1279/1978/1279
f 1272/972/1272 1279/1978/1279 1275/973/1275
f 1281/1979/1281 1280/1980/1280 1282/1983/1282
f 1283/1984/1283 1282/1983/1282 1284/1985/1284
f 1286/1986/1286 1281/1979/1281 1283/1984/1283
f 1285/1987/1285 1284/1985/1284 1405/1988/1405
f 1287/979/1287 1283/1984/1283 1285/1987/1285
f 1288/978/1288 1286/1986/1286 1287/979/1287
f 1278/1977/1278 1286/1986/1286 1410/1060/1410
f 1289/977/1289 1417/982/1417 1288/978/1288
f 1289/977/1289 1293/1989/1293 1290/1990/1290
f 1287/979/1287 1291/1991/1291 1289/977/1289
f 1285/1987/1285 1292/1992/1292 1291/1991/1291
f 1291/1991/1291 1294/1993/1294 1293/1989/1293
f 1293/1989/1293 1296/1994/1296 1295/1995/1295
f 1290/1990/1290 1295/1995/1295 1417/982/1417
f 1295/1995/1295 1395/1050/1395 1297/985/1297
f 1417/982/1417 1297/985/1297 1299/980/1299
f 1414/1063/1414 1298/981/1298 1304/989/1304
f 1297/985/1297 1301/984/1301 1299/980/1299
f 1395/1050/1395 1300/983/1300 1297/985/1297
f 1300/983/1300 1390/987/1390 1301/984/1301
f 1301/984/1301 1302/988/1302 1303/986/1303
f 1299/980/1299 1303/986/1303 1298/981/1298
f 1305/1996/1305 1414/1063/1414 1304/989/1304
f 1307/1997/1307 1304/989/1304 1303/986/1303
f 1302/988/1302 1380/1044/1380 1309/1998/1309
f 1302/988/1302 1307/1997/1307 1303/986/1303
f 1307/1997/1307 1309/1998/1309 1310/1999/1310
f 1310/1999/1310 1305/1996/1305 1307/1997/1307
f 1311/994/1311 1306/1064/1306 1305/1996/1305
f 1311/994/1311 1309/1998/1309 1313/992/1313
f 1309/1998/1309 1314/2000/1314 1313/992/1313
f 1316/2001/1316 1315/2002/1315 1317/2003/1317
f 1314/2000/1314 1315/2002/1315 1313/992/1313
f 1319/996/1319 1313/992/1313 1316/2001/1316
f 1318/2004/1318 1317/2003/1317 1369/2005/1369
f 1320/997/1320 1316/2001/1316 1318/2004/1318
f 1312/993/1312 1321/995/1321 1306/1064/1306
f 1322/998/1322 1321/995/1321 1320/997/1320
f 1322/998/1322 1326/2006/1326 1323/999/1323
f 1320/997/1320 1324/2007/1324 1322/998/1322
f 1318/2004/1318 1325/2008/1325 1324/2007/1324
f 1324/2007/1324 1327/1037/1327 1326/2006/1326
f 1326/2006/1326 1372/1036/1372 1328/1006/1328
f 1323/999/1323 1328/1006/1328 1329/1002/1329
f 1329/1002/1329 1416/1000/1416 1323/999/1323
f 1372/1036/1372 1377/1005/1377 1328/1006/1328
f 1333/1003/1333 1336/1012/1336 1334/1001/1334
f 1328/1006/1328 1330/1004/1330 1329/1002/1329
f 1377/1005/1377 1331/1007/1331 1330/1004/1330
f 1330/1004/1330 1332/1008/1332 1333/1003/1333
f 1331/1007/1331 1342/1013/1342 1332/1008/1332
f 1334/1001/1334 1337/1011/1337 1335/2009/1335
f 1338/1010/1338 1276/975/1276 1277/1982/1277
f 1335/2009/1335 1416/1000/1416 1334/1001/1334
f 1339/1009/1339 1338/1010/1338 1336/1012/1336
f 1341/1014/1341 1274/974/1274 1342/1013/1342
f 1277/1982/1277 1410/1060/1410 1338/1010/1338
f 1340/976/1340 1276/975/1276 1339/1009/1339
f 1342/1013/1342 1340/976/1340 1332/1008/1332
f 1331/1007/1331 1343/1015/1343 1342/1013/1342
f 1343/1015/1343 1354/1021/1354 1341/1014/1341
f 1345/1016/1345 1344/1020/1344 1343/1015/1343
f 1346/1017/1346 1347/2010/1347 1345/1016/1345
f 1349/1018/1349 1348/2011/1348 1350/2012/1350
f 1347/2010/1347 1349/1018/1349 1344/1020/1344
f 1352/1022/1352 1355/1981/1355 1354/1021/1354
f 1352/1022/1352 1344/1020/1344 1351/1019/1351
f 1341/1014/1341 1355/1981/1355 1273/971/1273
f 1353/1059/1353 1270/969/1270 1355/1981/1355
f 1356/1023/1356 1353/1059/1353 1352/1022/1352
f 1360/1026/1360 1350/2012/1350 1361/2013/1361
f 1351/1019/1351 1360/1026/1360 1359/1028/1359
f 1360/1026/1360 1361/2013/1361 1358/1027/1358
f 1349/1018/1349 1360/1026/1360 1351/1019/1351
f 1361/2013/1361 1374/1031/1374 1362/1030/1362
f 1364/1033/1364 1361/2013/1361 1362/1030/1362
f 1373/1029/1373 1363/1032/1363 1362/1030/1362
f 1367/2014/1367 1363/1032/1363 1366/2015/1366
f 1364/1033/1364 1363/1032/1363 1365/1040/1365
f 1363/1032/1363 1368/2016/1368 1366/2015/1366
f 1315/2002/1315 1366/2015/1366 1317/2003/1317
f 1317/2003/1317 1368/2016/1368 1369/2005/1369
f 1370/1035/1370 1363/1032/1363 1373/1029/1373
f 1325/2008/1325 1368/2016/1368 1370/1035/1370
f 1327/1037/1327 1370/1035/1370 1371/1034/1371
f 1372/1036/1372 1373/1029/1373 1375/1038/1375
f 1350/2012/1350 1375/1038/1375 1374/1031/1374
f 1375/1038/1375 1373/1029/1373 1374/1031/1374
f 1376/1039/1376 1348/2011/1348 1346/1017/1346
f 1377/1005/1377 1346/1017/1346 1331/1007/1331
f 1314/2000/1314 1367/2014/1367 1315/2002/1315
f 1372/1036/1372 1376/1039/1376 1377/1005/1377
f 1365/1040/1365 1367/2014/1367 1378/1041/1378
f 1382/1045/1382 1359/1028/1359 1358/1027/1358
f 1378/1041/1378 1314/2000/1314 1380/1044/1380
f 1382/1045/1382 1379/1042/1379 1381/1043/1381
f 1358/1027/1358 1364/1033/1364 1379/1042/1379
f 1356/1023/1356 1384/1046/1384 1385/1047/1385
f 1384/1046/1384 1359/1028/1359 1383/2017/1383
f 1387/2018/1387 1384/1046/1384 1389/2019/1389
f 1356/1023/1356 1385/1047/1385 1400/1024/1400
f 1388/2020/1388 1385/1047/1385 1387/2018/1387
f 1390/987/1390 1388/2020/1388 1387/2018/1387
f 1391/2021/1391 1384/1046/1384 1383/2017/1383
f 1387/2018/1387 1389/2019/1389 1390/987/1390
f 1308/991/1308 1389/2019/1389 1391/2021/1391
f 1381/1043/1381 1383/2017/1383 1382/1045/1382
f 1393/1049/1393 1386/1048/1386 1388/2020/1388
f 1391/2021/1391 1381/1043/1381 1308/991/1308
f 1395/1050/1395 1396/1053/1396 1393/1049/1393
f 1393/1049/1393 1388/2020/1388 1300/983/1300
f 1396/1053/1396 1398/1056/1398 1394/1052/1394
f 1296/1994/1296 1397/1057/1397 1396/1053/1396
f 1394/1052/1394 1399/1054/1399 1392/1051/1392
f 1398/1056/1398 1401/1055/1401 1399/1054/1399
f 1400/1024/1400 1386/1048/1386 1392/1051/1392
f 1357/1025/1357 1400/1024/1400 1399/1054/1399
f 1403/1058/1403 1402/2022/1402 1398/1056/1398
f 1294/1993/1294 1403/1058/1403 1397/1057/1397
f 1292/1992/1292 1404/2023/1404 1403/1058/1403
f 1284/1985/1284 1404/2023/1404 1405/1988/1405
f 1402/2022/1402 1404/2023/1404 1406/2024/1406
f 1407/2025/1407 1402/2022/1402 1406/2024/1406
f 1282/1983/1282 1406/2024/1406 1284/1985/1284
f 1401/1055/1401 1408/967/1408 1409/970/1409
f 1280/1980/1280 1407/2025/1407 1282/1983/1282
f 1401/1055/1401 1353/1059/1353 1357/1025/1357
f 1408/967/1408 1407/2025/1407 1271/968/1271
f 1335/2009/1335 1412/1062/1412 1413/1065/1413
f 1338/1010/1338 1411/1061/1411 1337/1011/1337
f 1410/1060/1410 1288/978/1288 1411/1061/1411
f 1335/2009/1335 1321/995/1321 1416/1000/1416
f 1412/1062/1412 1415/990/1415 1414/1063/1414
f 1412/1062/1412 1414/1063/1414 1413/1065/1413
f 1562/1119/1562 1418/2026/1418 1419/1067/1419
f 1288/978/1288 1415/990/1415 1411/1061/1411
f 1561/2027/1561 1421/2028/1421 1418/2026/1418
f 1423/1071/1423 1418/2026/1418 1420/1069/1420
f 1420/1069/1420 1421/2028/1421 1430/2029/1430
f 1423/1071/1423 1422/1068/1422 1419/1067/1419
f 1492/1111/1492 1423/1071/1423 1425/1070/1425
f 1426/1074/1426 1425/1070/1425 1428/1072/1428
f 1563/1077/1563 1428/1072/1428 1436/1075/1436
f 1436/1075/1436 1429/2030/1429 1431/2031/1431
f 1420/1069/1420 1429/2030/1429 1425/1070/1425
f 1425/1070/1425 1429/2030/1429 1428/1072/1428
f 1431/2031/1431 1430/2029/1430 1432/2032/1432
f 1433/2033/1433 1432/2032/1432 1434/2034/1434
f 1435/2035/1435 1434/2034/1434 1558/2036/1558
f 1431/2031/1431 1433/2033/1433 1436/1075/1436
f 1437/1079/1437 1433/2033/1433 1435/2035/1435
f 1437/1079/1437 1441/1081/1441 1440/1078/1440
f 1436/1075/1436 1437/1079/1437 1438/1076/1438
f 1440/1078/1440 1439/1083/1439 1438/1076/1438
f 1435/2035/1435 1442/2037/1442 1441/1081/1441
f 1441/1081/1441 1444/2038/1444 1443/1080/1443
f 1443/1080/1443 1445/2039/1445 1446/1087/1446
f 1440/1078/1440 1446/1087/1446 1447/1082/1447
f 1450/1088/1450 1449/2040/1449 1543/1149/1543
f 1445/2039/1445 1548/1086/1548 1446/1087/1446
f 1447/1082/1447 1451/1085/1451 1439/1083/1439
f 1446/1087/1446 1448/1084/1448 1447/1082/1447
f 1548/1086/1548 1449/2040/1449 1448/1084/1448
f 1453/1091/1453 1451/1085/1451 1456/1089/1456
f 1448/1084/1448 1450/1088/1450 1451/1085/1451
f 1450/1088/1450 1458/1144/1458 1457/1095/1457
f 1439/1083/1439 1452/1090/1452 1567/1092/1567
f 1454/1093/1454 1456/1089/1456 1460/1097/1460
f 1457/1095/1457 1460/1097/1460 1456/1089/1456
f 1457/1095/1457 1533/1143/1533 1459/1096/1459
f 1462/1098/1462 1455/1094/1455 1454/1093/1454
f 1463/1100/1463 1464/2041/1464 1466/2042/1466
f 1462/1098/1462 1459/1096/1459 1464/2041/1464
f 1459/1096/1459 1465/2043/1465 1464/2041/1464
f 1466/2042/1466 1465/2043/1465 1467/2044/1467
f 1468/2045/1468 1467/2044/1467 1469/2046/1469
f 1471/1101/1471 1466/2042/1466 1468/2045/1468
f 1470/2047/1470 1469/2046/1469 1522/2048/1522
f 1472/2049/1472 1468/2045/1468 1470/2047/1470
f 1471/1101/1471 1473/1162/1473 1461/1099/1461
f 1475/2050/1475 1473/1162/1473 1474/2051/1474
f 1473/1162/1473 1472/2049/1472 1474/2051/1474
f 1474/2051/1474 1478/2052/1478 1475/2050/1475
f 1472/2049/1472 1476/2053/1476 1474/2051/1474
f 1470/2047/1470 1477/2054/1477 1476/2053/1476
f 1476/2053/1476 1479/1134/1479 1478/2052/1478
f 1478/2052/1478 1525/1133/1525 1480/1104/1480
f 1475/2050/1475 1480/1104/1480 1482/2055/1482
f 1482/2055/1482 1568/2056/1568 1475/2050/1475
f 1525/1133/1525 1530/1102/1530 1480/1104/1480
f 1486/2057/1486 1483/1103/1483 1485/1106/1485
f 1480/1104/1480 1483/1103/1483 1482/2055/1482
f 1530/1102/1530 1484/1105/1484 1483/1103/1483
f 1482/2055/1482 1487/2058/1487 1481/2059/1481
f 1484/1105/1484 1494/1112/1494 1485/1106/1485
f 1489/1109/1489 1487/2058/1487 1486/2057/1486
f 1487/2058/1487 1490/1108/1490 1488/1163/1488
f 1481/2059/1481 1488/1163/1488 1568/2056/1568
f 1489/1109/1489 1426/1074/1426 1491/1107/1491
f 1485/1106/1485 1426/1074/1426 1486/2057/1486
f 1426/1074/1426 1427/1073/1427 1491/1107/1491
f 1427/1073/1427 1563/1077/1563 1491/1107/1491
f 1424/1110/1424 1493/1113/1493 1422/1068/1422
f 1494/1112/1494 1492/1111/1492 1485/1106/1485
f 1484/1105/1484 1495/1114/1495 1494/1112/1494
f 1493/1113/1493 1496/2060/1496 1505/2061/1505
f 1497/1115/1497 1496/2060/1496 1495/1114/1495
f 1498/1116/1498 1499/2062/1499 1497/1115/1497
f 1503/2063/1503 1499/2062/1499 1501/2064/1501
f 1501/2064/1501 1500/1139/1500 1502/1138/1502
f 1503/2063/1503 1505/2061/1505 1496/2060/1496
f 1422/1068/1422 1505/2061/1505 1506/1066/1506
f 1506/1066/1506 1505/2061/1505 1504/1117/1504
f 1510/1122/1510 1504/1117/1504 1508/1120/1508
f 1504/1117/1504 1509/2065/1509 1508/1120/1508
f 1513/1125/1513 1509/2065/1509 1514/1123/1514
f 1509/2065/1509 1511/1145/1511 1508/1120/1508
f 1514/1123/1514 1502/1138/1502 1515/1128/1515
f 1514/1123/1514 1515/1128/1515 1512/1124/1512
f 1509/2065/1509 1501/2064/1501 1514/1123/1514
f 1519/2066/1519 1516/1127/1516 1521/2067/1521
f 1512/1124/1512 1516/1127/1516 1517/1130/1517
f 1467/2044/1467 1519/2066/1519 1469/2046/1469
f 1518/1129/1518 1519/2066/1519 1520/2068/1520
f 1469/2046/1469 1521/2067/1521 1522/2048/1522
f 1523/1132/1523 1516/1127/1516 1526/1126/1526
f 1477/2054/1477 1521/2067/1521 1523/1132/1523
f 1479/1134/1479 1523/1132/1523 1524/1131/1524
f 1525/1133/1525 1526/1126/1526 1527/1135/1527
f 1515/1128/1515 1527/1135/1527 1526/1126/1526
f 1529/1136/1529 1500/1139/1500 1498/1116/1498
f 1528/1137/1528 1515/1128/1515 1502/1138/1502
f 1530/1102/1530 1498/1116/1498 1484/1105/1484
f 1532/1141/1532 1518/1129/1518 1520/2068/1520
f 1525/1133/1525 1529/1136/1529 1530/1102/1530
f 1465/2043/1465 1520/2068/1520 1467/2044/1467
f 1531/1140/1531 1512/1124/1512 1517/1130/1517
f 1532/1141/1532 1465/2043/1465 1533/1143/1533
f 1535/2069/1535 1531/1140/1531 1534/1142/1534
f 1535/2069/1535 1513/1125/1513 1512/1124/1512
f 1517/1130/1517 1518/1129/1518 1531/1140/1531
f 1536/2070/1536 1511/1145/1511 1513/1125/1513
f 1540/1150/1540 1537/2071/1537 1542/1148/1542
f 1511/1145/1511 1537/2071/1537 1538/1146/1538
f 1508/1120/1508 1538/1146/1538 1553/1121/1553
f 1541/2072/1541 1538/1146/1538 1540/1150/1540
f 1449/2040/1449 1540/1150/1540 1543/1149/1543
f 1544/2073/1544 1537/2071/1537 1536/2070/1536
f 1458/1144/1458 1542/1148/1542 1544/2073/1544
f 1534/1142/1534 1536/2070/1536 1535/2069/1535
f 1546/1152/1546 1539/1147/1539 1541/2072/1541
f 1544/2073/1544 1534/1142/1534 1458/1144/1458
f 1548/1086/1548 1541/2072/1541 1449/2040/1449
f 1548/1086/1548 1549/1154/1549 1546/1152/1546
f 1549/1154/1549 1551/1157/1551 1547/1153/1547
f 1445/2039/1445 1550/1158/1550 1549/1154/1549
f 1547/1153/1547 1552/1155/1552 1545/1151/1545
f 1551/1157/1551 1554/1156/1554 1552/1155/1552
f 1553/1121/1553 1539/1147/1539 1545/1151/1545
f 1510/1122/1510 1553/1121/1553 1552/1155/1552
f 1556/1159/1556 1555/2074/1555 1551/1157/1551
f 1444/2038/1444 1556/1159/1556 1550/1158/1550
f 1442/2037/1442 1557/2075/1557 1556/1159/1556
f 1434/2034/1434 1557/2075/1557 1558/2036/1558
f 1555/2074/1555 1557/2075/1557 1559/2076/1559
f 1560/2077/1560 1555/2074/1555 1559/2076/1559
f 1432/2032/1432 1559/2076/1559 1434/2034/1434
f 1554/1156/1554 1561/2027/1561 1562/1119/1562
f 1430/2029/1430 1560/2077/1560 1432/2032/1432
f 1554/1156/1554 1507/1118/1507 1510/1122/1510
f 1562/1119/1562 1506/1066/1506 1507/1118/1507
f 1561/2027/1561 1560/2077/1560 1421/2028/1421
f 1488/1163/1488 1565/1164/1565 1566/1161/1566
f 1491/1107/1491 1564/1160/1564 1490/1108/1490
f 1563/1077/1563 1438/1076/1438 1564/1160/1564
f 1564/1160/1564 1565/1164/1565 1490/1108/1490
f 1455/1094/1455 1565/1164/1565 1453/1091/1453
f 1488/1163/1488 1473/1162/1473 1568/2056/1568
f 1573/1172/1573 1570/1166/1570 1571/1170/1571
f 1567/1092/1567 1453/1091/1453 1565/1164/1565
f 1438/1076/1438 1567/1092/1567 1564/1160/1564
f 1576/1177/1576 1574/1171/1574 1577/1175/1577
f 1639/1223/1639 1569/1167/1569 1572/1169/1572
f 1573/1172/1573 1574/1171/1574 1629/1174/1629
f 1576/1177/1576 1582/1176/1582 1686/1266/1686
f 1579/2078/1579 1578/2079/1578 1580/2080/1580
f 1571/1170/1571 1577/1175/1577 1574/1171/1574
f 1571/1170/1571 1578/2079/1578 1577/1175/1577
f 1581/1180/1581 1580/2080/1580 1682/2081/1682
f 1577/1175/1577 1579/2078/1579 1582/1176/1582
f 1583/1179/1583 1579/2078/1579 1581/1180/1581
f 1584/1272/1584 1582/1176/1582 1583/1179/1583
f 1584/1272/1584 1585/2082/1585 1693/1186/1693
f 1586/1178/1586 1585/2082/1585 1583/1179/1583
f 1581/1180/1581 1587/2083/1587 1586/1178/1586
f 1586/1178/1586 1589/1183/1589 1588/1182/1588
f 1585/2082/1585 1590/1181/1590 1693/1186/1693
f 1693/1186/1693 1591/1189/1591 1593/1184/1593
f 1590/1181/1590 1674/1257/1674 1591/1189/1591
f 1690/1269/1690 1592/1185/1592 1597/1190/1597
f 1591/1189/1591 1595/1188/1595 1593/1184/1593
f 1674/1257/1674 1594/1187/1594 1591/1189/1591
f 1594/1187/1594 1671/1191/1671 1595/1188/1595
f 1595/1188/1595 1596/1192/1596 1597/1190/1597
f 1593/1184/1593 1597/1190/1597 1592/1185/1592
f 1598/1195/1598 1690/1269/1690 1597/1190/1597
f 1596/1192/1596 1662/1250/1662 1602/2084/1602
f 1596/1192/1596 1600/1194/1600 1597/1190/1597
f 1600/1194/1600 1602/2084/1602 1603/1199/1603
f 1603/1199/1603 1599/1270/1599 1598/1195/1598
f 1598/1195/1598 1600/1194/1600 1603/1199/1603
f 1602/2084/1602 1606/1245/1606 1605/1197/1605
f 1602/2084/1602 1605/1197/1605 1603/1199/1603
f 1607/2085/1607 1606/1245/1606 1608/2086/1608
f 1610/1201/1610 1605/1197/1605 1607/2085/1607
f 1609/2087/1609 1608/2086/1608 1651/2088/1651
f 1611/1202/1611 1607/2085/1607 1609/2087/1609
f 1604/1198/1604 1612/1200/1612 1599/1270/1599
f 1613/1204/1613 1612/1200/1612 1611/1202/1611
f 1611/1202/1611 1614/1205/1614 1613/1204/1613
f 1609/2087/1609 1615/2089/1615 1614/1205/1614
f 1614/1205/1614 1617/1241/1617 1616/1203/1616
f 1616/1203/1616 1654/1240/1654 1618/1211/1618
f 1613/1204/1613 1618/1211/1618 1619/1207/1619
f 1619/1207/1619 1692/2090/1692 1613/1204/1613
f 1654/1240/1654 1659/1210/1659 1618/1211/1618
f 1624/1206/1624 1627/1216/1627 1625/2091/1625
f 1618/1211/1618 1620/1209/1620 1619/1207/1619
f 1659/1210/1659 1621/1212/1621 1620/1209/1620
f 1620/1209/1620 1622/1213/1622 1623/1208/1623
f 1621/1212/1621 1630/1217/1630 1622/1213/1622
f 1626/1214/1626 1624/1206/1624 1623/1208/1623
f 1628/1215/1628 1575/1173/1575 1576/1177/1576
f 1625/2091/1625 1692/2090/1692 1624/1206/1624
f 1630/1217/1630 1572/1169/1572 1573/1172/1573
f 1576/1177/1576 1686/1266/1686 1628/1215/1628
f 1629/1174/1629 1575/1173/1575 1626/1214/1626
f 1630/1217/1630 1629/1174/1629 1622/1213/1622
f 1621/1212/1621 1631/1226/1631 1630/1217/1630
f 1633/1219/1633 1632/1222/1632 1631/1226/1631
f 1632/1222/1632 1639/1223/1639 1631/1226/1631
f 1638/1225/1638 1569/1167/1569 1639/1223/1639
f 1637/1224/1637 1632/1222/1632 1636/1221/1636
f 1640/1227/1640 1638/1225/1638 1637/1224/1637
f 1643/1230/1643 1635/1220/1635 1646/1237/1646
f 1636/1221/1636 1643/1230/1643 1665/1232/1665
f 1643/1230/1643 1646/1237/1646 1642/1231/1642
f 1634/1218/1634 1643/1230/1643 1636/1221/1636
f 1635/1220/1635 1644/1234/1644 1646/1237/1646
f 1649/1244/1649 1645/1236/1645 1648/2092/1648
f 1655/1233/1655 1645/1236/1645 1644/1234/1644
f 1646/1237/1646 1645/1236/1645 1647/1247/1647
f 1645/1236/1645 1650/2093/1650 1648/2092/1648
f 1606/1245/1606 1648/2092/1648 1608/2086/1608
f 1608/2086/1608 1650/2093/1650 1651/2088/1651
f 1652/1239/1652 1645/1236/1645 1655/1233/1655
f 1615/2089/1615 1650/2093/1650 1652/1239/1652
f 1617/1241/1617 1652/1239/1652 1653/1238/1653
f 1654/1240/1654 1655/1233/1655 1657/1242/1657
f 1658/1243/1658 1635/1220/1635 1633/1219/1633
f 1657/1242/1657 1655/1233/1655 1656/1235/1656
f 1657/1242/1657 1656/1235/1656 1635/1220/1635
f 1659/1210/1659 1633/1219/1633 1621/1212/1621
f 1640/1227/1640 1666/1252/1666 1667/1253/1667
f 1654/1240/1654 1658/1243/1658 1659/1210/1659
f 1647/1247/1647 1649/1244/1649 1660/1246/1660
f 1660/1246/1660 1606/1245/1606 1662/1250/1662
f 1664/1251/1664 1661/1248/1661 1663/1249/1663
f 1642/1231/1642 1646/1237/1646 1661/1248/1661
f 1665/1232/1665 1642/1231/1642 1664/1251/1664
f 1669/1254/1669 1666/1252/1666 1670/1255/1670
f 1640/1227/1640 1667/1253/1667 1668/1228/1668
f 1663/1249/1663 1665/1232/1665 1664/1251/1664
f 1669/1254/1669 1670/1255/1670 1671/1191/1671
f 1666/1252/1666 1665/1232/1665 1670/1255/1670
f 1673/1256/1673 1668/1228/1668 1669/1254/1669
f 1670/1255/1670 1663/1249/1663 1601/1196/1601
f 1674/1257/1674 1675/1259/1675 1673/1256/1673
f 1673/1256/1673 1669/1254/1669 1594/1187/1594
f 1676/1261/1676 1678/1262/1678 1677/1260/1677
f 1676/1261/1676 1672/1258/1672 1675/1259/1675
f 1641/1229/1641 1668/1228/1668 1677/1260/1677
f 1680/1263/1680 1679/1264/1679 1676/1261/1676
f 1589/1183/1589 1680/1263/1680 1675/1259/1675
f 1587/2083/1587 1681/2094/1681 1680/1263/1680
f 1580/2080/1580 1681/2094/1681 1682/2081/1682
f 1679/1264/1679 1681/2094/1681 1683/1265/1683
f 1678/1262/1678 1684/1165/1684 1685/1168/1685
f 1683/1265/1683 1580/2080/1580 1578/2079/1578
f 1570/1166/1570 1578/2079/1578 1571/1170/1571
f 1678/1262/1678 1638/1225/1638 1641/1229/1641
f 1684/1165/1684 1683/1265/1683 1570/1166/1570
f 1625/2091/1625 1688/1268/1688 1689/1271/1689
f 1628/1215/1628 1687/1267/1687 1627/1216/1627
f 1686/1266/1686 1584/1272/1584 1687/1267/1687
f 1625/2091/1625 1612/1200/1612 1692/2090/1692
f 1688/1268/1688 1691/1193/1691 1690/1269/1690
f 1688/1268/1688 1690/1269/1690 1689/1271/1689
f 1697/1278/1697 1694/1274/1694 1695/1276/1695
f 1584/1272/1584 1691/1193/1691 1687/1267/1687
f 1702/2095/1702 1701/2096/1701 1703/1361/1703
f 1752/1324/1752 1790/1273/1790 1696/1275/1696
f 1697/1278/1697 1698/1277/1698 1743/1280/1743
f 1699/1279/1699 1705/1282/1705 1792/1363/1792
f 1698/1277/1698 1700/1281/1700 1699/1279/1699
f 1695/1276/1695 1700/1281/1700 1698/1277/1698
f 1695/1276/1695 1701/2096/1701 1700/1281/1700
f 1704/1287/1704 1703/1361/1703 1788/1360/1788
f 1700/1281/1700 1702/2095/1702 1705/1282/1705
f 1706/1285/1706 1702/2095/1702 1704/1287/1704
f 1707/1284/1707 1705/1282/1705 1706/1285/1706
f 1706/1285/1706 1710/1288/1710 1708/1283/1708
f 1704/1287/1704 1787/1289/1787 1709/1286/1709
f 1795/1369/1795 1712/1292/1712 1717/1295/1717
f 1711/1290/1711 1782/1355/1782 1713/1291/1713
f 1782/1355/1782 1714/1293/1714 1713/1291/1713
f 1714/1293/1714 1780/1296/1780 1715/1294/1715
f 1715/1294/1715 1716/1297/1716 1717/1295/1717
f 1713/1291/1713 1717/1295/1717 1712/1292/1712
f 1719/1299/1719 1772/1302/1772 1721/1303/1721
f 1795/1369/1795 1717/1295/1717 1718/1300/1718
f 1716/1297/1716 1719/1299/1719 1717/1295/1717
f 1725/2097/1725 1724/1345/1724 1726/1338/1726
f 1718/1300/1718 1719/1299/1719 1721/1303/1721
f 1772/1302/1772 1723/1305/1723 1721/1303/1721
f 1724/1345/1724 1723/1305/1723 1772/1302/1772
f 1722/1304/1722 1725/2097/1725 1728/2098/1728
f 1727/2099/1727 1726/1338/1726 1763/1337/1763
f 1722/1304/1722 1729/1366/1729 1718/1300/1718
f 1725/2097/1725 1727/2099/1727 1728/2098/1728
f 1797/1367/1797 1728/2098/1728 1730/1307/1730
f 1728/2098/1728 1731/1308/1731 1730/1307/1730
f 1727/2099/1727 1732/1342/1732 1731/1308/1731
f 1731/1308/1731 1765/1340/1765 1733/1306/1733
f 1733/1306/1733 1766/1343/1766 1734/1309/1734
f 1734/1309/1734 1797/1367/1797 1730/1307/1730
f 1766/1343/1766 1769/1313/1769 1734/1309/1734
f 1738/1310/1738 1741/1316/1741 1739/1368/1739
f 1769/1313/1769 1736/1314/1736 1735/1312/1735
f 1736/1314/1736 1744/1318/1744 1737/1311/1737
f 1740/1317/1740 1738/1310/1738 1737/1311/1737
f 1744/1318/1744 1696/1275/1696 1697/1278/1697
f 1739/1368/1739 1797/1367/1797 1738/1310/1738
f 1699/1279/1699 1792/1363/1792 1742/1315/1742
f 1743/1280/1743 1699/1279/1699 1740/1317/1740
f 1744/1318/1744 1743/1280/1743 1737/1311/1737
f 1736/1314/1736 1745/2100/1745 1744/1318/1744
f 1747/1320/1747 1746/1323/1746 1745/2100/1745
f 1746/1323/1746 1751/2101/1751 1745/2100/1745
f 1753/1326/1753 1746/1323/1746 1750/1322/1750
f 1696/1275/1696 1751/2101/1751 1752/1324/1752
f 1752/1324/1752 1751/2101/1751 1753/1326/1753
f 1756/1351/1756 1753/1326/1753 1755/1328/1755
f 1757/1329/1757 1749/1321/1749 1760/1336/1760
f 1750/1322/1750 1757/1329/1757 1775/1331/1775
f 1757/1329/1757 1760/1336/1760 1774/1330/1774
f 1748/1319/1748 1757/1329/1757 1750/1322/1750
f 1749/1321/1749 1758/1333/1758 1760/1336/1760
f 1724/1345/1724 1762/1339/1762 1726/1338/1726
f 1767/1332/1767 1759/1335/1759 1758/1333/1758
f 1760/1336/1760 1759/1335/1759 1761/1344/1761
f 1759/1335/1759 1763/1337/1763 1762/1339/1762
f 1759/1335/1759 1762/1339/1762 1761/1344/1761
f 1764/1341/1764 1759/1335/1759 1767/1332/1767
f 1766/1343/1766 1767/1332/1767 1768/1334/1768
f 1763/1337/1763 1764/1341/1764 1732/1342/1732
f 1769/1313/1769 1749/1321/1749 1747/1320/1747
f 1778/1352/1778 1776/1349/1776 1779/1353/1779
f 1747/1320/1747 1736/1314/1736 1769/1313/1769
f 1770/1346/1770 1724/1345/1724 1772/1302/1772
f 1774/1330/1774 1771/1347/1771 1773/1348/1773
f 1774/1330/1774 1760/1336/1760 1771/1347/1771
f 1750/1322/1750 1776/1349/1776 1755/1328/1755
f 1773/1348/1773 1775/1331/1775 1774/1330/1774
f 1778/1352/1778 1779/1353/1779 1780/1296/1780
f 1776/1349/1776 1775/1331/1775 1779/1353/1779
f 1782/1355/1782 1777/1350/1777 1778/1352/1778
f 1779/1353/1779 1773/1348/1773 1720/1301/1720
f 1781/1354/1781 1756/1351/1756 1777/1350/1777
f 1782/1355/1782 1778/1352/1778 1714/1293/1714
f 1784/1358/1784 1781/1354/1781 1783/1356/1783
f 1787/1289/1787 1786/1359/1786 1784/1358/1784
f 1754/1327/1754 1756/1351/1756 1785/1357/1785
f 1694/1274/1694 1701/2096/1701 1695/1276/1695
f 1787/1289/1787 1783/1356/1783 1710/1288/1710
f 1786/1359/1786 1788/1360/1788 1789/1362/1789
f 1789/1362/1789 1703/1361/1703 1701/2096/1701
f 1786/1359/1786 1791/1325/1791 1785/1357/1785
f 1791/1325/1791 1752/1324/1752 1754/1327/1754
f 1790/1273/1790 1789/1362/1789 1694/1274/1694
f 1739/1368/1739 1794/1365/1794 1729/1366/1729
f 1742/1315/1742 1793/1364/1793 1741/1316/1741
f 1792/1363/1792 1707/1284/1707 1793/1364/1793
f 1794/1365/1794 1796/1298/1796 1795/1369/1795
f 1794/1365/1794 1795/1369/1795 1729/1366/1729
f 1802/1377/1802 1799/1371/1799 1800/1375/1800
f 1707/1284/1707 1796/1298/1796 1793/1364/1793
f 1805/1382/1805 1803/1376/1803 1806/1380/1806
f 1868/1428/1868 1798/1372/1798 1801/1374/1801
f 1802/1377/1802 1803/1376/1803 1858/1379/1858
f 1805/1382/1805 1811/1381/1811 1916/1469/1916
f 1808/2102/1808 1807/2103/1807 1809/2104/1809
f 1800/1375/1800 1806/1380/1806 1803/1376/1803
f 1800/1375/1800 1807/2103/1807 1806/1380/1806
f 1810/1385/1810 1809/2104/1809 1912/2105/1912
f 1806/1380/1806 1808/2102/1808 1811/1381/1811
f 1812/1384/1812 1808/2102/1808 1810/1385/1810
f 1813/1475/1813 1811/1381/1811 1812/1384/1812
f 1813/1475/1813 1814/2106/1814 1923/1391/1923
f 1815/1383/1815 1814/2106/1814 1812/1384/1812
f 1810/1385/1810 1816/2107/1816 1815/1383/1815
f 1815/1383/1815 1818/1388/1818 1817/1387/1817
f 1814/2106/1814 1819/1386/1819 1923/1391/1923
f 1923/1391/1923 1820/1394/1820 1822/1389/1822
f 1819/1386/1819 1904/1460/1904 1820/1394/1820
f 1920/1472/1920 1821/1390/1821 1826/1395/1826
f 1820/1394/1820 1824/1393/1824 1822/1389/1822
f 1904/1460/1904 1823/1392/1823 1820/1394/1820
f 1823/1392/1823 1901/1396/1901 1824/1393/1824
f 1824/1393/1824 1825/1397/1825 1826/1395/1826
f 1822/1389/1822 1826/1395/1826 1821/1390/1821
f 1827/1400/1827 1920/1472/1920 1826/1395/1826
f 1825/1397/1825 1893/1454/1893 1831/2108/1831
f 1825/1397/1825 1829/1399/1829 1826/1395/1826
f 1829/1399/1829 1831/2108/1831 1832/1404/1832
f 1832/1404/1832 1828/1473/1828 1827/1400/1827
f 1827/1400/1827 1829/1399/1829 1832/1404/1832
f 1831/2108/1831 1835/1449/1835 1834/1402/1834
f 1831/2108/1831 1834/1402/1834 1832/1404/1832
f 1836/2109/1836 1835/1449/1835 1837/2110/1837
f 1839/1406/1839 1834/1402/1834 1836/2109/1836
f 1838/2111/1838 1837/2110/1837 1883/2112/1883
f 1840/1407/1840 1836/2109/1836 1838/2111/1838
f 1833/1403/1833 1841/1405/1841 1828/1473/1828
f 1842/1409/1842 1841/1405/1841 1840/1407/1840
f 1840/1407/1840 1843/1410/1843 1842/1409/1842
f 1838/2111/1838 1844/2113/1844 1843/1410/1843
f 1843/1410/1843 1846/1445/1846 1845/1408/1845
f 1845/1408/1845 1886/1444/1886 1847/1416/1847
f 1842/1409/1842 1847/1416/1847 1848/1412/1848
f 1848/1412/1848 1922/2114/1922 1842/1409/1842
f 1886/1444/1886 1890/1415/1890 1847/1416/1847
f 1853/1411/1853 1856/1421/1856 1854/2115/1854
f 1847/1416/1847 1849/1414/1849 1848/1412/1848
f 1890/1415/1890 1850/1417/1850 1849/1414/1849
f 1849/1414/1849 1851/1418/1851 1852/1413/1852
f 1850/1417/1850 1859/1422/1859 1851/1418/1851
f 1855/1419/1855 1853/1411/1853 1852/1413/1852
f 1857/1420/1857 1804/1378/1804 1805/1382/1805
f 1854/2115/1854 1922/2114/1922 1853/1411/1853
f 1859/1422/1859 1801/1374/1801 1802/1377/1802
f 1805/1382/1805 1916/1469/1916 1857/1420/1857
f 1858/1379/1858 1804/1378/1804 1855/1419/1855
f 1859/1422/1859 1858/1379/1858 1851/1418/1851
f 1850/1417/1850 1860/2116/1860 1859/1422/1859
f 1862/1424/1862 1861/1427/1861 1860/2116/1860
f 1861/1427/1861 1867/1429/1867 1860/2116/1860
f 1869/1431/1869 1861/1427/1861 1865/1426/1865
f 1801/1374/1801 1867/1429/1867 1868/1428/1868
f 1866/1430/1866 1867/1429/1867 1869/1431/1869
f 1866/1430/1866 1798/1372/1798 1868/1428/1868
f 1873/1435/1873 1864/1425/1864 1874/1439/1874
f 1869/1431/1869 1871/1433/1871 1870/1432/1870
f 1865/1426/1865 1873/1435/1873 1895/1437/1895
f 1873/1435/1873 1874/1439/1874 1872/1436/1872
f 1863/1423/1863 1873/1435/1873 1865/1426/1865
f 1876/1440/1876 1887/1441/1887 1877/2117/1877
f 1875/1438/1875 1876/1440/1876 1874/1439/1874
f 1879/1451/1879 1876/1440/1876 1877/2117/1877
f 1872/1436/1872 1876/1440/1876 1878/2118/1878
f 1881/1448/1881 1877/2117/1877 1880/2119/1880
f 1877/2117/1877 1882/2120/1882 1880/2119/1880
f 1835/1449/1835 1880/2119/1880 1837/2110/1837
f 1837/2110/1837 1882/2120/1882 1883/2112/1883
f 1884/1443/1884 1877/2117/1877 1887/1441/1887
f 1844/2113/1844 1882/2120/1882 1884/1443/1884
f 1846/1445/1846 1884/1443/1884 1885/1442/1885
f 1886/1444/1886 1887/1441/1887 1888/1446/1888
f 1889/1447/1889 1864/1425/1864 1862/1424/1862
f 1888/1446/1888 1887/1441/1887 1875/1438/1875
f 1888/1446/1888 1875/1438/1875 1864/1425/1864
f 1890/1415/1890 1862/1424/1862 1850/1417/1850
f 1899/1457/1899 1896/1455/1896 1900/1458/1900
f 1886/1444/1886 1889/1447/1889 1890/1415/1890
f 1879/1451/1879 1881/1448/1881 1891/1450/1891
f 1891/1450/1891 1835/1449/1835 1893/1454/1893
f 1878/2118/1878 1879/1451/1879 1892/1452/1892
f 1872/1436/1872 1878/2118/1878 1892/1452/1892
f 1895/1437/1895 1872/1436/1872 1892/1452/1892
f 1865/1426/1865 1896/1455/1896 1871/1433/1871
f 1871/1433/1871 1897/1456/1897 1898/1434/1898
f 1894/1453/1894 1895/1437/1895 1892/1452/1892
f 1899/1457/1899 1900/1458/1900 1901/1396/1901
f 1896/1455/1896 1895/1437/1895 1900/1458/1900
f 1903/1459/1903 1898/1434/1898 1899/1457/1899
f 1900/1458/1900 1894/1453/1894 1830/1401/1830
f 1904/1460/1904 1905/1462/1905 1903/1459/1903
f 1903/1459/1903 1899/1457/1899 1823/1392/1823
f 1906/1464/1906 1908/1465/1908 1907/1463/1907
f 1906/1464/1906 1902/1461/1902 1905/1462/1905
f 1870/1432/1870 1898/1434/1898 1907/1463/1907
f 1910/1466/1910 1909/1467/1909 1906/1464/1906
f 1818/1388/1818 1910/1466/1910 1905/1462/1905
f 1816/2107/1816 1911/2121/1911 1910/1466/1910
f 1809/2104/1809 1911/2121/1911 1912/2105/1912
f 1909/1467/1909 1911/2121/1911 1913/1468/1913
f 1908/1465/1908 1914/1370/1914 1915/1373/1915
f 1913/1468/1913 1809/2104/1809 1807/2103/1807
f 1799/1371/1799 1807/2103/1807 1800/1375/1800
f 1908/1465/1908 1866/1430/1866 1870/1432/1870
f 1914/1370/1914 1913/1468/1913 1799/1371/1799
f 1854/2115/1854 1918/1471/1918 1919/1474/1919
f 1857/1420/1857 1917/1470/1917 1856/1421/1856
f 1916/1469/1916 1813/1475/1813 1917/1470/1917
f 1854/2115/1854 1841/1405/1841 1922/2114/1922
f 1918/1471/1918 1921/1398/1921 1920/1472/1920
f 1918/1471/1918 1920/1472/1920 1919/1474/1919
f 1928/1483/1928 1925/1477/1925 1926/1481/1926
f 1813/1475/1813 1921/1398/1921 1917/1470/1917
f 1931/1488/1931 1929/1482/1929 1932/1486/1932
f 1994/1534/1994 1924/1478/1924 1927/1480/1927
f 1928/1483/1928 1929/1482/1929 1984/1485/1984
f 1931/1488/1931 1937/1487/1937 2041/1575/2041
f 1934/2122/1934 1933/2123/1933 1935/2124/1935
f 1926/1481/1926 1932/1486/1932 1929/1482/1929
f 1926/1481/1926 1933/2123/1933 1932/1486/1932
f 1936/1491/1936 1935/2124/1935 2037/2125/2037
f 1932/1486/1932 1934/2122/1934 1937/1487/1937
f 1938/1490/1938 1934/2122/1934 1936/1491/1936
f 1939/1581/1939 1937/1487/1937 1938/1490/1938
f 1939/1581/1939 1940/2126/1940 2048/1497/2048
f 1941/1489/1941 1940/2126/1940 1938/1490/1938
f 1936/1491/1936 1942/2127/1942 1941/1489/1941
f 1941/1489/1941 1944/1494/1944 1943/1493/1943
f 1940/2126/1940 1945/1492/1945 2048/1497/2048
f 2048/1497/2048 1946/1500/1946 1948/1495/1948
f 1945/1492/1945 2029/1566/2029 1946/1500/1946
f 2045/1578/2045 1947/1496/1947 1952/1501/1952
f 1946/1500/1946 1950/1499/1950 1948/1495/1948
f 2029/1566/2029 1949/1498/1949 1946/1500/1946
f 1949/1498/1949 2026/1502/2026 1950/1499/1950
f 1950/1499/1950 1951/1503/1951 1952/1501/1952
f 1948/1495/1948 1952/1501/1952 1947/1496/1947
f 1953/1506/1953 2045/1578/2045 1952/1501/1952
f 1951/1503/1951 2018/1560/2018 1957/2128/1957
f 1951/1503/1951 1955/1505/1955 1952/1501/1952
f 1955/1505/1955 1957/2128/1957 1958/1510/1958
f 1958/1510/1958 1954/1579/1954 1953/1506/1953
f 1953/1506/1953 1955/1505/1955 1958/1510/1958
f 1957/2128/1957 1961/1555/1961 1960/1508/1960
f 1957/2128/1957 1960/1508/1960 1958/1510/1958
f 1962/2129/1962 1961/1555/1961 1963/2130/1963
f 1965/1512/1965 1960/1508/1960 1962/2129/1962
f 1964/2131/1964 1963/2130/1963 2008/2132/2008
f 1966/1513/1966 1962/2129/1962 1964/2131/1964
f 1959/1509/1959 1967/1511/1967 1954/1579/1954
f 1968/1515/1968 1967/1511/1967 1966/1513/1966
f 1966/1513/1966 1969/1516/1969 1968/1515/1968
f 1964/2131/1964 1970/2133/1970 1969/1516/1969
f 1969/1516/1969 1972/1551/1972 1971/1514/1971
f 1971/1514/1971 2011/1550/2011 1973/1522/1973
f 1968/1515/1968 1973/1522/1973 1974/1518/1974
f 1974/1518/1974 2047/2134/2047 1968/1515/1968
f 2011/1550/2011 2015/1521/2015 1973/1522/1973
f 1979/1517/1979 1982/1527/1982 1980/2135/1980
f 1973/1522/1973 1975/1520/1975 1974/1518/1974
f 2015/1521/2015 1976/1523/1976 1975/1520/1975
f 1975/1520/1975 1977/1524/1977 1978/1519/1978
f 1976/1523/1976 1985/1528/1985 1977/1524/1977
f 1981/1525/1981 1979/1517/1979 1978/1519/1978
f 1983/1526/1983 1930/1484/1930 1931/1488/1931
f 1980/2135/1980 2047/2134/2047 1979/1517/1979
f 1985/1528/1985 1927/1480/1927 1928/1483/1928
f 1931/1488/1931 2041/1575/2041 1983/1526/1983
f 1984/1485/1984 1930/1484/1930 1981/1525/1981
f 1985/1528/1985 1984/1485/1984 1977/1524/1977
f 1976/1523/1976 1986/1537/1986 1985/1528/1985
f 1988/1530/1988 1987/1533/1987 1986/1537/1986
f 1987/1533/1987 1994/1534/1994 1986/1537/1986
f 1993/1536/1993 1924/1478/1924 1994/1534/1994
f 1992/1535/1992 1987/1533/1987 1991/1532/1991
f 1995/1538/1995 1993/1536/1993 1992/1535/1992
f 1998/1541/1998 1990/1531/1990 1999/1545/1999
f 1991/1532/1991 1998/1541/1998 2020/1543/2020
f 1998/1541/1998 1999/1545/1999 1997/1542/1997
f 1989/1529/1989 1998/1541/1998 1991/1532/1991
f 2001/1546/2001 2012/1547/2012 2002/2136/2002
f 2000/1544/2000 2001/1546/2001 1999/1545/1999
f 2004/1557/2004 2001/1546/2001 2002/2136/2002
f 1997/1542/1997 2001/1546/2001 2003/2137/2003
f 2006/1554/2006 2002/2136/2002 2005/2138/2005
f 2002/2136/2002 2007/2139/2007 2005/2138/2005
f 1961/1555/1961 2005/2138/2005 1963/2130/1963
f 1963/2130/1963 2007/2139/2007 2008/2132/2008
f 2009/1549/2009 2002/2136/2002 2012/1547/2012
f 1970/2133/1970 2007/2139/2007 2009/1549/2009
f 1972/1551/1972 2009/1549/2009 2010/1548/2010
f 2011/1550/2011 2012/1547/2012 2013/1552/2013
f 2014/1553/2014 1990/1531/1990 1988/1530/1988
f 2013/1552/2013 2012/1547/2012 2000/1544/2000
f 2013/1552/2013 2000/1544/2000 1990/1531/1990
f 2015/1521/2015 1988/1530/1988 1976/1523/1976
f 1995/1538/1995 2021/1561/2021 2022/1562/2022
f 2011/1550/2011 2014/1553/2014 2015/1521/2015
f 2004/1557/2004 2006/1554/2006 2016/1556/2016
f 2016/1556/2016 1961/1555/1961 2018/1560/2018
f 2003/2137/2003 2004/1557/2004 2017/1558/2017
f 1997/1542/1997 2003/2137/2003 2017/1558/2017
f 2020/1543/2020 1997/1542/1997 2017/1558/2017
f 2024/1563/2024 2021/1561/2021 2025/1564/2025
f 1995/1538/1995 2022/1562/2022 2023/1539/2023
f 2019/1559/2019 2020/1543/2020 2017/1558/2017
f 2024/1563/2024 2025/1564/2025 2026/1502/2026
f 2021/1561/2021 2020/1543/2020 2025/1564/2025
f 2028/1565/2028 2023/1539/2023 2024/1563/2024
f 2025/1564/2025 2019/1559/2019 1956/1507/1956
f 2029/1566/2029 2030/1568/2030 2028/1565/2028
f 2028/1565/2028 2024/1563/2024 1949/1498/1949
f 2031/1570/2031 2033/1571/2033 2032/1569/2032
f 2031/1570/2031 2027/1567/2027 2030/1568/2030
f 1996/1540/1996 2023/1539/2023 2032/1569/2032
f 2035/1572/2035 2034/1573/2034 2031/1570/2031
f 1944/1494/1944 2035/1572/2035 2030/1568/2030
f 1942/2127/1942 2036/2140/2036 2035/1572/2035
f 1935/2124/1935 2036/2140/2036 2037/2125/2037
f 2034/1573/2034 2036/2140/2036 2038/1574/2038
f 2033/1571/2033 2039/1476/2039 2040/1479/2040
f 2038/1574/2038 1935/2124/1935 1933/2123/1933
f 1925/1477/1925 1933/2123/1933 1926/1481/1926
f 2033/1571/2033 1993/1536/1993 1996/1540/1996
f 2039/1476/2039 2038/1574/2038 1925/1477/1925
f 1980/2135/1980 2043/1577/2043 2044/1580/2044
f 1983/1526/1983 2042/1576/2042 1982/1527/1982
f 2041/1575/2041 1939/1581/1939 2042/1576/2042
f 1980/2135/1980 1967/1511/1967 2047/2134/2047
f 2043/1577/2043 2046/1504/2046 2045/1578/2045
f 2043/1577/2043 2045/1578/2045 2044/1580/2044
f 2049/2141/2049 2147/1661/2147 2051/2142/2051
f 1939/1581/1939 2046/1504/2046 2042/1576/2042
f 2050/2143/2050 2051/2142/2051 2055/2144/2055
f 2049/2141/2049 2107/1622/2107 2148/2145/2148
f 2099/2146/2099 2049/2141/2049 2050/2143/2050
f 2098/1584/2098 2050/2143/2050 2052/1582/2052
f 2052/1582/2052 2055/2144/2055 2054/1585/2054
f 2053/1583/2053 2059/1586/2059 2060/1669/2060
f 2052/1582/2052 2054/1585/2054 2053/1583/2053
f 2056/1587/2056 2055/2144/2055 2057/1659/2057
f 2058/1588/2058 2057/1659/2057 2145/1658/2145
f 2054/1585/2054 2056/1587/2056 2059/1586/2059
f 2058/1588/2058 2144/1593/2144 2063/1592/2063
f 2059/1586/2059 2058/1588/2058 2060/1669/2060
f 2058/1588/2058 2061/1590/2061 2060/1669/2060
f 2063/1592/2063 2062/1589/2062 2058/1588/2058
f 2062/1589/2062 2065/1596/2065 2066/2147/2066
f 2064/1591/2064 2065/1596/2065 2063/1592/2063
f 2061/1590/2061 2066/2147/2066 2070/1668/2070
f 2064/1591/2064 2138/1594/2138 2065/1596/2065
f 2069/2148/2069 2068/2149/2068 2135/1650/2135
f 2065/1596/2065 2067/1595/2067 2066/2147/2066
f 2138/1594/2138 2068/2149/2068 2067/1595/2067
f 2071/1597/2071 2067/1595/2067 2069/2148/2069
f 2071/1597/2071 2074/1601/2074 2073/1598/2073
f 2066/2147/2066 2071/1597/2071 2070/1668/2070
f 2070/1668/2070 2071/1597/2071 2151/1667/2151
f 2151/1667/2151 2071/1597/2071 2072/1599/2072
f 2069/2148/2069 2075/1602/2075 2074/1601/2074
f 2073/1598/2073 2128/1600/2128 2076/1603/2076
f 2080/2150/2080 2079/1644/2079 2081/1635/2081
f 2072/1599/2072 2073/1598/2073 2076/1603/2076
f 2128/1600/2128 2078/1605/2078 2076/1603/2076
f 2079/1644/2079 2078/1605/2078 2128/1600/2128
f 2077/1604/2077 2080/2150/2080 2083/2151/2083
f 2082/2152/2082 2081/1635/2081 2119/1634/2119
f 2077/1604/2077 2084/1665/2084 2072/1599/2072
f 2080/2150/2080 2082/2152/2082 2083/2151/2083
f 2152/1666/2152 2083/2151/2083 2085/1607/2085
f 2083/2151/2083 2086/1608/2086 2085/1607/2085
f 2082/2152/2082 2087/1640/2087 2086/1608/2086
f 2086/1608/2086 2121/1638/2121 2088/1606/2088
f 2088/1606/2088 2122/1642/2122 2089/1609/2089
f 2089/1609/2089 2152/1666/2152 2085/1607/2085
f 2122/1642/2122 2125/1613/2125 2089/1609/2089
f 2092/1611/2092 2095/1616/2095 2093/1610/2093
f 2125/1613/2125 2091/1614/2091 2090/1612/2090
f 2091/1614/2091 2101/1618/2101 2092/1611/2092
f 2096/1615/2096 2053/1583/2053 2060/1669/2060
f 2095/1616/2095 2094/1664/2094 2093/1610/2093
f 2094/1664/2094 2152/1666/2152 2093/1610/2093
f 2101/1618/2101 2098/1584/2098 2092/1611/2092
f 2098/1584/2098 2053/1583/2053 2097/1617/2097
f 2100/2153/2100 2102/1623/2102 2107/1622/2107
f 2100/2153/2100 2099/2146/2099 2101/1618/2101
f 2103/1619/2103 2102/1623/2102 2101/1618/2101
f 2130/1631/2130 2108/1626/2108 2112/1629/2112
f 2102/1623/2102 2108/1626/2108 2106/1624/2106
f 2106/1624/2106 2110/1627/2110 2109/1625/2109
f 2108/1626/2108 2111/2154/2111 2131/1628/2131
f 2108/1626/2108 2104/1620/2104 2112/1629/2112
f 2112/1629/2112 2113/1632/2113 2116/1630/2116
f 2112/1629/2112 2105/1621/2105 2113/1632/2113
f 2114/1633/2114 2123/1637/2123 2115/2155/2115
f 2117/1643/2117 2114/1633/2114 2115/2155/2115
f 2079/1644/2079 2118/1636/2118 2081/1635/2081
f 2115/2155/2115 2119/1634/2119 2118/1636/2118
f 2115/2155/2115 2118/1636/2118 2117/1643/2117
f 2120/1639/2120 2115/2155/2115 2123/1637/2123
f 2122/1642/2122 2123/1637/2123 2124/1641/2124
f 2119/1634/2119 2120/1639/2120 2087/1640/2087
f 2125/1613/2125 2105/1621/2105 2103/1619/2103
f 2124/1641/2124 2123/1637/2123 2113/1632/2113
f 2124/1641/2124 2113/1632/2113 2105/1621/2105
f 2133/2156/2133 2111/2154/2111 2134/1649/2134
f 2103/1619/2103 2091/1614/2091 2125/1613/2125
f 2126/1645/2126 2079/1644/2079 2128/1600/2128
f 2116/1630/2116 2117/1643/2117 2127/1646/2127
f 2130/1631/2130 2116/1630/2116 2127/1646/2127
f 2068/2149/2068 2133/2156/2133 2135/1650/2135
f 2131/1628/2131 2133/2156/2133 2132/1648/2132
f 2129/1647/2129 2130/1631/2130 2127/1646/2127
f 2133/2156/2133 2134/1649/2134 2135/1650/2135
f 2111/2154/2111 2130/1631/2130 2134/1649/2134
f 2138/1594/2138 2132/1648/2132 2068/2149/2068
f 2134/1649/2134 2129/1647/2129 2075/1602/2075
f 2138/1594/2138 2139/1653/2139 2137/1651/2137
f 2136/1652/2136 2110/1627/2110 2132/1648/2132
f 2140/1655/2140 2136/1652/2136 2139/1653/2139
f 2144/1593/2144 2143/1657/2143 2140/1655/2140
f 2142/1656/2142 2141/1654/2141 2140/1655/2140
f 2109/1625/2109 2110/1627/2110 2142/1656/2142
f 2051/2142/2051 2143/1657/2143 2146/1660/2146
f 2144/1593/2144 2139/1653/2139 2064/1591/2064
f 2143/1657/2143 2145/1658/2145 2146/1660/2146
f 2055/2144/2055 2146/1660/2146 2057/1659/2057
f 2109/1625/2109 2148/2145/2148 2107/1622/2107
f 2147/1661/2147 2148/2145/2148 2142/1656/2142
f 2156/1675/2156 2153/1671/2153 2154/1673/2154
f 2096/1615/2096 2150/1663/2150 2095/1616/2095
f 2060/1669/2060 2149/1662/2149 2096/1615/2096
f 2150/1663/2150 2084/1665/2084 2094/1664/2094
f 2150/1663/2150 2151/1667/2151 2084/1665/2084
f 2149/1662/2149 2151/1667/2151 2150/1663/2150
f 2061/1590/2061 2070/1668/2070 2149/1662/2149
f 2161/2157/2161 2160/2158/2160 2162/1756/2162
f 2211/1721/2211 2247/1670/2247 2155/1672/2155
f 2156/1675/2156 2157/1674/2157 2202/1677/2202
f 2158/1676/2158 2164/1679/2164 2249/1759/2249
f 2157/1674/2157 2159/1678/2159 2158/1676/2158
f 2154/1673/2154 2159/1678/2159 2157/1674/2157
f 2154/1673/2154 2160/2158/2160 2159/1678/2159
f 2163/1684/2163 2162/1756/2162 2245/1755/2245
f 2159/1678/2159 2161/2157/2161 2164/1679/2164
f 2165/1682/2165 2161/2157/2161 2163/1684/2163
f 2166/1681/2166 2164/1679/2164 2165/1682/2165
f 2165/1682/2165 2169/1685/2169 2167/1680/2167
f 2163/1684/2163 2244/1686/2244 2168/1683/2168
f 2252/1765/2252 2171/1689/2171 2176/1692/2176
f 2170/1687/2170 2239/1752/2239 2172/1688/2172
f 2239/1752/2239 2173/1690/2173 2172/1688/2172
f 2173/1690/2173 2237/1693/2237 2174/1691/2174
f 2174/1691/2174 2175/1694/2175 2176/1692/2176
f 2172/1688/2172 2176/1692/2176 2171/1689/2171
f 2178/1696/2178 2228/1699/2228 2180/1700/2180
f 2252/1765/2252 2176/1692/2176 2177/1697/2177
f 2175/1694/2175 2178/1696/2178 2176/1692/2176
f 2184/2159/2184 2183/1743/2183 2185/1736/2185
f 2177/1697/2177 2178/1696/2178 2180/1700/2180
f 2228/1699/2228 2182/1702/2182 2180/1700/2180
f 2183/1743/2183 2182/1702/2182 2228/1699/2228
f 2181/1701/2181 2184/2159/2184 2187/2160/2187
f 2186/2161/2186 2185/1736/2185 2219/1735/2219
f 2181/1701/2181 2188/1762/2188 2177/1697/2177
f 2184/2159/2184 2186/2161/2186 2187/2160/2187
f 2254/1763/2254 2187/2160/2187 2189/1704/2189
f 2187/2160/2187 2190/1705/2190 2189/1704/2189
f 2186/2161/2186 2191/1740/2191 2190/1705/2190
f 2190/1705/2190 2221/1738/2221 2192/1703/2192
f 2192/1703/2192 2222/1741/2222 2193/1706/2193
f 2193/1706/2193 2254/1763/2254 2189/1704/2189
f 2222/1741/2222 2225/1710/2225 2193/1706/2193
f 2197/1707/2197 2200/1713/2200 2198/1764/2198
f 2225/1710/2225 2195/1711/2195 2194/1709/2194
f 2195/1711/2195 2203/1715/2203 2196/1708/2196
f 2199/1714/2199 2197/1707/2197 2196/1708/2196
f 2203/1715/2203 2155/1672/2155 2156/1675/2156
f 2198/1764/2198 2254/1763/2254 2197/1707/2197
f 2158/1676/2158 2249/1759/2249 2201/1712/2201
f 2202/1677/2202 2158/1676/2158 2199/1714/2199
f 2203/1715/2203 2202/1677/2202 2196/1708/2196
f 2195/1711/2195 2204/2162/2204 2203/1715/2203
f 2206/1717/2206 2205/1720/2205 2204/2162/2204
f 2205/1720/2205 2210/1723/2210 2204/2162/2204
f 2155/1672/2155 2210/1723/2210 2211/1721/2211
f 2210/1723/2210 2205/1720/2205 2209/1719/2209
f 2213/1727/2213 2208/1718/2208 2216/1734/2216
f 2242/1724/2242 2210/1723/2210 2212/1725/2212
f 2209/1719/2209 2213/1727/2213 2231/1729/2231
f 2213/1727/2213 2216/1734/2216 2230/1728/2230
f 2207/1716/2207 2213/1727/2213 2209/1719/2209
f 2208/1718/2208 2214/1731/2214 2216/1734/2216
f 2183/1743/2183 2218/1737/2218 2185/1736/2185
f 2223/1730/2223 2215/1733/2215 2214/1731/2214
f 2216/1734/2216 2215/1733/2215 2217/1742/2217
f 2215/1733/2215 2219/1735/2219 2218/1737/2218
f 2215/1733/2215 2218/1737/2218 2217/1742/2217
f 2220/1739/2220 2215/1733/2215 2223/1730/2223
f 2222/1741/2222 2223/1730/2223 2224/1732/2224
f 2219/1735/2219 2220/1739/2220 2191/1740/2191
f 2225/1710/2225 2208/1718/2208 2206/1717/2206
f 2212/1725/2212 2232/1747/2232 2233/1748/2233
f 2206/1717/2206 2195/1711/2195 2225/1710/2225
f 2226/1744/2226 2183/1743/2183 2228/1699/2228
f 2230/1728/2230 2227/1745/2227 2229/1746/2229
f 2230/1728/2230 2216/1734/2216 2227/1745/2227
f 2235/1749/2235 2232/1747/2232 2236/1750/2236
f 2212/1725/2212 2233/1748/2233 2234/1726/2234
f 2229/1746/2229 2231/1729/2231 2230/1728/2230
f 2235/1749/2235 2236/1750/2236 2237/1693/2237
f 2232/1747/2232 2231/1729/2231 2236/1750/2236
f 2239/1752/2239 2234/1726/2234 2235/1749/2235
f 2236/1750/2236 2229/1746/2229 2179/1698/2179
f 2243/1758/2243 2242/1724/2242 2241/1754/2241
f 2239/1752/2239 2235/1749/2235 2173/1690/2173
f 2241/1754/2241 2238/1751/2238 2240/1753/2240
f 2244/1686/2244 2243/1758/2243 2241/1754/2241
f 2153/1671/2153 2160/2158/2160 2154/1673/2154
f 2244/1686/2244 2240/1753/2240 2169/1685/2169
f 2243/1758/2243 2245/1755/2245 2246/1757/2246
f 2246/1757/2246 2162/1756/2162 2160/2158/2160
f 2248/1722/2248 2211/1721/2211 2242/1724/2242
f 2247/1670/2247 2246/1757/2246 2153/1671/2153
f 2198/1764/2198 2251/1761/2251 2188/1762/2188
f 2201/1712/2201 2250/1760/2250 2200/1713/2200
f 2249/1759/2249 2166/1681/2166 2250/1760/2250
f 2251/1761/2251 2253/1695/2253 2252/1765/2252
f 2251/1761/2251 2252/1765/2252 2188/1762/2188
f 2166/1681/2166 2253/1695/2253 2250/1760/2250
f 128/1/128 1/16/1 8/2/8
f 128/1/128 9/3/9 10/4/10
f 129/6/129 2/5/2 10/4/10
f 129/6/129 11/7/11 12/8/12
f 3/9/3 12/8/12 13/10/13
f 4/11/4 13/10/13 14/12/14
f 127/15/127 7/151/7 8/2/8
f 8/2/8 7/151/7 15/17/15
f 8/2/8 16/18/16 17/19/17
f 10/4/10 9/3/9 17/19/17
f 11/7/11 10/4/10 18/20/18
f 11/7/11 19/21/19 20/22/20
f 13/10/13 12/8/12 20/22/20
f 14/12/14 13/10/13 21/23/21
f 19/21/19 27/33/27 28/26/28
f 21/23/21 20/22/20 28/26/28
f 22/24/22 21/23/21 29/27/29
f 15/17/15 23/41/23 24/30/24
f 16/18/16 24/30/24 25/31/25
f 18/20/18 17/19/17 25/31/25
f 18/20/18 26/32/26 27/33/27
f 24/30/24 32/42/32 33/34/33
f 26/32/26 25/31/25 33/34/33
f 26/32/26 34/35/34 35/36/35
f 28/26/28 27/33/27 35/36/35
f 29/27/29 28/26/28 36/37/36
f 30/28/30 29/27/29 37/38/37
f 23/41/23 31/46/31 32/42/32
f 36/37/36 44/51/44 45/43/45
f 38/39/38 37/38/37 45/43/45
f 31/46/31 39/59/39 40/47/40
f 32/42/32 40/47/40 41/48/41
f 33/34/33 41/48/41 42/49/42
f 35/36/35 34/35/34 42/49/42
f 35/36/35 43/50/43 44/51/44
f 40/47/40 48/60/48 49/52/49
f 41/48/41 49/52/49 50/53/50
f 43/50/43 42/49/42 50/53/50
f 43/50/43 51/54/51 52/55/52
f 45/43/45 44/51/44 52/55/52
f 46/44/46 45/43/45 53/56/53
f 39/59/39 47/64/47 48/60/48
f 52/55/52 60/69/60 61/61/61
f 54/57/54 53/56/53 61/61/61
f 47/64/47 55/76/55 56/65/56
f 48/60/48 56/65/56 57/66/57
f 49/52/49 57/66/57 58/67/58
f 51/54/51 50/53/50 58/67/58
f 51/54/51 59/68/59 60/69/60
f 57/66/57 65/78/65 66/70/66
f 59/68/59 58/67/58 66/70/66
f 59/68/59 67/71/67 68/72/68
f 60/69/60 68/72/68 69/73/69
f 62/62/62 61/61/61 69/73/69
f 55/76/55 63/82/63 64/77/64
f 56/65/56 64/77/64 65/78/65
f 70/74/70 69/73/69 77/79/77
f 63/82/63 71/94/71 72/83/72
f 64/77/64 72/83/72 73/84/73
f 65/78/65 73/84/73 74/85/74
f 67/71/67 66/70/66 74/85/74
f 67/71/67 75/86/75 76/87/76
f 69/73/69 68/72/68 76/87/76
f 75/86/75 74/85/74 82/88/82
f 75/86/75 83/89/83 84/90/84
f 77/79/77 76/87/76 84/90/84
f 77/79/77 85/91/85 86/92/86
f 71/94/71 79/99/79 80/95/80
f 72/83/72 80/95/80 81/96/81
f 74/85/74 73/84/73 81/96/81
f 79/99/79 87/112/87 88/100/88
f 80/95/80 88/100/88 89/101/89
f 82/88/82 81/96/81 89/101/89
f 83/89/83 82/88/82 90/102/90
f 83/89/83 91/103/91 92/104/92
f 85/91/85 84/90/84 92/104/92
f 85/91/85 93/105/93 94/98/94
f 91/103/91 90/102/90 98/106/98
f 91/103/91 99/107/99 100/108/100
f 93/105/93 92/104/92 100/108/100
f 93/105/93 101/109/101 102/110/102
f 87/112/87 95/249/95 96/113/96
f 88/100/88 96/113/96 97/114/97
f 90/102/90 89/101/89 97/114/97
f 95/118/95 103/135/103 104/119/104
f 97/121/97 96/120/96 104/119/104
f 97/121/97 105/122/105 106/123/106
f 99/125/99 98/124/98 106/123/106
f 99/125/99 107/126/107 108/127/108
f 101/129/101 100/128/100 108/127/108
f 101/129/101 109/130/109 110/117/110
f 107/126/107 115/139/115 116/131/116
f 109/130/109 108/127/108 116/131/116
f 109/130/109 117/132/117 118/133/118
f 103/135/103 111/140/111 112/136/112
f 104/119/104 112/136/112 113/137/113
f 105/122/105 113/137/113 114/138/114
f 107/126/107 106/123/106 114/138/114
f 111/140/111 119/150/119 120/141/120
f 112/136/112 120/141/120 121/142/121
f 114/138/114 113/137/113 121/142/121
f 115/139/115 114/138/114 122/143/122
f 115/139/115 123/144/123 124/145/124
f 117/132/117 116/131/116 124/145/124
f 117/132/117 125/146/125 126/147/126
f 123/144/123 129/6/129 3/9/3
f 125/146/125 124/145/124 3/9/3
f 125/146/125 4/11/4 5/13/5
f 119/150/119 127/15/127 1/16/1
f 121/142/121 120/141/120 1/16/1
f 121/142/121 128/1/128 2/5/2
f 123/144/123 122/143/122 2/5/2
f 257/1/257 138/3/138 137/2/137
f 139/4/139 138/3/138 257/1/257
f 258/6/258 140/7/140 139/4/139
f 141/8/141 140/7/140 258/6/258
f 142/10/142 141/8/141 132/9/132
f 143/12/143 142/10/142 133/11/133
f 137/2/137 136/151/136 256/15/256
f 145/18/145 144/17/144 136/151/136
f 138/3/138 146/19/146 145/18/145
f 139/4/139 147/20/147 146/19/146
f 148/21/148 147/20/147 139/4/139
f 141/8/141 149/22/149 148/21/148
f 142/10/142 150/23/150 149/22/149
f 143/12/143 151/24/151 150/23/150
f 157/26/157 156/33/156 148/21/148
f 158/27/158 157/26/157 149/22/149
f 151/24/151 159/28/159 158/27/158
f 153/30/153 152/41/152 144/17/144
f 154/31/154 153/30/153 145/18/145
f 147/20/147 155/32/155 154/31/154
f 156/33/156 155/32/155 147/20/147
f 162/34/162 161/42/161 153/30/153
f 155/32/155 163/35/163 162/34/162
f 156/33/156 164/36/164 163/35/163
f 157/26/157 165/37/165 164/36/164
f 158/27/158 166/38/166 165/37/165
f 159/28/159 167/39/167 166/38/166
f 161/42/161 160/46/160 152/41/152
f 174/43/174 173/51/173 165/37/165
f 175/44/175 174/43/174 166/38/166
f 169/47/169 168/59/168 160/46/160
f 170/48/170 169/47/169 161/42/161
f 171/49/171 170/48/170 162/34/162
f 164/36/164 172/50/172 171/49/171
f 165/37/165 173/51/173 172/50/172
f 178/52/178 177/60/177 169/47/169
f 171/49/171 179/53/179 178/52/178
f 172/50/172 180/54/180 179/53/179
f 181/55/181 180/54/180 172/50/172
f 182/56/182 181/55/181 173/51/173
f 175/44/175 183/57/183 182/56/182
f 177/60/177 176/64/176 168/59/168
f 182/56/182 190/61/190 189/69/189
f 183/57/183 191/62/191 190/61/190
f 185/65/185 184/76/184 176/64/176
f 186/66/186 185/65/185 177/60/177
f 179/53/179 187/67/187 186/66/186
f 180/54/180 188/68/188 187/67/187
f 189/69/189 188/68/188 180/54/180
f 195/70/195 194/78/194 186/66/186
f 188/68/188 196/71/196 195/70/195
f 197/72/197 196/71/196 188/68/188
f 190/61/190 198/73/198 197/72/197
f 199/74/199 198/73/198 190/61/190
f 193/77/193 192/82/192 184/76/184
f 194/78/194 193/77/193 185/65/185
f 207/80/207 206/79/206 198/73/198
f 201/83/201 200/94/200 192/82/192
f 202/84/202 201/83/201 193/77/193
f 203/85/203 202/84/202 194/78/194
f 196/71/196 204/86/204 203/85/203
f 205/87/205 204/86/204 196/71/196
f 198/73/198 206/79/206 205/87/205
f 204/86/204 212/89/212 211/88/211
f 213/90/213 212/89/212 204/86/204
f 206/79/206 214/91/214 213/90/213
f 215/92/215 214/91/214 206/79/206
f 209/95/209 208/99/208 200/94/200
f 210/96/210 209/95/209 201/83/201
f 211/88/211 210/96/210 202/84/202
f 217/100/217 216/112/216 208/99/208
f 218/101/218 217/100/217 209/95/209
f 219/102/219 218/101/218 210/96/210
f 212/89/212 220/103/220 219/102/219
f 221/104/221 220/103/220 212/89/212
f 214/91/214 222/105/222 221/104/221
f 223/98/223 222/105/222 214/91/214
f 220/103/220 228/107/228 227/106/227
f 229/108/229 228/107/228 220/103/220
f 222/105/222 230/109/230 229/108/229
f 223/98/223 231/110/231 230/109/230
f 225/113/225 224/249/224 216/112/216
f 226/114/226 225/113/225 217/100/217
f 219/102/219 227/106/227 226/114/226
f 233/119/233 232/135/232 224/118/224
f 234/122/234 233/119/233 225/120/225
f 235/123/235 234/122/234 226/121/226
f 228/125/228 236/126/236 235/123/235
f 237/127/237 236/126/236 228/125/228
f 230/129/230 238/130/238 237/127/237
f 239/117/239 238/130/238 230/129/230
f 245/131/245 244/139/244 236/126/236
f 238/130/238 246/132/246 245/131/245
f 239/117/239 247/133/247 246/132/246
f 241/136/241 240/140/240 232/135/232
f 242/137/242 241/136/241 233/119/233
f 235/123/235 243/138/243 242/137/242
f 236/126/236 244/139/244 243/138/243
f 249/141/249 248/150/248 240/140/240
f 250/142/250 249/141/249 241/136/241
f 251/143/251 250/142/250 242/137/242
f 244/139/244 252/144/252 251/143/251
f 253/145/253 252/144/252 244/139/244
f 246/132/246 254/146/254 253/145/253
f 247/133/247 255/147/255 254/146/254
f 132/9/132 258/6/258 252/144/252
f 254/146/254 133/11/133 132/9/132
f 134/13/134 133/11/133 254/146/254
f 130/16/130 256/15/256 248/150/248
f 250/142/250 257/1/257 130/16/130
f 131/5/131 257/1/257 250/142/250
f 252/144/252 258/6/258 131/5/131
f 260/153/260 259/152/259 262/155/262
f 264/157/264 263/156/263 265/158/265
f 267/160/267 266/159/266 268/161/268
f 270/163/270 269/162/269 271/164/271
f 276/169/276 273/166/273 272/165/272
f 276/169/276 275/168/275 277/170/277
f 282/175/282 279/172/279 278/171/278
f 282/175/282 281/174/281 283/176/283
f 286/179/286 288/181/288 285/178/285
f 291/184/291 288/181/288 287/180/287
f 290/183/290 292/185/292 294/187/294
f 294/187/294 293/186/293 295/188/295
f 297/247/297 296/250/296 298/191/298
f 300/193/300 299/192/299 301/194/301
f 306/199/306 303/196/303 302/195/302
f 306/199/306 305/198/305 261/154/261
f 310/203/310 307/200/307 309/202/309
f 312/205/312 311/204/311 314/207/314
f 315/208/315 314/207/314 317/210/317
f 318/211/318 317/210/317 320/213/320
f 321/214/321 320/213/320 323/216/323
f 325/218/325 324/217/324 323/216/323
f 328/221/328 327/220/327 326/219/326
f 331/224/331 330/223/330 329/222/329
f 335/228/335 334/227/334 333/226/333
f 337/230/337 336/229/336 335/228/335
f 338/231/338 341/234/341 340/233/340
f 343/236/343 342/235/342 341/234/341
f 346/238/346 345/2163/345 344/248/344
f 349/241/349 348/240/348 347/239/347
f 352/244/352 351/243/351 350/242/350
f 308/201/308 354/246/354 353/245/353
f 308/201/308 307/200/307 259/152/259
f 262/155/262 310/203/310 312/205/312
f 313/206/313 315/208/315 266/159/266
f 316/209/316 318/211/318 269/162/269
f 319/212/319 321/214/321 272/165/272
f 322/215/322 324/217/324 275/168/275
f 277/170/277 325/218/325 327/220/327
f 328/221/328 330/223/330 281/174/281
f 283/176/283 331/224/331 333/226/333
f 286/179/286 334/227/334 336/229/336
f 289/182/289 337/230/337 339/232/339
f 340/233/340 342/235/342 293/186/293
f 295/188/295 343/236/343 345/189/345
f 298/191/298 346/238/346 348/240/348
f 301/194/301 349/241/349 351/243/351
f 304/197/304 352/244/352 354/246/354
f 259/152/259 307/200/307 310/203/310
f 127/15/127 260/153/260 264/157/264
f 119/150/119 306/199/306 260/153/260
f 305/198/305 354/246/354 308/201/308
f 264/157/264 267/160/267 15/17/15
f 265/158/265 263/156/263 312/205/312
f 267/160/267 270/163/270 23/41/23
f 266/159/266 315/208/315 316/209/316
f 270/163/270 273/166/273 31/46/31
f 269/162/269 318/211/318 319/212/319
f 273/166/273 276/169/276 39/59/39
f 272/165/272 321/214/321 322/215/322
f 39/59/39 276/169/276 279/172/279
f 275/168/275 324/217/324 325/218/325
f 47/64/47 279/172/279 282/175/282
f 278/171/278 327/220/327 328/221/328
f 55/76/55 282/175/282 285/178/285
f 281/174/281 330/223/330 331/224/331
f 63/82/63 285/178/285 288/181/288
f 286/179/286 284/177/284 333/226/333
f 71/94/71 288/181/288 291/184/291
f 287/180/287 336/229/336 337/230/337
f 79/99/79 291/184/291 294/187/294
f 290/183/290 339/232/339 340/233/340
f 87/112/87 294/187/294 297/190/297
f 293/186/293 342/235/342 343/236/343
f 95/118/95 297/247/297 300/193/300
f 296/250/296 345/2163/345 346/238/346
f 103/135/103 300/193/300 303/196/303
f 301/194/301 299/192/299 348/240/348
f 111/140/111 303/196/303 306/199/306
f 304/197/304 302/195/302 351/243/351
f 256/15/256 136/151/136 311/204/311
f 248/150/248 256/15/256 309/202/309
f 144/17/144 314/207/314 311/204/311
f 152/41/152 317/210/317 314/207/314
f 152/41/152 160/46/160 320/213/320
f 160/46/160 168/59/168 323/216/323
f 168/59/168 176/64/176 326/219/326
f 176/64/176 184/76/184 329/222/329
f 184/76/184 192/82/192 332/225/332
f 192/82/192 200/94/200 335/228/335
f 200/94/200 208/99/208 338/231/338
f 208/99/208 216/112/216 341/234/341
f 216/112/216 224/249/224 344/237/344
f 224/118/224 232/135/232 347/239/347
f 232/135/232 240/140/240 350/242/350
f 240/140/240 248/150/248 353/245/353
f 371/251/371 377/253/377 373/326/373
f 377/253/377 374/255/374 373/326/373
f 378/256/378 372/258/372 374/309/374
f 375/252/375 381/260/381 377/253/377
f 377/253/377 382/261/382 378/254/378
f 378/256/378 380/263/380 376/257/376
f 379/259/379 385/265/385 381/260/381
f 381/260/381 386/266/386 382/261/382
f 382/262/382 384/267/384 380/263/380
f 383/264/383 389/269/389 385/265/385
f 385/265/385 390/270/390 386/266/386
f 390/271/390 384/267/384 386/256/386
f 387/268/387 393/274/393 389/269/389
f 389/269/389 394/275/394 390/270/390
f 390/271/390 392/277/392 388/272/388
f 395/278/395 393/274/393 391/273/391
f 397/279/397 394/275/394 393/274/393
f 398/281/398 392/277/392 394/276/394
f 399/283/399 397/279/397 395/278/395
f 397/279/397 402/285/402 398/280/398
f 402/286/402 396/263/396 398/2164/398
f 399/283/399 405/288/405 401/284/401
f 401/284/401 406/289/406 402/285/402
f 406/290/406 400/257/400 402/286/402
f 404/291/404 410/292/410 408/301/408
f 406/289/406 409/293/409 410/298/410
f 405/288/405 407/294/407 409/293/409
f 407/294/407 413/296/413 409/293/409
f 413/296/413 410/298/410 409/293/409
f 414/299/414 408/301/408 410/292/410
f 416/302/416 414/299/414 418/2165/418
f 414/297/414 417/303/417 418/308/418
f 417/303/417 411/295/411 415/304/415
f 415/304/415 421/306/421 417/303/417
f 421/306/421 418/308/418 417/303/417
f 422/309/422 416/302/416 418/2165/418
f 419/305/419 425/312/425 421/306/421
f 425/312/425 422/307/422 421/306/421
f 426/314/426 420/310/420 422/309/422
f 423/311/423 429/317/429 425/312/425
f 429/317/429 426/313/426 425/312/425
f 430/262/430 424/315/424 426/314/426
f 431/320/431 429/317/429 427/316/427
f 429/317/429 434/322/434 430/318/430
f 434/323/434 428/325/428 430/2166/430
f 431/320/431 373/326/373 433/321/433
f 373/326/373 434/322/434 433/321/433
f 374/309/374 432/324/432 434/323/434
f 431/320/431 375/252/375 371/251/371
f 375/252/375 431/320/431 379/259/379
f 379/259/379 431/320/431 383/264/383
f 383/264/383 391/273/391 387/268/387
f 391/273/391 383/264/383 395/278/395
f 395/278/395 383/264/383 399/283/399
f 399/283/399 415/304/415 403/287/403
f 403/287/403 415/304/415 407/294/407
f 407/294/407 415/304/415 411/295/411
f 415/304/415 423/311/423 419/305/419
f 423/311/423 415/304/415 427/316/427
f 427/316/427 415/304/415 431/320/431
f 431/320/431 415/304/415 383/264/383
f 370/327/370 376/257/376 355/330/355
f 370/327/370 432/324/432 372/258/372
f 356/329/356 376/257/376 380/263/380
f 356/329/356 384/267/384 357/331/357
f 357/331/357 388/272/388 358/332/358
f 358/332/358 392/277/392 359/333/359
f 359/333/359 396/282/396 360/2167/360
f 360/334/360 400/257/400 361/331/361
f 361/331/361 404/291/404 362/336/362
f 363/335/363 404/291/404 408/301/408
f 364/337/364 408/301/408 412/300/412
f 364/337/364 416/302/416 365/338/365
f 365/338/365 420/310/420 366/340/366
f 367/339/367 420/310/420 424/315/424
f 368/341/368 424/315/424 428/319/428
f 369/328/369 428/325/428 432/324/432
f 437/412/437 459/1767/459 512/344/512
f 463/343/463 445/352/445 446/351/446
f 514/350/514 447/401/447 436/403/436
f 461/347/461 514/350/514 453/436/453
f 454/355/454 458/1769/458 440/353/440
f 448/411/448 513/1766/513 461/347/461
f 516/362/516 455/356/455 454/355/454
f 450/421/450 516/362/516 517/365/517
f 451/367/451 518/363/518 516/362/516
f 471/414/471 470/375/470 482/370/482
f 472/415/472 471/414/471 519/369/519
f 520/374/520 519/369/519 486/371/486
f 468/382/468 480/405/480 484/388/484
f 521/380/521 484/388/484 485/387/485
f 522/1770/522 485/387/485 443/386/443
f 522/1770/522 483/368/483 482/370/482
f 476/377/476 523/379/523 482/370/482
f 469/381/469 521/380/521 523/379/523
f 478/391/478 524/383/524 466/396/466
f 525/385/525 480/405/480 441/444/441
f 478/391/478 479/431/479 474/1771/474
f 486/371/486 528/390/528 527/392/527
f 443/386/443 477/384/477 528/390/528
f 489/442/489 488/394/488 529/1772/529
f 531/1773/531 529/1772/529 530/1774/530
f 534/1776/534 533/395/533 531/1773/531
f 529/1772/529 444/359/444 438/361/438
f 532/1775/532 530/1774/530 500/1777/500
f 502/432/502 534/1776/534 532/1775/532
f 479/431/479 466/396/466 534/1776/534
f 467/397/467 441/444/441 490/443/490
f 492/406/492 491/402/491 535/404/535
f 491/402/491 447/401/447 446/351/446
f 535/404/535 445/352/445 440/353/440
f 536/398/536 535/404/535 506/446/506
f 540/409/540 538/408/538 539/1779/539
f 543/1781/543 542/413/542 540/409/540
f 538/408/538 448/411/448 439/1768/439
f 541/1780/541 539/1779/539 503/1782/503
f 505/1784/505 543/1781/543 541/1780/541
f 442/376/442 470/375/470 543/1781/543
f 470/375/470 471/414/471 542/413/542
f 499/1785/499 498/448/498 540/409/540
f 494/423/494 451/367/451 450/421/450
f 449/366/449 465/349/465 509/1786/509
f 550/427/550 549/1787/549 547/429/547
f 552/430/552 549/1787/549 550/427/550
f 547/429/547 500/1777/500 438/361/438
f 495/424/495 551/426/551 548/425/548
f 526/389/526 551/426/551 496/420/496
f 474/1771/474 553/428/553 551/426/551
f 552/430/552 553/428/553 474/1771/474
f 502/432/502 501/1778/501 549/1787/549
f 549/1787/549 501/1778/501 500/1777/500
f 558/435/558 557/1790/557 554/437/554
f 559/1788/559 557/1790/557 558/435/558
f 560/1789/560 558/435/558 556/434/556
f 554/437/554 503/1782/503 439/1768/439
f 556/434/556 555/433/555 453/436/453
f 475/378/475 560/1789/560 493/407/493
f 476/377/476 559/1788/559 560/1789/560
f 442/376/442 505/1784/505 559/1788/559
f 505/1784/505 504/1783/504 557/1790/557
f 557/1790/557 504/1783/504 503/1782/503
f 561/445/561 562/441/562 563/438/563
f 506/446/506 440/353/440 458/1769/458
f 562/441/562 561/445/561 458/1769/458
f 563/438/563 562/441/562 488/394/488
f 511/422/511 567/449/567 498/448/498
f 565/1791/565 509/1786/509 465/349/465
f 566/447/566 565/1791/565 460/345/460
f 481/373/481 511/422/511 499/1785/499
f 567/449/567 510/417/510 509/1786/509
f 581/520/581 646/1793/646 594/454/594
f 570/521/570 592/1794/592 645/451/645
f 596/450/596 578/459/578 579/458/579
f 647/457/647 580/510/580 569/512/569
f 594/454/594 647/457/647 586/545/586
f 649/461/649 648/465/648 568/464/568
f 587/462/587 591/468/591 573/460/573
f 650/471/650 588/463/588 587/462/587
f 583/530/583 650/471/650 651/474/651
f 584/476/584 652/472/652 650/471/650
f 604/523/604 603/484/603 615/479/615
f 605/524/605 604/523/604 653/478/653
f 654/483/654 653/478/653 619/480/619
f 601/491/601 613/514/613 617/497/617
f 655/489/655 617/497/617 618/496/618
f 656/1795/656 618/496/618 576/495/576
f 656/1795/656 616/477/616 615/479/615
f 609/486/609 657/488/657 615/479/615
f 602/490/602 655/489/655 657/488/657
f 611/500/611 658/492/658 599/505/599
f 659/494/659 613/514/613 574/553/574
f 611/500/611 612/540/612 607/1796/607
f 619/480/619 662/499/662 661/501/661
f 576/495/576 610/493/610 662/499/662
f 622/551/622 621/503/621 663/1797/663
f 665/1798/665 663/1797/663 664/1799/664
f 668/1801/668 667/504/667 665/1798/665
f 663/1797/663 577/466/577 571/470/571
f 666/1800/666 664/1799/664 633/1802/633
f 635/541/635 668/1801/668 666/1800/666
f 612/540/612 599/505/599 668/1801/668
f 600/506/600 574/553/574 623/552/623
f 625/515/625 624/511/624 669/513/669
f 624/511/624 580/510/580 579/458/579
f 669/513/669 578/459/578 573/460/573
f 670/507/670 669/513/669 639/555/639
f 674/518/674 672/517/672 673/1804/673
f 677/1806/677 676/522/676 674/518/674
f 672/517/672 581/520/581 572/1792/572
f 675/1805/675 673/1804/673 636/1807/636
f 638/1809/638 677/1806/677 675/1805/675
f 575/485/575 603/484/603 677/1806/677
f 603/484/603 604/523/604 676/522/676
f 632/1810/632 631/557/631 674/518/674
f 627/532/627 584/476/584 583/530/583
f 582/475/582 598/456/598 642/1811/642
f 684/536/684 683/1812/683 681/538/681
f 686/539/686 683/1812/683 684/536/684
f 681/538/681 633/1802/633 571/470/571
f 628/533/628 685/535/685 682/534/682
f 660/498/660 685/535/685 629/529/629
f 607/1796/607 687/537/687 685/535/685
f 686/539/686 687/537/687 607/1796/607
f 635/541/635 634/1803/634 683/1812/683
f 683/1812/683 634/1803/634 633/1802/633
f 692/544/692 691/1815/691 688/546/688
f 693/1813/693 691/1815/691 692/544/692
f 694/1814/694 692/544/692 690/543/690
f 688/546/688 636/1807/636 572/1792/572
f 690/543/690 689/542/689 586/545/586
f 608/487/608 694/1814/694 626/516/626
f 609/486/609 693/1813/693 694/1814/694
f 575/485/575 638/1809/638 693/1813/693
f 638/1809/638 637/1808/637 691/1815/691
f 691/1815/691 637/1808/637 636/1807/636
f 695/554/695 696/550/696 697/547/697
f 639/555/639 573/460/573 591/468/591
f 695/554/695 591/468/591 590/467/590
f 697/547/697 696/550/696 621/503/621
f 644/531/644 701/558/701 631/557/631
f 699/1816/699 642/1811/642 598/456/598
f 700/556/700 699/1816/699 593/452/593
f 614/482/614 644/531/644 632/1810/632
f 701/558/701 643/526/643 642/1811/642
f 725/1817/725 726/560/726 729/563/729
f 725/1817/725 728/1818/728 727/1819/727
f 714/622/714 776/1820/776 727/1819/727
f 727/1819/727 728/1818/728 719/646/719
f 779/573/779 778/569/778 702/568/702
f 720/574/720 724/572/724 706/567/706
f 721/575/721 722/579/722 778/569/778
f 781/583/781 722/579/722 721/575/721
f 737/625/737 736/591/736 746/586/746
f 738/626/738 737/625/737 782/585/782
f 783/590/783 782/585/782 750/587/750
f 784/593/784 748/601/748 749/600/749
f 785/1822/785 749/600/749 709/599/709
f 785/1822/785 747/584/747 746/586/746
f 741/649/741 786/1823/786 746/586/746
f 735/594/735 784/593/784 786/1823/786
f 743/604/743 787/596/787 732/610/732
f 788/598/788 748/601/748 707/657/707
f 743/604/743 744/641/744 740/1824/740
f 750/587/750 791/603/791 790/605/790
f 709/599/709 742/597/742 791/603/791
f 752/607/752 792/608/792 793/1825/793
f 796/1826/796 795/609/795 793/1825/793
f 794/1827/794 792/608/792 764/1828/764
f 766/642/766 796/1826/796 794/1827/794
f 744/641/744 732/610/732 796/1826/796
f 733/611/733 707/657/707 754/656/754
f 756/617/756 755/616/755 712/566/712
f 797/612/797 711/564/711 706/567/706
f 797/612/797 770/1830/770 771/653/771
f 802/620/802 800/619/800 801/1831/801
f 805/1833/805 804/624/804 802/620/802
f 800/619/800 714/622/714 705/1821/705
f 803/1832/803 801/1831/801 767/1834/767
f 769/1836/769 805/1833/805 803/1832/803
f 708/592/708 736/591/736 805/1833/805
f 736/591/736 737/625/737 804/624/804
f 763/1837/763 762/659/762 802/620/802
f 758/633/758 717/582/717 716/578/716
f 806/627/806 715/581/715 731/561/731
f 812/637/812 811/1838/811 809/639/809
f 814/640/814 811/1838/811 812/637/812
f 809/639/809 764/1828/764 704/576/704
f 759/634/759 813/636/813 810/635/810
f 789/602/789 813/636/813 760/631/760
f 740/1824/740 815/638/815 813/636/813
f 814/640/814 815/638/815 740/1824/740
f 766/642/766 765/1829/765 811/1838/811
f 811/1838/811 765/1829/765 764/1828/764
f 820/645/820 819/1839/819 816/647/816
f 821/650/821 819/1839/819 820/645/820
f 822/648/822 820/645/820 818/644/818
f 816/647/816 767/1834/767 705/1821/705
f 818/644/818 817/643/817 719/646/719
f 741/649/741 822/648/822 757/618/757
f 708/592/708 769/1836/769 821/650/821
f 769/1836/769 768/1835/768 819/1839/819
f 819/1839/819 768/1835/768 767/1834/767
f 771/653/771 770/1830/770 823/654/823
f 823/654/823 770/1830/770 724/572/724
f 824/651/824 823/654/823 752/607/752
f 775/632/775 827/660/827 762/659/762
f 826/658/826 773/661/773 726/560/726
f 745/589/745 775/632/775 763/1837/763
f 831/666/831 829/663/829 830/672/830
f 833/669/833 832/1840/832 830/672/830
f 837/1842/837 836/670/836 834/667/834
f 839/1843/839 834/667/834 838/671/838
f 841/1845/841 839/1843/839 840/1844/840
f 844/1847/844 837/1842/837 839/1843/839
f 843/1848/843 841/1845/841 842/1846/842
f 845/675/845 844/1847/844 841/1845/841
f 846/674/846 968/760/968 844/1847/844
f 847/673/847 848/1851/848 974/678/974
f 847/673/847 849/1852/849 851/1850/851
f 845/675/845 843/1848/843 849/1852/849
f 843/1848/843 963/1849/963 850/1853/850
f 849/1852/849 850/1853/850 852/1854/852
f 851/1850/851 852/1854/852 854/1855/854
f 848/1851/848 851/1850/851 853/1856/853
f 853/1856/853 854/1855/854 953/750/953
f 974/678/974 853/1856/853 855/681/855
f 861/688/861 859/680/859 860/1857/860
f 972/685/972 973/684/973 856/677/856
f 863/686/863 862/683/862 864/682/864
f 866/689/866 937/694/937 867/691/867
f 867/691/867 871/697/871 869/693/869
f 876/696/876 872/695/872 873/1858/873
f 875/1860/875 876/696/876 874/1859/874
f 876/696/876 875/1860/875 877/1862/877
f 877/1862/877 878/698/878 870/764/870
f 875/1860/875 927/1861/927 881/1863/881
f 880/702/880 881/1863/881 883/738/883
f 882/701/882 883/738/883 930/737/930
f 879/699/879 882/701/882 884/705/884
f 884/705/884 930/737/930 934/707/934
f 886/704/886 887/711/887 894/700/894
f 892/1864/892 890/709/890 891/719/891
f 893/710/893 895/712/895 887/711/887
f 895/712/895 893/710/893 898/1865/898
f 897/713/897 898/1865/898 835/668/835
f 898/1865/898 892/1864/892 833/669/833
f 892/1864/892 900/716/900 832/1840/832
f 899/715/899 831/666/831 832/1840/832
f 891/719/891 903/718/903 901/717/901
f 901/717/901 902/722/902 912/721/912
f 903/718/903 905/1866/905 902/722/902
f 904/720/904 906/741/906 905/1866/905
f 908/730/908 905/1866/905 907/740/907
f 909/724/909 902/722/902 905/1866/905
f 910/723/910 911/759/911 913/1841/913
f 899/715/899 912/721/912 913/1841/913
f 911/759/911 967/665/967 828/664/828
f 914/725/914 915/727/915 911/759/911
f 922/1867/922 921/733/921 919/728/919
f 924/1869/924 922/1867/922 920/1868/920
f 925/1872/925 923/1871/923 922/1867/922
f 873/1858/873 925/1872/925 924/1869/924
f 874/1859/874 924/1869/924 926/1870/926
f 928/736/928 926/1870/926 920/1868/920
f 881/1863/881 927/1861/927 926/1870/926
f 883/738/883 881/1863/881 928/736/928
f 930/737/930 929/735/929 931/731/931
f 918/732/918 907/740/907 932/739/932
f 933/1873/933 932/739/932 906/741/906
f 889/708/889 933/1873/933 904/720/904
f 936/742/936 935/743/935 923/1871/923
f 937/694/937 936/742/936 925/1872/925
f 936/742/936 938/1874/938 939/744/939
f 935/743/935 940/734/940 921/733/921
f 941/746/941 942/1875/942 909/724/909
f 914/725/914 909/724/909 942/1875/942
f 945/1876/945 943/747/943 942/1875/942
f 946/1878/946 944/748/944 943/747/943
f 860/1857/860 858/679/858 946/1878/946
f 860/1857/860 945/1876/945 947/1877/947
f 949/1879/949 947/1877/947 942/1875/942
f 938/1874/938 949/1879/949 941/746/941
f 866/689/866 948/690/948 949/1879/949
f 951/749/951 950/751/950 944/748/944
f 953/750/953 854/1855/854 954/753/954
f 954/753/954 955/757/955 956/756/956
f 854/1855/854 852/1854/852 955/757/955
f 952/752/952 956/756/956 957/754/957
f 956/756/956 960/1880/960 959/755/959
f 961/758/961 962/1881/962 960/1880/960
f 852/1854/852 850/1853/850 961/758/961
f 850/1853/850 963/1849/963 962/1881/962
f 842/1846/842 964/1882/964 962/1881/962
f 965/1883/965 966/662/966 960/1880/960
f 840/1844/840 965/1883/965 964/1882/964
f 959/755/959 960/1880/960 966/662/966
f 838/671/838 829/663/829 965/1883/965
f 896/714/896 970/762/970 971/763/971
f 870/764/870 971/763/971 863/686/863
f 970/762/970 969/761/969 973/684/973
f 979/772/979 978/769/978 976/766/976
f 983/1884/983 982/1888/982 984/1885/984
f 982/1888/982 981/773/981 980/771/980
f 984/1885/984 977/770/977 986/1889/986
f 987/1890/987 985/1886/985 986/1889/986
f 990/1892/990 983/1884/983 985/1886/985
f 989/1893/989 987/1890/987 988/1891/988
f 991/777/991 990/1892/990 987/1890/987
f 992/776/992 1110/858/1110 990/1892/990
f 993/775/993 994/1896/994 1117/780/1117
f 993/775/993 995/1897/995 997/1895/997
f 991/777/991 989/1893/989 995/1897/995
f 989/1893/989 1105/1894/1105 996/1898/996
f 995/1897/995 996/1898/996 998/854/998
f 997/1895/997 998/854/998 1000/853/1000
f 994/1896/994 997/1895/997 999/1899/999
f 999/1899/999 1000/853/1000 1097/849/1097
f 1117/780/1117 999/1899/999 1001/783/1001
f 1114/861/1114 1115/788/1115 1002/779/1002
f 1009/1900/1009 1010/862/1010 1114/861/1114
f 1011/1901/1011 1009/1900/1009 1008/787/1008
f 1006/786/1006 1012/789/1012 1082/843/1082
f 1011/1901/1011 1006/786/1006 1013/1902/1013
f 1014/792/1014 1015/791/1015 1010/862/1010
f 1013/1902/1013 1082/843/1082 1017/1903/1017
f 1019/1904/1019 1016/790/1016 1018/1905/1018
f 1022/794/1022 1015/791/1015 1016/790/1016
f 1021/1907/1021 1019/1904/1019 1020/1906/1020
f 1023/795/1023 1022/794/1022 1019/1904/1019
f 1015/791/1015 1022/794/1022 1024/793/1024
f 1025/796/1025 1116/798/1116 1024/793/1024
f 1025/796/1025 1027/1910/1027 1029/1909/1029
f 1023/795/1023 1021/1907/1021 1027/1910/1027
f 1021/1907/1021 1071/1908/1071 1028/1911/1028
f 1027/1910/1027 1028/1911/1028 1030/836/1030
f 1029/1909/1029 1030/836/1030 1074/835/1074
f 1026/797/1026 1029/1909/1029 1031/804/1031
f 1032/800/1032 1037/799/1037 1116/798/1116
f 1036/801/1036 1042/807/1042 1039/810/1039
f 1037/799/1037 1039/810/1039 1040/809/1040
f 1041/808/1041 1042/807/1042 981/773/981
f 1044/812/1044 978/769/978 979/772/979
f 1034/805/1034 1048/814/1048 1046/813/1046
f 1046/813/1046 1047/818/1047 1056/819/1056
f 1048/814/1048 1050/816/1050 1047/818/1047
f 1049/815/1049 1051/1913/1051 1050/816/1050
f 1054/820/1054 1055/821/1055 1057/1887/1057
f 1044/812/1044 1056/819/1056 1057/1887/1057
f 1055/821/1055 1109/768/1109 975/767/975
f 1062/825/1062 1050/816/1050 1052/1914/1052
f 1063/1915/1063 1052/1914/1052 1076/830/1076
f 1066/832/1066 1061/826/1061 1063/1915/1063
f 1069/1916/1069 1067/839/1067 1065/831/1065
f 1018/1905/1018 1069/1916/1069 1068/1917/1068
f 1020/1906/1020 1068/1917/1068 1070/1918/1070
f 1072/834/1072 1070/1918/1070 1065/831/1065
f 1028/1911/1028 1071/1908/1071 1070/1918/1070
f 1030/836/1030 1028/1911/1028 1072/834/1072
f 1074/835/1074 1073/833/1073 1075/828/1075
f 1052/1914/1052 1051/1913/1051 1077/837/1077
f 1078/838/1078 1077/837/1077 1051/1913/1051
f 1079/803/1079 1078/838/1078 1049/815/1049
f 1017/1903/1017 1080/840/1080 1069/1916/1069
f 1058/823/1058 1053/817/1053 1086/845/1086
f 1089/1919/1089 1087/846/1087 1086/845/1086
f 1090/1921/1090 1088/847/1088 1087/846/1087
f 1092/785/1092 1004/781/1004 1090/1921/1090
f 1093/1922/1093 1091/1920/1091 1086/845/1086
f 1012/789/1012 1092/785/1092 1091/1920/1091
f 1083/842/1083 1093/1922/1093 1085/827/1085
f 1095/848/1095 1094/850/1094 1088/847/1088
f 1097/849/1097 1000/853/1000 1098/852/1098
f 1096/851/1096 1099/856/1099 1100/855/1100
f 1100/855/1100 1101/1923/1101 1059/822/1059
f 1099/856/1099 1102/1924/1102 1101/1923/1101
f 1103/857/1103 1104/1925/1104 1102/1924/1102
f 998/854/998 996/1898/996 1103/857/1103
f 996/1898/996 1105/1894/1105 1104/1925/1104
f 988/1891/988 1106/1926/1106 1104/1925/1104
f 1107/1927/1107 1108/765/1108 1102/1924/1102
f 986/1889/986 1107/1927/1107 1106/1926/1106
f 1101/1923/1101 1102/1924/1102 1108/765/1108
f 1059/822/1059 1101/1923/1101 1109/768/1109
f 977/770/977 976/766/976 1107/1927/1107
f 1038/1912/1038 1040/809/1040 1112/860/1112
f 1038/1912/1038 1113/863/1113 1024/793/1024
f 1112/860/1112 1111/859/1111 1115/788/1115
f 1121/868/1121 1119/865/1119 1120/876/1120
f 1121/868/1121 1122/870/1122 1205/925/1205
f 1124/873/1124 1123/869/1123 1120/876/1120
f 1128/1928/1128 1127/874/1127 1125/871/1125
f 1130/1929/1130 1125/871/1125 1129/875/1129
f 1132/1931/1132 1130/1929/1130 1131/1930/1131
f 1135/1933/1135 1128/1928/1128 1130/1929/1130
f 1134/1934/1134 1132/1931/1132 1133/1932/1133
f 1136/879/1136 1135/1933/1135 1132/1931/1132
f 1137/878/1137 1262/961/1262 1135/1933/1135
f 1137/878/1137 1138/877/1138 1139/1936/1139
f 1138/877/1138 1140/1938/1140 1142/1937/1142
f 1136/879/1136 1134/1934/1134 1140/1938/1140
f 1134/1934/1134 1257/1935/1257 1141/1939/1141
f 1140/1938/1140 1141/1939/1141 1143/1940/1143
f 1142/1937/1142 1143/1940/1143 1145/1941/1145
f 1139/1936/1139 1142/1937/1142 1144/1942/1144
f 1144/1942/1144 1145/1941/1145 1247/952/1247
f 1147/882/1147 1144/1942/1144 1146/885/1146
f 1269/891/1269 1139/1936/1139 1147/882/1147
f 1266/964/1266 1267/890/1267 1148/881/1148
f 1155/897/1155 1156/965/1156 1266/964/1266
f 1157/1943/1157 1155/897/1155 1154/889/1154
f 1152/888/1152 1158/892/1158 1230/896/1230
f 1161/898/1161 1162/1944/1162 1156/965/1156
f 1162/1944/1162 1161/898/1161 1163/1945/1163
f 1161/898/1161 1160/894/1160 1229/895/1229
f 1165/1946/1165 1163/1945/1163 1164/1947/1164
f 1167/1949/1167 1165/1946/1165 1166/1948/1166
f 1170/900/1170 1162/1944/1162 1165/1946/1165
f 1169/1951/1169 1167/1949/1167 1168/1950/1168
f 1171/901/1171 1170/900/1170 1167/1949/1167
f 1162/1944/1162 1170/900/1170 1172/899/1172
f 1173/1953/1173 1172/899/1172 1171/901/1171
f 1174/902/1174 1175/1954/1175 1177/906/1177
f 1171/901/1171 1169/1951/1169 1175/1954/1175
f 1169/1951/1169 1220/1952/1220 1176/1955/1176
f 1175/1954/1175 1176/1955/1176 1178/907/1178
f 1182/910/1182 1186/913/1186 1187/1956/1187
f 1187/1956/1187 1189/918/1189 1190/917/1190
f 1181/909/1181 1187/1956/1187 1188/1957/1188
f 1189/918/1189 1186/913/1186 1192/1958/1192
f 1191/916/1191 1192/1958/1192 1126/872/1126
f 1192/1958/1192 1185/915/1185 1124/873/1124
f 1193/919/1193 1123/869/1123 1124/873/1124
f 1196/920/1196 1194/1959/1194 1193/919/1193
f 1193/919/1193 1194/1959/1194 1122/870/1122
f 1196/920/1196 1197/1960/1197 1204/926/1204
f 1198/921/1198 1199/924/1199 1197/1960/1197
f 1225/940/1225 1200/942/1200 1199/924/1199
f 1183/911/1183 1225/940/1225 1198/921/1198
f 1202/930/1202 1197/1960/1197 1199/924/1199
f 1206/928/1206 1204/926/1204 1197/1960/1197
f 1122/870/1122 1194/1959/1194 1204/926/1204
f 1203/927/1203 1261/867/1261 1118/866/1118
f 1234/937/1234 1209/948/1209 1210/923/1210
f 1213/933/1213 1224/941/1224 1223/939/1223
f 1218/1962/1218 1216/947/1216 1214/935/1214
f 1166/1948/1166 1218/1962/1218 1217/1963/1217
f 1168/1950/1168 1217/1963/1217 1219/1964/1219
f 1221/1965/1221 1219/1964/1219 1214/935/1214
f 1176/1955/1176 1220/1952/1220 1219/1964/1219
f 1222/938/1222 1221/1965/1221 1212/1961/1212
f 1178/907/1178 1176/1955/1176 1221/1965/1221
f 1164/1947/1164 1227/1966/1227 1218/1962/1218
f 1229/895/1229 1228/944/1228 1227/1966/1227
f 1230/896/1230 1231/945/1231 1233/946/1233
f 1233/946/1233 1235/1968/1235 1209/948/1209
f 1238/1967/1238 1252/932/1252 1208/931/1208
f 1237/950/1237 1236/949/1236 1241/1969/1241
f 1240/1971/1240 1238/1967/1238 1237/950/1237
f 1242/887/1242 1150/883/1150 1240/1971/1240
f 1243/1972/1243 1241/1969/1241 1236/949/1236
f 1158/892/1158 1242/887/1242 1241/1969/1241
f 1231/945/1231 1243/1972/1243 1235/1968/1235
f 1245/951/1245 1244/953/1244 1238/1967/1238
f 1247/952/1247 1145/1941/1145 1248/955/1248
f 1248/955/1248 1249/959/1249 1250/958/1250
f 1145/1941/1145 1143/1940/1143 1249/959/1249
f 1246/954/1246 1250/958/1250 1251/956/1251
f 1250/958/1250 1254/1973/1254 1253/957/1253
f 1255/960/1255 1256/1974/1256 1254/1973/1254
f 1143/1940/1143 1141/1939/1141 1255/960/1255
f 1141/1939/1141 1257/1935/1257 1256/1974/1256
f 1133/1932/1133 1258/1975/1258 1256/1974/1256
f 1259/1976/1259 1260/864/1260 1254/1973/1254
f 1131/1930/1131 1259/1976/1259 1258/1975/1258
f 1253/957/1253 1254/1973/1254 1260/864/1260
f 1129/875/1129 1119/865/1119 1259/1976/1259
f 1188/1957/1188 1190/917/1190 1264/963/1264
f 1173/1953/1173 1188/1957/1188 1265/966/1265
f 1264/963/1264 1263/962/1263 1267/890/1267
f 1273/971/1273 1271/968/1271 1272/972/1272
f 1278/1977/1278 1277/1982/1277 1279/1978/1279
f 1277/1982/1277 1276/975/1276 1275/973/1275
f 1272/972/1272 1280/1980/1280 1279/1978/1279
f 1281/1979/1281 1279/1978/1279 1280/1980/1280
f 1283/1984/1283 1281/1979/1281 1282/1983/1282
f 1286/1986/1286 1278/1977/1278 1281/1979/1281
f 1285/1987/1285 1283/1984/1283 1284/1985/1284
f 1287/979/1287 1286/1986/1286 1283/1984/1283
f 1288/978/1288 1410/1060/1410 1286/1986/1286
f 1289/977/1289 1290/1990/1290 1417/982/1417
f 1289/977/1289 1291/1991/1291 1293/1989/1293
f 1287/979/1287 1285/1987/1285 1291/1991/1291
f 1285/1987/1285 1405/1988/1405 1292/1992/1292
f 1291/1991/1291 1292/1992/1292 1294/1993/1294
f 1293/1989/1293 1294/1993/1294 1296/1994/1296
f 1290/1990/1290 1293/1989/1293 1295/1995/1295
f 1295/1995/1295 1296/1994/1296 1395/1050/1395
f 1417/982/1417 1295/1995/1295 1297/985/1297
f 1414/1063/1414 1415/990/1415 1298/981/1298
f 1305/1996/1305 1306/1064/1306 1414/1063/1414
f 1307/1997/1307 1305/1996/1305 1304/989/1304
f 1302/988/1302 1308/991/1308 1380/1044/1380
f 1307/1997/1307 1302/988/1302 1309/1998/1309
f 1310/1999/1310 1311/994/1311 1305/1996/1305
f 1311/994/1311 1312/993/1312 1306/1064/1306
f 1311/994/1311 1310/1999/1310 1309/1998/1309
f 1309/1998/1309 1380/1044/1380 1314/2000/1314
f 1316/2001/1316 1313/992/1313 1315/2002/1315
f 1319/996/1319 1312/993/1312 1313/992/1313
f 1318/2004/1318 1316/2001/1316 1317/2003/1317
f 1320/997/1320 1319/996/1319 1316/2001/1316
f 1312/993/1312 1319/996/1319 1321/995/1321
f 1322/998/1322 1416/1000/1416 1321/995/1321
f 1322/998/1322 1324/2007/1324 1326/2006/1326
f 1320/997/1320 1318/2004/1318 1324/2007/1324
f 1318/2004/1318 1369/2005/1369 1325/2008/1325
f 1324/2007/1324 1325/2008/1325 1327/1037/1327
f 1326/2006/1326 1327/1037/1327 1372/1036/1372
f 1323/999/1323 1326/2006/1326 1328/1006/1328
f 1329/1002/1329 1334/1001/1334 1416/1000/1416
f 1333/1003/1333 1339/1009/1339 1336/1012/1336
f 1334/1001/1334 1336/1012/1336 1337/1011/1337
f 1338/1010/1338 1339/1009/1339 1276/975/1276
f 1341/1014/1341 1273/971/1273 1274/974/1274
f 1331/1007/1331 1345/1016/1345 1343/1015/1343
f 1343/1015/1343 1344/1020/1344 1354/1021/1354
f 1345/1016/1345 1347/2010/1347 1344/1020/1344
f 1346/1017/1346 1348/2011/1348 1347/2010/1347
f 1349/1018/1349 1347/2010/1347 1348/2011/1348
f 1352/1022/1352 1353/1059/1353 1355/1981/1355
f 1341/1014/1341 1354/1021/1354 1355/1981/1355
f 1353/1059/1353 1409/970/1409 1270/969/1270
f 1356/1023/1356 1357/1025/1357 1353/1059/1353
f 1360/1026/1360 1349/1018/1349 1350/2012/1350
f 1361/2013/1361 1350/2012/1350 1374/1031/1374
f 1364/1033/1364 1358/1027/1358 1361/2013/1361
f 1367/2014/1367 1365/1040/1365 1363/1032/1363
f 1315/2002/1315 1367/2014/1367 1366/2015/1366
f 1317/2003/1317 1366/2015/1366 1368/2016/1368
f 1370/1035/1370 1368/2016/1368 1363/1032/1363
f 1325/2008/1325 1369/2005/1369 1368/2016/1368
f 1327/1037/1327 1325/2008/1325 1370/1035/1370
f 1372/1036/1372 1371/1034/1371 1373/1029/1373
f 1350/2012/1350 1348/2011/1348 1375/1038/1375
f 1376/1039/1376 1375/1038/1375 1348/2011/1348
f 1377/1005/1377 1376/1039/1376 1346/1017/1346
f 1314/2000/1314 1378/1041/1378 1367/2014/1367
f 1382/1045/1382 1383/2017/1383 1359/1028/1359
f 1356/1023/1356 1351/1019/1351 1384/1046/1384
f 1387/2018/1387 1385/1047/1385 1384/1046/1384
f 1388/2020/1388 1386/1048/1386 1385/1047/1385
f 1390/987/1390 1300/983/1300 1388/2020/1388
f 1391/2021/1391 1389/2019/1389 1384/1046/1384
f 1308/991/1308 1390/987/1390 1389/2019/1389
f 1381/1043/1381 1391/2021/1391 1383/2017/1383
f 1393/1049/1393 1392/1051/1392 1386/1048/1386
f 1395/1050/1395 1296/1994/1296 1396/1053/1396
f 1396/1053/1396 1397/1057/1397 1398/1056/1398
f 1296/1994/1296 1294/1993/1294 1397/1057/1397
f 1394/1052/1394 1398/1056/1398 1399/1054/1399
f 1398/1056/1398 1402/2022/1402 1401/1055/1401
f 1403/1058/1403 1404/2023/1404 1402/2022/1402
f 1294/1993/1294 1292/1992/1292 1403/1058/1403
f 1292/1992/1292 1405/1988/1405 1404/2023/1404
f 1284/1985/1284 1406/2024/1406 1404/2023/1404
f 1407/2025/1407 1408/967/1408 1402/2022/1402
f 1282/1983/1282 1407/2025/1407 1406/2024/1406
f 1401/1055/1401 1402/2022/1402 1408/967/1408
f 1280/1980/1280 1271/968/1271 1407/2025/1407
f 1335/2009/1335 1337/1011/1337 1412/1062/1412
f 1335/2009/1335 1413/1065/1413 1321/995/1321
f 1412/1062/1412 1411/1061/1411 1415/990/1415
f 1562/1119/1562 1561/2027/1561 1418/2026/1418
f 1423/1071/1423 1419/1067/1419 1418/2026/1418
f 1420/1069/1420 1418/2026/1418 1421/2028/1421
f 1423/1071/1423 1424/1110/1424 1422/1068/1422
f 1492/1111/1492 1424/1110/1424 1423/1071/1423
f 1426/1074/1426 1492/1111/1492 1425/1070/1425
f 1563/1077/1563 1427/1073/1427 1428/1072/1428
f 1436/1075/1436 1428/1072/1428 1429/2030/1429
f 1420/1069/1420 1430/2029/1430 1429/2030/1429
f 1431/2031/1431 1429/2030/1429 1430/2029/1430
f 1433/2033/1433 1431/2031/1431 1432/2032/1432
f 1435/2035/1435 1433/2033/1433 1434/2034/1434
f 1437/1079/1437 1436/1075/1436 1433/2033/1433
f 1437/1079/1437 1435/2035/1435 1441/1081/1441
f 1435/2035/1435 1558/2036/1558 1442/2037/1442
f 1441/1081/1441 1442/2037/1442 1444/2038/1444
f 1443/1080/1443 1444/2038/1444 1445/2039/1445
f 1440/1078/1440 1443/1080/1443 1446/1087/1446
f 1450/1088/1450 1448/1084/1448 1449/2040/1449
f 1453/1091/1453 1452/1090/1452 1451/1085/1451
f 1450/1088/1450 1543/1149/1543 1458/1144/1458
f 1457/1095/1457 1458/1144/1458 1533/1143/1533
f 1462/1098/1462 1461/1099/1461 1455/1094/1455
f 1463/1100/1463 1462/1098/1462 1464/2041/1464
f 1462/1098/1462 1460/1097/1460 1459/1096/1459
f 1459/1096/1459 1533/1143/1533 1465/2043/1465
f 1466/2042/1466 1464/2041/1464 1465/2043/1465
f 1468/2045/1468 1466/2042/1466 1467/2044/1467
f 1471/1101/1471 1463/1100/1463 1466/2042/1466
f 1470/2047/1470 1468/2045/1468 1469/2046/1469
f 1472/2049/1472 1471/1101/1471 1468/2045/1468
f 1471/1101/1471 1472/2049/1472 1473/1162/1473
f 1475/2050/1475 1568/2056/1568 1473/1162/1473
f 1474/2051/1474 1476/2053/1476 1478/2052/1478
f 1472/2049/1472 1470/2047/1470 1476/2053/1476
f 1470/2047/1470 1522/2048/1522 1477/2054/1477
f 1476/2053/1476 1477/2054/1477 1479/1134/1479
f 1478/2052/1478 1479/1134/1479 1525/1133/1525
f 1475/2050/1475 1478/2052/1478 1480/1104/1480
f 1482/2055/1482 1481/2059/1481 1568/2056/1568
f 1486/2057/1486 1482/2055/1482 1483/1103/1483
f 1482/2055/1482 1486/2057/1486 1487/2058/1487
f 1487/2058/1487 1489/1109/1489 1490/1108/1490
f 1481/2059/1481 1487/2058/1487 1488/1163/1488
f 1489/1109/1489 1486/2057/1486 1426/1074/1426
f 1485/1106/1485 1492/1111/1492 1426/1074/1426
f 1424/1110/1424 1494/1112/1494 1493/1113/1493
f 1484/1105/1484 1497/1115/1497 1495/1114/1495
f 1493/1113/1493 1495/1114/1495 1496/2060/1496
f 1497/1115/1497 1499/2062/1499 1496/2060/1496
f 1498/1116/1498 1500/1139/1500 1499/2062/1499
f 1503/2063/1503 1496/2060/1496 1499/2062/1499
f 1501/2064/1501 1499/2062/1499 1500/1139/1500
f 1503/2063/1503 1504/1117/1504 1505/2061/1505
f 1422/1068/1422 1493/1113/1493 1505/2061/1505
f 1510/1122/1510 1507/1118/1507 1504/1117/1504
f 1504/1117/1504 1503/2063/1503 1509/2065/1509
f 1513/1125/1513 1511/1145/1511 1509/2065/1509
f 1514/1123/1514 1501/2064/1501 1502/1138/1502
f 1509/2065/1509 1503/2063/1503 1501/2064/1501
f 1519/2066/1519 1518/1129/1518 1516/1127/1516
f 1467/2044/1467 1520/2068/1520 1519/2066/1519
f 1469/2046/1469 1519/2066/1519 1521/2067/1521
f 1523/1132/1523 1521/2067/1521 1516/1127/1516
f 1477/2054/1477 1522/2048/1522 1521/2067/1521
f 1479/1134/1479 1477/2054/1477 1523/1132/1523
f 1525/1133/1525 1524/1131/1524 1526/1126/1526
f 1515/1128/1515 1528/1137/1528 1527/1135/1527
f 1529/1136/1529 1528/1137/1528 1500/1139/1500
f 1530/1102/1530 1529/1136/1529 1498/1116/1498
f 1532/1141/1532 1531/1140/1531 1518/1129/1518
f 1465/2043/1465 1532/1141/1532 1520/2068/1520
f 1531/1140/1531 1535/2069/1535 1512/1124/1512
f 1535/2069/1535 1536/2070/1536 1513/1125/1513
f 1536/2070/1536 1537/2071/1537 1511/1145/1511
f 1540/1150/1540 1538/1146/1538 1537/2071/1537
f 1541/2072/1541 1539/1147/1539 1538/1146/1538
f 1449/2040/1449 1541/2072/1541 1540/1150/1540
f 1544/2073/1544 1542/1148/1542 1537/2071/1537
f 1458/1144/1458 1543/1149/1543 1542/1148/1542
f 1534/1142/1534 1544/2073/1544 1536/2070/1536
f 1546/1152/1546 1545/1151/1545 1539/1147/1539
f 1548/1086/1548 1546/1152/1546 1541/2072/1541
f 1548/1086/1548 1445/2039/1445 1549/1154/1549
f 1549/1154/1549 1550/1158/1550 1551/1157/1551
f 1445/2039/1445 1444/2038/1444 1550/1158/1550
f 1547/1153/1547 1551/1157/1551 1552/1155/1552
f 1551/1157/1551 1555/2074/1555 1554/1156/1554
f 1556/1159/1556 1557/2075/1557 1555/2074/1555
f 1444/2038/1444 1442/2037/1442 1556/1159/1556
f 1442/2037/1442 1558/2036/1558 1557/2075/1557
f 1434/2034/1434 1559/2076/1559 1557/2075/1557
f 1560/2077/1560 1561/2027/1561 1555/2074/1555
f 1432/2032/1432 1560/2077/1560 1559/2076/1559
f 1554/1156/1554 1555/2074/1555 1561/2027/1561
f 1430/2029/1430 1421/2028/1421 1560/2077/1560
f 1488/1163/1488 1490/1108/1490 1565/1164/1565
f 1455/1094/1455 1566/1161/1566 1565/1164/1565
f 1573/1172/1573 1572/1169/1572 1570/1166/1570
f 1576/1177/1576 1575/1173/1575 1574/1171/1574
f 1579/2078/1579 1577/1175/1577 1578/2079/1578
f 1581/1180/1581 1579/2078/1579 1580/2080/1580
f 1583/1179/1583 1582/1176/1582 1579/2078/1579
f 1584/1272/1584 1686/1266/1686 1582/1176/1582
f 1584/1272/1584 1583/1179/1583 1585/2082/1585
f 1586/1178/1586 1588/1182/1588 1585/2082/1585
f 1581/1180/1581 1682/2081/1682 1587/2083/1587
f 1586/1178/1586 1587/2083/1587 1589/1183/1589
f 1585/2082/1585 1588/1182/1588 1590/1181/1590
f 1693/1186/1693 1590/1181/1590 1591/1189/1591
f 1690/1269/1690 1691/1193/1691 1592/1185/1592
f 1598/1195/1598 1599/1270/1599 1690/1269/1690
f 1596/1192/1596 1601/1196/1601 1662/1250/1662
f 1600/1194/1600 1596/1192/1596 1602/2084/1602
f 1603/1199/1603 1604/1198/1604 1599/1270/1599
f 1602/2084/1602 1662/1250/1662 1606/1245/1606
f 1607/2085/1607 1605/1197/1605 1606/1245/1606
f 1610/1201/1610 1604/1198/1604 1605/1197/1605
f 1609/2087/1609 1607/2085/1607 1608/2086/1608
f 1611/1202/1611 1610/1201/1610 1607/2085/1607
f 1604/1198/1604 1610/1201/1610 1612/1200/1612
f 1613/1204/1613 1692/2090/1692 1612/1200/1612
f 1611/1202/1611 1609/2087/1609 1614/1205/1614
f 1609/2087/1609 1651/2088/1651 1615/2089/1615
f 1614/1205/1614 1615/2089/1615 1617/1241/1617
f 1616/1203/1616 1617/1241/1617 1654/1240/1654
f 1613/1204/1613 1616/1203/1616 1618/1211/1618
f 1619/1207/1619 1624/1206/1624 1692/2090/1692
f 1624/1206/1624 1626/1214/1626 1627/1216/1627
f 1628/1215/1628 1626/1214/1626 1575/1173/1575
f 1630/1217/1630 1631/1226/1631 1572/1169/1572
f 1621/1212/1621 1633/1219/1633 1631/1226/1631
f 1633/1219/1633 1634/1218/1634 1632/1222/1632
f 1638/1225/1638 1685/1168/1685 1569/1167/1569
f 1640/1227/1640 1641/1229/1641 1638/1225/1638
f 1643/1230/1643 1634/1218/1634 1635/1220/1635
f 1635/1220/1635 1656/1235/1656 1644/1234/1644
f 1649/1244/1649 1647/1247/1647 1645/1236/1645
f 1606/1245/1606 1649/1244/1649 1648/2092/1648
f 1608/2086/1608 1648/2092/1648 1650/2093/1650
f 1652/1239/1652 1650/2093/1650 1645/1236/1645
f 1615/2089/1615 1651/2088/1651 1650/2093/1650
f 1617/1241/1617 1615/2089/1615 1652/1239/1652
f 1654/1240/1654 1653/1238/1653 1655/1233/1655
f 1658/1243/1658 1657/1242/1657 1635/1220/1635
f 1659/1210/1659 1658/1243/1658 1633/1219/1633
f 1640/1227/1640 1636/1221/1636 1666/1252/1666
f 1669/1254/1669 1667/1253/1667 1666/1252/1666
f 1663/1249/1663 1670/1255/1670 1665/1232/1665
f 1673/1256/1673 1672/1258/1672 1668/1228/1668
f 1674/1257/1674 1590/1181/1590 1675/1259/1675
f 1676/1261/1676 1679/1264/1679 1678/1262/1678
f 1680/1263/1680 1681/2094/1681 1679/1264/1679
f 1589/1183/1589 1587/2083/1587 1680/1263/1680
f 1587/2083/1587 1682/2081/1682 1681/2094/1681
f 1580/2080/1580 1683/1265/1683 1681/2094/1681
f 1678/1262/1678 1679/1264/1679 1684/1165/1684
f 1570/1166/1570 1683/1265/1683 1578/2079/1578
f 1625/2091/1625 1627/1216/1627 1688/1268/1688
f 1625/2091/1625 1689/1271/1689 1612/1200/1612
f 1688/1268/1688 1687/1267/1687 1691/1193/1691
f 1697/1278/1697 1696/1275/1696 1694/1274/1694
f 1702/2095/1702 1700/1281/1700 1701/2096/1701
f 1704/1287/1704 1702/2095/1702 1703/1361/1703
f 1706/1285/1706 1705/1282/1705 1702/2095/1702
f 1707/1284/1707 1792/1363/1792 1705/1282/1705
f 1706/1285/1706 1709/1286/1709 1710/1288/1710
f 1704/1287/1704 1788/1360/1788 1787/1289/1787
f 1795/1369/1795 1796/1298/1796 1712/1292/1712
f 1719/1299/1719 1716/1297/1716 1772/1302/1772
f 1725/2097/1725 1723/1305/1723 1724/1345/1724
f 1722/1304/1722 1723/1305/1723 1725/2097/1725
f 1727/2099/1727 1725/2097/1725 1726/1338/1726
f 1722/1304/1722 1728/2098/1728 1729/1366/1729
f 1797/1367/1797 1729/1366/1729 1728/2098/1728
f 1728/2098/1728 1727/2099/1727 1731/1308/1731
f 1727/2099/1727 1763/1337/1763 1732/1342/1732
f 1731/1308/1731 1732/1342/1732 1765/1340/1765
f 1733/1306/1733 1765/1340/1765 1766/1343/1766
f 1734/1309/1734 1738/1310/1738 1797/1367/1797
f 1738/1310/1738 1740/1317/1740 1741/1316/1741
f 1744/1318/1744 1745/2100/1745 1696/1275/1696
f 1736/1314/1736 1747/1320/1747 1745/2100/1745
f 1747/1320/1747 1748/1319/1748 1746/1323/1746
f 1753/1326/1753 1751/2101/1751 1746/1323/1746
f 1696/1275/1696 1745/2100/1745 1751/2101/1751
f 1756/1351/1756 1754/1327/1754 1753/1326/1753
f 1757/1329/1757 1748/1319/1748 1749/1321/1749
f 1749/1321/1749 1768/1334/1768 1758/1333/1758
f 1724/1345/1724 1761/1344/1761 1762/1339/1762
f 1764/1341/1764 1763/1337/1763 1759/1335/1759
f 1766/1343/1766 1765/1340/1765 1767/1332/1767
f 1769/1313/1769 1768/1334/1768 1749/1321/1749
f 1778/1352/1778 1777/1350/1777 1776/1349/1776
f 1773/1348/1773 1779/1353/1779 1775/1331/1775
f 1782/1355/1782 1781/1354/1781 1777/1350/1777
f 1781/1354/1781 1785/1357/1785 1756/1351/1756
f 1787/1289/1787 1788/1360/1788 1786/1359/1786
f 1694/1274/1694 1789/1362/1789 1701/2096/1701
f 1739/1368/1739 1741/1316/1741 1794/1365/1794
f 1794/1365/1794 1793/1364/1793 1796/1298/1796
f 1802/1377/1802 1801/1374/1801 1799/1371/1799
f 1805/1382/1805 1804/1378/1804 1803/1376/1803
f 1808/2102/1808 1806/1380/1806 1807/2103/1807
f 1810/1385/1810 1808/2102/1808 1809/2104/1809
f 1812/1384/1812 1811/1381/1811 1808/2102/1808
f 1813/1475/1813 1916/1469/1916 1811/1381/1811
f 1813/1475/1813 1812/1384/1812 1814/2106/1814
f 1815/1383/1815 1817/1387/1817 1814/2106/1814
f 1810/1385/1810 1912/2105/1912 1816/2107/1816
f 1815/1383/1815 1816/2107/1816 1818/1388/1818
f 1814/2106/1814 1817/1387/1817 1819/1386/1819
f 1923/1391/1923 1819/1386/1819 1820/1394/1820
f 1920/1472/1920 1921/1398/1921 1821/1390/1821
f 1827/1400/1827 1828/1473/1828 1920/1472/1920
f 1825/1397/1825 1830/1401/1830 1893/1454/1893
f 1829/1399/1829 1825/1397/1825 1831/2108/1831
f 1832/1404/1832 1833/1403/1833 1828/1473/1828
f 1831/2108/1831 1893/1454/1893 1835/1449/1835
f 1836/2109/1836 1834/1402/1834 1835/1449/1835
f 1839/1406/1839 1833/1403/1833 1834/1402/1834
f 1838/2111/1838 1836/2109/1836 1837/2110/1837
f 1840/1407/1840 1839/1406/1839 1836/2109/1836
f 1833/1403/1833 1839/1406/1839 1841/1405/1841
f 1842/1409/1842 1922/2114/1922 1841/1405/1841
f 1840/1407/1840 1838/2111/1838 1843/1410/1843
f 1838/2111/1838 1883/2112/1883 1844/2113/1844
f 1843/1410/1843 1844/2113/1844 1846/1445/1846
f 1845/1408/1845 1846/1445/1846 1886/1444/1886
f 1842/1409/1842 1845/1408/1845 1847/1416/1847
f 1848/1412/1848 1853/1411/1853 1922/2114/1922
f 1853/1411/1853 1855/1419/1855 1856/1421/1856
f 1857/1420/1857 1855/1419/1855 1804/1378/1804
f 1859/1422/1859 1860/2116/1860 1801/1374/1801
f 1850/1417/1850 1862/1424/1862 1860/2116/1860
f 1862/1424/1862 1863/1423/1863 1861/1427/1861
f 1869/1431/1869 1867/1429/1867 1861/1427/1861
f 1801/1374/1801 1860/2116/1860 1867/1429/1867
f 1866/1430/1866 1915/1373/1915 1798/1372/1798
f 1873/1435/1873 1863/1423/1863 1864/1425/1864
f 1876/1440/1876 1875/1438/1875 1887/1441/1887
f 1879/1451/1879 1878/2118/1878 1876/1440/1876
f 1881/1448/1881 1879/1451/1879 1877/2117/1877
f 1835/1449/1835 1881/1448/1881 1880/2119/1880
f 1837/2110/1837 1880/2119/1880 1882/2120/1882
f 1884/1443/1884 1882/2120/1882 1877/2117/1877
f 1844/2113/1844 1883/2112/1883 1882/2120/1882
f 1846/1445/1846 1844/2113/1844 1884/1443/1884
f 1886/1444/1886 1885/1442/1885 1887/1441/1887
f 1889/1447/1889 1888/1446/1888 1864/1425/1864
f 1890/1415/1890 1889/1447/1889 1862/1424/1862
f 1899/1457/1899 1897/1456/1897 1896/1455/1896
f 1894/1453/1894 1900/1458/1900 1895/1437/1895
f 1903/1459/1903 1902/1461/1902 1898/1434/1898
f 1904/1460/1904 1819/1386/1819 1905/1462/1905
f 1906/1464/1906 1909/1467/1909 1908/1465/1908
f 1910/1466/1910 1911/2121/1911 1909/1467/1909
f 1818/1388/1818 1816/2107/1816 1910/1466/1910
f 1816/2107/1816 1912/2105/1912 1911/2121/1911
f 1809/2104/1809 1913/1468/1913 1911/2121/1911
f 1908/1465/1908 1909/1467/1909 1914/1370/1914
f 1799/1371/1799 1913/1468/1913 1807/2103/1807
f 1854/2115/1854 1856/1421/1856 1918/1471/1918
f 1854/2115/1854 1919/1474/1919 1841/1405/1841
f 1918/1471/1918 1917/1470/1917 1921/1398/1921
f 1928/1483/1928 1927/1480/1927 1925/1477/1925
f 1931/1488/1931 1930/1484/1930 1929/1482/1929
f 1934/2122/1934 1932/1486/1932 1933/2123/1933
f 1936/1491/1936 1934/2122/1934 1935/2124/1935
f 1938/1490/1938 1937/1487/1937 1934/2122/1934
f 1939/1581/1939 2041/1575/2041 1937/1487/1937
f 1939/1581/1939 1938/1490/1938 1940/2126/1940
f 1941/1489/1941 1943/1493/1943 1940/2126/1940
f 1936/1491/1936 2037/2125/2037 1942/2127/1942
f 1941/1489/1941 1942/2127/1942 1944/1494/1944
f 1940/2126/1940 1943/1493/1943 1945/1492/1945
f 2048/1497/2048 1945/1492/1945 1946/1500/1946
f 2045/1578/2045 2046/1504/2046 1947/1496/1947
f 1953/1506/1953 1954/1579/1954 2045/1578/2045
f 1951/1503/1951 1956/1507/1956 2018/1560/2018
f 1955/1505/1955 1951/1503/1951 1957/2128/1957
f 1958/1510/1958 1959/1509/1959 1954/1579/1954
f 1957/2128/1957 2018/1560/2018 1961/1555/1961
f 1962/2129/1962 1960/1508/1960 1961/1555/1961
f 1965/1512/1965 1959/1509/1959 1960/1508/1960
f 1964/2131/1964 1962/2129/1962 1963/2130/1963
f 1966/1513/1966 1965/1512/1965 1962/2129/1962
f 1959/1509/1959 1965/1512/1965 1967/1511/1967
f 1968/1515/1968 2047/2134/2047 1967/1511/1967
f 1966/1513/1966 1964/2131/1964 1969/1516/1969
f 1964/2131/1964 2008/2132/2008 1970/2133/1970
f 1969/1516/1969 1970/2133/1970 1972/1551/1972
f 1971/1514/1971 1972/1551/1972 2011/1550/2011
f 1968/1515/1968 1971/1514/1971 1973/1522/1973
f 1974/1518/1974 1979/1517/1979 2047/2134/2047
f 1979/1517/1979 1981/1525/1981 1982/1527/1982
f 1983/1526/1983 1981/1525/1981 1930/1484/1930
f 1985/1528/1985 1986/1537/1986 1927/1480/1927
f 1976/1523/1976 1988/1530/1988 1986/1537/1986
f 1988/1530/1988 1989/1529/1989 1987/1533/1987
f 1993/1536/1993 2040/1479/2040 1924/1478/1924
f 1995/1538/1995 1996/1540/1996 1993/1536/1993
f 1998/1541/1998 1989/1529/1989 1990/1531/1990
f 2001/1546/2001 2000/1544/2000 2012/1547/2012
f 2004/1557/2004 2003/2137/2003 2001/1546/2001
f 2006/1554/2006 2004/1557/2004 2002/2136/2002
f 1961/1555/1961 2006/1554/2006 2005/2138/2005
f 1963/2130/1963 2005/2138/2005 2007/2139/2007
f 2009/1549/2009 2007/2139/2007 2002/2136/2002
f 1970/2133/1970 2008/2132/2008 2007/2139/2007
f 1972/1551/1972 1970/2133/1970 2009/1549/2009
f 2011/1550/2011 2010/1548/2010 2012/1547/2012
f 2014/1553/2014 2013/1552/2013 1990/1531/1990
f 2015/1521/2015 2014/1553/2014 1988/1530/1988
f 1995/1538/1995 1991/1532/1991 2021/1561/2021
f 2024/1563/2024 2022/1562/2022 2021/1561/2021
f 2019/1559/2019 2025/1564/2025 2020/1543/2020
f 2028/1565/2028 2027/1567/2027 2023/1539/2023
f 2029/1566/2029 1945/1492/1945 2030/1568/2030
f 2031/1570/2031 2034/1573/2034 2033/1571/2033
f 2035/1572/2035 2036/2140/2036 2034/1573/2034
f 1944/1494/1944 1942/2127/1942 2035/1572/2035
f 1942/2127/1942 2037/2125/2037 2036/2140/2036
f 1935/2124/1935 2038/1574/2038 2036/2140/2036
f 2033/1571/2033 2034/1573/2034 2039/1476/2039
f 1925/1477/1925 2038/1574/2038 1933/2123/1933
f 1980/2135/1980 1982/1527/1982 2043/1577/2043
f 1980/2135/1980 2044/1580/2044 1967/1511/1967
f 2043/1577/2043 2042/1576/2042 2046/1504/2046
f 2049/2141/2049 2148/2145/2148 2147/1661/2147
f 2050/2143/2050 2049/2141/2049 2051/2142/2051
f 2049/2141/2049 2100/2153/2100 2107/1622/2107
f 2099/2146/2099 2100/2153/2100 2049/2141/2049
f 2098/1584/2098 2099/2146/2099 2050/2143/2050
f 2052/1582/2052 2050/2143/2050 2055/2144/2055
f 2056/1587/2056 2054/1585/2054 2055/2144/2055
f 2058/1588/2058 2056/1587/2056 2057/1659/2057
f 2058/1588/2058 2145/1658/2145 2144/1593/2144
f 2062/1589/2062 2063/1592/2063 2065/1596/2065
f 2061/1590/2061 2062/1589/2062 2066/2147/2066
f 2069/2148/2069 2067/1595/2067 2068/2149/2068
f 2071/1597/2071 2066/2147/2066 2067/1595/2067
f 2071/1597/2071 2069/2148/2069 2074/1601/2074
f 2069/2148/2069 2135/1650/2135 2075/1602/2075
f 2073/1598/2073 2074/1601/2074 2128/1600/2128
f 2080/2150/2080 2078/1605/2078 2079/1644/2079
f 2077/1604/2077 2078/1605/2078 2080/2150/2080
f 2082/2152/2082 2080/2150/2080 2081/1635/2081
f 2077/1604/2077 2083/2151/2083 2084/1665/2084
f 2152/1666/2152 2084/1665/2084 2083/2151/2083
f 2083/2151/2083 2082/2152/2082 2086/1608/2086
f 2082/2152/2082 2119/1634/2119 2087/1640/2087
f 2086/1608/2086 2087/1640/2087 2121/1638/2121
f 2088/1606/2088 2121/1638/2121 2122/1642/2122
f 2089/1609/2089 2093/1610/2093 2152/1666/2152
f 2092/1611/2092 2097/1617/2097 2095/1616/2095
f 2096/1615/2096 2097/1617/2097 2053/1583/2053
f 2101/1618/2101 2099/2146/2099 2098/1584/2098
f 2100/2153/2100 2101/1618/2101 2102/1623/2102
f 2103/1619/2103 2104/1620/2104 2102/1623/2102
f 2130/1631/2130 2111/2154/2111 2108/1626/2108
f 2108/1626/2108 2102/1623/2102 2104/1620/2104
f 2112/1629/2112 2104/1620/2104 2105/1621/2105
f 2114/1633/2114 2113/1632/2113 2123/1637/2123
f 2117/1643/2117 2116/1630/2116 2114/1633/2114
f 2079/1644/2079 2117/1643/2117 2118/1636/2118
f 2120/1639/2120 2119/1634/2119 2115/2155/2115
f 2122/1642/2122 2121/1638/2121 2123/1637/2123
f 2125/1613/2125 2124/1641/2124 2105/1621/2105
f 2133/2156/2133 2131/1628/2131 2111/2154/2111
f 2068/2149/2068 2132/1648/2132 2133/2156/2133
f 2129/1647/2129 2134/1649/2134 2130/1631/2130
f 2138/1594/2138 2137/1651/2137 2132/1648/2132
f 2138/1594/2138 2064/1591/2064 2139/1653/2139
f 2136/1652/2136 2141/1654/2141 2110/1627/2110
f 2144/1593/2144 2145/1658/2145 2143/1657/2143
f 2051/2142/2051 2147/1661/2147 2143/1657/2143
f 2055/2144/2055 2051/2142/2051 2146/1660/2146
f 2109/1625/2109 2142/1656/2142 2148/2145/2148
f 2156/1675/2156 2155/1672/2155 2153/1671/2153
f 2161/2157/2161 2159/1678/2159 2160/2158/2160
f 2163/1684/2163 2161/2157/2161 2162/1756/2162
f 2165/1682/2165 2164/1679/2164 2161/2157/2161
f 2166/1681/2166 2249/1759/2249 2164/1679/2164
f 2165/1682/2165 2168/1683/2168 2169/1685/2169
f 2163/1684/2163 2245/1755/2245 2244/1686/2244
f 2252/1765/2252 2253/1695/2253 2171/1689/2171
f 2178/1696/2178 2175/1694/2175 2228/1699/2228
f 2184/2159/2184 2182/1702/2182 2183/1743/2183
f 2181/1701/2181 2182/1702/2182 2184/2159/2184
f 2186/2161/2186 2184/2159/2184 2185/1736/2185
f 2181/1701/2181 2187/2160/2187 2188/1762/2188
f 2254/1763/2254 2188/1762/2188 2187/2160/2187
f 2187/2160/2187 2186/2161/2186 2190/1705/2190
f 2186/2161/2186 2219/1735/2219 2191/1740/2191
f 2190/1705/2190 2191/1740/2191 2221/1738/2221
f 2192/1703/2192 2221/1738/2221 2222/1741/2222
f 2193/1706/2193 2197/1707/2197 2254/1763/2254
f 2197/1707/2197 2199/1714/2199 2200/1713/2200
f 2203/1715/2203 2204/2162/2204 2155/1672/2155
f 2195/1711/2195 2206/1717/2206 2204/2162/2204
f 2206/1717/2206 2207/1716/2207 2205/1720/2205
f 2155/1672/2155 2204/2162/2204 2210/1723/2210
f 2213/1727/2213 2207/1716/2207 2208/1718/2208
f 2208/1718/2208 2224/1732/2224 2214/1731/2214
f 2183/1743/2183 2217/1742/2217 2218/1737/2218
f 2220/1739/2220 2219/1735/2219 2215/1733/2215
f 2222/1741/2222 2221/1738/2221 2223/1730/2223
f 2225/1710/2225 2224/1732/2224 2208/1718/2208
f 2212/1725/2212 2209/1719/2209 2232/1747/2232
f 2235/1749/2235 2233/1748/2233 2232/1747/2232
f 2229/1746/2229 2236/1750/2236 2231/1729/2231
f 2239/1752/2239 2238/1751/2238 2234/1726/2234
f 2243/1758/2243 2248/1722/2248 2242/1724/2242
f 2244/1686/2244 2245/1755/2245 2243/1758/2243
f 2153/1671/2153 2246/1757/2246 2160/2158/2160
f 2198/1764/2198 2200/1713/2200 2251/1761/2251
f 2251/1761/2251 2250/1760/2250 2253/1695/2253
