# Blender 4.4.0
# www.blender.org
o TV
v -0.970285 -0.970296 -0.999194
v -0.970285 0.499424 -0.959307
v 0.970285 -0.970296 -0.999194
v 0.970285 0.499424 -0.959307
v -0.952966 -0.925927 1.029069
v -0.952966 0.952966 1.000000
v 0.952966 -0.925927 1.029069
v 0.952966 0.952966 1.000000
v 1.000000 -1.000000 -0.305785
v -1.000000 -1.000000 -0.305785
v 1.000000 -1.000000 -1.000000
v -1.000000 -1.000000 -1.000000
v 0.970285 -0.969396 -1.032382
v -0.970285 -0.969396 -1.032382
v -0.970285 0.500324 -0.992496
v 0.970285 0.500324 -0.992496
v 0.988237 -0.982992 -1.032751
v -0.988237 -0.982992 -1.032751
v -0.988237 0.513920 -0.992127
v 0.988237 0.513920 -0.992127
v 0.988237 -0.978669 -1.192027
v -0.988237 -0.978669 -1.192027
v -0.988237 0.518243 -1.151403
v 0.988237 0.518243 -1.151403
v 1.000000 -1.000000 1.000000
v -1.000000 -1.000000 1.000000
v 0.952966 0.952966 1.098746
v 0.952966 -0.925927 1.127815
v -0.952966 -0.925927 1.127815
v -0.952966 0.952966 1.098746
v 0.996849 -0.969809 1.127815
v -0.996849 -0.969809 1.127815
v 0.432212 -0.930019 1.220298
v -0.432212 -0.930019 1.220298
v -1.000000 -0.746009 -0.993107
v 1.000000 -0.746009 -0.993107
v 1.000000 -0.667797 1.000000
v -1.000000 -0.667797 1.000000
v -1.000000 -0.667797 -0.305785
v 1.000000 -0.667797 -0.305785
v -0.970285 -0.726173 -0.992569
v 0.970285 -0.726173 -0.992569
v -0.970285 -0.725273 -1.025757
v 0.970285 -0.725273 -1.025757
v -0.988237 -0.734352 -1.026003
v 0.988237 -0.734352 -1.026003
v -0.934170 -0.563255 -1.189357
v 0.934170 -0.563255 -1.189357
v 0.952966 -0.495585 1.024240
v -0.952966 -0.495585 1.024240
v 0.952966 -0.495585 1.122986
v -0.952966 -0.495585 1.122986
v 0.996849 -0.524889 1.122986
v -0.996849 -0.524889 1.122986
v 1.000000 -0.851839 -0.995979
v 1.000000 -0.806215 1.000000
v -1.000000 -0.806215 1.000000
v -1.000000 -0.806215 -0.305785
v 1.000000 -0.806215 -0.305785
v 0.970285 -0.827891 -0.995329
v 0.970285 -0.826991 -1.028518
v 0.988237 -0.837952 -1.028815
v 0.934170 -0.856349 -1.198619
v 0.952966 -0.615806 1.026252
v -0.952966 -0.615806 1.026252
v 0.952966 -0.615806 1.124998
v -0.952966 -0.615806 1.124998
v 0.996849 -0.651185 1.124998
v -0.996849 -0.651185 1.124998
v 0.432212 -0.832004 1.219499
v -0.432212 -0.832004 1.219499
v -1.000000 -0.851839 -0.995979
v -0.970285 -0.827891 -0.995329
v -0.970285 -0.826991 -1.028518
v -0.988237 -0.837952 -1.028815
v -0.934170 -0.856349 -1.198619
v -0.988237 -0.910389 -1.200326
v -0.988237 -0.509215 -1.187650
v 0.988237 -0.509215 -1.187650
v 0.988237 -0.910389 -1.200326
v -0.541235 -0.800380 -1.017150
v -0.541235 -0.630569 -1.011784
v 0.541235 -0.630569 -1.011784
v 0.541235 -0.800380 -1.017150
v 0.904625 0.903485 1.212458
v -0.904625 0.903485 1.212458
v 0.904625 -0.340596 1.233761
v -0.904625 -0.340596 1.233761
v 0.977358 -0.413321 1.234920
v -0.977358 -0.413321 1.234920
v 0.817898 0.815520 0.951501
v -0.817899 0.815520 0.951501
v 0.817898 -0.255131 0.970041
v -0.817899 -0.255131 0.970041
v 0.904625 0.902235 0.914449
v -0.904625 0.902235 0.914449
v 0.904625 -0.341846 0.935752
v -0.904625 -0.341846 0.935752
v 0.817898 0.814116 0.927274
v -0.817899 0.814116 0.927274
v 0.817898 -0.256535 0.937587
v -0.817899 -0.256535 0.937587
v 0.814162 0.902235 0.951665
v 0.723700 0.902235 0.988974
v 0.633237 0.902235 1.025431
v 0.542775 0.902235 1.060091
v 0.452312 0.902235 1.092011
v 0.361850 0.902235 1.120246
v 0.271387 0.902235 1.143981
v 0.180925 0.902235 1.162451
v 0.090462 0.902235 1.174371
v -0.000000 0.902235 1.178577
v -0.090463 0.902235 1.174540
v -0.180925 0.902235 1.163057
v -0.271387 0.902235 1.144855
v -0.361850 0.902235 1.120806
v -0.452312 0.902235 1.092112
v -0.542775 0.902235 1.060091
v -0.633237 0.902235 1.025431
v -0.723700 0.902235 0.988974
v -0.814162 0.902235 0.951665
v 0.814162 -0.341846 0.972968
v 0.723700 -0.341846 1.010276
v 0.633237 -0.341846 1.046733
v 0.542775 -0.341846 1.081394
v 0.452312 -0.341846 1.113314
v 0.361850 -0.341846 1.141549
v 0.271387 -0.341846 1.165281
v 0.180925 -0.341846 1.183737
v 0.090462 -0.341846 1.195640
v -0.000000 -0.341846 1.199840
v -0.090463 -0.341846 1.195805
v -0.180925 -0.341846 1.184327
v -0.271387 -0.341846 1.166145
v -0.361850 -0.341846 1.142115
v -0.452312 -0.341846 1.113426
v -0.542775 -0.341846 1.081394
v -0.633237 -0.341846 1.046733
v -0.723700 -0.341846 1.010276
v -0.814162 -0.341846 0.972968
v 0.736109 0.815520 0.985266
v 0.654319 0.815520 1.018442
v 0.572529 0.815520 1.050329
v 0.490739 0.815520 1.080229
v 0.408949 0.815520 1.107770
v 0.327159 0.815520 1.132669
v 0.245369 0.815520 1.153755
v 0.163580 0.815520 1.169944
v 0.081790 0.815520 1.180269
v -0.000000 0.815520 1.183881
v -0.081790 0.815520 1.180578
v -0.163580 0.815520 1.171132
v -0.245370 0.815520 1.155984
v -0.327159 0.815520 1.135448
v -0.408949 0.815520 1.110368
v -0.490739 0.815520 1.081734
v -0.572529 0.815520 1.050682
v -0.654319 0.815520 1.018442
v -0.736109 0.815520 0.985266
v 0.736109 -0.255131 1.003806
v 0.654319 -0.255131 1.036982
v 0.572529 -0.255131 1.068869
v 0.490739 -0.255131 1.098769
v 0.408949 -0.255131 1.126324
v 0.327159 -0.255131 1.151215
v 0.245369 -0.255131 1.172278
v 0.163580 -0.255131 1.188438
v 0.081790 -0.255131 1.198741
v -0.000000 -0.255131 1.202345
v -0.081790 -0.255131 1.199045
v -0.163580 -0.255131 1.189606
v -0.245370 -0.255131 1.174486
v -0.327159 -0.255131 1.153987
v -0.408949 -0.255131 1.128940
v -0.490739 -0.255131 1.100324
v -0.572529 -0.255131 1.069261
v -0.654319 -0.255131 1.036982
v -0.736109 -0.255131 1.003807
v 0.736109 0.814116 0.946056
v 0.654319 0.814116 0.964509
v 0.572529 0.814116 0.982246
v 0.490739 0.814116 0.998878
v 0.408949 0.814116 1.014366
v 0.327159 0.814116 1.028818
v 0.245369 0.814116 1.041348
v 0.163580 0.814116 1.051121
v 0.081790 0.814116 1.057411
v -0.000000 0.814116 1.059618
v -0.081790 0.814116 1.057771
v -0.163580 0.814116 1.052489
v -0.245370 0.814116 1.043793
v -0.327159 0.814116 1.031784
v -0.408949 0.814116 1.017065
v -0.490739 0.814116 1.000374
v -0.572529 0.814116 0.982561
v -0.654319 0.814116 0.964509
v -0.736109 0.814116 0.946056
v 0.736109 -0.256535 0.956369
v 0.654319 -0.256535 0.974822
v 0.572529 -0.256535 0.992559
v 0.490739 -0.256535 1.009191
v 0.408949 -0.256535 1.024689
v 0.327159 -0.256535 1.039145
v 0.245369 -0.256535 1.051673
v 0.163580 -0.256535 1.061441
v 0.081790 -0.256535 1.067726
v -0.000000 -0.256535 1.069930
v -0.081790 -0.256535 1.068084
v -0.163580 -0.256535 1.062802
v -0.245370 -0.256535 1.054115
v -0.327159 -0.256535 1.042116
v -0.408949 -0.256535 1.027404
v -0.490739 -0.256535 1.010713
v -0.572529 -0.256535 0.992890
v -0.654319 -0.256535 0.974822
v -0.736109 -0.256535 0.956369
v -1.000000 -0.108441 -0.975804
v -0.970285 -0.113375 -0.975938
v -0.970285 -0.112474 -1.009126
v -0.988237 -0.110216 -1.009065
v -0.988237 0.004514 -1.169526
v 1.000000 -0.108441 -0.975804
v 1.000000 0.166102 1.000000
v -1.000000 0.166102 1.000000
v -1.000000 0.166102 -0.305785
v 1.000000 0.166102 -0.305785
v 0.970285 -0.113375 -0.975938
v 0.970285 -0.112474 -1.009126
v 0.988237 -0.110216 -1.009065
v 0.988237 0.004514 -1.169526
v 0.952966 0.228691 1.012120
v -0.952966 0.228691 1.012120
v 0.952966 0.228691 1.110866
v -0.952966 0.228691 1.110866
v 0.996849 0.235980 1.110866
v -0.996849 0.235980 1.110866
v 0.996849 0.235980 1.295376
v -0.996849 0.235980 1.295376
v 0.977358 0.235980 1.295376
v -0.977358 0.235980 1.295376
v 0.977358 0.234829 1.223110
v -0.977358 0.234829 1.223110
v 0.904625 0.234829 1.223110
v -0.904625 0.234829 1.223110
v 0.904625 0.233579 0.925101
v -0.904625 0.233579 0.925101
v 0.817898 0.233579 0.960771
v -0.817899 0.233579 0.962602
v 0.817898 0.232174 0.932430
v -0.817899 0.232174 0.934091
v 0.996849 -0.713936 1.307496
v -0.996849 -0.713936 1.307496
v 0.977358 -0.412170 1.307186
v -0.977358 -0.412170 1.307186
v 0.958179 -0.639205 1.269852
v -0.958179 -0.639205 1.269852
v 0.943371 -0.496693 1.188583
v -0.943371 -0.496693 1.188583
v 0.996849 -0.791421 1.226887
v -0.996849 -0.791421 1.226887
v 0.426527 -0.837689 1.183954
v 0.426527 -0.924334 1.184660
v -0.426527 -0.924334 1.184660
v -0.426527 -0.837689 1.183954
v 0.432212 -0.832004 1.183907
v 0.432212 -0.930019 1.184706
v -0.432212 -0.930019 1.184706
v -0.432212 -0.832004 1.183907
v 0.426527 -0.837332 1.227820
v 0.426527 -0.923977 1.228526
v -0.426527 -0.923977 1.228526
v -0.426527 -0.837332 1.227820
v 0.411376 -0.846317 1.236650
v 0.411376 -0.914847 1.237331
v -0.411376 -0.914847 1.237331
v -0.411376 -0.846317 1.236650
v 0.963116 0.996849 1.098746
v 0.996849 0.963116 1.099283
v 0.972996 0.972996 1.098746
v 0.976025 0.994281 1.098786
v 0.986969 0.986969 1.098903
v 0.994281 0.976025 1.099077
v -0.996849 0.963116 1.099283
v -0.963116 0.996849 1.098746
v -0.972997 0.972996 1.098746
v -0.994281 0.976025 1.099077
v -0.986969 0.986969 1.098903
v -0.976025 0.994281 1.098786
v 0.996849 0.963116 1.283793
v 0.963116 0.996849 1.283256
v 0.977394 0.977396 1.283566
v 0.994281 0.976025 1.283588
v 0.986969 0.986969 1.283413
v 0.976025 0.994281 1.283297
v -0.963116 0.996849 1.283256
v -0.996849 0.963116 1.283793
v -0.977394 0.977396 1.283566
v -0.976025 0.994281 1.283297
v -0.986969 0.986969 1.283413
v -0.994281 0.976025 1.283588
v 0.953076 0.977361 1.283566
v 0.977358 0.953082 1.283953
v 0.977358 0.977361 1.283566
v 0.960580 0.976173 1.283585
v 0.967349 0.972724 1.283640
v 0.972721 0.967353 1.283726
v 0.976170 0.960585 1.283834
v -0.977358 0.953082 1.283953
v -0.953076 0.977361 1.283566
v -0.977358 0.977361 1.283566
v -0.976170 0.960585 1.283834
v -0.972721 0.967353 1.283726
v -0.967349 0.972724 1.283640
v -0.960580 0.976173 1.283585
v 0.977358 0.951931 1.211687
v 0.953076 0.976210 1.211300
v 0.960188 0.959042 1.211573
v 0.976170 0.959433 1.211567
v 0.972721 0.966202 1.211459
v 0.967349 0.971573 1.211374
v 0.960580 0.975022 1.211319
v -0.953076 0.976210 1.211300
v -0.977358 0.951931 1.211687
v -0.960189 0.959042 1.211573
v -0.960580 0.975022 1.211319
v -0.967349 0.971573 1.211374
v -0.972721 0.966202 1.211459
v -0.976170 0.959433 1.211567
v 1.000000 0.951752 -0.305785
v 0.955836 0.974162 -0.341602
v 0.955836 1.000000 -0.261621
v 0.996638 0.961929 -0.317272
v 0.987065 0.969762 -0.328112
v 0.996638 0.970216 -0.295057
v 0.991752 0.975473 -0.305633
v 0.985197 0.979686 -0.314916
v 0.981235 0.985674 -0.304762
v 0.955836 0.984050 -0.324534
v 0.955836 0.992432 -0.303340
v 0.972737 0.974057 -0.336656
v 0.972141 0.982330 -0.319910
v 0.971725 0.989635 -0.304134
v 0.972737 0.996327 -0.271155
v 0.987065 0.985869 -0.282896
v 0.955836 0.998033 -0.281248
v 0.972141 0.993082 -0.288175
v 0.985197 0.986667 -0.295243
v -1.000000 0.951752 -0.305785
v -0.955836 1.000000 -0.261621
v -0.955836 0.974162 -0.341602
v -0.996638 0.970216 -0.295057
v -0.987065 0.985869 -0.282896
v -0.996638 0.961929 -0.317272
v -0.991752 0.975473 -0.305633
v -0.985197 0.986667 -0.295243
v -0.981235 0.985674 -0.304762
v -0.955836 0.998033 -0.281248
v -0.955836 0.992432 -0.303340
v -0.972737 0.996327 -0.271155
v -0.972141 0.993082 -0.288175
v -0.971725 0.989635 -0.304134
v -0.972737 0.974057 -0.336656
v -0.987065 0.969762 -0.328112
v -0.955836 0.984050 -0.324534
v -0.972141 0.982330 -0.319910
v -0.985197 0.979686 -0.314916
v -1.000000 0.479672 -0.959843
v -0.955836 0.529127 -0.958501
v -0.970321 0.499459 -0.959306
v -0.996638 0.498598 -0.959330
v -0.987064 0.514642 -0.958894
v -0.972737 0.525363 -0.958603
v 0.955836 0.529127 -0.958501
v 1.000000 0.479672 -0.959843
v 0.970321 0.499459 -0.959306
v 0.972737 0.525363 -0.958603
v 0.987065 0.514642 -0.958894
v 0.996638 0.498598 -0.959330
v 1.000000 0.951909 1.000000
v 0.955836 1.000000 1.000000
v 0.968771 0.968771 1.000000
v 0.996638 0.970313 1.000000
v 0.987064 0.985915 1.000000
v 0.972737 0.996339 1.000000
v -0.955836 1.000000 1.000000
v -1.000000 0.951909 1.000000
v -0.968771 0.968771 1.000000
v -0.972737 0.996339 1.000000
v -0.987065 0.985915 1.000000
v -0.996638 0.970313 1.000000
v 0.943371 -0.496658 1.295456
v 0.948520 -0.483856 1.307218
v 0.943623 -0.496030 1.299092
v 0.944354 -0.494211 1.302372
v 0.945494 -0.491379 1.304974
v 0.946929 -0.487811 1.306643
v -0.948520 -0.483856 1.307218
v -0.943371 -0.496658 1.295456
v -0.946929 -0.487811 1.306643
v -0.945494 -0.491379 1.304974
v -0.944355 -0.494211 1.302372
v -0.943623 -0.496030 1.299092
v 0.966121 -0.654522 1.307467
v 0.958179 -0.639178 1.295692
v 0.963667 -0.649778 1.306889
v 0.961453 -0.645499 1.305215
v 0.959696 -0.642104 1.302610
v 0.958568 -0.639926 1.299329
v -0.958179 -0.639178 1.295692
v -0.966121 -0.654522 1.307467
v -0.958568 -0.639926 1.299329
v -0.959696 -0.642104 1.302610
v -0.961453 -0.645499 1.305215
v -0.963667 -0.649778 1.306889
v 0.555530 -0.938710 1.222352
v 0.996849 -0.969809 1.197747
v 0.996849 -0.937857 1.229199
v 0.691905 -0.948320 1.223060
v 0.814931 -0.956989 1.220570
v 0.912565 -0.963870 1.215126
v 0.975249 -0.968287 1.207262
v -0.996849 -0.969809 1.197747
v -0.555530 -0.938710 1.222352
v -0.996849 -0.937857 1.229199
v -0.975249 -0.968287 1.207262
v -0.912565 -0.963870 1.215126
v -0.814931 -0.956989 1.220570
v -0.691905 -0.948320 1.223060
v -0.186542 -0.765220 -1.064567
v -0.186542 -0.667334 -1.064567
v 0.186542 -0.765220 -1.064567
v 0.186542 -0.667334 -1.064567
v -0.193483 -0.779067 -0.938987
v -0.193483 -0.653487 -0.938987
v 0.193483 -0.779067 -0.938987
v 0.193483 -0.653487 -0.938987
v -0.208560 -0.735736 -1.064567
v -0.208560 -0.696818 -1.064567
v 0.208560 -0.696818 -1.064567
v 0.208560 -0.735736 -1.064567
v 0.193483 -0.695347 -0.938987
v 0.193483 -0.737207 -0.938987
v -0.193483 -0.695347 -0.938987
v -0.193483 -0.737207 -0.938987
v 0.193483 -0.779067 -1.064567
v -0.193483 -0.779067 -1.064567
v -0.222407 -0.692218 -1.064567
v -0.193483 -0.653487 -1.064567
v 0.193483 -0.653487 -1.064567
v 0.222407 -0.740336 -1.064567
v -0.222407 -0.740336 -1.064567
v 0.222407 -0.692218 -1.064567
v -0.208560 -0.735736 -0.978140
v 0.208560 -0.735736 -0.978140
v -0.208560 -0.696818 -0.978140
v 0.208560 -0.696818 -0.978140
v 0.186542 -0.765220 -0.978140
v -0.186542 -0.765220 -0.978140
v -0.186542 -0.667334 -0.978140
v 0.186542 -0.667334 -0.978140
v -0.631854 -0.619217 1.204125
v -0.631854 -0.489117 1.204125
v -0.559997 -0.619217 1.204125
v -0.559997 -0.489117 1.204125
v -0.631854 -0.619217 1.280415
v -0.631854 -0.489117 1.258538
v -0.559997 -0.619217 1.280415
v -0.559997 -0.489117 1.258538
v -0.559997 -0.485094 1.266766
v -0.559997 -0.615194 1.288642
v -0.631854 -0.615194 1.288642
v -0.631854 -0.485094 1.266766
v -0.553931 -0.478475 1.255997
v -0.553931 -0.630538 1.281567
v -0.637919 -0.630538 1.281567
v -0.637919 -0.478475 1.255997
v -0.553931 -0.473773 1.265614
v -0.553931 -0.625836 1.291183
v -0.637919 -0.625836 1.291183
v -0.637919 -0.473773 1.265614
v -0.539467 -0.619217 1.204125
v -0.539467 -0.489117 1.204125
v -0.467609 -0.619217 1.204125
v -0.467609 -0.489117 1.204125
v -0.539467 -0.619217 1.280415
v -0.539467 -0.489117 1.258538
v -0.467609 -0.619217 1.280415
v -0.467609 -0.489117 1.258538
v -0.467609 -0.485094 1.266766
v -0.467609 -0.615194 1.288642
v -0.539467 -0.615194 1.288642
v -0.539467 -0.485094 1.266766
v -0.461544 -0.478475 1.255997
v -0.461544 -0.630538 1.281567
v -0.545532 -0.630538 1.281567
v -0.545532 -0.478475 1.255997
v -0.461544 -0.473773 1.265614
v -0.461544 -0.625836 1.291183
v -0.545532 -0.625836 1.291183
v -0.545532 -0.473773 1.265614
v -0.447080 -0.619217 1.204125
v -0.447080 -0.489117 1.204125
v -0.375222 -0.619217 1.204125
v -0.375222 -0.489117 1.204125
v -0.447080 -0.619217 1.280415
v -0.447080 -0.489117 1.258538
v -0.375222 -0.619217 1.280415
v -0.375222 -0.489117 1.258538
v -0.375222 -0.485094 1.266766
v -0.375222 -0.615194 1.288642
v -0.447080 -0.615194 1.288642
v -0.447080 -0.485094 1.266766
v -0.369157 -0.478475 1.255997
v -0.369157 -0.630538 1.281567
v -0.453145 -0.630538 1.281567
v -0.453145 -0.478475 1.255997
v -0.369157 -0.473773 1.265614
v -0.369157 -0.625836 1.291183
v -0.453145 -0.625836 1.291183
v -0.453145 -0.473773 1.265614
v -0.354693 -0.619217 1.204125
v -0.354693 -0.489117 1.204125
v -0.282835 -0.619217 1.204125
v -0.282835 -0.489117 1.204125
v -0.354693 -0.619217 1.280415
v -0.354693 -0.489117 1.258538
v -0.282835 -0.619217 1.280415
v -0.282835 -0.489117 1.258538
v -0.282835 -0.485094 1.266766
v -0.282835 -0.615194 1.288642
v -0.354693 -0.615194 1.288642
v -0.354693 -0.485094 1.266766
v -0.276770 -0.478475 1.255997
v -0.276770 -0.630538 1.281567
v -0.360758 -0.630538 1.281567
v -0.360758 -0.478475 1.255997
v -0.276770 -0.473773 1.265614
v -0.276770 -0.625836 1.291183
v -0.360758 -0.625836 1.291183
v -0.360758 -0.473773 1.265614
v -0.262306 -0.619217 1.204125
v -0.262306 -0.489117 1.204125
v -0.190448 -0.619217 1.204125
v -0.190448 -0.489117 1.204125
v -0.262306 -0.619217 1.280415
v -0.262306 -0.489117 1.258538
v -0.190448 -0.619217 1.280415
v -0.190448 -0.489117 1.258538
v -0.190448 -0.485094 1.266766
v -0.190448 -0.615194 1.288642
v -0.262306 -0.615194 1.288642
v -0.262306 -0.485094 1.266766
v -0.184383 -0.478475 1.255997
v -0.184383 -0.630538 1.281567
v -0.268371 -0.630538 1.281567
v -0.268371 -0.478475 1.255997
v -0.184383 -0.473773 1.265614
v -0.184383 -0.625836 1.291183
v -0.268371 -0.625836 1.291183
v -0.268371 -0.473773 1.265614
v -0.169919 -0.619217 1.204125
v -0.169919 -0.489117 1.204125
v -0.098061 -0.619217 1.204125
v -0.098061 -0.489117 1.204125
v -0.169919 -0.619217 1.280415
v -0.169919 -0.489117 1.258538
v -0.098061 -0.619217 1.280415
v -0.098061 -0.489117 1.258538
v -0.098061 -0.485094 1.266766
v -0.098061 -0.615194 1.288642
v -0.169919 -0.615194 1.288642
v -0.169919 -0.485094 1.266766
v -0.091996 -0.478475 1.255997
v -0.091996 -0.630538 1.281567
v -0.175984 -0.630538 1.281567
v -0.175984 -0.478475 1.255997
v -0.091996 -0.473773 1.265614
v -0.091996 -0.625836 1.291183
v -0.175984 -0.625836 1.291183
v -0.175984 -0.473773 1.265614
v -0.077532 -0.619217 1.204125
v -0.077532 -0.489117 1.204125
v -0.005674 -0.619217 1.204125
v -0.005674 -0.489117 1.204125
v -0.077532 -0.619217 1.280415
v -0.077532 -0.489117 1.258538
v -0.005674 -0.619217 1.280415
v -0.005674 -0.489117 1.258538
v -0.005674 -0.485094 1.266766
v -0.005674 -0.615194 1.288642
v -0.077532 -0.615194 1.288642
v -0.077532 -0.485094 1.266766
v 0.000391 -0.478475 1.255997
v 0.000391 -0.630538 1.281567
v -0.083597 -0.630538 1.281567
v -0.083597 -0.478475 1.255997
v 0.000391 -0.473773 1.265614
v 0.000391 -0.625836 1.291183
v -0.083597 -0.625836 1.291183
v -0.083597 -0.473773 1.265614
v 0.014855 -0.619217 1.204125
v 0.014855 -0.489117 1.204125
v 0.086713 -0.619217 1.204125
v 0.086713 -0.489117 1.204125
v 0.014855 -0.619217 1.280415
v 0.014855 -0.489117 1.258538
v 0.086713 -0.619217 1.280415
v 0.086713 -0.489117 1.258538
v 0.086713 -0.485094 1.266766
v 0.086713 -0.615194 1.288642
v 0.014855 -0.615194 1.288642
v 0.014855 -0.485094 1.266766
v 0.092778 -0.478475 1.255997
v 0.092778 -0.630538 1.281567
v 0.008790 -0.630538 1.281567
v 0.008790 -0.478475 1.255997
v 0.092778 -0.473773 1.265614
v 0.092778 -0.625836 1.291183
v 0.008790 -0.625836 1.291183
v 0.008790 -0.473773 1.265614
v 0.107242 -0.619217 1.204125
v 0.107242 -0.489117 1.204125
v 0.179100 -0.619217 1.204125
v 0.179100 -0.489117 1.204125
v 0.107242 -0.619217 1.280415
v 0.107242 -0.489117 1.258538
v 0.179100 -0.619217 1.280415
v 0.179100 -0.489117 1.258538
v 0.179100 -0.485094 1.266766
v 0.179100 -0.615194 1.288642
v 0.107242 -0.615194 1.288642
v 0.107242 -0.485094 1.266766
v 0.185165 -0.478475 1.255997
v 0.185165 -0.630538 1.281567
v 0.101177 -0.630538 1.281567
v 0.101177 -0.478475 1.255997
v 0.185165 -0.473773 1.265614
v 0.185165 -0.625836 1.291183
v 0.101177 -0.625836 1.291183
v 0.101177 -0.473773 1.265614
v 0.199629 -0.619217 1.204125
v 0.199629 -0.489117 1.204125
v 0.271487 -0.619217 1.204125
v 0.271487 -0.489117 1.204125
v 0.199629 -0.619217 1.280415
v 0.199629 -0.489117 1.258538
v 0.271487 -0.619217 1.280415
v 0.271487 -0.489117 1.258538
v 0.271487 -0.485094 1.266766
v 0.271487 -0.615194 1.288642
v 0.199629 -0.615194 1.288642
v 0.199629 -0.485094 1.266766
v 0.277552 -0.478475 1.255997
v 0.277552 -0.630538 1.281567
v 0.193564 -0.630538 1.281567
v 0.193564 -0.478475 1.255997
v 0.277552 -0.473773 1.265614
v 0.277552 -0.625836 1.291183
v 0.193564 -0.625836 1.291183
v 0.193564 -0.473773 1.265614
v 0.292016 -0.619217 1.204125
v 0.292016 -0.489117 1.204125
v 0.363874 -0.619217 1.204125
v 0.363874 -0.489117 1.204125
v 0.292016 -0.619217 1.280415
v 0.292016 -0.489117 1.258538
v 0.363874 -0.619217 1.280415
v 0.363874 -0.489117 1.258538
v 0.363874 -0.485094 1.266766
v 0.363874 -0.615194 1.288642
v 0.292016 -0.615194 1.288642
v 0.292016 -0.485094 1.266766
v 0.369939 -0.478475 1.255997
v 0.369939 -0.630538 1.281567
v 0.285951 -0.630538 1.281567
v 0.285951 -0.478475 1.255997
v 0.369939 -0.473773 1.265614
v 0.369939 -0.625836 1.291183
v 0.285951 -0.625836 1.291183
v 0.285951 -0.473773 1.265614
v 0.384403 -0.619217 1.204125
v 0.384403 -0.489117 1.204125
v 0.456261 -0.619217 1.204125
v 0.456261 -0.489117 1.204125
v 0.384403 -0.619217 1.280415
v 0.384403 -0.489117 1.258538
v 0.456261 -0.619217 1.280415
v 0.456261 -0.489117 1.258538
v 0.456261 -0.485094 1.266766
v 0.456261 -0.615194 1.288642
v 0.384403 -0.615194 1.288642
v 0.384403 -0.485094 1.266766
v 0.462326 -0.478475 1.255997
v 0.462326 -0.630538 1.281567
v 0.378338 -0.630538 1.281567
v 0.378338 -0.478475 1.255997
v 0.462326 -0.473773 1.265614
v 0.462326 -0.625836 1.291183
v 0.378338 -0.625836 1.291183
v 0.378338 -0.473773 1.265614
v 0.476790 -0.619217 1.204125
v 0.476790 -0.489117 1.204125
v 0.548648 -0.619217 1.204125
v 0.548648 -0.489117 1.204125
v 0.476790 -0.619217 1.280415
v 0.476790 -0.489117 1.258538
v 0.548648 -0.619217 1.280415
v 0.548648 -0.489117 1.258538
v 0.548648 -0.485094 1.266766
v 0.548648 -0.615194 1.288642
v 0.476790 -0.615194 1.288642
v 0.476790 -0.485094 1.266766
v 0.554713 -0.478475 1.255997
v 0.554713 -0.630538 1.281567
v 0.470725 -0.630538 1.281567
v 0.470725 -0.478475 1.255997
v 0.554713 -0.473773 1.265614
v 0.554713 -0.625836 1.291183
v 0.470725 -0.625836 1.291183
v 0.470725 -0.473773 1.265614
v 0.569178 -0.619217 1.204125
v 0.569178 -0.489117 1.204125
v 0.641035 -0.619217 1.204125
v 0.641035 -0.489117 1.204125
v 0.569178 -0.619217 1.280415
v 0.569178 -0.489117 1.258538
v 0.641035 -0.619217 1.280415
v 0.641035 -0.489117 1.258538
v 0.641035 -0.485094 1.266766
v 0.641035 -0.615194 1.288642
v 0.569178 -0.615194 1.288642
v 0.569178 -0.485094 1.266766
v 0.647100 -0.478475 1.255997
v 0.647100 -0.630538 1.281567
v 0.563112 -0.630538 1.281567
v 0.563112 -0.478475 1.255997
v 0.647100 -0.473773 1.265614
v 0.647100 -0.625836 1.291183
v 0.563112 -0.625836 1.291183
v 0.563112 -0.473773 1.265614
v -0.916757 -0.592963 1.178924
v -0.916757 -0.547296 1.178924
v -0.654134 -0.592963 1.178924
v -0.654134 -0.547296 1.178924
v -0.856176 -0.579156 1.268130
v -0.856176 -0.554173 1.257525
v -0.714715 -0.579156 1.268130
v -0.714715 -0.554173 1.257525
v -0.654134 -0.547296 1.242667
v -0.654134 -0.592963 1.263399
v -0.916757 -0.592963 1.263399
v -0.916757 -0.547296 1.242667
v -0.933806 -0.949393 1.220405
v -0.933806 -0.738789 1.220405
v -0.484396 -0.949393 1.220405
v -0.484396 -0.738789 1.220405
v -0.921359 -0.943776 1.270534
v -0.921359 -0.812506 1.270534
v -0.496843 -0.943776 1.270534
v -0.496843 -0.812506 1.270534
v -0.484396 -0.738860 1.270534
v -0.484396 -0.949393 1.270534
v -0.933806 -0.949393 1.270534
v -0.933806 -0.738860 1.270534
v -0.496843 -0.812506 1.246121
v -0.496843 -0.943776 1.246121
v -0.921359 -0.943776 1.246121
v -0.921359 -0.812506 1.246121
v -0.933806 -0.816232 1.220405
v -0.484396 -0.816232 1.220405
v -0.484396 -0.816232 1.270534
v -0.933806 -0.816232 1.270534
v -0.496843 -0.817991 1.270534
v -0.921359 -0.817991 1.270534
v -0.496843 -0.817991 1.246121
v -0.921359 -0.817991 1.246121
v -0.506866 -0.949393 1.220405
v -0.529337 -0.949393 1.220405
v -0.551807 -0.949393 1.220405
v -0.574278 -0.949393 1.220405
v -0.596748 -0.949393 1.220405
v -0.619219 -0.949393 1.220405
v -0.641689 -0.949393 1.220405
v -0.664160 -0.949393 1.220405
v -0.686630 -0.949393 1.220405
v -0.709101 -0.949393 1.220405
v -0.731571 -0.949393 1.220405
v -0.754042 -0.949393 1.220405
v -0.776512 -0.949393 1.220405
v -0.798983 -0.949393 1.220405
v -0.821453 -0.949393 1.220405
v -0.843924 -0.949393 1.220405
v -0.866394 -0.949393 1.220405
v -0.888865 -0.949393 1.220405
v -0.911335 -0.949393 1.220405
v -0.911335 -0.738789 1.220405
v -0.888865 -0.738789 1.220405
v -0.866394 -0.738789 1.220405
v -0.843924 -0.738789 1.220405
v -0.821453 -0.738789 1.220405
v -0.798983 -0.738789 1.220405
v -0.776512 -0.738789 1.220405
v -0.754042 -0.738789 1.220405
v -0.731571 -0.738789 1.220405
v -0.709101 -0.738789 1.220405
v -0.686630 -0.738789 1.220405
v -0.664160 -0.738789 1.220405
v -0.641689 -0.738789 1.220405
v -0.619219 -0.738789 1.220405
v -0.596748 -0.738789 1.220405
v -0.574278 -0.738789 1.220405
v -0.551807 -0.738789 1.220405
v -0.529337 -0.738789 1.220405
v -0.506866 -0.738789 1.220405
v -0.911335 -0.949393 1.270534
v -0.888865 -0.949393 1.270534
v -0.866394 -0.949393 1.270534
v -0.843924 -0.949393 1.270534
v -0.821453 -0.949393 1.270534
v -0.798983 -0.949393 1.270534
v -0.776512 -0.949393 1.270534
v -0.754042 -0.949393 1.270534
v -0.731571 -0.949393 1.270534
v -0.709101 -0.949393 1.270534
v -0.686630 -0.949393 1.270534
v -0.664160 -0.949393 1.270534
v -0.641689 -0.949393 1.270534
v -0.619219 -0.949393 1.270534
v -0.596748 -0.949393 1.270534
v -0.574278 -0.949393 1.270534
v -0.551807 -0.949393 1.270534
v -0.529337 -0.949393 1.270534
v -0.506866 -0.949393 1.270534
v -0.506866 -0.738860 1.270534
v -0.529337 -0.738860 1.270534
v -0.551807 -0.738860 1.270534
v -0.574278 -0.738860 1.270534
v -0.596748 -0.738860 1.270534
v -0.619219 -0.738860 1.270534
v -0.641689 -0.738860 1.270534
v -0.664160 -0.738860 1.270534
v -0.686630 -0.738860 1.270534
v -0.709101 -0.738860 1.270534
v -0.731571 -0.738860 1.270534
v -0.754042 -0.738860 1.270534
v -0.776512 -0.738860 1.270534
v -0.798983 -0.738860 1.270534
v -0.821453 -0.738860 1.270534
v -0.843924 -0.738860 1.270534
v -0.866394 -0.738860 1.270534
v -0.888865 -0.738860 1.270534
v -0.911335 -0.738860 1.270534
v -0.900133 -0.943776 1.270534
v -0.878907 -0.943776 1.270534
v -0.857681 -0.943776 1.270534
v -0.836456 -0.943776 1.270534
v -0.815230 -0.943776 1.270534
v -0.794004 -0.943776 1.270534
v -0.772778 -0.943776 1.270534
v -0.751552 -0.943776 1.270534
v -0.730327 -0.943776 1.270534
v -0.709101 -0.943776 1.270534
v -0.687875 -0.943776 1.270534
v -0.666649 -0.943776 1.270534
v -0.645423 -0.943776 1.270534
v -0.624198 -0.943776 1.270534
v -0.602972 -0.943776 1.270534
v -0.581746 -0.943776 1.270534
v -0.560520 -0.943776 1.270534
v -0.539294 -0.943776 1.270534
v -0.518069 -0.943776 1.270534
v -0.518069 -0.812506 1.270534
v -0.539294 -0.812506 1.270534
v -0.560520 -0.812506 1.270534
v -0.581746 -0.812506 1.270534
v -0.602972 -0.812506 1.270534
v -0.624198 -0.812506 1.270534
v -0.645423 -0.812506 1.270534
v -0.666649 -0.812506 1.270534
v -0.687875 -0.812506 1.270534
v -0.709101 -0.812506 1.270534
v -0.730327 -0.812506 1.270534
v -0.751552 -0.812506 1.270534
v -0.772778 -0.812506 1.270534
v -0.794004 -0.812506 1.270534
v -0.815230 -0.812506 1.270534
v -0.836456 -0.812506 1.270534
v -0.857681 -0.812506 1.270534
v -0.878907 -0.812506 1.270534
v -0.900133 -0.812506 1.270534
v -0.900133 -0.943776 1.246121
v -0.878907 -0.943776 1.246121
v -0.857681 -0.943776 1.246121
v -0.836456 -0.943776 1.246121
v -0.815230 -0.943776 1.246121
v -0.794004 -0.943776 1.246121
v -0.772778 -0.943776 1.246121
v -0.751552 -0.943776 1.246121
v -0.730327 -0.943776 1.246121
v -0.709101 -0.943776 1.246121
v -0.687875 -0.943776 1.246121
v -0.666649 -0.943776 1.246121
v -0.645423 -0.943776 1.246121
v -0.624198 -0.943776 1.246121
v -0.602972 -0.943776 1.246121
v -0.581746 -0.943776 1.246121
v -0.560520 -0.943776 1.246121
v -0.539294 -0.943776 1.246121
v -0.518069 -0.943776 1.246121
v -0.518069 -0.812506 1.246121
v -0.539294 -0.812506 1.246121
v -0.560520 -0.812506 1.246121
v -0.581746 -0.812506 1.246121
v -0.602972 -0.812506 1.246121
v -0.624198 -0.812506 1.246121
v -0.645423 -0.812506 1.246121
v -0.666649 -0.812506 1.246121
v -0.687875 -0.812506 1.246121
v -0.709101 -0.812506 1.246121
v -0.730327 -0.812506 1.246121
v -0.751552 -0.812506 1.246121
v -0.772778 -0.812506 1.246121
v -0.794004 -0.812506 1.246121
v -0.815230 -0.812506 1.246121
v -0.836456 -0.812506 1.246121
v -0.857681 -0.812506 1.246121
v -0.878907 -0.812506 1.246121
v -0.900133 -0.812506 1.246121
v -0.518069 -0.817991 1.246121
v -0.539294 -0.817991 1.246121
v -0.560520 -0.817991 1.246121
v -0.581746 -0.817991 1.246121
v -0.602972 -0.817991 1.246121
v -0.624198 -0.817991 1.246121
v -0.645423 -0.817991 1.246121
v -0.666649 -0.817991 1.246121
v -0.687875 -0.817991 1.246121
v -0.709101 -0.817991 1.246121
v -0.730327 -0.817991 1.246121
v -0.751552 -0.817991 1.246121
v -0.772778 -0.817991 1.246121
v -0.794004 -0.817991 1.246121
v -0.815230 -0.817991 1.246121
v -0.836456 -0.817991 1.246121
v -0.857681 -0.817991 1.246121
v -0.878907 -0.817991 1.246121
v -0.900133 -0.817991 1.246121
v -0.921359 -0.817991 1.235586
v -0.921359 -0.943776 1.235586
v -0.900133 -0.817991 1.235586
v -0.900133 -0.943776 1.235586
v -0.878907 -0.943776 1.235586
v -0.857681 -0.943776 1.235586
v -0.836456 -0.943776 1.235586
v -0.815230 -0.943776 1.235586
v -0.794004 -0.943776 1.235586
v -0.772778 -0.943776 1.235586
v -0.751552 -0.943776 1.235586
v -0.730327 -0.943776 1.235586
v -0.709101 -0.943776 1.235586
v -0.687875 -0.943776 1.235586
v -0.666649 -0.943776 1.235586
v -0.645423 -0.943776 1.235586
v -0.624198 -0.943776 1.235586
v -0.602972 -0.943776 1.235586
v -0.581746 -0.943776 1.235586
v -0.560520 -0.943776 1.235586
v -0.539294 -0.943776 1.235586
v -0.518069 -0.943776 1.235586
v -0.518069 -0.817991 1.235586
v -0.539294 -0.817991 1.235586
v -0.560520 -0.817991 1.235586
v -0.581746 -0.817991 1.235586
v -0.602972 -0.817991 1.235586
v -0.624198 -0.817991 1.235586
v -0.645423 -0.817991 1.235586
v -0.666649 -0.817991 1.235586
v -0.687875 -0.817991 1.235586
v -0.709101 -0.817991 1.235586
v -0.730327 -0.817991 1.235586
v -0.751552 -0.817991 1.235586
v -0.772778 -0.817991 1.235586
v -0.794004 -0.817991 1.235586
v -0.815230 -0.817991 1.235586
v -0.836456 -0.817991 1.235586
v -0.857681 -0.817991 1.235586
v -0.878907 -0.817991 1.235586
v -0.911335 -0.949393 1.141077
v -0.933806 -0.949393 1.141077
v -0.933806 -0.816232 1.141077
v -0.933806 -0.738789 1.141077
v -0.506866 -0.738789 1.141077
v -0.484396 -0.738789 1.141077
v -0.484396 -0.816232 1.141077
v -0.484396 -0.949393 1.141077
v -0.506866 -0.816232 1.141077
v -0.506866 -0.949393 1.141077
v -0.529337 -0.949393 1.141077
v -0.551807 -0.949393 1.141077
v -0.574278 -0.949393 1.141077
v -0.596748 -0.949393 1.141077
v -0.619219 -0.949393 1.141077
v -0.641689 -0.949393 1.141077
v -0.664160 -0.949393 1.141077
v -0.686630 -0.949393 1.141077
v -0.709101 -0.949393 1.141077
v -0.731571 -0.949393 1.141077
v -0.754042 -0.949393 1.141077
v -0.776512 -0.949393 1.141077
v -0.798983 -0.949393 1.141077
v -0.821453 -0.949393 1.141077
v -0.843924 -0.949393 1.141077
v -0.866394 -0.949393 1.141077
v -0.888865 -0.949393 1.141077
v -0.911335 -0.738789 1.141077
v -0.888865 -0.738789 1.141077
v -0.866394 -0.738789 1.141077
v -0.843924 -0.738789 1.141077
v -0.821453 -0.738789 1.141077
v -0.798983 -0.738789 1.141077
v -0.776512 -0.738789 1.141077
v -0.754042 -0.738789 1.141077
v -0.731571 -0.738789 1.141077
v -0.709101 -0.738789 1.141077
v -0.686630 -0.738789 1.141077
v -0.664160 -0.738789 1.141077
v -0.641689 -0.738789 1.141077
v -0.619219 -0.738789 1.141077
v -0.596748 -0.738789 1.141077
v -0.574278 -0.738789 1.141077
v -0.551807 -0.738789 1.141077
v -0.529337 -0.738789 1.141077
v -0.911335 -0.816232 1.141077
v -0.888865 -0.816232 1.141077
v -0.866394 -0.816232 1.141077
v -0.843924 -0.816232 1.141077
v -0.821453 -0.816232 1.141077
v -0.798983 -0.816232 1.141077
v -0.776512 -0.816232 1.141077
v -0.754042 -0.816232 1.141077
v -0.731571 -0.816232 1.141077
v -0.709101 -0.816232 1.141077
v -0.686630 -0.816232 1.141077
v -0.664160 -0.816232 1.141077
v -0.641689 -0.816232 1.141077
v -0.619219 -0.816232 1.141077
v -0.596748 -0.816232 1.141077
v -0.574278 -0.816232 1.141077
v -0.551807 -0.816232 1.141077
v -0.529337 -0.816232 1.141077
v 0.501671 -0.738789 1.220405
v 0.951081 -0.738789 1.220405
v 0.951081 -0.738860 1.270534
v 0.951081 -0.949393 1.270534
v 0.501671 -0.949393 1.270534
v 0.501671 -0.738860 1.270534
v 0.501671 -0.949393 1.141077
v 0.501671 -0.816232 1.141077
v 0.951081 -0.816232 1.141077
v 0.951081 -0.949393 1.141077
v 0.531631 -0.949393 1.270534
v 0.561592 -0.949393 1.270534
v 0.591553 -0.949393 1.270534
v 0.621514 -0.949393 1.270534
v 0.651474 -0.949393 1.270534
v 0.681435 -0.949393 1.270534
v 0.711396 -0.949393 1.270534
v 0.741356 -0.949393 1.270534
v 0.771317 -0.949393 1.270534
v 0.801278 -0.949393 1.270534
v 0.831238 -0.949393 1.270534
v 0.861199 -0.949393 1.270534
v 0.891160 -0.949393 1.270534
v 0.921121 -0.949393 1.270534
v 0.921121 -0.738860 1.270534
v 0.891160 -0.738860 1.270534
v 0.861199 -0.738860 1.270534
v 0.831238 -0.738860 1.270534
v 0.801278 -0.738860 1.270534
v 0.771317 -0.738860 1.270534
v 0.741356 -0.738860 1.270534
v 0.711396 -0.738860 1.270534
v 0.681435 -0.738860 1.270534
v 0.651474 -0.738860 1.270534
v 0.621514 -0.738860 1.270534
v 0.591553 -0.738860 1.270534
v 0.561592 -0.738860 1.270534
v 0.531631 -0.738860 1.270534
v 0.531631 -0.816232 1.141077
v 0.561592 -0.816232 1.141077
v 0.591553 -0.816232 1.141077
v 0.621514 -0.816232 1.141077
v 0.651474 -0.816232 1.141077
v 0.681435 -0.816232 1.141077
v 0.711396 -0.816232 1.141077
v 0.741356 -0.816232 1.141077
v 0.771317 -0.816232 1.141077
v 0.801278 -0.816232 1.141077
v 0.831238 -0.816232 1.141077
v 0.861199 -0.816232 1.141077
v 0.891160 -0.816232 1.141077
v 0.921121 -0.816232 1.141077
v 0.921121 -0.738789 1.220405
v 0.891160 -0.738789 1.220405
v 0.861199 -0.738789 1.220405
v 0.831238 -0.738789 1.220405
v 0.801278 -0.738789 1.220405
v 0.771317 -0.738789 1.220405
v 0.741356 -0.738789 1.220405
v 0.711396 -0.738789 1.220405
v 0.681435 -0.738789 1.220405
v 0.651474 -0.738789 1.220405
v 0.621514 -0.738789 1.220405
v 0.591553 -0.738789 1.220405
v 0.561592 -0.738789 1.220405
v 0.531631 -0.738789 1.220405
v 0.921121 -0.949393 1.141077
v 0.891160 -0.949393 1.141077
v 0.861199 -0.949393 1.141077
v 0.831238 -0.949393 1.141077
v 0.801278 -0.949393 1.141077
v 0.771317 -0.949393 1.141077
v 0.741356 -0.949393 1.141077
v 0.711396 -0.949393 1.141077
v 0.681435 -0.949393 1.141077
v 0.651474 -0.949393 1.141077
v 0.621514 -0.949393 1.141077
v 0.591553 -0.949393 1.141077
v 0.561592 -0.949393 1.141077
v 0.531631 -0.949393 1.141077
v 0.951081 -0.793347 1.270534
v 0.501671 -0.793347 1.270534
v 0.921121 -0.793347 1.270534
v 0.891160 -0.793347 1.270534
v 0.861199 -0.793347 1.270534
v 0.831238 -0.793347 1.270534
v 0.801278 -0.793347 1.270534
v 0.771317 -0.793347 1.270534
v 0.741356 -0.793347 1.270534
v 0.711396 -0.793347 1.270534
v 0.681435 -0.793347 1.270534
v 0.651474 -0.793347 1.270534
v 0.621514 -0.793347 1.270534
v 0.591553 -0.793347 1.270534
v 0.561592 -0.793347 1.270534
v 0.531631 -0.793347 1.270534
v 0.951081 -0.902371 1.270534
v 0.501671 -0.902371 1.270534
v 0.921121 -0.902371 1.270534
v 0.891160 -0.902371 1.270534
v 0.861199 -0.902371 1.270534
v 0.831238 -0.902371 1.270534
v 0.801278 -0.902371 1.270534
v 0.771317 -0.902371 1.270534
v 0.741356 -0.902371 1.270534
v 0.711396 -0.902371 1.270534
v 0.681435 -0.902371 1.270534
v 0.651474 -0.902371 1.270534
v 0.621514 -0.902371 1.270534
v 0.591553 -0.902371 1.270534
v 0.561592 -0.902371 1.270534
v 0.531631 -0.902371 1.270534
v 0.591553 -0.793347 1.255709
v 0.561592 -0.793347 1.255709
v 0.651474 -0.793347 1.255709
v 0.621514 -0.793347 1.255709
v 0.711396 -0.793347 1.255709
v 0.681435 -0.793347 1.255709
v 0.771317 -0.793347 1.255709
v 0.741356 -0.793347 1.255709
v 0.831238 -0.793347 1.255709
v 0.801278 -0.793347 1.255709
v 0.891160 -0.793347 1.255709
v 0.861199 -0.793347 1.255709
v 0.891160 -0.902371 1.255709
v 0.861199 -0.902371 1.255709
v 0.831238 -0.902371 1.255709
v 0.801278 -0.902371 1.255709
v 0.771317 -0.902371 1.255709
v 0.741356 -0.902371 1.255709
v 0.711396 -0.902371 1.255709
v 0.681435 -0.902371 1.255709
v 0.651474 -0.902371 1.255709
v 0.621514 -0.902371 1.255709
v 0.591553 -0.902371 1.255709
v 0.561592 -0.902371 1.255709
v 0.883370 -0.791666 1.244968
v 0.871575 -0.791666 1.244968
v 0.883370 -0.792729 1.255757
v 0.871575 -0.792729 1.255757
v 0.883370 -0.795876 1.266131
v 0.871575 -0.795876 1.266131
v 0.883370 -0.800986 1.275692
v 0.871575 -0.800986 1.275692
v 0.883370 -0.807864 1.284073
v 0.871575 -0.807864 1.284073
v 0.883370 -0.816244 1.290950
v 0.871575 -0.816244 1.290950
v 0.883370 -0.825805 1.296061
v 0.871575 -0.825805 1.296061
v 0.883370 -0.836180 1.299208
v 0.871575 -0.836180 1.299208
v 0.883370 -0.846969 1.300270
v 0.871575 -0.846969 1.300270
v 0.883370 -0.857758 1.299208
v 0.871575 -0.857758 1.299208
v 0.883370 -0.868132 1.296061
v 0.871575 -0.868132 1.296061
v 0.883370 -0.877693 1.290950
v 0.871575 -0.877693 1.290950
v 0.883370 -0.886073 1.284073
v 0.871575 -0.886073 1.284073
v 0.883370 -0.892951 1.275692
v 0.871575 -0.892951 1.275692
v 0.883370 -0.898061 1.266131
v 0.871575 -0.898061 1.266131
v 0.883370 -0.901208 1.255757
v 0.871575 -0.901208 1.255757
v 0.883370 -0.902271 1.244968
v 0.871575 -0.902271 1.244968
v 0.883370 -0.901208 1.234179
v 0.871575 -0.901208 1.234179
v 0.883370 -0.898061 1.223805
v 0.871575 -0.898061 1.223805
v 0.883370 -0.892951 1.214244
v 0.871575 -0.892951 1.214244
v 0.883370 -0.886073 1.205863
v 0.871575 -0.886073 1.205863
v 0.883370 -0.877693 1.198986
v 0.871575 -0.877693 1.198986
v 0.883370 -0.868132 1.193875
v 0.871575 -0.868132 1.193875
v 0.883370 -0.857758 1.190728
v 0.871575 -0.857758 1.190728
v 0.883370 -0.846969 1.189666
v 0.871575 -0.846969 1.189666
v 0.883370 -0.836180 1.190728
v 0.871575 -0.836180 1.190728
v 0.883370 -0.825805 1.193875
v 0.871575 -0.825805 1.193875
v 0.883370 -0.816244 1.198986
v 0.871575 -0.816244 1.198986
v 0.883370 -0.807864 1.205863
v 0.871575 -0.807864 1.205863
v 0.883370 -0.800986 1.214244
v 0.871575 -0.800986 1.214244
v 0.883370 -0.795876 1.223805
v 0.871575 -0.795876 1.223805
v 0.883370 -0.792729 1.234179
v 0.871575 -0.792729 1.234179
v 0.883370 -0.791666 1.244968
v 0.883370 -0.792729 1.255757
v 0.871575 -0.792729 1.255757
v 0.871575 -0.791666 1.244968
v 0.883370 -0.795876 1.266131
v 0.871575 -0.795876 1.266131
v 0.883370 -0.800986 1.275692
v 0.871575 -0.800986 1.275692
v 0.883370 -0.807864 1.284073
v 0.871575 -0.807864 1.284073
v 0.883370 -0.816244 1.290950
v 0.871575 -0.816244 1.290950
v 0.883370 -0.825805 1.296061
v 0.871575 -0.825805 1.296061
v 0.883370 -0.836180 1.299208
v 0.871575 -0.836180 1.299208
v 0.883370 -0.846969 1.300270
v 0.871575 -0.846969 1.300270
v 0.883370 -0.857758 1.299208
v 0.871575 -0.857758 1.299208
v 0.883370 -0.868132 1.296061
v 0.871575 -0.868132 1.296061
v 0.883370 -0.877693 1.290950
v 0.871575 -0.877693 1.290950
v 0.883370 -0.886073 1.284073
v 0.871575 -0.886073 1.284073
v 0.883370 -0.892951 1.275692
v 0.871575 -0.892951 1.275692
v 0.883370 -0.898061 1.266131
v 0.871575 -0.898061 1.266131
v 0.883370 -0.901208 1.255757
v 0.871575 -0.901208 1.255757
v 0.883370 -0.902271 1.244968
v 0.871575 -0.902271 1.244968
v 0.883370 -0.901208 1.234179
v 0.871575 -0.901208 1.234179
v 0.883370 -0.898061 1.223805
v 0.871575 -0.898061 1.223805
v 0.883370 -0.892951 1.214244
v 0.871575 -0.892951 1.214244
v 0.883370 -0.886073 1.205863
v 0.871575 -0.886073 1.205863
v 0.883370 -0.877693 1.198986
v 0.871575 -0.877693 1.198986
v 0.883370 -0.868132 1.193875
v 0.871575 -0.868132 1.193875
v 0.883370 -0.857758 1.190728
v 0.871575 -0.857758 1.190728
v 0.883370 -0.846969 1.189666
v 0.871575 -0.846969 1.189666
v 0.883370 -0.836180 1.190728
v 0.871575 -0.836180 1.190728
v 0.883370 -0.825805 1.193875
v 0.871575 -0.825805 1.193875
v 0.883370 -0.816244 1.198986
v 0.871575 -0.816244 1.198986
v 0.883370 -0.807864 1.205863
v 0.871575 -0.807864 1.205863
v 0.883370 -0.800986 1.214244
v 0.871575 -0.800986 1.214244
v 0.883370 -0.795876 1.223805
v 0.871575 -0.795876 1.223805
v 0.883370 -0.792729 1.234179
v 0.871575 -0.792729 1.234179
v 0.883370 -0.791666 1.244968
v 0.883370 -0.792729 1.255757
v 0.871575 -0.792729 1.255757
v 0.871575 -0.791666 1.244968
v 0.883370 -0.795876 1.266131
v 0.871575 -0.795876 1.266131
v 0.883370 -0.800986 1.275692
v 0.871575 -0.800986 1.275692
v 0.883370 -0.807864 1.284073
v 0.871575 -0.807864 1.284073
v 0.883370 -0.816244 1.290950
v 0.871575 -0.816244 1.290950
v 0.883370 -0.825805 1.296061
v 0.871575 -0.825805 1.296061
v 0.883370 -0.836180 1.299208
v 0.871575 -0.836180 1.299208
v 0.883370 -0.846969 1.300270
v 0.871575 -0.846969 1.300270
v 0.883370 -0.857758 1.299208
v 0.871575 -0.857758 1.299208
v 0.883370 -0.868132 1.296061
v 0.871575 -0.868132 1.296061
v 0.883370 -0.877693 1.290950
v 0.871575 -0.877693 1.290950
v 0.883370 -0.886073 1.284073
v 0.871575 -0.886073 1.284073
v 0.883370 -0.892951 1.275692
v 0.871575 -0.892951 1.275692
v 0.883370 -0.898061 1.266131
v 0.871575 -0.898061 1.266131
v 0.883370 -0.901208 1.255757
v 0.871575 -0.901208 1.255757
v 0.883370 -0.902271 1.244968
v 0.871575 -0.902271 1.244968
v 0.883370 -0.901208 1.234179
v 0.871575 -0.901208 1.234179
v 0.883370 -0.898061 1.223805
v 0.871575 -0.898061 1.223805
v 0.883370 -0.892951 1.214244
v 0.871575 -0.892951 1.214244
v 0.883370 -0.886073 1.205863
v 0.871575 -0.886073 1.205863
v 0.883370 -0.877693 1.198986
v 0.871575 -0.877693 1.198986
v 0.883370 -0.868132 1.193875
v 0.871575 -0.868132 1.193875
v 0.883370 -0.857758 1.190728
v 0.871575 -0.857758 1.190728
v 0.883370 -0.846969 1.189666
v 0.871575 -0.846969 1.189666
v 0.883370 -0.836180 1.190728
v 0.871575 -0.836180 1.190728
v 0.883370 -0.825805 1.193875
v 0.871575 -0.825805 1.193875
v 0.883370 -0.816244 1.198986
v 0.871575 -0.816244 1.198986
v 0.883370 -0.807864 1.205863
v 0.871575 -0.807864 1.205863
v 0.883370 -0.800986 1.214244
v 0.871575 -0.800986 1.214244
v 0.883370 -0.795876 1.223805
v 0.871575 -0.795876 1.223805
v 0.883370 -0.792729 1.234179
v 0.871575 -0.792729 1.234179
v 0.887741 -0.802116 1.244968
v 0.887741 -0.802978 1.253718
v 0.866310 -0.802978 1.253718
v 0.866310 -0.802116 1.244968
v 0.887741 -0.805530 1.262133
v 0.866310 -0.805530 1.262133
v 0.887741 -0.809675 1.269887
v 0.866310 -0.809675 1.269887
v 0.887741 -0.815253 1.276684
v 0.866310 -0.815253 1.276684
v 0.887741 -0.822050 1.282262
v 0.866310 -0.822050 1.282262
v 0.887741 -0.829804 1.286407
v 0.866310 -0.829804 1.286407
v 0.887741 -0.838218 1.288959
v 0.866310 -0.838218 1.288959
v 0.887741 -0.846969 1.289821
v 0.866310 -0.846969 1.289821
v 0.887741 -0.855719 1.288959
v 0.866310 -0.855719 1.288959
v 0.887741 -0.864133 1.286407
v 0.866310 -0.864133 1.286407
v 0.887741 -0.871888 1.282262
v 0.866310 -0.871888 1.282262
v 0.887741 -0.878684 1.276684
v 0.866310 -0.878684 1.276684
v 0.887741 -0.884262 1.269887
v 0.866310 -0.884262 1.269887
v 0.887741 -0.888407 1.262133
v 0.866310 -0.888407 1.262133
v 0.887741 -0.890960 1.253718
v 0.866310 -0.890960 1.253718
v 0.887741 -0.891821 1.244968
v 0.866310 -0.891821 1.244968
v 0.887741 -0.890960 1.236218
v 0.866310 -0.890960 1.236218
v 0.887741 -0.888407 1.227804
v 0.866310 -0.888407 1.227804
v 0.887741 -0.884262 1.220049
v 0.866310 -0.884262 1.220049
v 0.887741 -0.878684 1.213253
v 0.866310 -0.878684 1.213253
v 0.887741 -0.871888 1.207675
v 0.866310 -0.871888 1.207675
v 0.887741 -0.864133 1.203530
v 0.866310 -0.864133 1.203530
v 0.887741 -0.855719 1.200977
v 0.866310 -0.855719 1.200977
v 0.887741 -0.846969 1.200115
v 0.866310 -0.846969 1.200115
v 0.887741 -0.838218 1.200977
v 0.866310 -0.838218 1.200977
v 0.887741 -0.829804 1.203530
v 0.866310 -0.829804 1.203530
v 0.887741 -0.822050 1.207675
v 0.866310 -0.822050 1.207675
v 0.887741 -0.815253 1.213253
v 0.866310 -0.815253 1.213253
v 0.887741 -0.809675 1.220049
v 0.866310 -0.809675 1.220049
v 0.887741 -0.805530 1.227804
v 0.866310 -0.805530 1.227804
v 0.887741 -0.802978 1.236218
v 0.866310 -0.802978 1.236218
v 0.823362 -0.791666 1.244968
v 0.811567 -0.791666 1.244968
v 0.823362 -0.792729 1.255757
v 0.811567 -0.792729 1.255757
v 0.823362 -0.795876 1.266131
v 0.811567 -0.795876 1.266131
v 0.823362 -0.800986 1.275692
v 0.811567 -0.800986 1.275692
v 0.823362 -0.807864 1.284073
v 0.811567 -0.807864 1.284073
v 0.823362 -0.816244 1.290950
v 0.811567 -0.816244 1.290950
v 0.823362 -0.825805 1.296061
v 0.811567 -0.825805 1.296061
v 0.823362 -0.836180 1.299208
v 0.811567 -0.836180 1.299208
v 0.823362 -0.846969 1.300270
v 0.811567 -0.846969 1.300270
v 0.823362 -0.857758 1.299208
v 0.811567 -0.857758 1.299208
v 0.823362 -0.868132 1.296061
v 0.811567 -0.868132 1.296061
v 0.823362 -0.877693 1.290950
v 0.811567 -0.877693 1.290950
v 0.823362 -0.886073 1.284073
v 0.811567 -0.886073 1.284073
v 0.823362 -0.892951 1.275692
v 0.811567 -0.892951 1.275692
v 0.823362 -0.898061 1.266131
v 0.811567 -0.898061 1.266131
v 0.823362 -0.901208 1.255757
v 0.811567 -0.901208 1.255757
v 0.823362 -0.902271 1.244968
v 0.811567 -0.902271 1.244968
v 0.823362 -0.901208 1.234179
v 0.811567 -0.901208 1.234179
v 0.823362 -0.898061 1.223805
v 0.811567 -0.898061 1.223805
v 0.823362 -0.892951 1.214244
v 0.811567 -0.892951 1.214244
v 0.823362 -0.886073 1.205863
v 0.811567 -0.886073 1.205863
v 0.823362 -0.877693 1.198986
v 0.811567 -0.877693 1.198986
v 0.823362 -0.868132 1.193875
v 0.811567 -0.868132 1.193875
v 0.823362 -0.857758 1.190728
v 0.811567 -0.857758 1.190728
v 0.823362 -0.846969 1.189666
v 0.811567 -0.846969 1.189666
v 0.823362 -0.836180 1.190728
v 0.811567 -0.836180 1.190728
v 0.823362 -0.825805 1.193875
v 0.811567 -0.825805 1.193875
v 0.823362 -0.816244 1.198986
v 0.811567 -0.816244 1.198986
v 0.823362 -0.807864 1.205863
v 0.811567 -0.807864 1.205863
v 0.823362 -0.800986 1.214244
v 0.811567 -0.800986 1.214244
v 0.823362 -0.795876 1.223805
v 0.811567 -0.795876 1.223805
v 0.823362 -0.792729 1.234179
v 0.811567 -0.792729 1.234179
v 0.823362 -0.791666 1.244968
v 0.823362 -0.792729 1.255757
v 0.811567 -0.792729 1.255757
v 0.811567 -0.791666 1.244968
v 0.823362 -0.795876 1.266131
v 0.811567 -0.795876 1.266131
v 0.823362 -0.800986 1.275692
v 0.811567 -0.800986 1.275692
v 0.823362 -0.807864 1.284073
v 0.811567 -0.807864 1.284073
v 0.823362 -0.816244 1.290950
v 0.811567 -0.816244 1.290950
v 0.823362 -0.825805 1.296061
v 0.811567 -0.825805 1.296061
v 0.823362 -0.836180 1.299208
v 0.811567 -0.836180 1.299208
v 0.823362 -0.846969 1.300270
v 0.811567 -0.846969 1.300270
v 0.823362 -0.857758 1.299208
v 0.811567 -0.857758 1.299208
v 0.823362 -0.868132 1.296061
v 0.811567 -0.868132 1.296061
v 0.823362 -0.877693 1.290950
v 0.811567 -0.877693 1.290950
v 0.823362 -0.886073 1.284073
v 0.811567 -0.886073 1.284073
v 0.823362 -0.892951 1.275692
v 0.811567 -0.892951 1.275692
v 0.823362 -0.898061 1.266131
v 0.811567 -0.898061 1.266131
v 0.823362 -0.901208 1.255757
v 0.811567 -0.901208 1.255757
v 0.823362 -0.902271 1.244968
v 0.811567 -0.902271 1.244968
v 0.823362 -0.901208 1.234179
v 0.811567 -0.901208 1.234179
v 0.823362 -0.898061 1.223805
v 0.811567 -0.898061 1.223805
v 0.823362 -0.892951 1.214244
v 0.811567 -0.892951 1.214244
v 0.823362 -0.886073 1.205863
v 0.811567 -0.886073 1.205863
v 0.823362 -0.877693 1.198986
v 0.811567 -0.877693 1.198986
v 0.823362 -0.868132 1.193875
v 0.811567 -0.868132 1.193875
v 0.823362 -0.857758 1.190728
v 0.811567 -0.857758 1.190728
v 0.823362 -0.846969 1.189666
v 0.811567 -0.846969 1.189666
v 0.823362 -0.836180 1.190728
v 0.811567 -0.836180 1.190728
v 0.823362 -0.825805 1.193875
v 0.811567 -0.825805 1.193875
v 0.823362 -0.816244 1.198986
v 0.811567 -0.816244 1.198986
v 0.823362 -0.807864 1.205863
v 0.811567 -0.807864 1.205863
v 0.823362 -0.800986 1.214244
v 0.811567 -0.800986 1.214244
v 0.823362 -0.795876 1.223805
v 0.811567 -0.795876 1.223805
v 0.823362 -0.792729 1.234179
v 0.811567 -0.792729 1.234179
v 0.823362 -0.791666 1.244968
v 0.823362 -0.792729 1.255757
v 0.811567 -0.792729 1.255757
v 0.811567 -0.791666 1.244968
v 0.823362 -0.795876 1.266131
v 0.811567 -0.795876 1.266131
v 0.823362 -0.800986 1.275692
v 0.811567 -0.800986 1.275692
v 0.823362 -0.807864 1.284073
v 0.811567 -0.807864 1.284073
v 0.823362 -0.816244 1.290950
v 0.811567 -0.816244 1.290950
v 0.823362 -0.825805 1.296061
v 0.811567 -0.825805 1.296061
v 0.823362 -0.836180 1.299208
v 0.811567 -0.836180 1.299208
v 0.823362 -0.846969 1.300270
v 0.811567 -0.846969 1.300270
v 0.823362 -0.857758 1.299208
v 0.811567 -0.857758 1.299208
v 0.823362 -0.868132 1.296061
v 0.811567 -0.868132 1.296061
v 0.823362 -0.877693 1.290950
v 0.811567 -0.877693 1.290950
v 0.823362 -0.886073 1.284073
v 0.811567 -0.886073 1.284073
v 0.823362 -0.892951 1.275692
v 0.811567 -0.892951 1.275692
v 0.823362 -0.898061 1.266131
v 0.811567 -0.898061 1.266131
v 0.823362 -0.901208 1.255757
v 0.811567 -0.901208 1.255757
v 0.823362 -0.902271 1.244968
v 0.811567 -0.902271 1.244968
v 0.823362 -0.901208 1.234179
v 0.811567 -0.901208 1.234179
v 0.823362 -0.898061 1.223805
v 0.811567 -0.898061 1.223805
v 0.823362 -0.892951 1.214244
v 0.811567 -0.892951 1.214244
v 0.823362 -0.886073 1.205863
v 0.811567 -0.886073 1.205863
v 0.823362 -0.877693 1.198986
v 0.811567 -0.877693 1.198986
v 0.823362 -0.868132 1.193875
v 0.811567 -0.868132 1.193875
v 0.823362 -0.857758 1.190728
v 0.811567 -0.857758 1.190728
v 0.823362 -0.846969 1.189666
v 0.811567 -0.846969 1.189666
v 0.823362 -0.836180 1.190728
v 0.811567 -0.836180 1.190728
v 0.823362 -0.825805 1.193875
v 0.811567 -0.825805 1.193875
v 0.823362 -0.816244 1.198986
v 0.811567 -0.816244 1.198986
v 0.823362 -0.807864 1.205863
v 0.811567 -0.807864 1.205863
v 0.823362 -0.800986 1.214244
v 0.811567 -0.800986 1.214244
v 0.823362 -0.795876 1.223805
v 0.811567 -0.795876 1.223805
v 0.823362 -0.792729 1.234179
v 0.811567 -0.792729 1.234179
v 0.827733 -0.802116 1.244968
v 0.827733 -0.802978 1.253718
v 0.806302 -0.802978 1.253718
v 0.806302 -0.802116 1.244968
v 0.827733 -0.805530 1.262133
v 0.806302 -0.805530 1.262133
v 0.827733 -0.809675 1.269887
v 0.806302 -0.809675 1.269887
v 0.827733 -0.815253 1.276684
v 0.806302 -0.815253 1.276684
v 0.827733 -0.822050 1.282262
v 0.806302 -0.822050 1.282262
v 0.827733 -0.829804 1.286407
v 0.806302 -0.829804 1.286407
v 0.827733 -0.838218 1.288959
v 0.806302 -0.838218 1.288959
v 0.827733 -0.846969 1.289821
v 0.806302 -0.846969 1.289821
v 0.827733 -0.855719 1.288959
v 0.806302 -0.855719 1.288959
v 0.827733 -0.864133 1.286407
v 0.806302 -0.864133 1.286407
v 0.827733 -0.871888 1.282262
v 0.806302 -0.871888 1.282262
v 0.827733 -0.878684 1.276684
v 0.806302 -0.878684 1.276684
v 0.827733 -0.884262 1.269887
v 0.806302 -0.884262 1.269887
v 0.827733 -0.888407 1.262133
v 0.806302 -0.888407 1.262133
v 0.827733 -0.890960 1.253718
v 0.806302 -0.890960 1.253718
v 0.827733 -0.891821 1.244968
v 0.806302 -0.891821 1.244968
v 0.827733 -0.890960 1.236218
v 0.806302 -0.890960 1.236218
v 0.827733 -0.888407 1.227804
v 0.806302 -0.888407 1.227804
v 0.827733 -0.884262 1.220049
v 0.806302 -0.884262 1.220049
v 0.827733 -0.878684 1.213253
v 0.806302 -0.878684 1.213253
v 0.827733 -0.871888 1.207675
v 0.806302 -0.871888 1.207675
v 0.827733 -0.864133 1.203530
v 0.806302 -0.864133 1.203530
v 0.827733 -0.855719 1.200977
v 0.806302 -0.855719 1.200977
v 0.827733 -0.846969 1.200115
v 0.806302 -0.846969 1.200115
v 0.827733 -0.838218 1.200977
v 0.806302 -0.838218 1.200977
v 0.827733 -0.829804 1.203530
v 0.806302 -0.829804 1.203530
v 0.827733 -0.822050 1.207675
v 0.806302 -0.822050 1.207675
v 0.827733 -0.815253 1.213253
v 0.806302 -0.815253 1.213253
v 0.827733 -0.809675 1.220049
v 0.806302 -0.809675 1.220049
v 0.827733 -0.805530 1.227804
v 0.806302 -0.805530 1.227804
v 0.827733 -0.802978 1.236218
v 0.806302 -0.802978 1.236218
v 0.763354 -0.791666 1.244968
v 0.751559 -0.791666 1.244968
v 0.763354 -0.792729 1.255757
v 0.751559 -0.792729 1.255757
v 0.763354 -0.795876 1.266131
v 0.751559 -0.795876 1.266131
v 0.763354 -0.800986 1.275692
v 0.751559 -0.800986 1.275692
v 0.763354 -0.807864 1.284073
v 0.751559 -0.807864 1.284073
v 0.763354 -0.816244 1.290950
v 0.751559 -0.816244 1.290950
v 0.763354 -0.825805 1.296061
v 0.751559 -0.825805 1.296061
v 0.763354 -0.836180 1.299208
v 0.751559 -0.836180 1.299208
v 0.763354 -0.846969 1.300270
v 0.751559 -0.846969 1.300270
v 0.763354 -0.857758 1.299208
v 0.751559 -0.857758 1.299208
v 0.763354 -0.868132 1.296061
v 0.751559 -0.868132 1.296061
v 0.763354 -0.877693 1.290950
v 0.751559 -0.877693 1.290950
v 0.763354 -0.886073 1.284073
v 0.751559 -0.886073 1.284073
v 0.763354 -0.892951 1.275692
v 0.751559 -0.892951 1.275692
v 0.763354 -0.898061 1.266131
v 0.751559 -0.898061 1.266131
v 0.763354 -0.901208 1.255757
v 0.751559 -0.901208 1.255757
v 0.763354 -0.902271 1.244968
v 0.751559 -0.902271 1.244968
v 0.763354 -0.901208 1.234179
v 0.751559 -0.901208 1.234179
v 0.763354 -0.898061 1.223805
v 0.751559 -0.898061 1.223805
v 0.763354 -0.892951 1.214244
v 0.751559 -0.892951 1.214244
v 0.763354 -0.886073 1.205863
v 0.751559 -0.886073 1.205863
v 0.763354 -0.877693 1.198986
v 0.751559 -0.877693 1.198986
v 0.763354 -0.868132 1.193875
v 0.751559 -0.868132 1.193875
v 0.763354 -0.857758 1.190728
v 0.751559 -0.857758 1.190728
v 0.763354 -0.846969 1.189666
v 0.751559 -0.846969 1.189666
v 0.763354 -0.836180 1.190728
v 0.751559 -0.836180 1.190728
v 0.763354 -0.825805 1.193875
v 0.751559 -0.825805 1.193875
v 0.763354 -0.816244 1.198986
v 0.751559 -0.816244 1.198986
v 0.763354 -0.807864 1.205863
v 0.751559 -0.807864 1.205863
v 0.763354 -0.800986 1.214244
v 0.751559 -0.800986 1.214244
v 0.763354 -0.795876 1.223805
v 0.751559 -0.795876 1.223805
v 0.763354 -0.792729 1.234179
v 0.751559 -0.792729 1.234179
v 0.763354 -0.791666 1.244968
v 0.763354 -0.792729 1.255757
v 0.751559 -0.792729 1.255757
v 0.751559 -0.791666 1.244968
v 0.763354 -0.795876 1.266131
v 0.751559 -0.795876 1.266131
v 0.763354 -0.800986 1.275692
v 0.751559 -0.800986 1.275692
v 0.763354 -0.807864 1.284073
v 0.751559 -0.807864 1.284073
v 0.763354 -0.816244 1.290950
v 0.751559 -0.816244 1.290950
v 0.763354 -0.825805 1.296061
v 0.751559 -0.825805 1.296061
v 0.763354 -0.836180 1.299208
v 0.751559 -0.836180 1.299208
v 0.763354 -0.846969 1.300270
v 0.751559 -0.846969 1.300270
v 0.763354 -0.857758 1.299208
v 0.751559 -0.857758 1.299208
v 0.763354 -0.868132 1.296061
v 0.751559 -0.868132 1.296061
v 0.763354 -0.877693 1.290950
v 0.751559 -0.877693 1.290950
v 0.763354 -0.886073 1.284073
v 0.751559 -0.886073 1.284073
v 0.763354 -0.892951 1.275692
v 0.751559 -0.892951 1.275692
v 0.763354 -0.898061 1.266131
v 0.751559 -0.898061 1.266131
v 0.763354 -0.901208 1.255757
v 0.751559 -0.901208 1.255757
v 0.763354 -0.902271 1.244968
v 0.751559 -0.902271 1.244968
v 0.763354 -0.901208 1.234179
v 0.751559 -0.901208 1.234179
v 0.763354 -0.898061 1.223805
v 0.751559 -0.898061 1.223805
v 0.763354 -0.892951 1.214244
v 0.751559 -0.892951 1.214244
v 0.763354 -0.886073 1.205863
v 0.751559 -0.886073 1.205863
v 0.763354 -0.877693 1.198986
v 0.751559 -0.877693 1.198986
v 0.763354 -0.868132 1.193875
v 0.751559 -0.868132 1.193875
v 0.763354 -0.857758 1.190728
v 0.751559 -0.857758 1.190728
v 0.763354 -0.846969 1.189666
v 0.751559 -0.846969 1.189666
v 0.763354 -0.836180 1.190728
v 0.751559 -0.836180 1.190728
v 0.763354 -0.825805 1.193875
v 0.751559 -0.825805 1.193875
v 0.763354 -0.816244 1.198986
v 0.751559 -0.816244 1.198986
v 0.763354 -0.807864 1.205863
v 0.751559 -0.807864 1.205863
v 0.763354 -0.800986 1.214244
v 0.751559 -0.800986 1.214244
v 0.763354 -0.795876 1.223805
v 0.751559 -0.795876 1.223805
v 0.763354 -0.792729 1.234179
v 0.751559 -0.792729 1.234179
v 0.763354 -0.791666 1.244968
v 0.763354 -0.792729 1.255757
v 0.751559 -0.792729 1.255757
v 0.751559 -0.791666 1.244968
v 0.763354 -0.795876 1.266131
v 0.751559 -0.795876 1.266131
v 0.763354 -0.800986 1.275692
v 0.751559 -0.800986 1.275692
v 0.763354 -0.807864 1.284073
v 0.751559 -0.807864 1.284073
v 0.763354 -0.816244 1.290950
v 0.751559 -0.816244 1.290950
v 0.763354 -0.825805 1.296061
v 0.751559 -0.825805 1.296061
v 0.763354 -0.836180 1.299208
v 0.751559 -0.836180 1.299208
v 0.763354 -0.846969 1.300270
v 0.751559 -0.846969 1.300270
v 0.763354 -0.857758 1.299208
v 0.751559 -0.857758 1.299208
v 0.763354 -0.868132 1.296061
v 0.751559 -0.868132 1.296061
v 0.763354 -0.877693 1.290950
v 0.751559 -0.877693 1.290950
v 0.763354 -0.886073 1.284073
v 0.751559 -0.886073 1.284073
v 0.763354 -0.892951 1.275692
v 0.751559 -0.892951 1.275692
v 0.763354 -0.898061 1.266131
v 0.751559 -0.898061 1.266131
v 0.763354 -0.901208 1.255757
v 0.751559 -0.901208 1.255757
v 0.763354 -0.902271 1.244968
v 0.751559 -0.902271 1.244968
v 0.763354 -0.901208 1.234179
v 0.751559 -0.901208 1.234179
v 0.763354 -0.898061 1.223805
v 0.751559 -0.898061 1.223805
v 0.763354 -0.892951 1.214244
v 0.751559 -0.892951 1.214244
v 0.763354 -0.886073 1.205863
v 0.751559 -0.886073 1.205863
v 0.763354 -0.877693 1.198986
v 0.751559 -0.877693 1.198986
v 0.763354 -0.868132 1.193875
v 0.751559 -0.868132 1.193875
v 0.763354 -0.857758 1.190728
v 0.751559 -0.857758 1.190728
v 0.763354 -0.846969 1.189666
v 0.751559 -0.846969 1.189666
v 0.763354 -0.836180 1.190728
v 0.751559 -0.836180 1.190728
v 0.763354 -0.825805 1.193875
v 0.751559 -0.825805 1.193875
v 0.763354 -0.816244 1.198986
v 0.751559 -0.816244 1.198986
v 0.763354 -0.807864 1.205863
v 0.751559 -0.807864 1.205863
v 0.763354 -0.800986 1.214244
v 0.751559 -0.800986 1.214244
v 0.763354 -0.795876 1.223805
v 0.751559 -0.795876 1.223805
v 0.763354 -0.792729 1.234179
v 0.751559 -0.792729 1.234179
v 0.767725 -0.802116 1.244968
v 0.767725 -0.802978 1.253718
v 0.746294 -0.802978 1.253718
v 0.746294 -0.802116 1.244968
v 0.767725 -0.805530 1.262133
v 0.746294 -0.805530 1.262133
v 0.767725 -0.809675 1.269887
v 0.746294 -0.809675 1.269887
v 0.767725 -0.815253 1.276684
v 0.746294 -0.815253 1.276684
v 0.767725 -0.822050 1.282262
v 0.746294 -0.822050 1.282262
v 0.767725 -0.829804 1.286407
v 0.746294 -0.829804 1.286407
v 0.767725 -0.838218 1.288959
v 0.746294 -0.838218 1.288959
v 0.767725 -0.846969 1.289821
v 0.746294 -0.846969 1.289821
v 0.767725 -0.855719 1.288959
v 0.746294 -0.855719 1.288959
v 0.767725 -0.864133 1.286407
v 0.746294 -0.864133 1.286407
v 0.767725 -0.871888 1.282262
v 0.746294 -0.871888 1.282262
v 0.767725 -0.878684 1.276684
v 0.746294 -0.878684 1.276684
v 0.767725 -0.884262 1.269887
v 0.746294 -0.884262 1.269887
v 0.767725 -0.888407 1.262133
v 0.746294 -0.888407 1.262133
v 0.767725 -0.890960 1.253718
v 0.746294 -0.890960 1.253718
v 0.767725 -0.891821 1.244968
v 0.746294 -0.891821 1.244968
v 0.767725 -0.890960 1.236218
v 0.746294 -0.890960 1.236218
v 0.767725 -0.888407 1.227804
v 0.746294 -0.888407 1.227804
v 0.767725 -0.884262 1.220049
v 0.746294 -0.884262 1.220049
v 0.767725 -0.878684 1.213253
v 0.746294 -0.878684 1.213253
v 0.767725 -0.871888 1.207675
v 0.746294 -0.871888 1.207675
v 0.767725 -0.864133 1.203530
v 0.746294 -0.864133 1.203530
v 0.767725 -0.855719 1.200977
v 0.746294 -0.855719 1.200977
v 0.767725 -0.846969 1.200115
v 0.746294 -0.846969 1.200115
v 0.767725 -0.838218 1.200977
v 0.746294 -0.838218 1.200977
v 0.767725 -0.829804 1.203530
v 0.746294 -0.829804 1.203530
v 0.767725 -0.822050 1.207675
v 0.746294 -0.822050 1.207675
v 0.767725 -0.815253 1.213253
v 0.746294 -0.815253 1.213253
v 0.767725 -0.809675 1.220049
v 0.746294 -0.809675 1.220049
v 0.767725 -0.805530 1.227804
v 0.746294 -0.805530 1.227804
v 0.767725 -0.802978 1.236218
v 0.746294 -0.802978 1.236218
v 0.703346 -0.791666 1.244968
v 0.691551 -0.791666 1.244968
v 0.703346 -0.792729 1.255757
v 0.691551 -0.792729 1.255757
v 0.703346 -0.795876 1.266131
v 0.691551 -0.795876 1.266131
v 0.703346 -0.800986 1.275692
v 0.691551 -0.800986 1.275692
v 0.703346 -0.807864 1.284073
v 0.691551 -0.807864 1.284073
v 0.703346 -0.816244 1.290950
v 0.691551 -0.816244 1.290950
v 0.703346 -0.825805 1.296061
v 0.691551 -0.825805 1.296061
v 0.703346 -0.836180 1.299208
v 0.691551 -0.836180 1.299208
v 0.703346 -0.846969 1.300270
v 0.691551 -0.846969 1.300270
v 0.703346 -0.857758 1.299208
v 0.691551 -0.857758 1.299208
v 0.703346 -0.868132 1.296061
v 0.691551 -0.868132 1.296061
v 0.703346 -0.877693 1.290950
v 0.691551 -0.877693 1.290950
v 0.703346 -0.886073 1.284073
v 0.691551 -0.886073 1.284073
v 0.703346 -0.892951 1.275692
v 0.691551 -0.892951 1.275692
v 0.703346 -0.898061 1.266131
v 0.691551 -0.898061 1.266131
v 0.703346 -0.901208 1.255757
v 0.691551 -0.901208 1.255757
v 0.703346 -0.902271 1.244968
v 0.691551 -0.902271 1.244968
v 0.703346 -0.901208 1.234179
v 0.691551 -0.901208 1.234179
v 0.703346 -0.898061 1.223805
v 0.691551 -0.898061 1.223805
v 0.703346 -0.892951 1.214244
v 0.691551 -0.892951 1.214244
v 0.703346 -0.886073 1.205863
v 0.691551 -0.886073 1.205863
v 0.703346 -0.877693 1.198986
v 0.691551 -0.877693 1.198986
v 0.703346 -0.868132 1.193875
v 0.691551 -0.868132 1.193875
v 0.703346 -0.857758 1.190728
v 0.691551 -0.857758 1.190728
v 0.703346 -0.846969 1.189666
v 0.691551 -0.846969 1.189666
v 0.703346 -0.836180 1.190728
v 0.691551 -0.836180 1.190728
v 0.703346 -0.825805 1.193875
v 0.691551 -0.825805 1.193875
v 0.703346 -0.816244 1.198986
v 0.691551 -0.816244 1.198986
v 0.703346 -0.807864 1.205863
v 0.691551 -0.807864 1.205863
v 0.703346 -0.800986 1.214244
v 0.691551 -0.800986 1.214244
v 0.703346 -0.795876 1.223805
v 0.691551 -0.795876 1.223805
v 0.703346 -0.792729 1.234179
v 0.691551 -0.792729 1.234179
v 0.703346 -0.791666 1.244968
v 0.703346 -0.792729 1.255757
v 0.691551 -0.792729 1.255757
v 0.691551 -0.791666 1.244968
v 0.703346 -0.795876 1.266131
v 0.691551 -0.795876 1.266131
v 0.703346 -0.800986 1.275692
v 0.691551 -0.800986 1.275692
v 0.703346 -0.807864 1.284073
v 0.691551 -0.807864 1.284073
v 0.703346 -0.816244 1.290950
v 0.691551 -0.816244 1.290950
v 0.703346 -0.825805 1.296061
v 0.691551 -0.825805 1.296061
v 0.703346 -0.836180 1.299208
v 0.691551 -0.836180 1.299208
v 0.703346 -0.846969 1.300270
v 0.691551 -0.846969 1.300270
v 0.703346 -0.857758 1.299208
v 0.691551 -0.857758 1.299208
v 0.703346 -0.868132 1.296061
v 0.691551 -0.868132 1.296061
v 0.703346 -0.877693 1.290950
v 0.691551 -0.877693 1.290950
v 0.703346 -0.886073 1.284073
v 0.691551 -0.886073 1.284073
v 0.703346 -0.892951 1.275692
v 0.691551 -0.892951 1.275692
v 0.703346 -0.898061 1.266131
v 0.691551 -0.898061 1.266131
v 0.703346 -0.901208 1.255757
v 0.691551 -0.901208 1.255757
v 0.703346 -0.902271 1.244968
v 0.691551 -0.902271 1.244968
v 0.703346 -0.901208 1.234179
v 0.691551 -0.901208 1.234179
v 0.703346 -0.898061 1.223805
v 0.691551 -0.898061 1.223805
v 0.703346 -0.892951 1.214244
v 0.691551 -0.892951 1.214244
v 0.703346 -0.886073 1.205863
v 0.691551 -0.886073 1.205863
v 0.703346 -0.877693 1.198986
v 0.691551 -0.877693 1.198986
v 0.703346 -0.868132 1.193875
v 0.691551 -0.868132 1.193875
v 0.703346 -0.857758 1.190728
v 0.691551 -0.857758 1.190728
v 0.703346 -0.846969 1.189666
v 0.691551 -0.846969 1.189666
v 0.703346 -0.836180 1.190728
v 0.691551 -0.836180 1.190728
v 0.703346 -0.825805 1.193875
v 0.691551 -0.825805 1.193875
v 0.703346 -0.816244 1.198986
v 0.691551 -0.816244 1.198986
v 0.703346 -0.807864 1.205863
v 0.691551 -0.807864 1.205863
v 0.703346 -0.800986 1.214244
v 0.691551 -0.800986 1.214244
v 0.703346 -0.795876 1.223805
v 0.691551 -0.795876 1.223805
v 0.703346 -0.792729 1.234179
v 0.691551 -0.792729 1.234179
v 0.703346 -0.791666 1.244968
v 0.703346 -0.792729 1.255757
v 0.691551 -0.792729 1.255757
v 0.691551 -0.791666 1.244968
v 0.703346 -0.795876 1.266131
v 0.691551 -0.795876 1.266131
v 0.703346 -0.800986 1.275692
v 0.691551 -0.800986 1.275692
v 0.703346 -0.807864 1.284073
v 0.691551 -0.807864 1.284073
v 0.703346 -0.816244 1.290950
v 0.691551 -0.816244 1.290950
v 0.703346 -0.825805 1.296061
v 0.691551 -0.825805 1.296061
v 0.703346 -0.836180 1.299208
v 0.691551 -0.836180 1.299208
v 0.703346 -0.846969 1.300270
v 0.691551 -0.846969 1.300270
v 0.703346 -0.857758 1.299208
v 0.691551 -0.857758 1.299208
v 0.703346 -0.868132 1.296061
v 0.691551 -0.868132 1.296061
v 0.703346 -0.877693 1.290950
v 0.691551 -0.877693 1.290950
v 0.703346 -0.886073 1.284073
v 0.691551 -0.886073 1.284073
v 0.703346 -0.892951 1.275692
v 0.691551 -0.892951 1.275692
v 0.703346 -0.898061 1.266131
v 0.691551 -0.898061 1.266131
v 0.703346 -0.901208 1.255757
v 0.691551 -0.901208 1.255757
v 0.703346 -0.902271 1.244968
v 0.691551 -0.902271 1.244968
v 0.703346 -0.901208 1.234179
v 0.691551 -0.901208 1.234179
v 0.703346 -0.898061 1.223805
v 0.691551 -0.898061 1.223805
v 0.703346 -0.892951 1.214244
v 0.691551 -0.892951 1.214244
v 0.703346 -0.886073 1.205863
v 0.691551 -0.886073 1.205863
v 0.703346 -0.877693 1.198986
v 0.691551 -0.877693 1.198986
v 0.703346 -0.868132 1.193875
v 0.691551 -0.868132 1.193875
v 0.703346 -0.857758 1.190728
v 0.691551 -0.857758 1.190728
v 0.703346 -0.846969 1.189666
v 0.691551 -0.846969 1.189666
v 0.703346 -0.836180 1.190728
v 0.691551 -0.836180 1.190728
v 0.703346 -0.825805 1.193875
v 0.691551 -0.825805 1.193875
v 0.703346 -0.816244 1.198986
v 0.691551 -0.816244 1.198986
v 0.703346 -0.807864 1.205863
v 0.691551 -0.807864 1.205863
v 0.703346 -0.800986 1.214244
v 0.691551 -0.800986 1.214244
v 0.703346 -0.795876 1.223805
v 0.691551 -0.795876 1.223805
v 0.703346 -0.792729 1.234179
v 0.691551 -0.792729 1.234179
v 0.707718 -0.802116 1.244968
v 0.707718 -0.802978 1.253718
v 0.686286 -0.802978 1.253718
v 0.686286 -0.802116 1.244968
v 0.707718 -0.805530 1.262133
v 0.686286 -0.805530 1.262133
v 0.707718 -0.809675 1.269887
v 0.686286 -0.809675 1.269887
v 0.707718 -0.815253 1.276684
v 0.686286 -0.815253 1.276684
v 0.707718 -0.822050 1.282262
v 0.686286 -0.822050 1.282262
v 0.707718 -0.829804 1.286407
v 0.686286 -0.829804 1.286407
v 0.707718 -0.838218 1.288959
v 0.686286 -0.838218 1.288959
v 0.707718 -0.846969 1.289821
v 0.686286 -0.846969 1.289821
v 0.707718 -0.855719 1.288959
v 0.686286 -0.855719 1.288959
v 0.707718 -0.864133 1.286407
v 0.686286 -0.864133 1.286407
v 0.707718 -0.871888 1.282262
v 0.686286 -0.871888 1.282262
v 0.707718 -0.878684 1.276684
v 0.686286 -0.878684 1.276684
v 0.707718 -0.884262 1.269887
v 0.686286 -0.884262 1.269887
v 0.707718 -0.888407 1.262133
v 0.686286 -0.888407 1.262133
v 0.707718 -0.890960 1.253718
v 0.686286 -0.890960 1.253718
v 0.707718 -0.891821 1.244968
v 0.686286 -0.891821 1.244968
v 0.707718 -0.890960 1.236218
v 0.686286 -0.890960 1.236218
v 0.707718 -0.888407 1.227804
v 0.686286 -0.888407 1.227804
v 0.707718 -0.884262 1.220049
v 0.686286 -0.884262 1.220049
v 0.707718 -0.878684 1.213253
v 0.686286 -0.878684 1.213253
v 0.707718 -0.871888 1.207675
v 0.686286 -0.871888 1.207675
v 0.707718 -0.864133 1.203530
v 0.686286 -0.864133 1.203530
v 0.707718 -0.855719 1.200977
v 0.686286 -0.855719 1.200977
v 0.707718 -0.846969 1.200115
v 0.686286 -0.846969 1.200115
v 0.707718 -0.838218 1.200977
v 0.686286 -0.838218 1.200977
v 0.707718 -0.829804 1.203530
v 0.686286 -0.829804 1.203530
v 0.707718 -0.822050 1.207675
v 0.686286 -0.822050 1.207675
v 0.707718 -0.815253 1.213253
v 0.686286 -0.815253 1.213253
v 0.707718 -0.809675 1.220049
v 0.686286 -0.809675 1.220049
v 0.707718 -0.805530 1.227804
v 0.686286 -0.805530 1.227804
v 0.707718 -0.802978 1.236218
v 0.686286 -0.802978 1.236218
v 0.643339 -0.791666 1.244968
v 0.631544 -0.791666 1.244968
v 0.643339 -0.792729 1.255757
v 0.631544 -0.792729 1.255757
v 0.643339 -0.795876 1.266131
v 0.631544 -0.795876 1.266131
v 0.643339 -0.800986 1.275692
v 0.631544 -0.800986 1.275692
v 0.643339 -0.807864 1.284073
v 0.631544 -0.807864 1.284073
v 0.643339 -0.816244 1.290950
v 0.631544 -0.816244 1.290950
v 0.643339 -0.825805 1.296061
v 0.631544 -0.825805 1.296061
v 0.643339 -0.836180 1.299208
v 0.631544 -0.836180 1.299208
v 0.643339 -0.846969 1.300270
v 0.631544 -0.846969 1.300270
v 0.643339 -0.857758 1.299208
v 0.631544 -0.857758 1.299208
v 0.643339 -0.868132 1.296061
v 0.631544 -0.868132 1.296061
v 0.643339 -0.877693 1.290950
v 0.631544 -0.877693 1.290950
v 0.643339 -0.886073 1.284073
v 0.631544 -0.886073 1.284073
v 0.643339 -0.892951 1.275692
v 0.631544 -0.892951 1.275692
v 0.643339 -0.898061 1.266131
v 0.631544 -0.898061 1.266131
v 0.643339 -0.901208 1.255757
v 0.631544 -0.901208 1.255757
v 0.643339 -0.902271 1.244968
v 0.631544 -0.902271 1.244968
v 0.643339 -0.901208 1.234179
v 0.631544 -0.901208 1.234179
v 0.643339 -0.898061 1.223805
v 0.631544 -0.898061 1.223805
v 0.643339 -0.892951 1.214244
v 0.631544 -0.892951 1.214244
v 0.643339 -0.886073 1.205863
v 0.631544 -0.886073 1.205863
v 0.643339 -0.877693 1.198986
v 0.631544 -0.877693 1.198986
v 0.643339 -0.868132 1.193875
v 0.631544 -0.868132 1.193875
v 0.643339 -0.857758 1.190728
v 0.631544 -0.857758 1.190728
v 0.643339 -0.846969 1.189666
v 0.631544 -0.846969 1.189666
v 0.643339 -0.836180 1.190728
v 0.631544 -0.836180 1.190728
v 0.643339 -0.825805 1.193875
v 0.631544 -0.825805 1.193875
v 0.643339 -0.816244 1.198986
v 0.631544 -0.816244 1.198986
v 0.643339 -0.807864 1.205863
v 0.631544 -0.807864 1.205863
v 0.643339 -0.800986 1.214244
v 0.631544 -0.800986 1.214244
v 0.643339 -0.795876 1.223805
v 0.631544 -0.795876 1.223805
v 0.643339 -0.792729 1.234179
v 0.631544 -0.792729 1.234179
v 0.643339 -0.791666 1.244968
v 0.643339 -0.792729 1.255757
v 0.631544 -0.792729 1.255757
v 0.631544 -0.791666 1.244968
v 0.643339 -0.795876 1.266131
v 0.631544 -0.795876 1.266131
v 0.643339 -0.800986 1.275692
v 0.631544 -0.800986 1.275692
v 0.643339 -0.807864 1.284073
v 0.631544 -0.807864 1.284073
v 0.643339 -0.816244 1.290950
v 0.631544 -0.816244 1.290950
v 0.643339 -0.825805 1.296061
v 0.631544 -0.825805 1.296061
v 0.643339 -0.836180 1.299208
v 0.631544 -0.836180 1.299208
v 0.643339 -0.846969 1.300270
v 0.631544 -0.846969 1.300270
v 0.643339 -0.857758 1.299208
v 0.631544 -0.857758 1.299208
v 0.643339 -0.868132 1.296061
v 0.631544 -0.868132 1.296061
v 0.643339 -0.877693 1.290950
v 0.631544 -0.877693 1.290950
v 0.643339 -0.886073 1.284073
v 0.631544 -0.886073 1.284073
v 0.643339 -0.892951 1.275692
v 0.631544 -0.892951 1.275692
v 0.643339 -0.898061 1.266131
v 0.631544 -0.898061 1.266131
v 0.643339 -0.901208 1.255757
v 0.631544 -0.901208 1.255757
v 0.643339 -0.902271 1.244968
v 0.631544 -0.902271 1.244968
v 0.643339 -0.901208 1.234179
v 0.631544 -0.901208 1.234179
v 0.643339 -0.898061 1.223805
v 0.631544 -0.898061 1.223805
v 0.643339 -0.892951 1.214244
v 0.631544 -0.892951 1.214244
v 0.643339 -0.886073 1.205863
v 0.631544 -0.886073 1.205863
v 0.643339 -0.877693 1.198986
v 0.631544 -0.877693 1.198986
v 0.643339 -0.868132 1.193875
v 0.631544 -0.868132 1.193875
v 0.643339 -0.857758 1.190728
v 0.631544 -0.857758 1.190728
v 0.643339 -0.846969 1.189666
v 0.631544 -0.846969 1.189666
v 0.643339 -0.836180 1.190728
v 0.631544 -0.836180 1.190728
v 0.643339 -0.825805 1.193875
v 0.631544 -0.825805 1.193875
v 0.643339 -0.816244 1.198986
v 0.631544 -0.816244 1.198986
v 0.643339 -0.807864 1.205863
v 0.631544 -0.807864 1.205863
v 0.643339 -0.800986 1.214244
v 0.631544 -0.800986 1.214244
v 0.643339 -0.795876 1.223805
v 0.631544 -0.795876 1.223805
v 0.643339 -0.792729 1.234179
v 0.631544 -0.792729 1.234179
v 0.643339 -0.791666 1.244968
v 0.643339 -0.792729 1.255757
v 0.631544 -0.792729 1.255757
v 0.631544 -0.791666 1.244968
v 0.643339 -0.795876 1.266131
v 0.631544 -0.795876 1.266131
v 0.643339 -0.800986 1.275692
v 0.631544 -0.800986 1.275692
v 0.643339 -0.807864 1.284073
v 0.631544 -0.807864 1.284073
v 0.643339 -0.816244 1.290950
v 0.631544 -0.816244 1.290950
v 0.643339 -0.825805 1.296061
v 0.631544 -0.825805 1.296061
v 0.643339 -0.836180 1.299208
v 0.631544 -0.836180 1.299208
v 0.643339 -0.846969 1.300270
v 0.631544 -0.846969 1.300270
v 0.643339 -0.857758 1.299208
v 0.631544 -0.857758 1.299208
v 0.643339 -0.868132 1.296061
v 0.631544 -0.868132 1.296061
v 0.643339 -0.877693 1.290950
v 0.631544 -0.877693 1.290950
v 0.643339 -0.886073 1.284073
v 0.631544 -0.886073 1.284073
v 0.643339 -0.892951 1.275692
v 0.631544 -0.892951 1.275692
v 0.643339 -0.898061 1.266131
v 0.631544 -0.898061 1.266131
v 0.643339 -0.901208 1.255757
v 0.631544 -0.901208 1.255757
v 0.643339 -0.902271 1.244968
v 0.631544 -0.902271 1.244968
v 0.643339 -0.901208 1.234179
v 0.631544 -0.901208 1.234179
v 0.643339 -0.898061 1.223805
v 0.631544 -0.898061 1.223805
v 0.643339 -0.892951 1.214244
v 0.631544 -0.892951 1.214244
v 0.643339 -0.886073 1.205863
v 0.631544 -0.886073 1.205863
v 0.643339 -0.877693 1.198986
v 0.631544 -0.877693 1.198986
v 0.643339 -0.868132 1.193875
v 0.631544 -0.868132 1.193875
v 0.643339 -0.857758 1.190728
v 0.631544 -0.857758 1.190728
v 0.643339 -0.846969 1.189666
v 0.631544 -0.846969 1.189666
v 0.643339 -0.836180 1.190728
v 0.631544 -0.836180 1.190728
v 0.643339 -0.825805 1.193875
v 0.631544 -0.825805 1.193875
v 0.643339 -0.816244 1.198986
v 0.631544 -0.816244 1.198986
v 0.643339 -0.807864 1.205863
v 0.631544 -0.807864 1.205863
v 0.643339 -0.800986 1.214244
v 0.631544 -0.800986 1.214244
v 0.643339 -0.795876 1.223805
v 0.631544 -0.795876 1.223805
v 0.643339 -0.792729 1.234179
v 0.631544 -0.792729 1.234179
v 0.647710 -0.802116 1.244968
v 0.647710 -0.802978 1.253718
v 0.626279 -0.802978 1.253718
v 0.626279 -0.802116 1.244968
v 0.647710 -0.805530 1.262133
v 0.626279 -0.805530 1.262133
v 0.647710 -0.809675 1.269887
v 0.626279 -0.809675 1.269887
v 0.647710 -0.815253 1.276684
v 0.626279 -0.815253 1.276684
v 0.647710 -0.822050 1.282262
v 0.626279 -0.822050 1.282262
v 0.647710 -0.829804 1.286407
v 0.626279 -0.829804 1.286407
v 0.647710 -0.838218 1.288959
v 0.626279 -0.838218 1.288959
v 0.647710 -0.846969 1.289821
v 0.626279 -0.846969 1.289821
v 0.647710 -0.855719 1.288959
v 0.626279 -0.855719 1.288959
v 0.647710 -0.864133 1.286407
v 0.626279 -0.864133 1.286407
v 0.647710 -0.871888 1.282262
v 0.626279 -0.871888 1.282262
v 0.647710 -0.878684 1.276684
v 0.626279 -0.878684 1.276684
v 0.647710 -0.884262 1.269887
v 0.626279 -0.884262 1.269887
v 0.647710 -0.888407 1.262133
v 0.626279 -0.888407 1.262133
v 0.647710 -0.890960 1.253718
v 0.626279 -0.890960 1.253718
v 0.647710 -0.891821 1.244968
v 0.626279 -0.891821 1.244968
v 0.647710 -0.890960 1.236218
v 0.626279 -0.890960 1.236218
v 0.647710 -0.888407 1.227804
v 0.626279 -0.888407 1.227804
v 0.647710 -0.884262 1.220049
v 0.626279 -0.884262 1.220049
v 0.647710 -0.878684 1.213253
v 0.626279 -0.878684 1.213253
v 0.647710 -0.871888 1.207675
v 0.626279 -0.871888 1.207675
v 0.647710 -0.864133 1.203530
v 0.626279 -0.864133 1.203530
v 0.647710 -0.855719 1.200977
v 0.626279 -0.855719 1.200977
v 0.647710 -0.846969 1.200115
v 0.626279 -0.846969 1.200115
v 0.647710 -0.838218 1.200977
v 0.626279 -0.838218 1.200977
v 0.647710 -0.829804 1.203530
v 0.626279 -0.829804 1.203530
v 0.647710 -0.822050 1.207675
v 0.626279 -0.822050 1.207675
v 0.647710 -0.815253 1.213253
v 0.626279 -0.815253 1.213253
v 0.647710 -0.809675 1.220049
v 0.626279 -0.809675 1.220049
v 0.647710 -0.805530 1.227804
v 0.626279 -0.805530 1.227804
v 0.647710 -0.802978 1.236218
v 0.626279 -0.802978 1.236218
v 0.583331 -0.791666 1.244968
v 0.571536 -0.791666 1.244968
v 0.583331 -0.792729 1.255757
v 0.571536 -0.792729 1.255757
v 0.583331 -0.795876 1.266131
v 0.571536 -0.795876 1.266131
v 0.583331 -0.800986 1.275692
v 0.571536 -0.800986 1.275692
v 0.583331 -0.807864 1.284073
v 0.571536 -0.807864 1.284073
v 0.583331 -0.816244 1.290950
v 0.571536 -0.816244 1.290950
v 0.583331 -0.825805 1.296061
v 0.571536 -0.825805 1.296061
v 0.583331 -0.836180 1.299208
v 0.571536 -0.836180 1.299208
v 0.583331 -0.846969 1.300270
v 0.571536 -0.846969 1.300270
v 0.583331 -0.857758 1.299208
v 0.571536 -0.857758 1.299208
v 0.583331 -0.868132 1.296061
v 0.571536 -0.868132 1.296061
v 0.583331 -0.877693 1.290950
v 0.571536 -0.877693 1.290950
v 0.583331 -0.886073 1.284073
v 0.571536 -0.886073 1.284073
v 0.583331 -0.892951 1.275692
v 0.571536 -0.892951 1.275692
v 0.583331 -0.898061 1.266131
v 0.571536 -0.898061 1.266131
v 0.583331 -0.901208 1.255757
v 0.571536 -0.901208 1.255757
v 0.583331 -0.902271 1.244968
v 0.571536 -0.902271 1.244968
v 0.583331 -0.901208 1.234179
v 0.571536 -0.901208 1.234179
v 0.583331 -0.898061 1.223805
v 0.571536 -0.898061 1.223805
v 0.583331 -0.892951 1.214244
v 0.571536 -0.892951 1.214244
v 0.583331 -0.886073 1.205863
v 0.571536 -0.886073 1.205863
v 0.583331 -0.877693 1.198986
v 0.571536 -0.877693 1.198986
v 0.583331 -0.868132 1.193875
v 0.571536 -0.868132 1.193875
v 0.583331 -0.857758 1.190728
v 0.571536 -0.857758 1.190728
v 0.583331 -0.846969 1.189666
v 0.571536 -0.846969 1.189666
v 0.583331 -0.836180 1.190728
v 0.571536 -0.836180 1.190728
v 0.583331 -0.825805 1.193875
v 0.571536 -0.825805 1.193875
v 0.583331 -0.816244 1.198986
v 0.571536 -0.816244 1.198986
v 0.583331 -0.807864 1.205863
v 0.571536 -0.807864 1.205863
v 0.583331 -0.800986 1.214244
v 0.571536 -0.800986 1.214244
v 0.583331 -0.795876 1.223805
v 0.571536 -0.795876 1.223805
v 0.583331 -0.792729 1.234179
v 0.571536 -0.792729 1.234179
v 0.583331 -0.791666 1.244968
v 0.583331 -0.792729 1.255757
v 0.571536 -0.792729 1.255757
v 0.571536 -0.791666 1.244968
v 0.583331 -0.795876 1.266131
v 0.571536 -0.795876 1.266131
v 0.583331 -0.800986 1.275692
v 0.571536 -0.800986 1.275692
v 0.583331 -0.807864 1.284073
v 0.571536 -0.807864 1.284073
v 0.583331 -0.816244 1.290950
v 0.571536 -0.816244 1.290950
v 0.583331 -0.825805 1.296061
v 0.571536 -0.825805 1.296061
v 0.583331 -0.836180 1.299208
v 0.571536 -0.836180 1.299208
v 0.583331 -0.846969 1.300270
v 0.571536 -0.846969 1.300270
v 0.583331 -0.857758 1.299208
v 0.571536 -0.857758 1.299208
v 0.583331 -0.868132 1.296061
v 0.571536 -0.868132 1.296061
v 0.583331 -0.877693 1.290950
v 0.571536 -0.877693 1.290950
v 0.583331 -0.886073 1.284073
v 0.571536 -0.886073 1.284073
v 0.583331 -0.892951 1.275692
v 0.571536 -0.892951 1.275692
v 0.583331 -0.898061 1.266131
v 0.571536 -0.898061 1.266131
v 0.583331 -0.901208 1.255757
v 0.571536 -0.901208 1.255757
v 0.583331 -0.902271 1.244968
v 0.571536 -0.902271 1.244968
v 0.583331 -0.901208 1.234179
v 0.571536 -0.901208 1.234179
v 0.583331 -0.898061 1.223805
v 0.571536 -0.898061 1.223805
v 0.583331 -0.892951 1.214244
v 0.571536 -0.892951 1.214244
v 0.583331 -0.886073 1.205863
v 0.571536 -0.886073 1.205863
v 0.583331 -0.877693 1.198986
v 0.571536 -0.877693 1.198986
v 0.583331 -0.868132 1.193875
v 0.571536 -0.868132 1.193875
v 0.583331 -0.857758 1.190728
v 0.571536 -0.857758 1.190728
v 0.583331 -0.846969 1.189666
v 0.571536 -0.846969 1.189666
v 0.583331 -0.836180 1.190728
v 0.571536 -0.836180 1.190728
v 0.583331 -0.825805 1.193875
v 0.571536 -0.825805 1.193875
v 0.583331 -0.816244 1.198986
v 0.571536 -0.816244 1.198986
v 0.583331 -0.807864 1.205863
v 0.571536 -0.807864 1.205863
v 0.583331 -0.800986 1.214244
v 0.571536 -0.800986 1.214244
v 0.583331 -0.795876 1.223805
v 0.571536 -0.795876 1.223805
v 0.583331 -0.792729 1.234179
v 0.571536 -0.792729 1.234179
v 0.583331 -0.791666 1.244968
v 0.583331 -0.792729 1.255757
v 0.571536 -0.792729 1.255757
v 0.571536 -0.791666 1.244968
v 0.583331 -0.795876 1.266131
v 0.571536 -0.795876 1.266131
v 0.583331 -0.800986 1.275692
v 0.571536 -0.800986 1.275692
v 0.583331 -0.807864 1.284073
v 0.571536 -0.807864 1.284073
v 0.583331 -0.816244 1.290950
v 0.571536 -0.816244 1.290950
v 0.583331 -0.825805 1.296061
v 0.571536 -0.825805 1.296061
v 0.583331 -0.836180 1.299208
v 0.571536 -0.836180 1.299208
v 0.583331 -0.846969 1.300270
v 0.571536 -0.846969 1.300270
v 0.583331 -0.857758 1.299208
v 0.571536 -0.857758 1.299208
v 0.583331 -0.868132 1.296061
v 0.571536 -0.868132 1.296061
v 0.583331 -0.877693 1.290950
v 0.571536 -0.877693 1.290950
v 0.583331 -0.886073 1.284073
v 0.571536 -0.886073 1.284073
v 0.583331 -0.892951 1.275692
v 0.571536 -0.892951 1.275692
v 0.583331 -0.898061 1.266131
v 0.571536 -0.898061 1.266131
v 0.583331 -0.901208 1.255757
v 0.571536 -0.901208 1.255757
v 0.583331 -0.902271 1.244968
v 0.571536 -0.902271 1.244968
v 0.583331 -0.901208 1.234179
v 0.571536 -0.901208 1.234179
v 0.583331 -0.898061 1.223805
v 0.571536 -0.898061 1.223805
v 0.583331 -0.892951 1.214244
v 0.571536 -0.892951 1.214244
v 0.583331 -0.886073 1.205863
v 0.571536 -0.886073 1.205863
v 0.583331 -0.877693 1.198986
v 0.571536 -0.877693 1.198986
v 0.583331 -0.868132 1.193875
v 0.571536 -0.868132 1.193875
v 0.583331 -0.857758 1.190728
v 0.571536 -0.857758 1.190728
v 0.583331 -0.846969 1.189666
v 0.571536 -0.846969 1.189666
v 0.583331 -0.836180 1.190728
v 0.571536 -0.836180 1.190728
v 0.583331 -0.825805 1.193875
v 0.571536 -0.825805 1.193875
v 0.583331 -0.816244 1.198986
v 0.571536 -0.816244 1.198986
v 0.583331 -0.807864 1.205863
v 0.571536 -0.807864 1.205863
v 0.583331 -0.800986 1.214244
v 0.571536 -0.800986 1.214244
v 0.583331 -0.795876 1.223805
v 0.571536 -0.795876 1.223805
v 0.583331 -0.792729 1.234179
v 0.571536 -0.792729 1.234179
v 0.587702 -0.802116 1.244968
v 0.587702 -0.802978 1.253718
v 0.566271 -0.802978 1.253718
v 0.566271 -0.802116 1.244968
v 0.587702 -0.805530 1.262133
v 0.566271 -0.805530 1.262133
v 0.587702 -0.809675 1.269887
v 0.566271 -0.809675 1.269887
v 0.587702 -0.815253 1.276684
v 0.566271 -0.815253 1.276684
v 0.587702 -0.822050 1.282262
v 0.566271 -0.822050 1.282262
v 0.587702 -0.829804 1.286407
v 0.566271 -0.829804 1.286407
v 0.587702 -0.838218 1.288959
v 0.566271 -0.838218 1.288959
v 0.587702 -0.846969 1.289821
v 0.566271 -0.846969 1.289821
v 0.587702 -0.855719 1.288959
v 0.566271 -0.855719 1.288959
v 0.587702 -0.864133 1.286407
v 0.566271 -0.864133 1.286407
v 0.587702 -0.871888 1.282262
v 0.566271 -0.871888 1.282262
v 0.587702 -0.878684 1.276684
v 0.566271 -0.878684 1.276684
v 0.587702 -0.884262 1.269887
v 0.566271 -0.884262 1.269887
v 0.587702 -0.888407 1.262133
v 0.566271 -0.888407 1.262133
v 0.587702 -0.890960 1.253718
v 0.566271 -0.890960 1.253718
v 0.587702 -0.891821 1.244968
v 0.566271 -0.891821 1.244968
v 0.587702 -0.890960 1.236218
v 0.566271 -0.890960 1.236218
v 0.587702 -0.888407 1.227804
v 0.566271 -0.888407 1.227804
v 0.587702 -0.884262 1.220049
v 0.566271 -0.884262 1.220049
v 0.587702 -0.878684 1.213253
v 0.566271 -0.878684 1.213253
v 0.587702 -0.871888 1.207675
v 0.566271 -0.871888 1.207675
v 0.587702 -0.864133 1.203530
v 0.566271 -0.864133 1.203530
v 0.587702 -0.855719 1.200977
v 0.566271 -0.855719 1.200977
v 0.587702 -0.846969 1.200115
v 0.566271 -0.846969 1.200115
v 0.587702 -0.838218 1.200977
v 0.566271 -0.838218 1.200977
v 0.587702 -0.829804 1.203530
v 0.566271 -0.829804 1.203530
v 0.587702 -0.822050 1.207675
v 0.566271 -0.822050 1.207675
v 0.587702 -0.815253 1.213253
v 0.566271 -0.815253 1.213253
v 0.587702 -0.809675 1.220049
v 0.566271 -0.809675 1.220049
v 0.587702 -0.805530 1.227804
v 0.566271 -0.805530 1.227804
v 0.587702 -0.802978 1.236218
v 0.566271 -0.802978 1.236218
v 0.748985 -0.559717 1.214958
v 0.742268 -0.559717 1.266117
v 0.748514 -0.564500 1.214958
v 0.741926 -0.563190 1.266117
v 0.747119 -0.569099 1.214958
v 0.740913 -0.566529 1.266117
v 0.744853 -0.573338 1.214958
v 0.739268 -0.569606 1.266117
v 0.741804 -0.577053 1.214958
v 0.737055 -0.572304 1.266117
v 0.738089 -0.580103 1.214958
v 0.734357 -0.574518 1.266117
v 0.733850 -0.582368 1.214958
v 0.731280 -0.576163 1.266117
v 0.729251 -0.583763 1.214958
v 0.727940 -0.577175 1.266117
v 0.724468 -0.584234 1.214958
v 0.724468 -0.577518 1.266117
v 0.719685 -0.583763 1.214958
v 0.720995 -0.577175 1.266117
v 0.715085 -0.582368 1.214958
v 0.717656 -0.576163 1.266117
v 0.710847 -0.580103 1.214958
v 0.714578 -0.574518 1.266117
v 0.707131 -0.577053 1.214958
v 0.711881 -0.572304 1.266117
v 0.704082 -0.573338 1.214958
v 0.709667 -0.569606 1.266117
v 0.701817 -0.569099 1.214958
v 0.708022 -0.566529 1.266117
v 0.700422 -0.564500 1.214958
v 0.707009 -0.563190 1.266117
v 0.699950 -0.559717 1.214958
v 0.706667 -0.559717 1.266117
v 0.700422 -0.554934 1.214958
v 0.707009 -0.556244 1.266117
v 0.701817 -0.550335 1.214958
v 0.708022 -0.552905 1.266117
v 0.704082 -0.546096 1.214958
v 0.709667 -0.549828 1.266117
v 0.707131 -0.542381 1.214958
v 0.711881 -0.547130 1.266117
v 0.710847 -0.539332 1.214958
v 0.714578 -0.544917 1.266117
v 0.715085 -0.537066 1.214958
v 0.717656 -0.543272 1.266117
v 0.719685 -0.535671 1.214958
v 0.720995 -0.542259 1.266117
v 0.724468 -0.535200 1.214958
v 0.724468 -0.541917 1.266117
v 0.729251 -0.535671 1.214958
v 0.727940 -0.542259 1.266117
v 0.733850 -0.537066 1.214958
v 0.731280 -0.543272 1.266117
v 0.738089 -0.539332 1.214958
v 0.734357 -0.544917 1.266117
v 0.741804 -0.542381 1.214958
v 0.737055 -0.547130 1.266117
v 0.744853 -0.546096 1.214958
v 0.739268 -0.549828 1.266117
v 0.747119 -0.550335 1.214958
v 0.740913 -0.552905 1.266117
v 0.748514 -0.554934 1.214958
v 0.741926 -0.556244 1.266117
v 0.748514 -0.564500 1.263993
v 0.748985 -0.559717 1.263993
v 0.747119 -0.569099 1.263993
v 0.744853 -0.573338 1.263993
v 0.741804 -0.577053 1.263993
v 0.738089 -0.580103 1.263993
v 0.733850 -0.582368 1.263993
v 0.729251 -0.583763 1.263993
v 0.724468 -0.584234 1.263993
v 0.719685 -0.583763 1.263993
v 0.715085 -0.582368 1.263993
v 0.710847 -0.580103 1.263993
v 0.707131 -0.577053 1.263993
v 0.704082 -0.573338 1.263993
v 0.701817 -0.569099 1.263993
v 0.700422 -0.564500 1.263993
v 0.699950 -0.559717 1.263993
v 0.700422 -0.554934 1.263993
v 0.701817 -0.550335 1.263993
v 0.704082 -0.546096 1.263993
v 0.707131 -0.542381 1.263993
v 0.710847 -0.539332 1.263993
v 0.715085 -0.537066 1.263993
v 0.719685 -0.535671 1.263993
v 0.724468 -0.535200 1.263993
v 0.729251 -0.535671 1.263993
v 0.733850 -0.537066 1.263993
v 0.738089 -0.539332 1.263993
v 0.741804 -0.542381 1.263993
v 0.744853 -0.546096 1.263993
v 0.747119 -0.550335 1.263993
v 0.748514 -0.554934 1.263993
v 0.744852 -0.563772 1.267381
v 0.745251 -0.559717 1.267381
v 0.743669 -0.567670 1.267381
v 0.741748 -0.571264 1.267381
v 0.739164 -0.574413 1.267381
v 0.736014 -0.576998 1.267381
v 0.732421 -0.578918 1.267381
v 0.728522 -0.580101 1.267381
v 0.724468 -0.580500 1.267381
v 0.720413 -0.580101 1.267381
v 0.716514 -0.578918 1.267381
v 0.712921 -0.576998 1.267381
v 0.709772 -0.574413 1.267381
v 0.707187 -0.571264 1.267381
v 0.705267 -0.567670 1.267381
v 0.704084 -0.563772 1.267381
v 0.703685 -0.559717 1.267381
v 0.704084 -0.555662 1.267381
v 0.705267 -0.551764 1.267381
v 0.707187 -0.548171 1.267381
v 0.709772 -0.545021 1.267381
v 0.712921 -0.542436 1.267381
v 0.716514 -0.540516 1.267381
v 0.720413 -0.539333 1.267381
v 0.724468 -0.538934 1.267381
v 0.728522 -0.539333 1.267381
v 0.732421 -0.540516 1.267381
v 0.736014 -0.542436 1.267381
v 0.739164 -0.545021 1.267381
v 0.741748 -0.548171 1.267381
v 0.743669 -0.551764 1.267381
v 0.744852 -0.555662 1.267381
v 0.741926 -0.563190 1.250511
v 0.742268 -0.559717 1.250511
v 0.740913 -0.566529 1.250511
v 0.739268 -0.569606 1.250511
v 0.737055 -0.572304 1.250511
v 0.734357 -0.574518 1.250511
v 0.731280 -0.576163 1.250511
v 0.727940 -0.577175 1.250511
v 0.724468 -0.577518 1.250511
v 0.720995 -0.577175 1.250511
v 0.717656 -0.576163 1.250511
v 0.714578 -0.574518 1.250511
v 0.711881 -0.572304 1.250511
v 0.709667 -0.569606 1.250511
v 0.708022 -0.566529 1.250511
v 0.707009 -0.563190 1.250511
v 0.706667 -0.559717 1.250511
v 0.707009 -0.556244 1.250511
v 0.708022 -0.552905 1.250511
v 0.709667 -0.549828 1.250511
v 0.711881 -0.547130 1.250511
v 0.714578 -0.544917 1.250511
v 0.717656 -0.543272 1.250511
v 0.720995 -0.542259 1.250511
v 0.724468 -0.541917 1.250511
v 0.727940 -0.542259 1.250511
v 0.731280 -0.543272 1.250511
v 0.734357 -0.544917 1.250511
v 0.737055 -0.547130 1.250511
v 0.739268 -0.549828 1.250511
v 0.740913 -0.552905 1.250511
v 0.741926 -0.556244 1.250511
v 0.822537 -0.559717 1.214958
v 0.815820 -0.559717 1.266117
v 0.822066 -0.564500 1.214958
v 0.815478 -0.563190 1.266117
v 0.820671 -0.569099 1.214958
v 0.814465 -0.566529 1.266117
v 0.818405 -0.573338 1.214958
v 0.812820 -0.569606 1.266117
v 0.815356 -0.577053 1.214958
v 0.810607 -0.572304 1.266117
v 0.811641 -0.580103 1.214958
v 0.807909 -0.574518 1.266117
v 0.807402 -0.582368 1.214958
v 0.804832 -0.576163 1.266117
v 0.802803 -0.583763 1.214958
v 0.801493 -0.577175 1.266117
v 0.798020 -0.584234 1.214958
v 0.798020 -0.577518 1.266117
v 0.793237 -0.583763 1.214958
v 0.794547 -0.577175 1.266117
v 0.788637 -0.582368 1.214958
v 0.791208 -0.576163 1.266117
v 0.784399 -0.580103 1.214958
v 0.788130 -0.574518 1.266117
v 0.780683 -0.577053 1.214958
v 0.785433 -0.572304 1.266117
v 0.777634 -0.573338 1.214958
v 0.783219 -0.569606 1.266117
v 0.775369 -0.569099 1.214958
v 0.781574 -0.566529 1.266117
v 0.773974 -0.564500 1.214958
v 0.780561 -0.563190 1.266117
v 0.773503 -0.559717 1.214958
v 0.780219 -0.559717 1.266117
v 0.773974 -0.554934 1.214958
v 0.780561 -0.556244 1.266117
v 0.775369 -0.550335 1.214958
v 0.781574 -0.552905 1.266117
v 0.777634 -0.546096 1.214958
v 0.783219 -0.549828 1.266117
v 0.780683 -0.542381 1.214958
v 0.785433 -0.547130 1.266117
v 0.784399 -0.539332 1.214958
v 0.788130 -0.544917 1.266117
v 0.788637 -0.537066 1.214958
v 0.791208 -0.543272 1.266117
v 0.793237 -0.535671 1.214958
v 0.794547 -0.542259 1.266117
v 0.798020 -0.535200 1.214958
v 0.798020 -0.541917 1.266117
v 0.802803 -0.535671 1.214958
v 0.801493 -0.542259 1.266117
v 0.807402 -0.537066 1.214958
v 0.804832 -0.543272 1.266117
v 0.811641 -0.539332 1.214958
v 0.807909 -0.544917 1.266117
v 0.815356 -0.542381 1.214958
v 0.810607 -0.547130 1.266117
v 0.818405 -0.546096 1.214958
v 0.812820 -0.549828 1.266117
v 0.820671 -0.550335 1.214958
v 0.814465 -0.552905 1.266117
v 0.822066 -0.554934 1.214958
v 0.815478 -0.556244 1.266117
v 0.822066 -0.564500 1.263993
v 0.822537 -0.559717 1.263993
v 0.820671 -0.569099 1.263993
v 0.818405 -0.573338 1.263993
v 0.815356 -0.577053 1.263993
v 0.811641 -0.580103 1.263993
v 0.807402 -0.582368 1.263993
v 0.802803 -0.583763 1.263993
v 0.798020 -0.584234 1.263993
v 0.793237 -0.583763 1.263993
v 0.788637 -0.582368 1.263993
v 0.784399 -0.580103 1.263993
v 0.780683 -0.577053 1.263993
v 0.777634 -0.573338 1.263993
v 0.775369 -0.569099 1.263993
v 0.773974 -0.564500 1.263993
v 0.773503 -0.559717 1.263993
v 0.773974 -0.554934 1.263993
v 0.775369 -0.550335 1.263993
v 0.777634 -0.546096 1.263993
v 0.780683 -0.542381 1.263993
v 0.784399 -0.539332 1.263993
v 0.788637 -0.537066 1.263993
v 0.793237 -0.535671 1.263993
v 0.798020 -0.535200 1.263993
v 0.802803 -0.535671 1.263993
v 0.807402 -0.537066 1.263993
v 0.811641 -0.539332 1.263993
v 0.815356 -0.542381 1.263993
v 0.818405 -0.546096 1.263993
v 0.820671 -0.550335 1.263993
v 0.822066 -0.554934 1.263993
v 0.818404 -0.563772 1.267381
v 0.818803 -0.559717 1.267381
v 0.817221 -0.567670 1.267381
v 0.815300 -0.571264 1.267381
v 0.812716 -0.574413 1.267381
v 0.809566 -0.576998 1.267381
v 0.805973 -0.578918 1.267381
v 0.802074 -0.580101 1.267381
v 0.798020 -0.580500 1.267381
v 0.793965 -0.580101 1.267381
v 0.790066 -0.578918 1.267381
v 0.786473 -0.576998 1.267381
v 0.783324 -0.574413 1.267381
v 0.780739 -0.571264 1.267381
v 0.778819 -0.567670 1.267381
v 0.777636 -0.563772 1.267381
v 0.777237 -0.559717 1.267381
v 0.777636 -0.555662 1.267381
v 0.778819 -0.551764 1.267381
v 0.780739 -0.548171 1.267381
v 0.783324 -0.545021 1.267381
v 0.786473 -0.542436 1.267381
v 0.790066 -0.540516 1.267381
v 0.793965 -0.539333 1.267381
v 0.798020 -0.538934 1.267381
v 0.802074 -0.539333 1.267381
v 0.805973 -0.540516 1.267381
v 0.809566 -0.542436 1.267381
v 0.812716 -0.545021 1.267381
v 0.815300 -0.548171 1.267381
v 0.817221 -0.551764 1.267381
v 0.818404 -0.555662 1.267381
v 0.815478 -0.563190 1.250511
v 0.815820 -0.559717 1.250511
v 0.814465 -0.566529 1.250511
v 0.812820 -0.569606 1.250511
v 0.810607 -0.572304 1.250511
v 0.807909 -0.574518 1.250511
v 0.804832 -0.576163 1.250511
v 0.801493 -0.577175 1.250511
v 0.798020 -0.577518 1.250511
v 0.794547 -0.577175 1.250511
v 0.791208 -0.576163 1.250511
v 0.788130 -0.574518 1.250511
v 0.785433 -0.572304 1.250511
v 0.783219 -0.569606 1.250511
v 0.781574 -0.566529 1.250511
v 0.780561 -0.563190 1.250511
v 0.780219 -0.559717 1.250511
v 0.780561 -0.556244 1.250511
v 0.781574 -0.552905 1.250511
v 0.783219 -0.549828 1.250511
v 0.785433 -0.547130 1.250511
v 0.788130 -0.544917 1.250511
v 0.791208 -0.543272 1.250511
v 0.794547 -0.542259 1.250511
v 0.798020 -0.541917 1.250511
v 0.801493 -0.542259 1.250511
v 0.804832 -0.543272 1.250511
v 0.807909 -0.544917 1.250511
v 0.810607 -0.547130 1.250511
v 0.812820 -0.549828 1.250511
v 0.814465 -0.552905 1.250511
v 0.815478 -0.556244 1.250511
v 0.896089 -0.559717 1.214958
v 0.889372 -0.559717 1.266117
v 0.895618 -0.564500 1.214958
v 0.889030 -0.563190 1.266117
v 0.894223 -0.569099 1.214958
v 0.888017 -0.566529 1.266117
v 0.891957 -0.573338 1.214958
v 0.886372 -0.569606 1.266117
v 0.888908 -0.577053 1.214958
v 0.884159 -0.572304 1.266117
v 0.885193 -0.580103 1.214958
v 0.881461 -0.574518 1.266117
v 0.880954 -0.582368 1.214958
v 0.878384 -0.576163 1.266117
v 0.876355 -0.583763 1.214958
v 0.875045 -0.577175 1.266117
v 0.871572 -0.584234 1.214958
v 0.871572 -0.577518 1.266117
v 0.866789 -0.583763 1.214958
v 0.868099 -0.577175 1.266117
v 0.862190 -0.582368 1.214958
v 0.864760 -0.576163 1.266117
v 0.857951 -0.580103 1.214958
v 0.861683 -0.574518 1.266117
v 0.854236 -0.577053 1.214958
v 0.858985 -0.572304 1.266117
v 0.851187 -0.573338 1.214958
v 0.856771 -0.569606 1.266117
v 0.848921 -0.569099 1.214958
v 0.855126 -0.566529 1.266117
v 0.847526 -0.564500 1.214958
v 0.854114 -0.563190 1.266117
v 0.847055 -0.559717 1.214958
v 0.853772 -0.559717 1.266117
v 0.847526 -0.554934 1.214958
v 0.854114 -0.556244 1.266117
v 0.848921 -0.550335 1.214958
v 0.855126 -0.552905 1.266117
v 0.851187 -0.546096 1.214958
v 0.856771 -0.549828 1.266117
v 0.854236 -0.542381 1.214958
v 0.858985 -0.547130 1.266117
v 0.857951 -0.539332 1.214958
v 0.861683 -0.544917 1.266117
v 0.862190 -0.537066 1.214958
v 0.864760 -0.543272 1.266117
v 0.866789 -0.535671 1.214958
v 0.868099 -0.542259 1.266117
v 0.871572 -0.535200 1.214958
v 0.871572 -0.541917 1.266117
v 0.876355 -0.535671 1.214958
v 0.875045 -0.542259 1.266117
v 0.880954 -0.537066 1.214958
v 0.878384 -0.543272 1.266117
v 0.885193 -0.539332 1.214958
v 0.881461 -0.544917 1.266117
v 0.888908 -0.542381 1.214958
v 0.884159 -0.547130 1.266117
v 0.891957 -0.546096 1.214958
v 0.886372 -0.549828 1.266117
v 0.894223 -0.550335 1.214958
v 0.888017 -0.552905 1.266117
v 0.895618 -0.554934 1.214958
v 0.889030 -0.556244 1.266117
v 0.895618 -0.564500 1.263993
v 0.896089 -0.559717 1.263993
v 0.894223 -0.569099 1.263993
v 0.891957 -0.573338 1.263993
v 0.888908 -0.577053 1.263993
v 0.885193 -0.580103 1.263993
v 0.880954 -0.582368 1.263993
v 0.876355 -0.583763 1.263993
v 0.871572 -0.584234 1.263993
v 0.866789 -0.583763 1.263993
v 0.862190 -0.582368 1.263993
v 0.857951 -0.580103 1.263993
v 0.854236 -0.577053 1.263993
v 0.851187 -0.573338 1.263993
v 0.848921 -0.569099 1.263993
v 0.847526 -0.564500 1.263993
v 0.847055 -0.559717 1.263993
v 0.847526 -0.554934 1.263993
v 0.848921 -0.550335 1.263993
v 0.851187 -0.546096 1.263993
v 0.854236 -0.542381 1.263993
v 0.857951 -0.539332 1.263993
v 0.862190 -0.537066 1.263993
v 0.866789 -0.535671 1.263993
v 0.871572 -0.535200 1.263993
v 0.876355 -0.535671 1.263993
v 0.880954 -0.537066 1.263993
v 0.885193 -0.539332 1.263993
v 0.888908 -0.542381 1.263993
v 0.891957 -0.546096 1.263993
v 0.894223 -0.550335 1.263993
v 0.895618 -0.554934 1.263993
v 0.891956 -0.563772 1.267381
v 0.892355 -0.559717 1.267381
v 0.890773 -0.567670 1.267381
v 0.888852 -0.571264 1.267381
v 0.886268 -0.574413 1.267381
v 0.883118 -0.576998 1.267381
v 0.879525 -0.578918 1.267381
v 0.875627 -0.580101 1.267381
v 0.871572 -0.580500 1.267381
v 0.867517 -0.580101 1.267381
v 0.863619 -0.578918 1.267381
v 0.860025 -0.576998 1.267381
v 0.856876 -0.574413 1.267381
v 0.854291 -0.571264 1.267381
v 0.852371 -0.567670 1.267381
v 0.851188 -0.563772 1.267381
v 0.850789 -0.559717 1.267381
v 0.851188 -0.555662 1.267381
v 0.852371 -0.551764 1.267381
v 0.854291 -0.548171 1.267381
v 0.856876 -0.545021 1.267381
v 0.860025 -0.542436 1.267381
v 0.863619 -0.540516 1.267381
v 0.867517 -0.539333 1.267381
v 0.871572 -0.538934 1.267381
v 0.875627 -0.539333 1.267381
v 0.879525 -0.540516 1.267381
v 0.883118 -0.542436 1.267381
v 0.886268 -0.545021 1.267381
v 0.888852 -0.548171 1.267381
v 0.890773 -0.551764 1.267381
v 0.891956 -0.555662 1.267381
v 0.889030 -0.563190 1.250511
v 0.889372 -0.559717 1.250511
v 0.888017 -0.566529 1.250511
v 0.886372 -0.569606 1.250511
v 0.884159 -0.572304 1.250511
v 0.881461 -0.574518 1.250511
v 0.878384 -0.576163 1.250511
v 0.875045 -0.577175 1.250511
v 0.871572 -0.577518 1.250511
v 0.868099 -0.577175 1.250511
v 0.864760 -0.576163 1.250511
v 0.861683 -0.574518 1.250511
v 0.858985 -0.572304 1.250511
v 0.856771 -0.569606 1.250511
v 0.855126 -0.566529 1.250511
v 0.854114 -0.563190 1.250511
v 0.853772 -0.559717 1.250511
v 0.854114 -0.556244 1.250511
v 0.855126 -0.552905 1.250511
v 0.856771 -0.549828 1.250511
v 0.858985 -0.547130 1.250511
v 0.861683 -0.544917 1.250511
v 0.864760 -0.543272 1.250511
v 0.868099 -0.542259 1.250511
v 0.871572 -0.541917 1.250511
v 0.875045 -0.542259 1.250511
v 0.878384 -0.543272 1.250511
v 0.881461 -0.544917 1.250511
v 0.884159 -0.547130 1.250511
v 0.886372 -0.549828 1.250511
v 0.888017 -0.552905 1.250511
v 0.889030 -0.556244 1.250511
v 0.902442 -1.043874 0.776640
v 0.902442 -0.823993 0.776640
v 0.900329 -1.043874 0.798089
v 0.900329 -0.823993 0.798089
v 0.894073 -1.043874 0.818713
v 0.894073 -0.823993 0.818713
v 0.883914 -1.043874 0.837720
v 0.883914 -0.823993 0.837720
v 0.870241 -1.043874 0.854380
v 0.870241 -0.823993 0.854380
v 0.853581 -1.043874 0.868052
v 0.853581 -0.823993 0.868052
v 0.834574 -1.043874 0.878212
v 0.834574 -0.823993 0.878212
v 0.813950 -1.043874 0.884468
v 0.813950 -0.823993 0.884468
v 0.792502 -1.043874 0.886581
v 0.792502 -0.823993 0.886581
v 0.771053 -1.043874 0.884468
v 0.771053 -0.823993 0.884468
v 0.750429 -1.043874 0.878212
v 0.750429 -0.823993 0.878212
v 0.731422 -1.043874 0.868052
v 0.731422 -0.823993 0.868052
v 0.714762 -1.043874 0.854380
v 0.714762 -0.823993 0.854380
v 0.701090 -1.043874 0.837720
v 0.701090 -0.823993 0.837720
v 0.690930 -1.043874 0.818713
v 0.690930 -0.823993 0.818713
v 0.684674 -1.043874 0.798089
v 0.684674 -0.823993 0.798089
v 0.682561 -1.043874 0.776640
v 0.682561 -0.823993 0.776640
v 0.684674 -1.043874 0.755192
v 0.684674 -0.823993 0.755192
v 0.690930 -1.043874 0.734568
v 0.690930 -0.823993 0.734568
v 0.701090 -1.043874 0.715561
v 0.701090 -0.823993 0.715561
v 0.714762 -1.043874 0.698901
v 0.714762 -0.823993 0.698901
v 0.731422 -1.043874 0.685228
v 0.731422 -0.823993 0.685228
v 0.750429 -1.043874 0.675069
v 0.750429 -0.823993 0.675069
v 0.771053 -1.043874 0.668812
v 0.771053 -0.823993 0.668812
v 0.792502 -1.043874 0.666700
v 0.792502 -0.823993 0.666700
v 0.813950 -1.043874 0.668812
v 0.813950 -0.823993 0.668812
v 0.834574 -1.043874 0.675069
v 0.834574 -0.823993 0.675069
v 0.853581 -1.043874 0.685228
v 0.853581 -0.823993 0.685228
v 0.870241 -1.043874 0.698901
v 0.870241 -0.823993 0.698901
v 0.883914 -1.043874 0.715561
v 0.883914 -0.823993 0.715561
v 0.894073 -1.043874 0.734568
v 0.894073 -0.823993 0.734568
v 0.900329 -1.043874 0.755192
v 0.900329 -0.823993 0.755192
v 0.886907 -1.064721 0.776640
v 0.885093 -1.064721 0.795058
v 0.879721 -1.064721 0.812768
v 0.870997 -1.064721 0.829089
v 0.859256 -1.064721 0.843395
v 0.844950 -1.064721 0.855135
v 0.828629 -1.064721 0.863859
v 0.810919 -1.064721 0.869232
v 0.792502 -1.064721 0.871046
v 0.774084 -1.064721 0.869232
v 0.756374 -1.064721 0.863859
v 0.740053 -1.064721 0.855135
v 0.725747 -1.064721 0.843395
v 0.714006 -1.064721 0.829089
v 0.705282 -1.064721 0.812768
v 0.699910 -1.064721 0.795058
v 0.698096 -1.064721 0.776640
v 0.699910 -1.064721 0.758223
v 0.705282 -1.064721 0.740513
v 0.714006 -1.064721 0.724191
v 0.725747 -1.064721 0.709886
v 0.740053 -1.064721 0.698145
v 0.756374 -1.064721 0.689421
v 0.774084 -1.064721 0.684049
v 0.792502 -1.064721 0.682235
v 0.810919 -1.064721 0.684049
v 0.828629 -1.064721 0.689421
v 0.844950 -1.064721 0.698145
v 0.859256 -1.064721 0.709886
v 0.870997 -1.064721 0.724191
v 0.879721 -1.064721 0.740513
v 0.885093 -1.064721 0.758223
v 0.865970 -1.074073 0.776640
v 0.864558 -1.074073 0.790973
v 0.860378 -1.074073 0.804755
v 0.853588 -1.074073 0.817457
v 0.844452 -1.074073 0.828590
v 0.833319 -1.074073 0.837727
v 0.820617 -1.074073 0.844516
v 0.806835 -1.074073 0.848697
v 0.792502 -1.074073 0.850109
v 0.778169 -1.074073 0.848697
v 0.764386 -1.074073 0.844516
v 0.751685 -1.074073 0.837727
v 0.740552 -1.074073 0.828590
v 0.731415 -1.074073 0.817457
v 0.724626 -1.074073 0.804755
v 0.720445 -1.074073 0.790973
v 0.719033 -1.074073 0.776640
v 0.720445 -1.074073 0.762307
v 0.724626 -1.074073 0.748525
v 0.731415 -1.074073 0.735823
v 0.740552 -1.074073 0.724690
v 0.751685 -1.074073 0.715553
v 0.764386 -1.074073 0.708764
v 0.778169 -1.074073 0.704583
v 0.792502 -1.074073 0.703172
v 0.806835 -1.074073 0.704583
v 0.820617 -1.074073 0.708764
v 0.833319 -1.074073 0.715553
v 0.844452 -1.074073 0.724690
v 0.853588 -1.074073 0.735823
v 0.860378 -1.074073 0.748525
v 0.864558 -1.074073 0.762307
v -0.712211 -1.043874 0.776640
v -0.712211 -0.823993 0.776640
v -0.714324 -1.043874 0.798088
v -0.714324 -0.823993 0.798088
v -0.720580 -1.043874 0.818712
v -0.720580 -0.823993 0.818712
v -0.730739 -1.043874 0.837720
v -0.730739 -0.823993 0.837720
v -0.744412 -1.043874 0.854380
v -0.744412 -0.823993 0.854380
v -0.761072 -1.043874 0.868052
v -0.761072 -0.823993 0.868052
v -0.780079 -1.043874 0.878212
v -0.780079 -0.823993 0.878212
v -0.800703 -1.043874 0.884468
v -0.800703 -0.823993 0.884468
v -0.822151 -1.043874 0.886580
v -0.822151 -0.823993 0.886580
v -0.843600 -1.043874 0.884468
v -0.843600 -0.823993 0.884468
v -0.864224 -1.043874 0.878212
v -0.864224 -0.823993 0.878212
v -0.883231 -1.043874 0.868052
v -0.883231 -0.823993 0.868052
v -0.899891 -1.043874 0.854380
v -0.899891 -0.823993 0.854380
v -0.913564 -1.043874 0.837720
v -0.913564 -0.823993 0.837720
v -0.923723 -1.043874 0.818712
v -0.923723 -0.823993 0.818712
v -0.929979 -1.043874 0.798088
v -0.929979 -0.823993 0.798088
v -0.932092 -1.043874 0.776640
v -0.932092 -0.823993 0.776640
v -0.929979 -1.043874 0.755192
v -0.929979 -0.823993 0.755192
v -0.923723 -1.043874 0.734568
v -0.923723 -0.823993 0.734568
v -0.913564 -1.043874 0.715561
v -0.913564 -0.823993 0.715561
v -0.899891 -1.043874 0.698901
v -0.899891 -0.823993 0.698901
v -0.883231 -1.043874 0.685228
v -0.883231 -0.823993 0.685228
v -0.864224 -1.043874 0.675068
v -0.864224 -0.823993 0.675068
v -0.843600 -1.043874 0.668812
v -0.843600 -0.823993 0.668812
v -0.822151 -1.043874 0.666700
v -0.822151 -0.823993 0.666700
v -0.800703 -1.043874 0.668812
v -0.800703 -0.823993 0.668812
v -0.780079 -1.043874 0.675068
v -0.780079 -0.823993 0.675068
v -0.761072 -1.043874 0.685228
v -0.761072 -0.823993 0.685228
v -0.744412 -1.043874 0.698901
v -0.744412 -0.823993 0.698901
v -0.730739 -1.043874 0.715561
v -0.730739 -0.823993 0.715561
v -0.720580 -1.043874 0.734568
v -0.720580 -0.823993 0.734568
v -0.714324 -1.043874 0.755192
v -0.714324 -0.823993 0.755192
v -0.727746 -1.064721 0.776640
v -0.729560 -1.064721 0.795058
v -0.734932 -1.064721 0.812768
v -0.743656 -1.064721 0.829089
v -0.755397 -1.064721 0.843395
v -0.769703 -1.064721 0.855135
v -0.786024 -1.064721 0.863859
v -0.803734 -1.064721 0.869232
v -0.822151 -1.064721 0.871046
v -0.840569 -1.064721 0.869232
v -0.858279 -1.064721 0.863859
v -0.874600 -1.064721 0.855135
v -0.888906 -1.064721 0.843395
v -0.900647 -1.064721 0.829089
v -0.909371 -1.064721 0.812768
v -0.914743 -1.064721 0.795058
v -0.916557 -1.064721 0.776640
v -0.914743 -1.064721 0.758223
v -0.909371 -1.064721 0.740513
v -0.900647 -1.064721 0.724191
v -0.888906 -1.064721 0.709885
v -0.874600 -1.064721 0.698145
v -0.858279 -1.064721 0.689421
v -0.840569 -1.064721 0.684049
v -0.822151 -1.064721 0.682235
v -0.803734 -1.064721 0.684049
v -0.786024 -1.064721 0.689421
v -0.769703 -1.064721 0.698145
v -0.755397 -1.064721 0.709885
v -0.743656 -1.064721 0.724191
v -0.734932 -1.064721 0.740513
v -0.729560 -1.064721 0.758223
v -0.748683 -1.074073 0.776640
v -0.750095 -1.074073 0.790973
v -0.754275 -1.074073 0.804755
v -0.761065 -1.074073 0.817457
v -0.770201 -1.074073 0.828590
v -0.781335 -1.074073 0.837727
v -0.794036 -1.074073 0.844516
v -0.807818 -1.074073 0.848697
v -0.822151 -1.074073 0.850109
v -0.836484 -1.074073 0.848697
v -0.850267 -1.074073 0.844516
v -0.862968 -1.074073 0.837727
v -0.874102 -1.074073 0.828590
v -0.883238 -1.074073 0.817457
v -0.890028 -1.074073 0.804755
v -0.894208 -1.074073 0.790973
v -0.895620 -1.074073 0.776640
v -0.894208 -1.074073 0.762307
v -0.890028 -1.074073 0.748525
v -0.883238 -1.074073 0.735823
v -0.874102 -1.074073 0.724690
v -0.862968 -1.074073 0.715553
v -0.850267 -1.074073 0.708764
v -0.836484 -1.074073 0.704583
v -0.822151 -1.074073 0.703172
v -0.807818 -1.074073 0.704583
v -0.794036 -1.074073 0.708764
v -0.781335 -1.074073 0.715553
v -0.770201 -1.074073 0.724690
v -0.761065 -1.074073 0.735823
v -0.754275 -1.074073 0.748525
v -0.750095 -1.074073 0.762307
v 0.902442 -1.043874 -0.827586
v 0.902442 -0.823993 -0.827586
v 0.900330 -1.043874 -0.806138
v 0.900330 -0.823993 -0.806138
v 0.894073 -1.043874 -0.785514
v 0.894073 -0.823993 -0.785514
v 0.883914 -1.043874 -0.766507
v 0.883914 -0.823993 -0.766507
v 0.870241 -1.043874 -0.749847
v 0.870241 -0.823993 -0.749847
v 0.853581 -1.043874 -0.736174
v 0.853581 -0.823993 -0.736174
v 0.834574 -1.043874 -0.726015
v 0.834574 -0.823993 -0.726015
v 0.813950 -1.043874 -0.719758
v 0.813950 -0.823993 -0.719758
v 0.792502 -1.043874 -0.717646
v 0.792502 -0.823993 -0.717646
v 0.771053 -1.043874 -0.719758
v 0.771053 -0.823993 -0.719758
v 0.750429 -1.043874 -0.726015
v 0.750429 -0.823993 -0.726015
v 0.731422 -1.043874 -0.736174
v 0.731422 -0.823993 -0.736174
v 0.714762 -1.043874 -0.749847
v 0.714762 -0.823993 -0.749847
v 0.701090 -1.043874 -0.766507
v 0.701090 -0.823993 -0.766507
v 0.690930 -1.043874 -0.785514
v 0.690930 -0.823993 -0.785514
v 0.684674 -1.043874 -0.806138
v 0.684674 -0.823993 -0.806138
v 0.682561 -1.043874 -0.827586
v 0.682561 -0.823993 -0.827586
v 0.684674 -1.043874 -0.849035
v 0.684674 -0.823993 -0.849035
v 0.690930 -1.043874 -0.869659
v 0.690930 -0.823993 -0.869659
v 0.701090 -1.043874 -0.888666
v 0.701090 -0.823993 -0.888666
v 0.714762 -1.043874 -0.905326
v 0.714762 -0.823993 -0.905326
v 0.731422 -1.043874 -0.918998
v 0.731422 -0.823993 -0.918998
v 0.750429 -1.043874 -0.929158
v 0.750429 -0.823993 -0.929158
v 0.771053 -1.043874 -0.935414
v 0.771053 -0.823993 -0.935414
v 0.792502 -1.043874 -0.937527
v 0.792502 -0.823993 -0.937527
v 0.813950 -1.043874 -0.935414
v 0.813950 -0.823993 -0.935414
v 0.834574 -1.043874 -0.929158
v 0.834574 -0.823993 -0.929158
v 0.853581 -1.043874 -0.918998
v 0.853581 -0.823993 -0.918998
v 0.870241 -1.043874 -0.905326
v 0.870241 -0.823993 -0.905326
v 0.883914 -1.043874 -0.888666
v 0.883914 -0.823993 -0.888666
v 0.894073 -1.043874 -0.869659
v 0.894073 -0.823993 -0.869659
v 0.900330 -1.043874 -0.849035
v 0.900330 -0.823993 -0.849035
v 0.886907 -1.064721 -0.827586
v 0.885093 -1.064721 -0.809169
v 0.879721 -1.064721 -0.791459
v 0.870997 -1.064721 -0.775137
v 0.859256 -1.064721 -0.760832
v 0.844951 -1.064721 -0.749091
v 0.828629 -1.064721 -0.740367
v 0.810919 -1.064721 -0.734995
v 0.792502 -1.064721 -0.733181
v 0.774084 -1.064721 -0.734995
v 0.756374 -1.064721 -0.740367
v 0.740053 -1.064721 -0.749091
v 0.725747 -1.064721 -0.760832
v 0.714006 -1.064721 -0.775137
v 0.705283 -1.064721 -0.791459
v 0.699910 -1.064721 -0.809169
v 0.698096 -1.064721 -0.827586
v 0.699910 -1.064721 -0.846004
v 0.705283 -1.064721 -0.863714
v 0.714006 -1.064721 -0.880035
v 0.725747 -1.064721 -0.894341
v 0.740053 -1.064721 -0.906081
v 0.756374 -1.064721 -0.914806
v 0.774084 -1.064721 -0.920178
v 0.792502 -1.064721 -0.921992
v 0.810919 -1.064721 -0.920178
v 0.828629 -1.064721 -0.914806
v 0.844951 -1.064721 -0.906081
v 0.859256 -1.064721 -0.894341
v 0.870997 -1.064721 -0.880035
v 0.879721 -1.064721 -0.863714
v 0.885093 -1.064721 -0.846004
v 0.865970 -1.074073 -0.827586
v 0.864559 -1.074073 -0.813253
v 0.860378 -1.074073 -0.799471
v 0.853589 -1.074073 -0.786769
v 0.844452 -1.074073 -0.775636
v 0.833319 -1.074073 -0.766499
v 0.820617 -1.074073 -0.759710
v 0.806835 -1.074073 -0.755529
v 0.792502 -1.074073 -0.754118
v 0.778169 -1.074073 -0.755529
v 0.764387 -1.074073 -0.759710
v 0.751685 -1.074073 -0.766499
v 0.740552 -1.074073 -0.775636
v 0.731415 -1.074073 -0.786769
v 0.724626 -1.074073 -0.799471
v 0.720445 -1.074073 -0.813253
v 0.719033 -1.074073 -0.827586
v 0.720445 -1.074073 -0.841919
v 0.724626 -1.074073 -0.855702
v 0.731415 -1.074073 -0.868403
v 0.740552 -1.074073 -0.879536
v 0.751685 -1.074073 -0.888673
v 0.764387 -1.074073 -0.895462
v 0.778169 -1.074073 -0.899643
v 0.792502 -1.074073 -0.901055
v 0.806835 -1.074073 -0.899643
v 0.820617 -1.074073 -0.895462
v 0.833319 -1.074073 -0.888673
v 0.844452 -1.074073 -0.879536
v 0.853589 -1.074073 -0.868403
v 0.860378 -1.074073 -0.855702
v 0.864559 -1.074073 -0.841919
v -0.712211 -1.043874 -0.827586
v -0.712211 -0.823993 -0.827586
v -0.714324 -1.043874 -0.806138
v -0.714324 -0.823993 -0.806138
v -0.720580 -1.043874 -0.785514
v -0.720580 -0.823993 -0.785514
v -0.730739 -1.043874 -0.766507
v -0.730739 -0.823993 -0.766507
v -0.744412 -1.043874 -0.749847
v -0.744412 -0.823993 -0.749847
v -0.761072 -1.043874 -0.736174
v -0.761072 -0.823993 -0.736174
v -0.780079 -1.043874 -0.726015
v -0.780079 -0.823993 -0.726015
v -0.800703 -1.043874 -0.719759
v -0.800703 -0.823993 -0.719759
v -0.822151 -1.043874 -0.717646
v -0.822151 -0.823993 -0.717646
v -0.843600 -1.043874 -0.719759
v -0.843600 -0.823993 -0.719759
v -0.864224 -1.043874 -0.726015
v -0.864224 -0.823993 -0.726015
v -0.883231 -1.043874 -0.736174
v -0.883231 -0.823993 -0.736174
v -0.899891 -1.043874 -0.749847
v -0.899891 -0.823993 -0.749847
v -0.913563 -1.043874 -0.766507
v -0.913563 -0.823993 -0.766507
v -0.923723 -1.043874 -0.785514
v -0.923723 -0.823993 -0.785514
v -0.929979 -1.043874 -0.806138
v -0.929979 -0.823993 -0.806138
v -0.932092 -1.043874 -0.827586
v -0.932092 -0.823993 -0.827586
v -0.929979 -1.043874 -0.849035
v -0.929979 -0.823993 -0.849035
v -0.923723 -1.043874 -0.869659
v -0.923723 -0.823993 -0.869659
v -0.913563 -1.043874 -0.888666
v -0.913563 -0.823993 -0.888666
v -0.899891 -1.043874 -0.905326
v -0.899891 -0.823993 -0.905326
v -0.883231 -1.043874 -0.918998
v -0.883231 -0.823993 -0.918998
v -0.864224 -1.043874 -0.929158
v -0.864224 -0.823993 -0.929158
v -0.843600 -1.043874 -0.935414
v -0.843600 -0.823993 -0.935414
v -0.822151 -1.043874 -0.937527
v -0.822151 -0.823993 -0.937527
v -0.800703 -1.043874 -0.935414
v -0.800703 -0.823993 -0.935414
v -0.780079 -1.043874 -0.929158
v -0.780079 -0.823993 -0.929158
v -0.761072 -1.043874 -0.918998
v -0.761072 -0.823993 -0.918998
v -0.744412 -1.043874 -0.905326
v -0.744412 -0.823993 -0.905326
v -0.730739 -1.043874 -0.888666
v -0.730739 -0.823993 -0.888666
v -0.720580 -1.043874 -0.869659
v -0.720580 -0.823993 -0.869659
v -0.714324 -1.043874 -0.849035
v -0.714324 -0.823993 -0.849035
v -0.727746 -1.064721 -0.827586
v -0.729560 -1.064721 -0.809169
v -0.734932 -1.064721 -0.791459
v -0.743656 -1.064721 -0.775138
v -0.755397 -1.064721 -0.760832
v -0.769703 -1.064721 -0.749091
v -0.786024 -1.064721 -0.740367
v -0.803734 -1.064721 -0.734995
v -0.822151 -1.064721 -0.733181
v -0.840569 -1.064721 -0.734995
v -0.858279 -1.064721 -0.740367
v -0.874600 -1.064721 -0.749091
v -0.888906 -1.064721 -0.760832
v -0.900647 -1.064721 -0.775138
v -0.909371 -1.064721 -0.791459
v -0.914743 -1.064721 -0.809169
v -0.916557 -1.064721 -0.827586
v -0.914743 -1.064721 -0.846004
v -0.909371 -1.064721 -0.863714
v -0.900647 -1.064721 -0.880035
v -0.888906 -1.064721 -0.894341
v -0.874600 -1.064721 -0.906082
v -0.858279 -1.064721 -0.914806
v -0.840569 -1.064721 -0.920178
v -0.822151 -1.064721 -0.921992
v -0.803734 -1.064721 -0.920178
v -0.786024 -1.064721 -0.914806
v -0.769703 -1.064721 -0.906082
v -0.755397 -1.064721 -0.894341
v -0.743656 -1.064721 -0.880035
v -0.734932 -1.064721 -0.863714
v -0.729560 -1.064721 -0.846004
v -0.748683 -1.074073 -0.827586
v -0.750095 -1.074073 -0.813253
v -0.754275 -1.074073 -0.799471
v -0.761065 -1.074073 -0.786770
v -0.770201 -1.074073 -0.775636
v -0.781334 -1.074073 -0.766500
v -0.794036 -1.074073 -0.759710
v -0.807818 -1.074073 -0.755530
v -0.822151 -1.074073 -0.754118
v -0.836484 -1.074073 -0.755530
v -0.850267 -1.074073 -0.759710
v -0.862968 -1.074073 -0.766500
v -0.874101 -1.074073 -0.775636
v -0.883238 -1.074073 -0.786770
v -0.890027 -1.074073 -0.799471
v -0.894208 -1.074073 -0.813253
v -0.895620 -1.074073 -0.827586
v -0.894208 -1.074073 -0.841919
v -0.890027 -1.074073 -0.855702
v -0.883238 -1.074073 -0.868403
v -0.874101 -1.074073 -0.879537
v -0.862968 -1.074073 -0.888673
v -0.850267 -1.074073 -0.895462
v -0.836484 -1.074073 -0.899643
v -0.822151 -1.074073 -0.901055
v -0.807818 -1.074073 -0.899643
v -0.794036 -1.074073 -0.895462
v -0.781334 -1.074073 -0.888673
v -0.770201 -1.074073 -0.879537
v -0.761065 -1.074073 -0.868403
v -0.754275 -1.074073 -0.855702
v -0.750095 -1.074073 -0.841919
v 0.817898 0.814116 0.927274
v -0.817899 0.814116 0.927274
v 0.817898 -0.256535 0.937587
v -0.817899 -0.256535 0.937587
v 0.736109 0.814116 0.946056
v 0.654319 0.814116 0.964509
v 0.572529 0.814116 0.982246
v 0.490739 0.814116 0.998878
v 0.408949 0.814116 1.014366
v 0.327159 0.814116 1.028818
v 0.245369 0.814116 1.041348
v 0.163580 0.814116 1.051121
v 0.081790 0.814116 1.057411
v -0.000000 0.814116 1.059618
v -0.081790 0.814116 1.057771
v -0.163580 0.814116 1.052489
v -0.245370 0.814116 1.043793
v -0.327159 0.814116 1.031784
v -0.408949 0.814116 1.017065
v -0.490739 0.814116 1.000374
v -0.572529 0.814116 0.982561
v -0.654319 0.814116 0.964509
v -0.736109 0.814116 0.946056
v 0.736109 -0.256535 0.956369
v 0.654319 -0.256535 0.974822
v 0.572529 -0.256535 0.992559
v 0.490739 -0.256535 1.009191
v 0.408949 -0.256535 1.024689
v 0.327159 -0.256535 1.039145
v 0.245369 -0.256535 1.051673
v 0.163580 -0.256535 1.061441
v 0.081790 -0.256535 1.067726
v -0.000000 -0.256535 1.069930
v -0.081790 -0.256535 1.068084
v -0.163580 -0.256535 1.062802
v -0.245370 -0.256535 1.054115
v -0.327159 -0.256535 1.042116
v -0.408949 -0.256535 1.027404
v -0.490739 -0.256535 1.010713
v -0.572529 -0.256535 0.992890
v -0.654319 -0.256535 0.974822
v -0.736109 -0.256535 0.956369
v 0.817898 0.232174 0.932430
v -0.817899 0.232174 0.934091
v 0.736109 0.232174 0.951225
v 0.654319 0.232174 0.971506
v 0.572529 0.232174 0.993622
v 0.490739 0.232174 1.016420
v 0.408949 0.232174 1.038754
v 0.327159 0.232174 1.059494
v 0.245369 0.232174 1.077524
v 0.163580 0.232174 1.091746
v 0.081790 0.232174 1.101072
v -0.000000 0.232174 1.104422
v -0.081790 0.232174 1.102575
v -0.163580 0.232174 1.097293
v -0.245370 0.232174 1.087447
v -0.327159 0.232174 1.072369
v -0.408949 0.232174 1.053147
v -0.490739 0.232174 1.030884
v -0.572529 0.232174 1.006703
v -0.654319 0.232174 0.981743
v -0.736109 0.232174 0.957154
vn -0.3015 0.3262 -0.8960
vn 0.3016 0.2771 0.9123
vn -0.3015 0.2771 0.9123
vn 0.0880 0.8382 -0.5383
vn -0.0456 0.4211 -0.9059
vn -0.0880 0.8382 -0.5383
vn -0.8661 0.0066 0.4998
vn -0.2961 -0.3058 -0.9049
vn -0.7019 -0.0103 -0.7122
vn -0.7968 0.0077 0.6042
vn -0.9889 0.1402 -0.0486
vn -1.0000 -0.0000 -0.0000
vn 0.7073 -0.7069 -0.0000
vn -0.6120 -0.6250 0.4846
vn -0.7073 -0.7069 -0.0000
vn -0.6421 0.0539 -0.7647
vn -0.7069 0.0192 -0.7071
vn 0.7069 0.0192 -0.7070
vn 0.9889 0.1402 -0.0486
vn 1.0000 -0.0000 -0.0000
vn 0.5759 -0.5701 -0.5859
vn -0.5759 -0.5701 -0.5859
vn -0.7073 0.0192 -0.7066
vn -0.7073 0.0191 -0.7067
vn -0.7115 0.0557 -0.7004
vn 0.6582 0.0657 0.7500
vn 0.7902 -0.0000 0.6128
vn -0.3015 -0.2769 -0.9124
vn 0.5759 -0.5702 -0.5859
vn -0.5760 -0.5701 -0.5858
vn -0.7073 0.0192 -0.7067
vn -0.7073 0.0191 -0.7066
vn 0.3014 0.3259 -0.8961
vn -0.0001 0.0271 -0.9996
vn 0.7116 0.0556 -0.7004
vn 0.0776 0.7256 0.6837
vn -0.0777 0.7256 0.6837
vn -0.2958 0.3039 0.9056
vn 0.3015 -0.3260 0.8960
vn -0.5773 -0.5928 0.5615
vn 0.5774 -0.5928 0.5615
vn 0.3016 -0.2771 -0.9123
vn -0.3016 -0.3262 0.8959
vn 0.3015 -0.3262 0.8959
vn 0.7069 0.0192 -0.7071
vn 0.3018 -0.3260 0.8959
vn 0.7069 -0.0192 0.7071
vn -0.7069 0.0192 -0.7070
vn -0.3018 0.2769 0.9123
vn -0.7069 -0.0192 0.7070
vn -0.5773 0.5615 0.5928
vn 0.5777 0.5948 -0.5589
vn -0.5778 0.5948 -0.5588
vn 0.7073 -0.0191 0.7067
vn 0.7073 -0.0192 0.7067
vn -0.7073 -0.0192 0.7066
vn -0.5774 0.5614 0.5928
vn -0.7073 -0.0191 0.7067
vn -0.3015 0.2769 0.9124
vn 0.5773 0.5615 0.5928
vn -0.7073 0.0249 -0.7064
vn 0.5778 0.5948 -0.5588
vn 0.7073 0.0250 -0.7064
vn 0.5773 -0.5928 0.5615
vn -0.5856 -0.5993 -0.5458
vn 0.5857 -0.5992 -0.5458
vn 0.7069 -0.0192 0.7070
vn 0.5855 -0.5994 -0.5457
vn 0.6901 -0.0323 -0.7229
vn -0.5777 0.5948 -0.5589
vn -0.7069 0.0250 -0.7069
vn 0.8768 0.0075 0.4808
vn 0.6129 -0.6197 0.4903
vn 0.8631 0.0003 0.5050
vn 0.5282 -0.4206 0.7376
vn -0.6120 -0.6252 0.4843
vn 0.6123 -0.6246 0.4848
vn 0.7907 0.0004 0.6123
vn 0.7906 -0.0000 0.6123
vn 0.7253 0.0713 0.6848
vn 0.7079 -0.0118 -0.7062
vn 0.6339 0.0739 0.7699
vn 0.7065 0.0102 0.7076
vn -0.5226 -0.4234 0.7400
vn 0.2960 -0.3059 -0.9049
vn -0.2957 -0.3060 -0.9049
vn 0.2982 0.3066 0.9039
vn -0.3116 0.2943 -0.9035
vn 0.3114 0.2943 -0.9035
vn 0.7903 0.0004 0.6128
vn 0.3118 0.2941 -0.9035
vn -0.0721 0.7257 -0.6842
vn 0.0722 0.7258 -0.6841
vn -0.3161 0.2987 -0.9005
vn -0.7317 0.0617 -0.6789
vn -0.7083 -0.0115 -0.7058
vn -0.6978 -0.0104 -0.7163
vn -0.5738 -0.5758 -0.5824
vn -0.7011 -0.0078 -0.7131
vn -0.2933 -0.3034 -0.9066
vn 0.5737 -0.5756 -0.5828
vn 0.2045 0.3214 0.9246
vn -0.5772 0.5869 0.5679
vn 0.5773 0.5868 0.5677
vn 0.3159 0.2985 -0.9006
vn 0.7317 0.0616 -0.6789
vn 0.7083 -0.0118 -0.7058
vn 0.6465 -0.2385 0.7247
vn 0.5770 -0.5788 -0.5763
vn 0.8065 -0.2302 0.5446
vn -0.7080 -0.0116 -0.7061
vn -0.6284 -0.3044 0.7158
vn -0.7072 0.0120 0.7070
vn 0.7045 -0.0078 -0.7096
vn 0.6285 -0.3042 0.7159
vn 0.8067 -0.2300 0.5444
vn -0.6288 -0.3041 0.7156
vn -0.8067 -0.2300 0.5444
vn -0.7081 -0.0115 -0.7060
vn -0.7034 -0.0115 -0.7107
vn 0.6988 -0.0101 -0.7152
vn 0.7033 -0.0117 -0.7108
vn 0.7016 -0.0079 -0.7125
vn 0.8748 0.0076 0.4844
vn 0.7032 -0.0115 -0.7109
vn 0.7021 -0.0100 -0.7120
vn -0.8683 0.0066 0.4960
vn -0.8630 0.0014 0.5051
vn -0.8693 0.0035 0.4944
vn 0.8556 0.0006 0.5176
vn -0.7065 0.0237 -0.7073
vn -0.6901 -0.0324 -0.7229
vn 0.7065 0.0236 -0.7073
vn 0.7069 0.0249 -0.7069
vn -0.0951 -0.0531 -0.9940
vn -0.1785 0.3992 -0.8993
vn -0.1800 -0.3324 -0.9258
vn -0.7073 -0.0192 0.7067
vn 0.7073 -0.0191 0.7066
vn 0.7073 -0.0192 0.7066
vn -0.7069 -0.0192 0.7071
vn 0.7073 0.0191 -0.7067
vn 0.7073 0.0192 -0.7066
vn 0.7073 0.0192 -0.7067
vn -0.7900 0.0024 0.6131
vn -0.7029 -0.0118 -0.7112
vn -0.7078 -0.0115 -0.7064
vn 0.8538 0.0007 0.5206
vn 0.8624 0.0003 0.5063
vn 0.7069 -0.7073 -0.0000
vn 0.6119 -0.6247 0.4852
vn -0.7069 -0.7073 -0.0000
vn -0.5759 -0.5702 -0.5858
vn -0.6117 -0.6253 0.4846
vn 0.3015 -0.2768 -0.9124
vn -0.3018 -0.2769 -0.9123
vn -0.3018 -0.3259 0.8960
vn -0.3015 -0.3259 0.8960
vn -0.5857 -0.5995 -0.5455
vn 0.7404 -0.0300 -0.6715
vn 0.5856 -0.5996 -0.5455
vn -0.5855 -0.5995 -0.5457
vn -0.5223 -0.4263 0.7386
vn -0.6118 -0.6254 0.4843
vn 0.5282 -0.4207 0.7376
vn 0.2963 -0.3056 -0.9049
vn 0.2934 -0.3031 -0.9067
vn 0.2994 -0.3927 0.8696
vn 0.5777 0.5794 0.5749
vn 0.5769 -0.5753 0.5798
vn -0.2678 0.4004 0.8763
vn 0.0073 0.0421 0.9991
vn -0.0073 0.0421 0.9991
vn -0.7031 -0.0115 -0.7110
vn -0.8065 -0.2299 0.5447
vn -0.7032 -0.0117 -0.7109
vn 0.8668 0.0080 0.4986
vn -0.8538 0.0010 0.5206
vn 0.0953 -0.0490 -0.9942
vn -0.7706 -0.0284 -0.6367
vn -0.7082 0.0236 -0.7057
vn 0.7088 0.0236 -0.7050
vn -0.0953 0.1118 -0.9892
vn 0.0951 0.1157 -0.9887
vn 0.1800 0.3902 -0.9030
vn 0.1785 -0.3416 -0.9227
vn -0.0958 0.1003 -0.9903
vn 0.1485 0.5566 -0.8174
vn -0.1485 0.5566 -0.8174
vn 0.0958 -0.0375 -0.9947
vn -0.1485 -0.5038 -0.8509
vn 0.1485 -0.5038 -0.8509
vn 0.7515 -0.0487 0.6580
vn 0.7066 0.0122 0.7075
vn 0.7835 -0.0518 0.6192
vn -0.7061 0.0102 0.7081
vn 0.6361 -0.3079 0.7075
vn 0.7086 0.0101 0.7055
vn -0.0228 -0.0289 0.9993
vn -0.2337 0.3983 0.8870
vn 0.7072 0.0122 0.7069
vn 0.7241 0.0815 0.6848
vn -0.6866 -0.0424 0.7258
vn 0.7072 0.0121 0.7070
vn 0.5772 0.5867 0.5680
vn -0.7065 0.0101 0.7076
vn -0.7797 -0.0515 0.6241
vn -0.7066 0.0121 0.7075
vn -0.7219 -0.0459 0.6905
vn -0.3041 -0.2876 0.9082
vn -0.7058 0.0121 0.7083
vn -0.7062 0.0121 0.7079
vn -0.5781 0.5876 0.5662
vn -0.2980 0.3171 0.9004
vn 0.5780 0.5877 0.5661
vn -0.3042 -0.2862 0.9086
vn -0.0000 -0.9994 0.0332
vn 0.0010 -0.9999 0.0113
vn 0.2974 0.3182 0.9002
vn -0.0000 0.9994 -0.0332
vn 0.0010 0.9999 -0.0116
vn -0.7072 0.0121 0.7070
vn 0.3793 0.0166 0.9251
vn 0.3806 0.0148 0.9246
vn 0.3793 0.0151 0.9252
vn 0.3810 0.0163 0.9244
vn 0.3814 0.0169 0.9243
vn 0.3803 0.0152 0.9247
vn -0.3906 0.0154 0.9204
vn -0.3875 0.0159 0.9217
vn -0.3921 0.0152 0.9198
vn -0.3793 0.0128 0.9252
vn -0.3820 0.0166 0.9240
vn -0.3793 0.0144 0.9252
vn -0.0143 -0.9991 0.0410
vn -0.0142 -0.9989 0.0442
vn -0.0091 -0.9995 0.0318
vn -0.0115 0.9994 -0.0331
vn -0.0113 0.9993 -0.0352
vn -0.0077 0.9996 -0.0269
vn 0.0113 0.9993 -0.0351
vn 0.0096 0.9994 -0.0331
vn 0.0099 0.9990 -0.0432
vn 0.0093 0.9996 -0.0267
vn 0.0070 0.9997 -0.0243
vn 0.0071 0.9998 -0.0209
vn 0.0053 0.9998 -0.0193
vn 0.0059 0.9998 -0.0175
vn 0.0042 0.9999 -0.0164
vn 0.0048 0.9999 -0.0150
vn 0.0033 0.9999 -0.0144
vn 0.0036 0.9999 -0.0134
vn 0.0025 0.9999 -0.0130
vn 0.0031 0.9999 -0.0122
vn 0.0018 0.9999 -0.0120
vn 0.0023 0.9999 -0.0115
vn 0.0012 0.9999 -0.0113
vn 0.0015 0.9999 -0.0110
vn 0.0006 0.9999 -0.0108
vn 0.0008 0.9999 -0.0107
vn 0.0006 0.9999 -0.0106
vn -0.0000 0.9999 -0.0106
vn -0.0006 0.9999 -0.0107
vn -0.0008 0.9999 -0.0108
vn -0.0012 0.9999 -0.0110
vn -0.0016 0.9999 -0.0112
vn -0.0017 0.9999 -0.0115
vn -0.0024 0.9999 -0.0119
vn -0.0023 0.9999 -0.0123
vn -0.0031 0.9999 -0.0131
vn -0.0032 0.9999 -0.0132
vn -0.0041 0.9999 -0.0142
vn -0.0035 0.9999 -0.0152
vn -0.0051 0.9999 -0.0162
vn -0.0046 0.9998 -0.0173
vn -0.0064 0.9998 -0.0191
vn -0.0058 0.9998 -0.0209
vn -0.0083 0.9997 -0.0244
vn 0.0142 -0.9989 0.0442
vn 0.0119 -0.9991 0.0410
vn 0.0133 -0.9982 0.0579
vn 0.0111 -0.9994 0.0318
vn 0.0081 -0.9996 0.0288
vn 0.0081 -0.9997 0.0240
vn 0.0060 -0.9997 0.0222
vn 0.0063 -0.9998 0.0196
vn 0.0048 -0.9998 0.0185
vn 0.0046 -0.9999 0.0162
vn 0.0035 -0.9999 0.0156
vn 0.0041 -0.9999 0.0145
vn 0.0032 -0.9999 0.0140
vn 0.0033 -0.9999 0.0132
vn 0.0021 -0.9999 0.0128
vn 0.0022 -0.9999 0.0123
vn 0.0014 -0.9999 0.0120
vn 0.0017 -0.9999 0.0117
vn 0.0007 -0.9999 0.0116
vn 0.0009 -0.9999 0.0114
vn 0.0001 -0.9999 0.0113
vn -0.0005 -0.9999 0.0114
vn -0.0008 -0.9999 0.0116
vn -0.0011 -0.9999 0.0117
vn -0.0016 -0.9999 0.0120
vn -0.0018 -0.9999 0.0123
vn -0.0025 -0.9999 0.0128
vn -0.0025 -0.9999 0.0133
vn -0.0035 -0.9999 0.0139
vn -0.0034 -0.9999 0.0144
vn -0.0045 -0.9999 0.0159
vn -0.0041 -0.9999 0.0167
vn -0.0058 -0.9998 0.0183
vn -0.0053 -0.9998 0.0194
vn -0.0073 -0.9997 0.0221
vn -0.0067 -0.9997 0.0239
vn -0.0098 -0.9995 0.0285
vn 0.3821 0.0164 0.9240
vn 0.3809 0.0147 0.9245
vn 0.3789 0.0149 0.9253
vn 0.3769 0.0144 0.9261
vn 0.3710 0.0150 0.9285
vn 0.3649 0.0139 0.9309
vn 0.3550 0.0153 0.9347
vn 0.3447 0.0134 0.9386
vn 0.3317 0.0152 0.9433
vn 0.3167 0.0110 0.9485
vn 0.3028 0.0110 0.9530
vn 0.2807 0.0029 0.9598
vn 0.2646 -0.0001 0.9644
vn 0.2341 -0.0097 0.9722
vn 0.2141 -0.0125 0.9767
vn 0.1743 -0.0206 0.9845
vn 0.1493 -0.0219 0.9886
vn 0.1000 -0.0274 0.9946
vn 0.0711 -0.0278 0.9971
vn 0.0143 -0.0295 0.9995
vn -0.0147 -0.0303 0.9994
vn -0.0714 -0.0287 0.9970
vn -0.0949 -0.0315 0.9950
vn -0.1472 -0.0271 0.9887
vn -0.1658 -0.0322 0.9856
vn -0.2131 -0.0249 0.9767
vn -0.2285 -0.0300 0.9731
vn -0.2684 -0.0198 0.9631
vn -0.2804 -0.0227 0.9596
vn -0.3103 -0.0115 0.9506
vn -0.3196 -0.0110 0.9475
vn -0.3410 0.0007 0.9401
vn -0.3481 0.0032 0.9374
vn -0.3625 0.0127 0.9319
vn -0.3656 0.0116 0.9307
vn -0.3742 0.0164 0.9272
vn -0.3750 0.0124 0.9269
vn -0.3786 0.0169 0.9254
vn -0.3809 0.0148 0.9245
vn -0.3796 0.0146 0.9250
vn -0.3771 0.0151 0.9261
vn -0.3721 0.0149 0.9281
vn -0.3660 0.0173 0.9304
vn -0.3598 0.0187 0.9329
vn -0.3488 0.0256 0.9368
vn -0.3391 0.0298 0.9403
vn -0.3218 0.0395 0.9460
vn -0.3083 0.0425 0.9503
vn -0.2838 0.0514 0.9575
vn -0.2641 0.0522 0.9631
vn -0.2319 0.0597 0.9709
vn -0.2071 0.0579 0.9766
vn -0.1679 0.0631 0.9838
vn -0.1404 0.0602 0.9883
vn -0.0944 0.0634 0.9935
vn -0.0658 0.0613 0.9959
vn -0.0119 0.0624 0.9980
vn 0.0178 0.0617 0.9979
vn 0.0748 0.0595 0.9954
vn 0.1011 0.0593 0.9931
vn 0.1529 0.0529 0.9868
vn 0.1741 0.0522 0.9833
vn 0.2168 0.0429 0.9753
vn 0.2333 0.0410 0.9715
vn 0.2678 0.0294 0.9630
vn 0.2803 0.0278 0.9595
vn 0.3080 0.0165 0.9513
vn 0.3151 0.0200 0.9489
vn 0.3373 0.0113 0.9413
vn 0.3408 0.0193 0.9399
vn 0.3589 0.0114 0.9333
vn 0.3607 0.0194 0.9325
vn 0.3731 0.0128 0.9277
vn 0.3737 0.0183 0.9274
vn -0.3885 0.0157 0.9213
vn 0.3806 0.0144 0.9246
vn -0.2977 0.3164 0.9007
vn 0.2983 0.3168 0.9003
vn 0.7057 0.0122 0.7084
vn 0.3039 -0.2878 0.9082
vn 0.7219 -0.0458 0.6905
vn -0.7241 0.0815 0.6848
vn -0.7083 0.0120 0.7058
vn 0.6866 -0.0425 0.7258
vn -0.1581 0.3303 0.9305
vn -0.5772 0.5870 0.5677
vn 0.3043 -0.2878 0.9081
vn 0.2310 0.3458 0.9094
vn -0.6365 -0.3081 0.7071
vn -0.0568 -0.7108 0.7011
vn 0.0569 -0.7108 0.7011
vn -0.2985 0.3064 0.9039
vn -0.3118 0.2940 -0.9035
vn -0.0536 0.4897 -0.8702
vn 0.0536 0.4897 -0.8702
vn 0.3017 0.3259 -0.8960
vn 0.3018 0.2768 0.9123
vn 0.3015 0.2768 0.9124
vn 0.5773 0.5615 0.5929
vn 0.5778 0.5949 -0.5588
vn -0.0000 -0.0000 1.0000
vn -0.7253 0.0712 0.6848
vn -0.6413 0.0514 -0.7655
vn -0.6237 0.0730 0.7782
vn -0.0591 -0.7410 0.6689
vn 0.0613 -0.7697 0.6354
vn -0.0615 -0.7736 0.6307
vn 0.7029 -0.0116 -0.7112
vn 0.7036 -0.0115 -0.7105
vn 0.8659 0.0080 0.5001
vn -0.8538 0.0011 0.5205
vn -0.7971 0.0077 0.6038
vn -0.8621 0.0013 0.5067
vn -0.7128 0.6922 0.1126
vn -0.9946 -0.1033 -0.0000
vn -0.9947 -0.1033 0.0001
vn 0.6450 -0.7588 0.0901
vn 0.9946 -0.1033 0.0001
vn 0.9946 -0.1033 -0.0000
vn 0.8258 0.5541 0.1045
vn -0.0000 1.0000 -0.0010
vn -0.0000 0.4954 0.8687
vn -0.7405 -0.6666 0.0855
vn -0.0000 -1.0000 0.0003
vn -0.0162 0.0203 0.9997
vn 0.0168 0.0201 0.9997
vn -0.5769 -0.5788 -0.5763
vn 0.6969 -0.6764 0.2382
vn -0.6968 -0.6766 0.2381
vn -0.7973 -0.2273 0.5592
vn -0.9054 -0.1328 0.4033
vn -0.5770 -0.5789 -0.5762
vn -0.6465 -0.2385 0.7246
vn 0.2692 -0.3654 0.8911
vn 0.7967 -0.2270 0.5601
vn -0.3018 0.3089 0.9019
vn -0.6452 -0.6222 0.4434
vn -0.6445 0.6290 0.4347
vn -0.2944 0.4239 0.8565
vn -0.5769 -0.5751 0.5801
vn -0.5777 0.5796 0.5747
vn -0.2992 -0.3930 0.8695
vn 0.5768 -0.5752 0.5801
vn -0.5770 -0.5752 0.5799
vn 0.2942 0.4242 0.8565
vn -0.5776 0.5795 0.5749
vn 0.5778 0.5795 0.5747
vn 0.3015 0.3089 0.9020
vn -0.5779 0.5793 0.5748
vn -0.5768 -0.5753 0.5799
vn 0.3015 -0.2941 0.9070
vn 0.5776 0.5796 0.5748
vn -0.3015 -0.2941 0.9070
vn 0.5770 -0.5751 0.5799
vn -0.3015 0.3089 0.9021
vn -0.6446 0.6299 0.4332
vn -0.1886 -0.3057 0.9333
vn -0.1868 0.3190 0.9291
vn 0.3018 -0.2942 0.9068
vn 0.6445 0.6287 0.4351
vn 0.6453 -0.6219 0.4436
vn 0.3016 0.3091 0.9019
vn -0.6449 0.6286 0.4348
vn 0.6449 0.6284 0.4350
vn -0.3016 -0.2944 0.9068
vn 0.6456 -0.6216 0.4436
vn -0.6456 -0.6218 0.4433
vn 0.1897 -0.3046 0.9334
vn -0.1867 0.3189 0.9292
vn -0.1891 -0.3050 0.9334
vn 0.6456 -0.6210 0.4445
vn 0.1880 0.3181 0.9292
vn 0.1898 -0.3048 0.9333
vn 0.6450 0.6285 0.4347
vn -0.1869 0.3192 0.9291
vn 0.1874 0.3187 0.9291
vn -0.6457 -0.6219 0.4431
vn -0.1892 -0.3052 0.9333
vn 0.2899 0.6918 -0.6613
vn 0.0095 -0.0064 -0.9999
vn 0.5361 0.5271 -0.6593
vn 0.6990 0.2802 -0.6580
vn -0.6990 0.2801 -0.6580
vn -0.0095 -0.0064 -0.9999
vn -0.5361 0.5271 -0.6593
vn -0.2900 0.6918 -0.6613
vn 0.6882 0.2941 0.6632
vn 0.0017 0.0162 0.9999
vn 0.5259 0.5350 0.6612
vn 0.2843 0.6954 0.6599
vn 0.0709 0.7301 0.6797
vn -0.0710 0.7301 0.6797
vn -0.2843 0.6955 0.6599
vn -0.0017 0.0162 0.9999
vn -0.5259 0.5350 0.6612
vn -0.6882 0.2942 0.6632
vn -0.5407 0.2357 0.8076
vn -0.5510 0.2161 -0.8061
vn -0.4131 0.4248 0.8056
vn -0.4227 0.4109 -0.8078
vn -0.2233 0.5507 0.8043
vn -0.2284 0.5409 -0.8095
vn -0.0620 0.6404 0.7655
vn -0.0623 0.6238 -0.7791
vn 0.5509 0.2160 -0.8061
vn 0.5406 0.2357 0.8076
vn 0.4226 0.4108 -0.8078
vn 0.4130 0.4247 0.8056
vn 0.2284 0.5409 -0.8095
vn 0.2232 0.5506 0.8043
vn 0.0632 0.6330 -0.7715
vn 0.0610 0.6315 0.7730
vn -0.0541 -0.6750 0.7358
vn -0.2066 -0.6236 0.7539
vn 0.0014 0.0161 0.9999
vn -0.3929 -0.5288 0.7524
vn -0.5407 -0.3809 0.7500
vn -0.6356 -0.1946 0.7471
vn 0.6356 -0.1947 0.7471
vn -0.0014 0.0161 0.9999
vn 0.5407 -0.3810 0.7500
vn 0.3928 -0.5288 0.7524
vn 0.2065 -0.6237 0.7539
vn 0.0540 -0.6750 0.7358
vn -0.7032 -0.2178 0.6769
vn -0.0000 0.0159 0.9999
vn -0.5981 -0.4238 0.6802
vn -0.4345 -0.5874 0.6828
vn -0.2284 -0.6924 0.6844
vn 0.2285 -0.6923 0.6844
vn 0.4346 -0.5873 0.6828
vn 0.5982 -0.4238 0.6802
vn 0.7032 -0.2177 0.6769
vn -0.2553 -0.7765 0.5761
vn -0.2404 -0.7293 0.6405
vn -0.4855 -0.6592 0.5742
vn -0.4570 -0.6190 0.6388
vn -0.6683 -0.4764 0.5713
vn -0.6291 -0.4469 0.6360
vn -0.7857 -0.2461 0.5676
vn -0.7395 -0.2301 0.6326
vn -0.7558 -0.0491 0.6529
vn 0.2402 -0.7294 0.6406
vn 0.2551 -0.7766 0.5761
vn 0.4570 -0.6189 0.6388
vn 0.4856 -0.6592 0.5742
vn 0.6290 -0.4470 0.6360
vn 0.6683 -0.4764 0.5713
vn 0.7395 -0.2302 0.6326
vn 0.7856 -0.2462 0.5676
vn 0.8163 0.5420 -0.1998
vn 0.9226 0.3748 -0.0916
vn 0.9067 0.3797 -0.1836
vn 0.5802 0.7416 -0.3367
vn 0.6031 0.7769 -0.1806
vn 0.7295 0.6834 -0.0268
vn 0.4641 0.8336 -0.2996
vn 0.2632 0.8700 -0.4169
vn 0.3172 0.8076 -0.4971
vn 0.1032 0.8908 -0.4426
vn 0.2604 0.9173 -0.3013
vn 0.6652 0.6217 -0.4135
vn 0.1017 0.9936 -0.0490
vn 0.2712 0.9430 -0.1927
vn 0.1128 0.9807 -0.1600
vn 0.3533 0.9318 -0.0836
vn 0.0754 0.9495 -0.3046
vn -0.8163 0.5420 -0.1998
vn -0.9067 0.3797 -0.1836
vn -0.9226 0.3748 -0.0916
vn -0.6031 0.7769 -0.1806
vn -0.5802 0.7416 -0.3367
vn -0.6652 0.6217 -0.4135
vn -0.4641 0.8336 -0.2996
vn -0.1017 0.9936 -0.0490
vn -0.2712 0.9430 -0.1927
vn -0.3533 0.9318 -0.0836
vn -0.1128 0.9807 -0.1600
vn -0.2604 0.9173 -0.3013
vn -0.7295 0.6834 -0.0268
vn -0.2632 0.8700 -0.4169
vn -0.1032 0.8908 -0.4426
vn -0.3172 0.8076 -0.4972
vn -0.0754 0.9495 -0.3046
vn -0.6423 0.2080 -0.7377
vn 0.0001 0.0271 -0.9996
vn -0.4538 0.3818 -0.8052
vn -0.2325 0.4814 -0.8451
vn 0.2325 0.4814 -0.8451
vn 0.4538 0.3817 -0.8052
vn 0.6423 0.2081 -0.7377
vn 0.6952 0.2660 0.6678
vn 0.5481 0.5065 0.6656
vn 0.3060 0.6830 0.6633
vn -0.3059 0.6830 0.6633
vn -0.5480 0.5066 0.6656
vn -0.6952 0.2661 0.6678
vn 0.2386 0.5328 0.8119
vn 0.4349 0.4021 0.8057
vn 0.5602 0.2143 0.8001
vn -0.1887 0.3966 -0.8984
vn -0.3664 0.3144 -0.8757
vn -0.5188 0.1747 -0.8368
vn 0.0484 0.4446 -0.8944
vn 0.1889 0.3969 -0.8982
vn 0.3671 0.3149 -0.8753
vn 0.5202 0.1750 -0.8359
vn 0.6231 0.0533 -0.7804
vn -0.0692 0.6459 0.7603
vn -0.2387 0.5327 0.8119
vn -0.4350 0.4020 0.8057
vn -0.5602 0.2144 0.8001
vn -0.6339 0.0637 0.7708
vn 0.0649 0.6079 0.7914
vn -0.8254 0.5547 0.1045
vn 0.8482 0.3744 0.3748
vn -0.8481 0.3744 0.3748
vn 0.6966 0.2719 0.6640
vn -0.6967 0.2719 0.6639
vn 0.4878 0.1588 0.8584
vn -0.4879 0.1588 0.8583
vn 0.1786 0.0881 0.9800
vn -0.1785 0.0880 0.9800
vn 0.1869 -0.1472 0.9713
vn -0.1870 -0.1472 0.9713
vn 0.4951 -0.2807 0.8223
vn -0.4952 -0.2806 0.8222
vn 0.6727 -0.4277 0.6038
vn -0.6728 -0.4276 0.6037
vn 0.7771 -0.5396 0.3240
vn -0.7772 -0.5394 0.3240
vn 0.7387 -0.6685 0.0856
vn -0.6476 -0.7566 0.0900
vn -0.6598 0.6134 0.4341
vn -0.5986 -0.7157 0.3598
vn -0.5369 0.4260 0.7282
vn -0.5080 -0.5614 0.6533
vn -0.3706 0.2462 0.8956
vn -0.3608 -0.3665 0.8576
vn 0.7228 0.6820 0.1120
vn 0.5982 -0.7160 0.3599
vn 0.6602 0.6130 0.4340
vn 0.5072 -0.5619 0.6535
vn 0.5377 0.4253 0.7280
vn 0.3597 -0.3670 0.8578
vn 0.3716 0.2456 0.8953
vn 0.0231 -0.0288 0.9993
vn -0.0074 -0.2091 0.9779
vn 0.9054 -0.1328 0.4033
vn -0.0027 -0.4956 0.8685
vn 0.0098 -0.7138 0.7003
vn 0.0793 -0.8525 0.5167
vn 0.6680 -0.7078 0.2299
vn -0.6680 -0.7077 0.2299
vn -0.0793 -0.8525 0.5167
vn -0.0098 -0.7138 0.7003
vn 0.0027 -0.4956 0.8685
vn 0.0074 -0.2091 0.9779
vn -0.2702 -0.6814 -0.6803
vn -0.7359 -0.6697 -0.1004
vn 0.4554 -0.6820 -0.5723
vn 0.7345 0.5634 -0.3782
vn 0.5407 0.6543 0.5287
vn 0.6226 -0.0205 0.7823
vn 0.6226 0.0205 0.7823
vn -0.5000 0.6455 0.5774
vn -0.6751 0.0167 0.7376
vn -0.5217 0.2910 0.8019
vn -0.1641 0.9217 -0.3514
vn -0.9362 -0.1119 -0.3331
vn 0.5566 -0.6011 -0.5736
vn -0.4882 -0.6456 0.5872
vn -0.4686 -0.6530 -0.5950
vn 0.4882 0.6456 0.5872
vn -0.5566 0.6011 -0.5736
vn -0.6455 0.5774 0.5000
vn -0.3827 -0.5665 0.7298
vn -0.8287 0.0552 -0.5570
vn -0.1672 -0.8674 -0.4686
vn -0.6226 0.0205 0.7823
vn -0.7275 0.5057 -0.4637
vn -0.7345 -0.5634 -0.3782
vn 0.5000 -0.6455 0.5774
vn -0.6226 -0.0205 0.7823
vn -0.5872 -0.4882 0.6456
vn 0.6751 -0.0167 0.7376
vn 0.6011 -0.1430 -0.7863
vn 0.7376 0.5631 0.3728
vn 0.5774 -0.5000 0.6455
vn 0.7275 -0.5057 -0.4637
vn 0.6065 -0.4535 0.6531
vn 0.7376 0.1510 -0.6581
vn 0.9848 -0.1726 -0.0177
vn 0.4765 0.4811 -0.7359
vn -0.7376 -0.1510 -0.6581
vn -0.9848 0.1726 -0.0177
vn -0.4765 -0.4811 -0.7359
vn 0.4257 0.5954 -0.6814
vn 0.3674 -0.7098 -0.6011
vn -0.4067 -0.6389 -0.6530
vn 0.1977 -0.7048 -0.6814
vn -0.7309 0.3161 -0.6049
vn -0.3674 0.7098 -0.6011
vn -0.4257 -0.5954 -0.6814
vn 0.4067 0.6389 -0.6530
vn -0.1977 0.7048 -0.6814
vn 0.7309 -0.3161 -0.6049
vn 0.7098 0.1269 -0.6929
vn -0.7643 -0.1331 -0.6309
vn 0.6451 -0.3221 -0.6929
vn -0.7098 -0.1269 -0.6929
vn 0.7643 0.1331 -0.6309
vn -0.6451 0.3221 -0.6929
vn -0.5201 0.5091 -0.6858
vn 0.3233 -0.6686 -0.6697
vn -0.0281 -0.7272 -0.6858
vn -0.3233 0.6686 -0.6697
vn 0.5201 -0.5091 -0.6858
vn -0.4275 0.5934 -0.6820
vn 0.0281 0.7272 -0.6858
vn 0.2702 0.6814 -0.6803
vn 0.7359 0.6697 -0.1004
vn -0.4554 0.6820 -0.5723
vn -0.6929 0.3548 -0.6277
vn -0.6858 -0.1587 0.7102
vn -0.6858 -0.0177 -0.7275
vn 0.6929 -0.3548 -0.6277
vn 0.6858 0.1587 0.7102
vn 0.6858 0.0177 -0.7275
vn -0.3419 0.7001 -0.6268
vn -0.2040 0.8666 -0.4554
vn -0.1245 0.9794 0.1587
vn 0.3419 -0.7001 -0.6268
vn 0.2040 -0.8666 -0.4554
vn 0.1245 -0.9794 0.1587
vn -0.6065 -0.5467 -0.5774
vn 0.6065 0.5467 -0.5774
vn 0.5405 -0.6120 -0.5774
vn 0.5774 -0.5405 -0.6120
vn 0.5665 0.5172 0.6416
vn 0.7305 -0.5018 -0.4632
vn -0.4759 0.7191 0.5063
vn 0.6409 -0.2629 0.7212
vn 0.1286 0.9874 0.0916
vn -0.6298 -0.4611 0.6251
vn -0.5774 0.5672 -0.5873
vn -0.5774 -0.6065 -0.5467
vn 0.6120 -0.5774 -0.5405
vn -0.5834 -0.6298 0.5129
vn -0.5467 -0.5774 -0.6065
vn 0.7717 0.5885 -0.2410
vn -0.5873 0.5774 -0.5672
vn -0.7460 0.6040 -0.2805
vn -0.0807 0.2412 0.9671
vn 0.4817 0.7641 0.4291
vn 0.0916 0.2387 0.9668
vn 0.5923 0.4385 -0.6759
vn 0.4970 -0.7448 -0.4453
vn -0.7088 -0.5319 -0.4634
vn -0.6230 0.7466 0.2334
vn 0.6117 0.7800 0.1324
vn 0.7930 0.2808 -0.5407
vn -0.0955 0.8717 -0.4806
vn -0.3154 0.3593 -0.8783
vn -0.6080 -0.2726 0.7456
vn -0.3111 0.8647 0.3943
vn -0.4765 -0.7540 -0.4520
vn 0.4144 -0.2502 0.8750
vn -0.6305 -0.3343 0.7005
vn 0.4961 -0.7059 -0.5055
vn 0.2366 0.8302 0.5048
vn 0.6092 -0.5083 0.6087
vn -0.8100 -0.4772 -0.3408
vn 0.1042 0.9210 0.3753
vn -0.0605 0.4220 -0.9046
vn 0.8052 -0.0075 0.5930
vn -0.1124 0.5156 -0.8494
vn 0.0120 0.8953 0.4453
vn -0.2255 0.5422 -0.8094
vn 0.2617 0.7524 -0.6045
vn -0.2421 0.9519 0.1878
vn -0.4505 -0.4732 0.7570
vn 0.6117 0.7800 0.1323
vn 0.0121 0.8953 0.4453
vn -0.0808 0.2412 0.9671
vn -0.2256 0.5423 -0.8094
vn 0.1286 0.9875 0.0916
vn 0.1043 0.9210 0.3753
vn -0.0955 0.8717 -0.4807
vn -0.3155 0.3593 -0.8783
vn -0.1123 0.5156 -0.8494
vn -0.5079 -0.6393 -0.5774
vn 0.5079 0.6393 -0.5774
vn 0.6291 -0.5204 -0.5774
vn 0.5774 -0.6291 -0.5204
vn 0.6990 0.6393 0.3204
vn 0.5713 -0.3780 0.7285
vn 0.0478 0.0220 0.9986
vn -0.0533 0.7062 0.7060
vn -0.0765 0.0237 0.9968
vn -0.6014 -0.4422 0.6654
vn -0.5774 0.6442 -0.5017
vn -0.5774 -0.5079 -0.6393
vn 0.5204 -0.5774 -0.6291
vn -0.5575 -0.6014 0.5722
vn -0.6393 -0.5774 -0.5079
vn 0.5212 0.6520 0.5507
vn -0.5017 0.5774 -0.6442
vn -0.5710 0.6570 0.4922
vn 0.0715 0.7029 0.7077
vn 0.5606 -0.4200 0.7137
vn 0.6312 0.6967 0.3410
vn 0.0397 0.0340 0.9986
vn -0.7948 -0.2715 0.5427
vn 0.7994 -0.3611 0.4802
vn -0.0454 0.6959 0.7167
vn -0.5647 0.7496 0.3453
vn -0.6139 -0.3401 0.7124
vn 0.0002 1.0000 0.0002
vn 0.0003 0.7069 -0.7073
vn 0.5776 0.6011 0.5523
vn 0.7069 -0.0777 0.7030
vn 0.0402 0.7069 0.7061
vn -0.7806 0.5774 0.2395
vn 0.1837 0.7013 -0.6888
vn -0.7069 0.1489 0.6914
vn -0.7070 0.7064 0.0357
vn -0.0000 -1.0000 -0.0000
vn -0.6750 -0.5774 0.4594
vn -0.7064 -0.7069 0.0359
vn -0.0243 0.7064 0.7074
vn -0.7066 0.7068 -0.0347
vn 0.2756 0.5766 0.7692
vn -0.7014 -0.0910 0.7069
vn 0.6055 -0.5478 0.5774
vn 0.7030 0.0777 0.7069
vn -0.1820 0.6835 0.7069
vn -0.4594 -0.6750 0.5774
vn 0.1196 -0.6971 0.7069
vn 0.0723 -0.7036 0.7069
vn 0.6015 0.5518 0.5776
vn -0.0080 0.7067 0.7074
vn 0.6870 0.1682 0.7069
vn -0.7684 -0.2756 0.5777
vn -0.6914 -0.1489 0.7069
vn -0.4589 -0.5035 0.7321
vn 0.4619 -0.6733 0.5774
vn -0.0593 -0.6228 0.7802
vn -0.0402 -0.7069 0.7062
vn 0.6733 -0.5774 0.4619
vn -0.0321 -0.7069 -0.7066
vn -0.7069 0.0910 0.7014
vn -0.5774 -0.6808 0.4507
vn -0.7069 -0.4384 -0.5550
vn 0.7069 -0.1682 0.6870
vn 0.7069 -0.6349 -0.3118
vn 0.7802 0.5316 -0.3298
vn 0.6582 0.3998 0.6379
vn 0.5774 -0.4619 0.6733
vn -0.6581 -0.2906 0.6945
vn -0.5774 0.2395 0.7806
vn -0.7013 0.5057 0.5025
vn -0.5774 -0.7950 0.1860
vn -0.5774 -0.4440 0.6852
vn 0.4506 0.6031 0.6581
vn -0.5005 -0.5625 0.6581
vn -0.5774 -0.4594 0.6750
vn -0.7069 -0.7064 -0.0359
vn 0.7069 -0.7069 0.0248
vn 0.5774 -0.6055 0.5478
vn 0.0061 -0.7069 -0.7073
vn 0.0002 1.0000 0.0001
vn 0.7069 -0.7069 -0.0248
vn 0.6032 -0.5774 -0.5503
vn 0.5774 -0.5503 -0.6032
vn 0.7069 0.1244 -0.6963
vn 0.0001 1.0000 0.0002
vn 0.7069 0.7053 -0.0531
vn 0.5774 0.5768 -0.5779
vn 0.5779 0.5774 -0.5768
vn 0.0002 1.0000 -0.0001
vn -0.7069 -0.1322 -0.6948
vn -0.5774 -0.5869 -0.5677
vn -0.5774 0.5771 -0.5776
vn -0.2395 0.7806 0.5774
vn 0.5057 -0.5025 0.7013
vn 0.6794 0.0499 0.7321
vn 0.4103 -0.7321 0.5438
vn 0.6852 -0.5774 -0.4440
vn -0.1860 -0.5774 0.7950
vn 0.7013 0.4311 0.5677
vn 0.5774 0.7950 0.1860
vn 0.5774 0.4440 0.6852
vn -0.5981 0.7321 -0.3261
vn -0.6852 0.5774 -0.4440
vn 0.1860 0.5774 0.7950
vn 0.4316 -0.6581 0.6169
vn -0.4507 -0.5774 0.6808
vn -0.0723 -0.7069 0.7036
vn -0.0705 -0.7069 0.7038
vn -0.0688 -0.7069 0.7039
vn -0.0671 -0.7069 0.7041
vn -0.0653 -0.7069 0.7043
vn -0.0636 -0.7069 0.7044
vn -0.0619 -0.7069 0.7046
vn -0.0601 -0.7069 0.7047
vn -0.0583 -0.7069 0.7049
vn -0.0565 -0.7069 0.7050
vn -0.0547 -0.7069 0.7052
vn -0.0529 -0.7069 0.7053
vn -0.0511 -0.7069 0.7054
vn -0.0493 -0.7069 0.7056
vn -0.0475 -0.7069 0.7057
vn -0.0456 -0.7069 0.7058
vn -0.0438 -0.7069 0.7059
vn -0.0420 -0.7069 0.7060
vn 0.5550 0.4384 0.7069
vn 0.0321 0.7066 0.7069
vn 0.5264 -0.4807 0.7013
vn 0.5708 -0.4909 0.6582
vn 0.0243 0.7064 0.7074
vn 0.0402 -0.7062 0.7069
vn 0.0224 0.7064 0.7074
vn 0.0420 -0.7060 0.7069
vn 0.0206 0.7065 0.7074
vn 0.0438 -0.7059 0.7069
vn 0.0187 0.7065 0.7074
vn 0.0456 -0.7058 0.7069
vn 0.0169 0.7066 0.7074
vn 0.0475 -0.7057 0.7069
vn 0.0151 0.7066 0.7074
vn 0.0493 -0.7056 0.7069
vn 0.0132 0.7067 0.7074
vn 0.0511 -0.7054 0.7069
vn 0.0114 0.7067 0.7074
vn 0.0529 -0.7053 0.7069
vn 0.0096 0.7068 0.7074
vn 0.0547 -0.7052 0.7069
vn 0.0078 0.7068 0.7074
vn 0.0565 -0.7050 0.7069
vn 0.0060 0.7068 0.7074
vn 0.0583 -0.7049 0.7069
vn 0.0042 0.7068 0.7074
vn 0.0601 -0.7047 0.7069
vn 0.0024 0.7068 0.7074
vn 0.0619 -0.7046 0.7069
vn 0.0006 0.7068 0.7074
vn 0.0636 -0.7044 0.7069
vn -0.0011 0.7068 0.7074
vn 0.0653 -0.7043 0.7069
vn -0.0029 0.7068 0.7074
vn 0.0671 -0.7041 0.7069
vn -0.0046 0.7068 0.7074
vn 0.0688 -0.7039 0.7069
vn -0.0063 0.7068 0.7074
vn 0.0705 -0.7038 0.7069
vn -0.5967 0.4591 0.6581
vn -0.0263 -0.7068 0.7069
vn -0.0402 0.7061 0.7069
vn -0.0202 -0.7070 0.7069
vn -0.0458 0.7058 0.7069
vn -0.0141 -0.7072 0.7069
vn -0.0516 0.7054 0.7069
vn -0.0075 -0.7073 0.7069
vn -0.0578 0.7049 0.7069
vn -0.0004 -0.7073 0.7069
vn -0.0647 0.7043 0.7069
vn 0.0078 -0.7073 0.7069
vn -0.0726 0.7036 0.7069
vn 0.0171 -0.7071 0.7069
vn -0.0816 0.7026 0.7069
vn 0.0278 -0.7067 0.7069
vn -0.0921 0.7013 0.7069
vn 0.0396 -0.7062 0.7069
vn -0.1038 0.6996 0.7069
vn 0.0523 -0.7054 0.7069
vn -0.1162 0.6977 0.7069
vn 0.0648 -0.7043 0.7069
vn -0.1285 0.6955 0.7069
vn 0.0764 -0.7032 0.7069
vn -0.1398 0.6933 0.7069
vn 0.0863 -0.7020 0.7069
vn -0.1496 0.6913 0.7069
vn 0.0948 -0.7009 0.7069
vn -0.1578 0.6895 0.7069
vn 0.1017 -0.6999 0.7069
vn -0.1646 0.6879 0.7069
vn 0.1074 -0.6991 0.7069
vn -0.1702 0.6865 0.7069
vn 0.1122 -0.6983 0.7069
vn -0.1748 0.6854 0.7069
vn 0.1162 -0.6977 0.7069
vn -0.1787 0.6844 0.7069
vn 0.5518 0.5768 0.6024
vn 0.0080 0.7064 0.7077
vn 0.0063 0.7064 0.7078
vn -0.0000 1.0000 0.0010
vn 0.0046 0.7064 0.7078
vn -0.0000 1.0000 0.0013
vn 0.0029 0.7064 0.7078
vn 0.0011 0.7064 0.7078
vn -0.0000 1.0000 0.0012
vn -0.0006 0.7064 0.7078
vn -0.0024 0.7064 0.7078
vn -0.0042 0.7064 0.7078
vn -0.0000 1.0000 0.0015
vn -0.0060 0.7064 0.7078
vn -0.0078 0.7064 0.7078
vn -0.0096 0.7064 0.7078
vn -0.0114 0.7064 0.7077
vn -0.0132 0.7064 0.7077
vn -0.0151 0.7064 0.7076
vn -0.0169 0.7064 0.7076
vn -0.0187 0.7064 0.7075
vn -0.0000 1.0000 0.0014
vn -0.0206 0.7064 0.7075
vn -0.0224 0.7064 0.7074
vn 0.0263 -0.7069 0.7068
vn 0.0202 -0.7069 0.7070
vn 0.0141 -0.7069 0.7072
vn 0.0075 -0.7069 0.7073
vn 0.0004 -0.7069 0.7073
vn -0.0078 -0.7069 0.7073
vn -0.0171 -0.7069 0.7071
vn -0.0278 -0.7069 0.7067
vn -0.0396 -0.7069 0.7062
vn -0.0523 -0.7069 0.7054
vn -0.0648 -0.7069 0.7043
vn -0.0764 -0.7069 0.7032
vn -0.0863 -0.7069 0.7020
vn -0.0948 -0.7069 0.7009
vn -0.1017 -0.7069 0.6999
vn -0.1074 -0.7069 0.6991
vn -0.1122 -0.7069 0.6983
vn -0.1162 -0.7069 0.6977
vn -0.1196 -0.7069 0.6971
vn -0.2611 0.6581 0.7062
vn -0.6349 0.7069 0.3118
vn 0.1820 0.7069 0.6835
vn 0.1787 0.7069 0.6844
vn 0.1748 0.7069 0.6854
vn 0.1702 0.7069 0.6865
vn 0.1646 0.7069 0.6879
vn 0.1578 0.7069 0.6895
vn 0.1496 0.7069 0.6913
vn 0.1398 0.7069 0.6933
vn 0.1285 0.7069 0.6955
vn 0.1162 0.7069 0.6977
vn 0.1038 0.7069 0.6996
vn 0.0921 0.7069 0.7013
vn 0.0816 0.7069 0.7026
vn 0.0726 0.7069 0.7036
vn 0.0647 0.7069 0.7043
vn 0.0578 0.7069 0.7049
vn 0.0516 0.7069 0.7054
vn 0.0458 0.7069 0.7058
vn -0.5677 -0.5774 -0.5869
vn -0.5776 0.5774 -0.5771
vn 0.4440 0.6852 0.5774
vn -0.4440 -0.6852 0.5774
vn 0.7950 0.1860 0.5774
vn -0.0000 -0.0000 -1.0000
vn 0.5768 0.5779 -0.5774
vn 0.6963 -0.1244 -0.7069
vn -0.0061 -0.7073 -0.7069
vn 0.5503 -0.6032 -0.5774
vn -0.5869 -0.5677 -0.5774
vn -0.6948 0.1322 -0.7069
vn -0.0003 0.7073 -0.7069
vn 0.7069 -0.0617 0.7046
vn 0.5774 -0.6001 0.5537
vn 0.5774 -0.6080 -0.5450
vn -0.7069 0.1116 0.6984
vn -0.5777 0.5799 0.5745
vn -0.6757 0.6967 -0.2410
vn -0.0003 -0.7069 -0.7073
vn -0.6340 -0.5774 0.5145
vn -0.5288 -0.5774 -0.6221
vn -0.5803 0.5741 0.5777
vn -0.6984 -0.1116 0.7069
vn 0.0003 -0.7073 -0.7069
vn -0.5414 0.4946 -0.6799
vn -0.0013 0.3880 -0.9217
vn -0.0082 0.9265 -0.3761
vn -0.5741 0.5768 0.5811
vn 0.0021 0.7064 0.7078
vn 0.0013 0.3885 -0.9214
vn 0.5498 0.8226 -0.1452
vn 0.4973 0.0866 -0.8632
vn -0.4946 0.1083 -0.8623
vn 0.0082 0.9263 -0.3768
vn 0.4707 0.6908 -0.5488
vn 0.5773 0.5768 0.5780
vn 0.6080 -0.5450 -0.5774
vn 0.5572 0.4973 -0.6650
vn 0.7069 0.0238 0.7069
vn -0.0021 0.7068 0.7074
vn -0.4476 -0.5136 0.7321
vn 0.5390 -0.4666 0.7013
vn 0.5450 -0.5774 -0.6080
vn 0.0442 -0.7069 0.7059
vn 0.4485 0.5128 0.7321
vn 0.7013 0.3844 0.6003
vn 0.5774 0.7969 0.1777
vn 0.5774 0.4806 0.6601
vn -0.5379 0.4678 0.7013
vn -0.7013 -0.3885 0.5977
vn -0.5774 -0.7969 0.1777
vn -0.5774 -0.4806 0.6601
vn 0.3731 -0.7321 0.5700
vn 0.6601 -0.5774 -0.4806
vn -0.1777 -0.5774 0.7969
vn -0.3763 0.7321 0.5679
vn -0.6601 0.5774 -0.4806
vn 0.1777 0.5774 0.7969
vn 0.7046 0.0617 0.7069
vn -0.7038 -0.0702 0.7069
vn -0.0442 -0.7059 0.7069
vn -0.5145 -0.6340 0.5774
vn 0.6001 -0.5537 0.5774
vn 0.4806 0.6601 0.5774
vn -0.4806 -0.6601 0.5774
vn 0.7969 0.1777 0.5774
vn -0.2340 0.9484 0.2140
vn 0.3119 0.9456 0.0929
vn -0.0000 0.9736 -0.2281
vn 0.3067 0.9336 0.1852
vn -0.0000 0.9905 -0.1372
vn -0.0000 0.8253 0.5647
vn -0.0000 0.8065 0.5912
vn -0.1406 0.4686 0.8721
vn 0.1406 0.8722 0.4686
vn -0.1406 0.2895 0.9468
vn 0.1406 0.7640 0.6297
vn -0.1406 0.0992 0.9851
vn 0.1406 0.6264 0.7667
vn -0.1406 -0.0949 0.9855
vn 0.1406 0.4648 0.8742
vn -0.1406 -0.2854 0.9481
vn 0.1406 0.2854 0.9481
vn -0.1406 -0.4648 0.8742
vn 0.1405 0.0949 0.9855
vn -0.1406 -0.6264 0.7667
vn 0.1406 -0.0992 0.9851
vn -0.1406 -0.7640 0.6297
vn 0.1406 -0.2895 0.9468
vn -0.1406 -0.8722 0.4686
vn 0.1406 -0.4686 0.8722
vn -0.1406 -0.9468 0.2894
vn 0.1406 -0.6297 0.7640
vn -0.1406 -0.9851 0.0992
vn 0.1406 -0.7667 0.6264
vn -0.1406 -0.9855 -0.0950
vn 0.1406 -0.8742 0.4648
vn -0.1406 -0.9481 -0.2854
vn 0.1406 -0.9481 0.2854
vn -0.1406 -0.8742 -0.4648
vn 0.1406 -0.9855 0.0950
vn -0.1406 -0.7667 -0.6264
vn 0.1406 -0.9851 -0.0992
vn -0.1406 -0.6297 -0.7640
vn 0.1406 -0.9468 -0.2894
vn -0.1406 -0.4686 -0.8721
vn 0.1406 -0.8722 -0.4686
vn -0.1406 -0.2895 -0.9468
vn 0.1406 -0.7640 -0.6297
vn -0.1406 -0.0992 -0.9851
vn 0.1406 -0.6264 -0.7667
vn -0.1405 0.0949 -0.9855
vn 0.1406 -0.4648 -0.8742
vn -0.1406 0.2854 -0.9481
vn 0.1406 -0.2854 -0.9481
vn -0.1406 0.4648 -0.8742
vn 0.1406 -0.0949 -0.9855
vn -0.1406 0.6264 -0.7667
vn 0.1406 0.0992 -0.9851
vn -0.1406 0.7640 -0.6297
vn 0.1406 0.2895 -0.9468
vn -0.1406 0.8722 -0.4686
vn 0.1406 0.4686 -0.8722
vn -0.0000 0.8065 -0.5912
vn -0.0000 0.8253 -0.5647
vn 0.3273 0.9268 -0.1839
vn -0.0000 0.8739 -0.4861
vn -0.0000 -0.2857 0.9583
vn -0.0000 1.0000 -0.0000
vn 0.3223 0.9421 -0.0926
vn -0.0000 0.9151 -0.4033
vn 0.3171 0.9484 -0.0000
vn -0.0000 -0.5042 -0.8636
vn -0.0000 0.4945 -0.8692
vn -0.0000 0.4138 -0.9104
vn -0.0000 -0.6859 0.7277
vn -0.0000 -0.5372 0.8434
vn -0.0000 -0.3684 0.9297
vn -0.0000 -0.0546 0.9985
vn -0.0000 0.7370 -0.6759
vn -0.0000 0.3944 -0.9189
vn -0.0000 0.3455 0.9384
vn -0.0000 -0.5178 0.8555
vn -0.0000 -0.3435 -0.9391
vn -0.0000 -0.4553 0.8903
vn -0.0000 0.4326 -0.9016
vn -0.0000 0.3971 -0.9178
vn -0.0000 0.1825 0.9832
vn -0.0000 -0.5549 0.8319
vn -0.0000 -0.1733 -0.9849
vn -0.0000 -0.6926 -0.7213
vn -0.0000 0.6631 -0.7485
vn -0.0000 0.7272 0.6865
vn -0.0000 0.0170 0.9999
vn -0.0000 0.2160 0.9764
vn -0.0000 -0.7898 -0.6134
vn -0.0000 -0.1608 -0.9870
vn -0.0000 0.6499 -0.7600
vn -0.0000 0.7510 0.6603
vn -0.0000 -0.1356 0.9908
vn -0.0000 -0.0736 0.9973
vn -0.0000 -0.2667 -0.9638
vn -0.0000 -0.7187 -0.6953
vn -0.0000 0.2940 -0.9558
vn -0.0000 -0.4766 0.8791
vn -0.0000 -0.5625 0.8268
vn -0.0000 -0.2308 0.9730
vn -0.0000 0.8608 -0.5090
vn -0.0000 0.2177 -0.9760
vn -0.0000 -0.5778 0.8162
vn -0.0000 -0.1502 0.9887
vn -0.0000 0.3592 -0.9333
vn 0.3295 -0.8848 0.3295
vn -0.0000 0.5268 -0.8500
vn -0.0000 0.2630 0.9648
vn -0.0000 -0.3854 0.9227
vn -0.0000 -0.8222 0.5693
vn -0.0000 0.2445 -0.9696
vn -0.0000 -0.1236 -0.9923
vn -0.0000 0.7366 -0.6763
vn -0.0000 0.1704 0.9854
vn -0.0000 -0.3375 0.9413
vn -0.0000 -0.8057 0.5924
vn -0.0000 -0.2858 -0.9583
vn -0.0000 0.3566 -0.9343
vn -0.7894 0.3488 0.5052
vn -0.9450 -0.1462 0.2925
vn -0.8808 0.0924 0.4644
vn -0.7894 -0.5707 -0.2263
vn -0.9461 -0.0442 -0.3209
vn -0.8781 -0.3384 -0.3384
vn -0.0000 0.2191 -0.9757
vn -0.0000 0.5995 -0.8004
vn -0.0000 -0.3599 0.9330
vn -0.0000 -0.5643 0.8256
vn -0.0000 -0.6648 0.7471
vn -0.0000 0.4550 -0.8905
vn -0.0000 0.6923 -0.7216
vn -0.0000 -0.4282 -0.9037
vn -0.0000 -0.4434 0.8963
vn -0.0000 0.4520 0.8920
vn -0.0000 0.5759 -0.8175
vn -0.0000 -0.2614 -0.9652
vn -0.0000 -0.3152 0.9490
vn -0.0000 0.5186 0.8550
vn -0.0000 0.4833 -0.8755
vn -0.0000 -0.3350 -0.9422
vn -0.0000 -0.4306 0.9025
vn -0.0000 0.4980 0.8672
vn -0.0000 0.4492 0.8934
vn -0.0000 -0.5792 -0.8152
vn -0.0000 -0.4975 -0.8675
vn -0.0000 0.5577 0.8300
vn -0.0000 0.3925 0.9197
vn -0.0000 -0.1224 -0.9925
vn -0.0000 -0.3167 -0.9485
vn -0.0000 0.2191 0.9757
vn -0.0000 -0.2075 -0.9782
vn -0.0000 -0.3137 -0.9495
vn -0.0000 0.1710 0.9853
vn -0.0000 -0.0246 -0.9997
vn -0.0000 -0.0735 -0.9973
vn -0.0000 0.1709 0.9853
vn -0.0000 -0.0735 0.9973
vn -0.0000 -0.1224 0.9925
vn -0.0000 0.1224 0.9925
vn -0.0000 0.0246 -0.9997
vn -0.0000 -0.1710 0.9853
vn -0.0000 -0.2191 -0.9757
vn -0.0000 0.0735 0.9973
vn -0.0000 0.0736 -0.9973
vn -0.0000 0.0736 0.9973
vn -0.0000 0.0735 -0.9973
vn -0.0000 -0.2191 0.9757
vn -0.0000 -0.1710 -0.9853
vn -0.0000 0.0246 0.9997
vn -0.0000 0.1224 -0.9925
vn -0.0000 -0.2667 0.9638
vn -0.0000 -0.0246 0.9997
vn -0.0000 0.1709 -0.9853
vn -0.0000 0.1710 -0.9853
vn -0.0000 -0.3137 0.9495
vn -0.9806 0.1282 -0.1481
vn -0.9810 -0.1440 -0.1300
vn -0.9999 0.0093 0.0039
vn 0.9864 -0.0852 -0.1403
vn 0.9865 0.1394 -0.0858
vn 1.0000 -0.0080 0.0016
vn 0.8292 -0.1865 -0.5270
vn 0.9610 -0.2737 -0.0392
vn 0.9135 -0.2876 -0.2876
vn 0.8292 -0.1377 0.5417
vn 0.9609 0.2063 0.1846
vn 0.9106 0.0806 0.4053
vn -0.7894 -0.5156 -0.3333
vn -0.8808 -0.2630 -0.3937
vn -0.7894 0.2435 0.5635
vn -0.8781 -0.0000 0.4786
vn 0.8292 -0.0801 -0.5532
vn 0.9613 -0.2593 -0.0927
vn 0.8292 -0.2407 0.5045
vn 0.9610 0.1659 0.2213
vn -0.7894 -0.4407 -0.4274
vn -0.8780 -0.1832 -0.4422
vn -0.7894 0.1289 0.6002
vn -0.8808 -0.0924 0.4644
vn 0.8292 0.0294 -0.5582
vn 0.8292 -0.3345 0.4478
vn 0.9613 0.1178 0.2489
vn -0.7894 -0.3488 -0.5052
vn -0.8808 -0.0924 -0.4644
vn -0.7894 0.0093 0.6138
vn -0.8771 -0.1838 0.4438
vn 0.8292 0.1377 -0.5418
vn 0.9613 -0.2041 -0.1849
vn 0.8292 -0.4155 0.3740
vn 0.9602 0.0723 0.2697
vn -0.7894 -0.2435 -0.5635
vn -0.8799 -0.0000 -0.4751
vn -0.7894 -0.1106 0.6039
vn -0.8808 -0.2631 0.3937
vn 0.8292 0.2408 -0.5045
vn 0.9604 -0.1693 -0.2215
vn 0.8292 -0.4804 0.2857
vn 0.9609 0.0153 0.2764
vn -0.7894 -0.1289 -0.6002
vn -0.8796 0.0928 -0.4666
vn -0.7894 -0.2263 0.5707
vn -0.8794 -0.3367 0.3367
vn 0.8292 0.3345 -0.4478
vn 0.9613 -0.1178 -0.2489
vn 0.8292 -0.5270 0.1865
vn 0.9610 -0.0392 0.2738
vn -0.7894 -0.0093 -0.6138
vn -0.7894 -0.3333 0.5156
vn -0.8808 -0.3937 0.2630
vn 0.8292 0.4155 -0.3739
vn 0.9606 -0.0704 -0.2688
vn 0.8292 -0.5532 0.0801
vn 0.9613 -0.0927 0.2593
vn 0.8292 0.5045 0.2407
vn 0.9610 0.2213 -0.1659
vn 0.9145 0.4046 -0.0000
vn -0.7894 0.1106 -0.6039
vn -0.8808 0.2630 -0.3937
vn -0.7894 -0.4274 0.4407
vn -0.8761 -0.4455 0.1845
vn -0.7894 0.6002 -0.1289
vn -0.9457 0.2147 0.2441
vn -0.8808 0.4644 0.0924
vn 0.8292 0.4804 -0.2857
vn 0.9609 -0.0153 -0.2764
vn 0.8292 -0.5582 -0.0294
vn 0.8292 0.4478 0.3345
vn 0.9609 0.2495 -0.1200
vn -0.7894 0.2263 -0.5707
vn -0.8781 0.3384 -0.3384
vn -0.7894 -0.5052 0.3488
vn -0.8808 -0.4644 0.0924
vn -0.7894 0.6138 -0.0093
vn 0.8292 0.5270 -0.1865
vn 0.9610 0.0392 -0.2738
vn 0.8292 -0.5417 -0.1377
vn 0.9613 -0.1849 0.2041
vn 0.8292 0.3740 0.4155
vn 0.9605 0.2692 -0.0711
vn -0.7894 0.3333 -0.5156
vn -0.8808 0.3937 -0.2630
vn -0.7894 -0.5635 0.2435
vn -0.8799 -0.4751 -0.0000
vn -0.7894 0.6039 0.1106
vn -0.8808 0.3937 0.2630
vn 0.8292 0.5532 -0.0801
vn 0.9613 0.0927 -0.2593
vn 0.8292 -0.5045 -0.2407
vn 0.9604 -0.2215 0.1693
vn 0.8292 0.2857 0.4804
vn 0.9609 0.2764 -0.0154
vn -0.7894 0.4274 -0.4407
vn -0.8788 0.4408 -0.1826
vn -0.7894 -0.6002 0.1289
vn -0.8796 -0.4666 -0.0928
vn -0.7894 0.5707 0.2263
vn -0.8794 0.3367 0.3367
vn 0.8292 0.5582 0.0294
vn 0.8292 -0.4478 -0.3345
vn 0.9613 -0.2489 0.1178
vn 0.8292 0.1865 0.5270
vn 0.9610 0.2737 0.0392
vn -0.7894 0.5052 -0.3488
vn -0.8796 0.4666 -0.0928
vn -0.7894 -0.6138 0.0093
vn -0.7894 0.5156 0.3333
vn -0.8808 0.2630 0.3937
vn 0.8292 0.5418 0.1377
vn 0.8292 -0.3740 -0.4155
vn 0.9606 -0.2688 0.0704
vn 0.8292 0.0801 0.5532
vn 0.9613 0.2593 0.0927
vn -0.7894 0.5635 -0.2435
vn -0.7894 -0.6039 -0.1106
vn -0.7894 0.4407 0.4274
vn 0.8292 -0.2857 -0.4804
vn 0.8292 -0.0294 0.5582
vn -0.0000 0.8065 0.5913
vn -0.1406 0.4686 0.8722
vn -0.1406 -0.9468 0.2895
vn 0.1406 -0.6298 0.7640
vn -0.1406 -0.4686 -0.8722
vn -0.0000 0.8065 -0.5913
vn -0.0000 0.3125 0.9499
vn -0.0000 -0.4754 -0.8798
vn -0.0000 0.7838 -0.6210
vn -0.0000 0.1165 0.9932
vn -0.0000 -0.9697 0.2441
vn -0.0000 0.7431 0.6692
vn -0.0000 -0.3215 -0.9469
vn -0.0000 0.9656 -0.2602
vn -0.0000 0.9449 0.3274
vn -0.0000 0.1581 0.9874
vn -0.0000 -0.9409 -0.3387
vn -0.0000 -0.9602 0.2794
vn -0.0000 0.2273 -0.9738
vn -0.0000 -0.3614 -0.9324
vn -0.0000 0.9163 0.4004
vn -0.0000 -0.2623 0.9650
vn -0.0000 0.4428 -0.8966
vn -0.0000 -0.9605 -0.2782
vn -0.0000 0.1819 -0.9833
vn -0.0000 -0.4129 0.9108
vn -0.0000 0.8453 0.5342
vn -0.0000 -0.1458 0.9893
vn -0.0000 0.6233 -0.7820
vn -0.0000 -0.7883 -0.6153
vn -0.0000 0.5113 -0.8594
vn -0.0000 -0.3858 0.9226
vn -0.0000 0.6149 0.7886
vn -0.0000 -0.1860 0.9826
vn -0.0000 0.3466 -0.9380
vn -0.0000 -0.7638 -0.6455
vn -0.0000 0.7714 -0.6364
vn -0.0000 0.9681 0.2504
vn -0.0000 -0.3122 0.9500
vn -0.0000 0.0626 0.9980
vn -0.0000 0.5250 -0.8511
vn -0.0000 0.9393 -0.3430
vn -0.0000 -0.6603 0.7510
vn -0.0000 -0.4305 0.9026
vn -0.0000 0.6445 -0.7646
vn -0.0000 0.0244 -0.9997
vn -0.0000 0.9915 -0.1302
vn -0.0000 0.9421 0.3352
vn -0.0000 -0.6646 0.7472
vn -0.0000 0.9780 0.2085
vn -0.0000 -0.0438 -0.9990
vn -0.0000 0.4018 -0.9157
vn -0.0000 -0.4307 -0.9025
vn -0.0000 0.4691 0.8831
vn -0.0000 -0.9893 0.1456
vn -0.0000 -0.9819 0.1895
vn -0.0000 -0.0501 -0.9987
vn -0.0000 0.8785 -0.4777
vn -0.9808 -0.1288 0.1466
vn -0.9812 0.1420 0.1308
vn -0.9999 -0.0121 -0.0050
vn 0.9107 0.0806 0.4051
vn -0.8788 -0.1826 -0.4408
vn 0.8292 -0.3346 0.4478
vn -0.8796 -0.0928 -0.4666
vn -0.8808 -0.2630 0.3937
vn 0.9609 0.0154 0.2764
vn -0.8808 0.0924 -0.4644
vn -0.8781 -0.3384 0.3384
vn -0.8754 0.1850 -0.4467
vn -0.8780 -0.4422 0.1832
vn 0.9609 -0.0154 -0.2764
vn 0.8292 -0.5418 -0.1377
vn 0.9602 0.2697 -0.0723
vn -0.8808 0.3936 -0.2630
vn 0.8292 -0.5045 -0.2408
vn 0.9613 0.2751 -0.0135
vn 0.9610 0.2738 0.0392
vn 0.9609 0.2613 0.0916
vn -0.0000 0.9737 -0.2280
vn -0.0000 0.9906 -0.1371
vn -0.1406 0.4687 0.8721
vn 0.1406 0.8721 0.4687
vn -0.1405 0.2895 0.9468
vn 0.1406 0.7639 0.6298
vn -0.1405 0.0992 0.9851
vn 0.1405 0.6264 0.7667
vn 0.1405 0.4648 0.8742
vn -0.1405 -0.4648 0.8742
vn 0.1406 0.0949 0.9855
vn -0.1405 -0.6264 0.7667
vn 0.1405 -0.0992 0.9851
vn -0.1405 -0.7639 0.6298
vn -0.1406 -0.8721 0.4687
vn 0.1406 -0.4687 0.8721
vn -0.1405 -0.9468 0.2895
vn 0.1405 -0.6298 0.7640
vn 0.1405 -0.7667 0.6264
vn -0.1406 -0.9855 -0.0949
vn 0.1405 -0.8742 0.4648
vn -0.1405 -0.8742 -0.4648
vn 0.1405 -0.9855 0.0949
vn -0.1405 -0.7667 -0.6264
vn -0.1406 -0.6298 -0.7639
vn 0.1406 -0.9468 -0.2895
vn -0.1406 -0.4687 -0.8721
vn 0.1406 -0.8721 -0.4687
vn -0.1405 -0.2895 -0.9468
vn 0.1405 -0.7639 -0.6298
vn -0.1405 -0.0992 -0.9851
vn 0.1405 -0.6264 -0.7667
vn -0.1406 0.0949 -0.9855
vn 0.1405 -0.4648 -0.8742
vn -0.1405 0.4648 -0.8742
vn -0.1405 0.6264 -0.7667
vn 0.1405 0.0992 -0.9851
vn -0.1405 0.7640 -0.6298
vn -0.1406 0.8721 -0.4687
vn 0.1406 0.4687 -0.8721
vn 0.3273 0.9269 -0.1839
vn 0.3222 0.9421 -0.0926
vn -0.0000 0.4944 -0.8692
vn -0.0000 0.1169 0.9931
vn -0.0000 -0.3216 -0.9469
vn -0.0000 -0.9409 -0.3386
vn -0.0000 0.8451 0.5346
vn -0.0000 0.9915 -0.1301
vn -0.0000 0.4549 -0.8905
vn -0.0000 0.6922 -0.7217
vn -0.0000 -0.3349 -0.9423
vn -0.0000 -0.5791 -0.8153
vn 0.8292 -0.4805 0.2857
vn 0.9613 -0.0928 0.2593
vn -0.9457 0.2148 0.2441
vn 0.8292 0.4805 -0.2857
vn 0.9610 0.0391 -0.2738
vn 0.9613 0.0928 -0.2593
vn 0.9613 0.2750 -0.0135
vn 0.9613 -0.2490 0.1178
vn -0.8808 0.2631 0.3937
vn -0.7894 0.4406 0.4274
vn -0.1405 -0.0949 0.9855
vn 0.1405 -0.0949 -0.9855
vn -0.0000 0.5185 0.8550
vn 0.9610 -0.2738 -0.0392
vn -0.9448 -0.1471 0.2928
vn -0.9999 -0.0125 -0.0052
vn 0.9863 -0.0843 -0.1415
vn 1.0000 -0.0072 0.0014
vn 0.9115 0.0802 0.4034
vn -0.8808 -0.3936 0.2630
vn 0.9135 0.4068 -0.0000
vn -0.8808 0.4643 0.0924
vn 0.9613 0.2489 -0.1178
vn -0.8808 -0.4643 0.0924
vn 0.9597 0.2709 -0.0748
vn -0.8796 0.3955 0.2643
vn -0.8799 0.3360 0.3359
vn 0.6511 -0.0000 -0.7590
vn 0.8771 -0.1745 0.4475
vn 0.6386 -0.1271 -0.7589
vn 0.8262 -0.3423 0.4475
vn 0.6016 -0.2492 -0.7589
vn 0.7436 -0.4969 0.4475
vn 0.5414 -0.3618 -0.7589
vn 0.6324 -0.6323 0.4475
vn 0.4604 -0.4605 -0.7589
vn 0.4968 -0.7436 0.4475
vn 0.3617 -0.5414 -0.7589
vn 0.3422 -0.8262 0.4475
vn 0.2490 -0.6016 -0.7589
vn 0.1745 -0.8771 0.4475
vn 0.1270 -0.6387 -0.7589
vn -0.0000 -0.8943 0.4475
vn -0.0000 -0.6511 -0.7590
vn -0.1744 -0.8771 0.4475
vn -0.1271 -0.6386 -0.7589
vn -0.3422 -0.8262 0.4475
vn -0.2492 -0.6016 -0.7589
vn -0.4969 -0.7436 0.4475
vn -0.3618 -0.5414 -0.7589
vn -0.6323 -0.6324 0.4475
vn -0.4605 -0.4604 -0.7589
vn -0.7436 -0.4969 0.4475
vn -0.5414 -0.3617 -0.7589
vn -0.8262 -0.3423 0.4475
vn -0.6017 -0.2490 -0.7589
vn -0.8771 -0.1745 0.4475
vn -0.6386 -0.1270 -0.7589
vn -0.8943 -0.0000 0.4475
vn -0.6511 -0.0000 -0.7590
vn -0.8771 0.1744 0.4475
vn -0.6386 0.1271 -0.7589
vn -0.8262 0.3422 0.4475
vn -0.6016 0.2492 -0.7589
vn -0.7436 0.4969 0.4475
vn -0.5413 0.3619 -0.7589
vn -0.6324 0.6324 0.4475
vn -0.4604 0.4605 -0.7589
vn -0.4968 0.7436 0.4475
vn -0.3617 0.5414 -0.7589
vn -0.3423 0.8262 0.4475
vn -0.2490 0.6016 -0.7589
vn -0.1745 0.8771 0.4475
vn -0.1270 0.6387 -0.7589
vn -0.0000 0.8943 0.4475
vn -0.0000 0.6511 -0.7590
vn 0.1744 0.8771 0.4475
vn 0.1272 0.6386 -0.7589
vn 0.3423 0.8262 0.4475
vn 0.2492 0.6016 -0.7589
vn 0.4969 0.7436 0.4475
vn 0.3618 0.5414 -0.7589
vn 0.6323 0.6324 0.4475
vn 0.4605 0.4604 -0.7589
vn 0.7436 0.4968 0.4475
vn 0.5414 0.3617 -0.7589
vn 0.8262 0.3423 0.4475
vn 0.6016 0.2492 -0.7589
vn -0.0000 0.8645 0.5026
vn -0.1543 0.7760 0.6116
vn -0.0000 0.7912 0.6116
vn 0.8771 0.1745 0.4475
vn 0.6386 0.1270 -0.7589
vn 0.8943 -0.0000 0.4475
vn -0.7141 -0.1420 -0.6855
vn -0.1420 0.7141 -0.6855
vn 0.7141 0.1420 -0.6855
vn 0.1357 -0.0000 0.9907
vn 0.9187 -0.1827 0.3502
vn 0.9367 -0.0000 0.3502
vn 0.1331 -0.0264 0.9907
vn 0.8654 -0.3584 0.3502
vn 0.1254 -0.0519 0.9907
vn 0.7788 -0.5204 0.3502
vn 0.1129 -0.0754 0.9907
vn 0.6624 -0.6623 0.3502
vn 0.0960 -0.0959 0.9908
vn 0.5204 -0.7788 0.3502
vn 0.0754 -0.1128 0.9907
vn 0.3585 -0.8654 0.3502
vn 0.0520 -0.1254 0.9907
vn 0.1828 -0.9187 0.3502
vn 0.0265 -0.1331 0.9907
vn -0.0000 -0.9367 0.3502
vn -0.0000 -0.1357 0.9907
vn -0.1827 -0.9187 0.3502
vn -0.0264 -0.1331 0.9907
vn -0.3584 -0.8654 0.3502
vn -0.0519 -0.1254 0.9907
vn -0.5204 -0.7788 0.3502
vn -0.0754 -0.1129 0.9907
vn -0.6623 -0.6624 0.3502
vn -0.0959 -0.0959 0.9908
vn -0.7788 -0.5204 0.3502
vn -0.1128 -0.0754 0.9907
vn -0.8654 -0.3585 0.3502
vn -0.1254 -0.0520 0.9907
vn -0.9187 -0.1828 0.3502
vn -0.1331 -0.0265 0.9907
vn -0.9367 -0.0000 0.3502
vn -0.1357 -0.0000 0.9907
vn -0.9187 0.1827 0.3502
vn -0.1331 0.0264 0.9907
vn -0.8654 0.3584 0.3502
vn -0.1254 0.0519 0.9907
vn -0.7788 0.5204 0.3502
vn -0.1129 0.0754 0.9907
vn -0.6624 0.6623 0.3502
vn -0.0960 0.0959 0.9908
vn -0.5204 0.7788 0.3502
vn -0.0754 0.1128 0.9907
vn -0.3585 0.8654 0.3502
vn -0.0520 0.1254 0.9907
vn -0.1828 0.9187 0.3502
vn -0.0265 0.1331 0.9907
vn -0.0000 0.9367 0.3502
vn -0.0000 0.1357 0.9907
vn 0.1827 0.9187 0.3502
vn 0.0264 0.1331 0.9907
vn 0.3584 0.8654 0.3502
vn 0.0519 0.1254 0.9907
vn 0.5204 0.7788 0.3502
vn 0.0754 0.1129 0.9907
vn 0.6623 0.6624 0.3502
vn 0.0959 0.0960 0.9908
vn 0.7788 0.5204 0.3502
vn 0.1128 0.0754 0.9907
vn 0.8654 0.3585 0.3502
vn 0.1254 0.0520 0.9907
vn 0.9187 0.1828 0.3502
vn 0.1331 0.0265 0.9907
vn -0.8008 -0.0000 0.5990
vn 0.1588 -0.0316 0.9868
vn 0.1619 -0.0000 0.9868
vn -0.7854 0.1563 0.5989
vn 0.1496 -0.0619 0.9868
vn -0.7398 0.3065 0.5989
vn 0.1346 -0.0899 0.9868
vn -0.6658 0.4449 0.5990
vn 0.1145 -0.1144 0.9868
vn -0.5662 0.5663 0.5990
vn 0.0899 -0.1346 0.9868
vn -0.4449 0.6658 0.5990
vn 0.0620 -0.1496 0.9868
vn -0.3064 0.7398 0.5990
vn 0.0316 -0.1588 0.9868
vn -0.1562 0.7854 0.5990
vn -0.0000 -0.1619 0.9868
vn 0.0001 0.8008 0.5990
vn -0.0315 -0.1588 0.9868
vn 0.1563 0.7854 0.5990
vn -0.0619 -0.1496 0.9868
vn 0.3065 0.7398 0.5990
vn -0.0899 -0.1347 0.9868
vn 0.4449 0.6658 0.5990
vn -0.1144 -0.1145 0.9868
vn 0.5663 0.5662 0.5989
vn -0.1345 -0.0900 0.9868
vn 0.6659 0.4449 0.5989
vn -0.1496 -0.0620 0.9868
vn 0.7398 0.3064 0.5990
vn -0.1588 -0.0316 0.9868
vn 0.7854 0.1562 0.5990
vn -0.1619 -0.0000 0.9868
vn 0.8008 -0.0000 0.5990
vn -0.1588 0.0315 0.9868
vn 0.7854 -0.1563 0.5989
vn -0.1496 0.0619 0.9868
vn 0.7398 -0.3065 0.5989
vn -0.1346 0.0899 0.9868
vn 0.6658 -0.4449 0.5990
vn -0.1145 0.1144 0.9868
vn 0.5662 -0.5663 0.5990
vn -0.0899 0.1346 0.9868
vn 0.4449 -0.6658 0.5990
vn -0.0620 0.1496 0.9868
vn 0.3064 -0.7398 0.5990
vn -0.0316 0.1588 0.9868
vn 0.1562 -0.7854 0.5990
vn -0.0000 0.1619 0.9868
vn -0.0001 -0.8008 0.5990
vn 0.0315 0.1588 0.9868
vn -0.1563 -0.7854 0.5990
vn 0.0619 0.1496 0.9868
vn -0.3065 -0.7398 0.5990
vn 0.0899 0.1347 0.9868
vn -0.4449 -0.6658 0.5990
vn 0.1144 0.1145 0.9868
vn -0.5663 -0.5662 0.5989
vn 0.1345 0.0900 0.9868
vn -0.6659 -0.4449 0.5989
vn 0.1496 0.0620 0.9868
vn -0.7398 -0.3064 0.5990
vn 0.1588 0.0316 0.9868
vn -0.7854 -0.1562 0.5990
vn 0.2786 0.6727 0.6855
vn -0.2787 0.6726 0.6855
vn -0.6727 0.2786 0.6854
vn 0.3309 -0.7987 0.5026
vn 0.4396 -0.6578 0.6116
vn 0.3027 -0.7310 0.6116
vn 0.1686 0.8479 0.5026
vn 0.1545 0.7759 0.6116
vn 0.1685 -0.8479 0.5026
vn 0.1544 -0.7760 0.6116
vn 0.3307 0.7988 0.5026
vn 0.3027 0.7310 0.6116
vn -0.0000 -0.8645 0.5026
vn -0.0000 -0.7912 0.6116
vn 0.4803 0.7189 0.5026
vn 0.4396 0.6578 0.6116
vn -0.1687 -0.8479 0.5026
vn -0.1544 -0.7760 0.6116
vn 0.6113 0.6113 0.5026
vn 0.5595 0.5594 0.6116
vn -0.3309 -0.7987 0.5026
vn -0.3028 -0.7310 0.6116
vn 0.7189 0.4803 0.5026
vn 0.6578 0.4396 0.6116
vn -0.4803 -0.7189 0.5026
vn -0.4396 -0.6578 0.6116
vn 0.7987 0.3309 0.5026
vn 0.7310 0.3028 0.6116
vn -0.8479 0.1686 0.5026
vn -0.7912 -0.0000 0.6116
vn -0.7760 0.1544 0.6116
vn -0.6113 -0.6113 0.5026
vn -0.5595 -0.5594 0.6116
vn 0.8479 0.1685 0.5026
vn 0.7760 0.1543 0.6116
vn -0.7987 0.3309 0.5026
vn -0.7310 0.3027 0.6116
vn -0.7188 -0.4804 0.5026
vn -0.6578 -0.4396 0.6116
vn 0.8645 -0.0000 0.5026
vn 0.7912 -0.0000 0.6116
vn -0.7189 0.4803 0.5026
vn -0.6579 0.4395 0.6116
vn -0.7987 -0.3309 0.5026
vn -0.7310 -0.3028 0.6116
vn 0.8479 -0.1686 0.5026
vn 0.7759 -0.1545 0.6116
vn -0.6113 0.6113 0.5026
vn -0.5595 0.5594 0.6116
vn -0.8479 -0.1685 0.5026
vn -0.7760 -0.1543 0.6116
vn 0.7987 -0.3309 0.5026
vn 0.7310 -0.3028 0.6116
vn -0.4804 0.7188 0.5026
vn -0.4395 0.6579 0.6116
vn -0.8645 -0.0000 0.5026
vn 0.7189 -0.4803 0.5026
vn 0.6579 -0.4395 0.6116
vn -0.3309 0.7987 0.5026
vn -0.3029 0.7309 0.6116
vn 0.6113 -0.6113 0.5026
vn 0.5595 -0.5594 0.6116
vn -0.1686 0.8479 0.5026
vn 0.4803 -0.7188 0.5026
vn 0.6511 -0.0000 -0.7589
vn 0.8771 -0.1744 0.4475
vn 0.8262 -0.3422 0.4475
vn 0.7436 -0.4968 0.4475
vn 0.2492 -0.6016 -0.7589
vn -0.1272 -0.6386 -0.7589
vn -0.3423 -0.8262 0.4475
vn -0.7435 -0.4969 0.4475
vn -0.5414 -0.3618 -0.7589
vn -0.6016 -0.2491 -0.7589
vn -0.8771 -0.1746 0.4475
vn -0.6511 -0.0000 -0.7589
vn -0.6324 0.6323 0.4475
vn -0.3422 0.8262 0.4475
vn -0.2492 0.6016 -0.7589
vn -0.1270 0.6386 -0.7589
vn 0.1271 0.6386 -0.7589
vn 0.2493 0.6015 -0.7589
vn 0.3618 0.5414 -0.7590
vn 0.6324 0.6324 0.4475
vn 0.6016 0.2491 -0.7589
vn 0.8771 0.1746 0.4475
vn 0.0960 -0.0959 0.9907
vn -0.0960 -0.0960 0.9907
vn -0.0960 0.0959 0.9907
vn 0.6623 0.6623 0.3502
vn 0.0959 0.0960 0.9907
vn 0.1254 0.0519 0.9908
vn 0.1588 -0.0315 0.9868
vn 0.0900 -0.1346 0.9868
vn -0.1588 0.0316 0.9868
vn -0.0900 0.1346 0.9868
vn -0.6727 0.2786 0.6855
vn 0.6727 -0.2786 0.6855
vn 0.3308 -0.7988 0.5026
vn 0.4395 -0.6579 0.6116
vn 0.1686 -0.8479 0.5026
vn 0.3309 0.7987 0.5026
vn 0.3029 0.7309 0.6116
vn -0.1545 -0.7759 0.6116
vn -0.3308 -0.7988 0.5026
vn -0.4395 -0.6579 0.6116
vn 0.7987 0.3308 0.5026
vn 0.7310 0.3026 0.6116
vn -0.8479 0.1687 0.5026
vn -0.6114 -0.6113 0.5026
vn 0.8479 0.1686 0.5026
vn -0.7987 0.3308 0.5026
vn -0.7310 0.3028 0.6116
vn -0.7189 -0.4802 0.5026
vn -0.7188 0.4803 0.5026
vn -0.6578 0.4395 0.6116
vn 0.7760 -0.1543 0.6116
vn -0.5594 0.5595 0.6116
vn -0.8479 -0.1686 0.5026
vn -0.7760 -0.1544 0.6116
vn 0.7987 -0.3310 0.5026
vn 0.7310 -0.3027 0.6116
vn -0.4396 0.6578 0.6116
vn -0.3028 0.7310 0.6116
vn 0.6114 -0.6113 0.5026
vn 0.5594 -0.5595 0.6116
vn 0.6512 -0.0000 -0.7589
vn 0.6016 -0.2492 -0.7590
vn 0.3423 -0.8262 0.4475
vn 0.2490 -0.6017 -0.7589
vn 0.1271 -0.6386 -0.7589
vn -0.7436 -0.4968 0.4475
vn -0.5415 -0.3616 -0.7589
vn -0.8262 -0.3422 0.4475
vn -0.6016 -0.2492 -0.7590
vn -0.6512 -0.0000 -0.7589
vn -0.6386 0.1272 -0.7590
vn -0.8262 0.3423 0.4475
vn -0.6016 0.2492 -0.7590
vn -0.7436 0.4968 0.4475
vn -0.5414 0.3618 -0.7589
vn -0.2491 0.6016 -0.7589
vn 0.1745 0.8771 0.4475
vn 0.3422 0.8262 0.4475
vn 0.8262 0.3422 0.4475
vn 0.6016 0.2491 -0.7590
vn -0.1544 0.7760 0.6116
vn 0.1420 -0.7141 -0.6855
vn 0.7788 -0.5203 0.3502
vn -0.6623 -0.6623 0.3502
vn 0.1495 -0.0619 0.9868
vn 0.0316 -0.1587 0.9868
vn 0.7854 0.1562 0.5989
vn 0.4449 -0.6658 0.5989
vn 0.1495 0.0620 0.9868
vn -0.7854 -0.1562 0.5989
vn 0.1687 0.8479 0.5026
vn 0.1543 0.7760 0.6116
vn 0.1543 -0.7760 0.6116
vn 0.3028 0.7310 0.6116
vn 0.4395 0.6579 0.6116
vn -0.1543 -0.7760 0.6116
vn 0.6114 0.6113 0.5026
vn -0.3027 -0.7310 0.6116
vn 0.7189 0.4802 0.5026
vn -0.7760 0.1543 0.6116
vn 0.7760 0.1544 0.6116
vn -0.7987 0.3310 0.5026
vn -0.7189 -0.4803 0.5026
vn -0.7987 -0.3308 0.5026
vn -0.7310 -0.3026 0.6116
vn 0.8479 -0.1687 0.5026
vn 0.7760 -0.1544 0.6116
vn -0.6114 0.6113 0.5026
vn -0.8480 -0.1686 0.5026
vn 0.7987 -0.3308 0.5026
vn -0.4803 0.7188 0.5026
vn 0.7188 -0.4803 0.5026
vn 0.6578 -0.4395 0.6116
vn -0.3308 0.7987 0.5026
vn -0.3027 0.7310 0.6116
vn 0.4804 -0.7188 0.5026
vn 0.9419 -0.3355 -0.0153
vn 0.6833 0.7173 0.1364
vn 0.9268 -0.3355 0.1687
vn 0.5846 0.7291 0.3558
vn 0.8761 -0.3355 0.3463
vn 0.5791 0.7173 0.3875
vn 0.7917 -0.3355 0.5105
vn 0.5180 0.7282 0.4489
vn 0.6769 -0.3355 0.6552
vn 0.3867 0.7173 0.5796
vn 0.5360 -0.3355 0.7746
vn 0.3628 0.7235 0.5873
vn 0.3746 -0.3355 0.8644
vn 0.1355 0.7173 0.6835
vn 0.1988 -0.3355 0.9208
vn -0.0981 0.7165 0.6907
vn 0.0153 -0.3355 0.9419
vn -0.2231 0.7175 0.6598
vn -0.1688 -0.3355 0.9268
vn -0.2896 0.7328 0.6157
vn -0.3463 -0.3355 0.8761
vn -0.3875 0.7173 0.5791
vn -0.5105 -0.3355 0.7917
vn -0.4489 0.7282 0.5180
vn -0.6552 -0.3355 0.6769
vn -0.5796 0.7173 0.3867
vn -0.7746 -0.3355 0.5360
vn -0.5873 0.7235 0.3628
vn -0.8644 -0.3355 0.3746
vn -0.6835 0.7173 0.1355
vn -0.9208 -0.3355 0.1987
vn -0.6907 0.7165 -0.0981
vn -0.9419 -0.3355 0.0153
vn -0.6598 0.7175 -0.2231
vn -0.9268 -0.3355 -0.1687
vn -0.6157 0.7342 -0.2862
vn -0.8761 -0.3355 -0.3463
vn -0.5791 0.7173 -0.3875
vn -0.7917 -0.3355 -0.5105
vn -0.5180 0.7282 -0.4489
vn -0.6769 -0.3355 -0.6552
vn -0.3867 0.7173 -0.5796
vn -0.5360 -0.3355 -0.7746
vn -0.2502 0.7269 -0.6395
vn -0.3746 -0.3355 -0.8643
vn -0.2224 0.7176 -0.6600
vn -0.1988 -0.3355 -0.9208
vn -0.0974 0.7166 -0.6907
vn -0.0153 -0.3355 -0.9419
vn 0.1364 0.7173 -0.6833
vn 0.1688 -0.3355 -0.9268
vn 0.3647 0.7269 -0.5819
vn 0.3463 -0.3355 -0.8761
vn 0.3875 0.7173 -0.5791
vn 0.5105 -0.3355 -0.7917
vn 0.4489 0.7282 -0.5180
vn 0.6552 -0.3355 -0.6769
vn 0.5796 0.7173 -0.3867
vn 0.7746 -0.3355 -0.5360
vn 0.6396 0.7269 -0.2501
vn 0.8643 -0.3355 -0.3746
vn -0.6731 0.6973 -0.2464
vn -0.2429 0.6986 0.6730
vn 0.6979 0.6954 0.1713
vn 0.6600 0.7176 -0.2224
vn 0.9208 -0.3355 -0.1988
vn 0.6907 0.7166 -0.0974
vn 0.3510 -0.2940 0.8890
vn 0.3982 -0.7538 0.5228
vn 0.3180 -0.5563 0.7677
vn -0.4171 -0.8961 -0.1520
vn -0.2340 -0.9560 0.1768
vn -0.4306 -0.9026 -0.0000
vn -0.9404 -0.2940 0.1708
vn -0.8150 -0.5563 0.1621
vn 0.0159 -0.2940 -0.9557
vn -0.1678 -0.7538 -0.6353
vn -0.0000 -0.5563 -0.8310
vn 0.8768 -0.2940 0.3804
vn 0.6512 -0.7538 0.0881
vn 0.7677 -0.5563 0.3180
vn -0.5442 -0.2940 0.7858
vn -0.2135 -0.7538 0.6215
vn -0.4617 -0.5563 0.6910
vn -0.6645 -0.2940 -0.6870
vn -0.5679 -0.7538 -0.3306
vn -0.5876 -0.5563 -0.5876
vn 0.8035 -0.2940 -0.5177
vn 0.4350 -0.7538 -0.4925
vn 0.6910 -0.5563 -0.4617
vn 0.1708 -0.2940 0.9404
vn 0.2885 -0.7538 0.5904
vn -0.9557 -0.2940 -0.0159
vn -0.6353 -0.7538 0.1678
vn 0.2020 -0.2940 -0.9342
vn -0.0406 -0.7538 -0.6559
vn 0.7858 -0.2940 0.5442
vn 0.6215 -0.7538 0.2135
vn -0.6870 -0.2940 0.6645
vn -0.3306 -0.7538 0.5679
vn -0.5177 -0.2940 -0.8035
vn -0.4925 -0.7538 -0.4350
vn 0.8890 -0.2940 -0.3510
vn 0.5228 -0.7538 -0.3982
vn -0.0159 -0.2940 0.9557
vn 0.1678 -0.7538 0.6353
vn -0.9342 -0.2940 -0.2020
vn -0.6559 -0.7538 0.0406
vn 0.3804 -0.2940 -0.8768
vn 0.0881 -0.7538 -0.6512
vn 0.6645 -0.2940 0.6870
vn 0.5679 -0.7538 0.3306
vn -0.8035 -0.2940 0.5177
vn -0.4350 -0.7538 0.4925
vn -0.3510 -0.2940 -0.8890
vn -0.3982 -0.7538 -0.5228
vn 0.9557 -0.2940 0.0159
vn 0.6353 -0.7538 -0.1678
vn 0.8310 -0.5563 -0.0000
vn 0.9404 -0.2940 -0.1708
vn -0.2020 -0.2940 0.9342
vn 0.0406 -0.7538 0.6559
vn -0.8768 -0.2940 -0.3804
vn -0.6512 -0.7538 -0.0881
vn 0.5442 -0.2940 -0.7858
vn 0.2135 -0.7538 -0.6215
vn 0.5177 -0.2940 0.8035
vn -0.8890 -0.2940 0.3510
vn -0.1708 -0.2940 -0.9404
vn 0.9342 -0.2940 0.2020
vn -0.3804 -0.2940 0.8768
vn -0.7858 -0.2940 -0.5442
vn 0.6870 -0.2940 -0.6645
vn 0.1795 -0.9688 -0.1710
vn 0.2472 -0.9690 0.0049
vn 0.0246 -0.9846 -0.1732
vn 0.2917 -0.9564 -0.0156
vn 0.3629 -0.8997 0.2425
vn 0.3958 -0.9036 -0.1639
vn -0.2635 -0.9564 0.1260
vn 0.2913 -0.9558 0.0397
vn 0.1949 -0.9559 -0.2195
vn -0.2868 -0.9546 0.0801
vn 0.2754 -0.9564 0.0972
vn -0.2917 -0.9564 0.0156
vn 0.2584 -0.9549 0.1466
vn -0.2913 -0.9558 -0.0397
vn 0.2195 -0.9559 0.1949
vn -0.2754 -0.9564 -0.0972
vn 0.1768 -0.9560 0.2339
vn 0.1260 -0.9564 0.2635
vn -0.2195 -0.9559 -0.1949
vn 0.0779 -0.9551 0.2858
vn -0.1768 -0.9560 -0.2339
vn 0.0156 -0.9564 0.2917
vn -0.1260 -0.9564 -0.2635
vn -0.0397 -0.9558 0.2913
vn -0.0972 -0.9564 0.2754
vn 0.2340 -0.9560 -0.1768
vn -0.0156 -0.9564 -0.2917
vn -0.1450 -0.9539 0.2629
vn 0.2635 -0.9564 -0.1260
vn 0.0397 -0.9558 -0.2913
vn 0.6598 0.7175 0.2231
vn 0.6157 0.7342 0.2862
vn 0.3868 0.7173 0.5795
vn 0.3746 -0.3355 0.8643
vn -0.1687 -0.3355 0.9268
vn -0.5106 -0.3355 0.7917
vn -0.9208 -0.3355 0.1988
vn -0.6157 0.7342 -0.2861
vn -0.3868 0.7173 -0.5795
vn -0.2501 0.7269 -0.6396
vn 0.1687 -0.3355 -0.9268
vn 0.9350 0.3179 -0.1572
vn 0.4566 0.3576 -0.8146
vn 0.0828 -0.6130 -0.7857
vn 0.5106 -0.3355 -0.7916
vn 0.5873 0.7235 -0.3628
vn 0.6731 0.6973 0.2464
vn 0.6835 0.7173 -0.1355
vn 0.6907 0.7165 0.0981
vn 0.3981 -0.7538 0.5228
vn -0.4284 -0.9036 -0.0000
vn 0.7678 -0.5563 0.3180
vn 0.1047 -0.8417 -0.5297
vn -0.3981 -0.7538 -0.5228
vn -0.0884 -0.9845 -0.1515
vn 0.1476 -0.9848 -0.0911
vn -0.0078 -1.0000 0.0015
vn -0.2641 -0.9559 0.1282
vn -0.2847 -0.9556 0.0756
vn -0.2930 -0.9553 -0.0381
vn -0.0779 -0.9551 -0.2858
vn 0.3648 0.7269 -0.5819
vn 0.3015 0.3262 -0.8960
vn -0.5227 -0.4232 0.7401
vn 0.6122 -0.6243 0.4852
vn -0.3015 0.3258 -0.8961
vn 0.7073 0.0191 -0.7066
vn 0.2953 0.3033 0.9060
vn -0.3015 -0.2771 -0.9123
vn 0.3018 -0.2768 -0.9123
vn -0.3017 0.3259 -0.8960
vn 0.5774 0.5615 0.5928
vn -0.5777 0.5949 -0.5588
vn -0.5774 -0.5928 0.5614
vn 0.5774 -0.5928 0.5614
vn -0.5227 -0.4231 0.7401
vn 0.6317 0.0503 -0.7736
vn 0.5283 -0.4210 0.7373
vn -0.2982 0.3066 0.9039
vn 0.2985 0.3062 0.9040
vn -0.1579 0.3305 0.9305
vn 0.6677 -0.7080 0.2303
vn 0.6289 -0.3040 0.7156
vn 0.2944 0.4239 0.8565
vn 0.2609 0.3941 0.8812
vn -0.7046 -0.0078 -0.7095
vn 0.0957 0.1003 -0.9904
vn -0.0957 -0.0375 -0.9947
vn 0.2979 0.3162 0.9007
vn 0.2044 0.3212 0.9247
vn 0.3041 -0.2861 0.9087
vn -0.0017 -1.0000 0.0042
vn 0.0017 -1.0000 0.0042
vn -0.0017 -1.0000 0.0043
vn -0.0016 -1.0000 0.0044
vn 0.0017 -1.0000 0.0043
vn 0.0016 -1.0000 0.0044
vn -0.0015 -1.0000 0.0047
vn -0.0014 -1.0000 0.0052
vn 0.0015 -1.0000 0.0047
vn 0.0014 -1.0000 0.0052
vn -0.0014 -1.0000 0.0055
vn -0.0012 -1.0000 0.0075
vn 0.0014 -1.0000 0.0056
vn 0.0012 -1.0000 0.0073
vn -0.0010 -0.9999 0.0116
vn -0.2972 0.3183 0.9002
vn -0.0017 1.0000 -0.0042
vn 0.0017 1.0000 -0.0042
vn -0.0017 1.0000 -0.0043
vn -0.0016 1.0000 -0.0044
vn 0.0017 1.0000 -0.0043
vn 0.0016 1.0000 -0.0044
vn -0.0015 1.0000 -0.0047
vn -0.0014 1.0000 -0.0052
vn 0.0015 1.0000 -0.0047
vn 0.0014 1.0000 -0.0052
vn -0.0013 1.0000 -0.0062
vn -0.0012 1.0000 -0.0071
vn 0.0014 1.0000 -0.0058
vn 0.0012 1.0000 -0.0077
vn -0.0010 0.9999 -0.0113
vn -0.3043 -0.2877 0.9081
vn -0.0239 -0.9980 0.0579
vn -0.0178 0.9989 -0.0432
vn 0.7064 0.0122 0.7077
vn 0.7065 0.0120 0.7076
vn -0.7903 0.0024 0.6127
vn 0.0595 -0.7453 0.6640
vn -0.6677 -0.7080 0.2302
vn -0.2634 -0.3598 0.8951
vn -0.3018 -0.2941 0.9069
vn -0.2995 -0.3927 0.8696
vn 0.2991 -0.3930 0.8696
vn -0.2940 0.4242 0.8565
vn -0.6454 -0.6222 0.4431
vn 0.3018 0.3088 0.9020
vn -0.3015 0.3091 0.9020
vn 0.3015 -0.2944 0.9069
vn 0.1873 0.3185 0.9292
vn 0.6448 0.6288 0.4347
vn -0.6449 0.6287 0.4344
vn 0.6457 -0.6217 0.4434
vn 0.6581 -0.6814 -0.3203
vn 0.8287 -0.0552 -0.5570
vn 0.1672 0.8674 -0.4686
vn 0.3827 0.5665 0.7298
vn 0.5872 0.4882 0.6456
vn -0.7376 -0.5631 0.3728
vn -0.5774 0.5000 0.6455
vn -0.6011 0.1430 -0.7863
vn 0.6455 -0.5774 0.5000
vn 0.4686 0.6530 -0.5950
vn -0.5407 -0.6543 0.5287
vn -0.6065 0.4535 0.6531
vn 0.1641 -0.9217 -0.3514
vn 0.9362 0.1119 -0.3331
vn 0.5217 -0.2910 0.8019
vn 0.1796 0.9176 -0.3548
vn -0.1796 -0.9176 -0.3548
vn 0.4275 -0.5934 -0.6820
vn -0.6581 0.6814 -0.3203
vn -0.6929 -0.6268 -0.3564
vn 0.6929 0.6268 -0.3564
vn -0.9530 -0.1374 -0.2702
vn 0.9530 0.1374 -0.2702
vn -0.5672 0.5873 -0.5774
vn 0.5774 0.6065 -0.5467
vn -0.5793 0.4641 0.6701
vn -0.4772 -0.7305 0.4885
vn 0.5467 0.5774 -0.6065
vn -0.4788 -0.8506 -0.2173
vn 0.6927 -0.6756 -0.2523
vn 0.4361 0.4742 -0.7648
vn -0.8330 0.0832 0.5470
vn 0.8365 -0.4708 -0.2805
vn -0.8196 0.2444 -0.5182
vn -0.4772 -0.7305 0.4886
vn -0.6442 0.5017 -0.5774
vn 0.5774 0.5079 -0.6393
vn -0.7047 0.5989 0.3805
vn 0.6280 -0.5713 0.5284
vn 0.6393 0.5774 -0.5079
vn -0.0154 0.0384 0.9991
vn 0.0179 0.7015 0.7125
vn 0.6945 0.6581 0.2906
vn -0.5777 0.7686 -0.2747
vn -0.6379 -0.6582 0.3998
vn -0.6581 0.6169 0.4316
vn 0.6581 -0.7062 0.2611
vn -0.7321 0.5438 0.4103
vn 0.7055 0.7067 0.0541
vn -0.5677 -0.7013 0.4311
vn 0.7321 -0.6794 -0.0499
vn -0.6808 -0.4507 0.5774
vn 0.5478 -0.5774 0.6055
vn -0.7950 -0.1860 0.5774
vn -0.6228 -0.7802 0.0593
vn -0.5771 0.5776 -0.5774
vn 0.6650 0.3222 -0.6738
vn 0.6900 0.6866 -0.2289
vn 0.7069 -0.0238 0.7069
vn 0.5776 0.5768 0.5777
vn -0.6799 0.3100 -0.6646
vn -0.5774 -0.6221 -0.5288
vn -0.7069 0.0702 0.7038
vn -0.5774 -0.5145 0.6340
vn -0.6221 -0.5288 -0.5774
vn -0.4871 0.6764 -0.5524
vn -0.5534 0.8237 -0.1234
vn 0.5772 0.5773 0.5776
vn 0.5537 -0.5774 0.6001
vn 0.7321 -0.5679 0.3763
vn -0.7321 0.5700 0.3731
vn -0.6003 -0.7013 0.3844
vn 0.5977 0.7013 0.3885
vn -0.7969 -0.1777 0.5774
vn 0.7281 -0.0001 -0.6855
vn 0.7141 -0.1421 -0.6855
vn 0.6726 -0.2787 -0.6855
vn 0.6054 -0.4045 -0.6855
vn 0.5148 -0.5149 -0.6855
vn 0.4045 -0.6054 -0.6855
vn 0.2785 -0.6727 -0.6855
vn -0.0001 -0.7281 -0.6855
vn -0.1421 -0.7141 -0.6855
vn -0.2787 -0.6726 -0.6855
vn -0.4045 -0.6054 -0.6855
vn -0.5149 -0.5148 -0.6855
vn -0.6054 -0.4045 -0.6855
vn -0.6727 -0.2786 -0.6855
vn -0.7281 0.0001 -0.6855
vn -0.7141 0.1421 -0.6855
vn -0.6726 0.2787 -0.6855
vn -0.6054 0.4045 -0.6855
vn -0.5148 0.5149 -0.6855
vn -0.4045 0.6054 -0.6855
vn -0.2785 0.6727 -0.6855
vn 0.0001 0.7281 -0.6855
vn 0.1421 0.7141 -0.6855
vn 0.2787 0.6726 -0.6855
vn 0.4045 0.6054 -0.6855
vn 0.5149 0.5148 -0.6855
vn 0.6054 0.4045 -0.6855
vn 0.6727 0.2786 -0.6855
vn -0.7141 0.1420 0.6855
vn -0.6726 -0.2787 0.6855
vn -0.7281 -0.0000 0.6855
vn -0.7141 -0.1421 0.6855
vn -0.6053 -0.4045 0.6855
vn -0.5146 -0.5149 0.6856
vn -0.4045 -0.6054 0.6854
vn -0.2786 -0.6727 0.6855
vn -0.1420 -0.7141 0.6855
vn 0.2787 -0.6726 0.6855
vn -0.0000 -0.7281 0.6855
vn 0.1421 -0.7141 0.6855
vn 0.4046 -0.6054 0.6854
vn 0.5148 -0.5148 0.6856
vn 0.6054 -0.4044 0.6855
vn 0.7141 -0.1420 0.6855
vn 0.6726 0.2787 0.6855
vn 0.7281 -0.0000 0.6855
vn 0.7141 0.1421 0.6855
vn 0.6053 0.4045 0.6855
vn 0.5146 0.5149 0.6856
vn 0.4045 0.6054 0.6854
vn 0.1420 0.7141 0.6855
vn -0.0000 0.7281 0.6855
vn -0.1421 0.7141 0.6855
vn -0.4045 0.6053 0.6855
vn -0.5149 0.5148 0.6855
vn -0.6054 0.4045 0.6855
vn -0.6054 -0.4045 0.6855
vn -0.5148 -0.5149 0.6855
vn -0.4045 -0.6054 0.6855
vn 0.4045 -0.6054 0.6855
vn 0.5149 -0.5148 0.6855
vn 0.6054 -0.4045 0.6855
vn 0.6054 0.4045 0.6855
vn 0.5148 0.5149 0.6855
vn 0.4045 0.6054 0.6855
vn -0.4045 0.6054 0.6855
vn 0.7280 -0.0001 -0.6856
vn 0.6053 -0.4045 -0.6855
vn -0.7280 0.0001 -0.6856
vn -0.6054 0.4046 -0.6855
vn -0.5149 0.5149 -0.6854
vn -0.2786 0.6727 -0.6855
vn 0.6860 0.7147 0.1360
vn 0.6980 0.7090 0.1009
vn 0.7037 0.7090 -0.0456
vn 0.6495 0.7051 -0.2844
vn 0.5813 0.7147 -0.3890
vn 0.5378 0.7024 -0.4663
vn 0.3882 0.7147 -0.5818
vn 0.1615 0.6963 -0.6994
vn 0.1360 0.7147 -0.6860
vn 0.1009 0.7090 -0.6980
vn -0.0456 0.7090 -0.7037
vn -0.2844 0.7051 -0.6495
vn -0.3890 0.7147 -0.5813
vn -0.4663 0.7024 -0.5378
vn -0.5818 0.7147 -0.3882
vn -0.7038 0.7090 -0.0449
vn -0.6948 0.7003 0.1640
vn -0.6979 0.7090 0.1016
vn -0.6859 0.7147 0.1369
vn -0.5813 0.7147 0.3890
vn -0.5378 0.7024 0.4663
vn -0.3882 0.7147 0.5818
vn -0.0449 0.7090 0.7038
vn 0.1640 0.7003 0.6948
vn 0.1016 0.7090 0.6979
vn 0.1369 0.7147 0.6859
vn 0.3890 0.7147 0.5813
vn 0.4663 0.7024 0.5378
vn 0.5818 0.7147 0.3882
vn 0.7038 0.7090 0.0449
vn 0.6948 0.7003 -0.1640
vn 0.6979 0.7090 -0.1016
vn 0.6859 0.7147 -0.1369
vn -0.0574 0.7172 0.6945
vn -0.6508 0.5314 -0.5423
vn -0.2608 0.0062 0.9654
vn -0.2478 0.0149 0.9687
vn -0.2567 0.0059 0.9665
vn 0.2239 0.0095 0.9746
vn 0.2225 0.0087 0.9749
vn 0.2283 0.0094 0.9736
vn 0.2243 0.0107 0.9745
vn 0.2380 0.0094 0.9712
vn 0.2243 0.0166 0.9744
vn 0.2433 0.0093 0.9699
vn 0.2183 0.0260 0.9755
vn 0.2399 0.0093 0.9708
vn 0.2082 0.0371 0.9774
vn 0.1907 0.0482 0.9805
vn 0.2046 0.0094 0.9788
vn 0.1619 0.0581 0.9851
vn 0.1688 0.0095 0.9856
vn 0.1222 0.0666 0.9903
vn 0.1207 0.0096 0.9926
vn 0.0723 0.0729 0.9947
vn 0.0605 0.0096 0.9981
vn 0.0151 0.0761 0.9970
vn 0.0024 0.0240 0.9997
vn -0.0364 0.0767 0.9964
vn -0.0441 0.0097 0.9990
vn -0.0780 0.0765 0.9940
vn -0.0904 0.0092 0.9959
vn -0.1233 0.0749 0.9895
vn -0.1429 0.0082 0.9897
vn -0.1675 0.0703 0.9834
vn -0.1911 0.0072 0.9815
vn -0.2017 0.0631 0.9774
vn -0.2273 0.0063 0.9738
vn -0.2250 0.0541 0.9728
vn -0.2515 0.0057 0.9679
vn -0.2375 0.0438 0.9704
vn -0.2638 0.0053 0.9646
vn -0.2429 0.0325 0.9695
vn -0.2664 0.0054 0.9638
vn -0.2443 0.0219 0.9695
vn 0.2238 0.0086 0.9746
vn -0.0504 -0.0703 0.9963
vn 0.0057 -0.0698 0.9975
vn 0.2225 0.0103 0.9749
vn 0.2238 0.0103 0.9746
vn 0.2243 0.0078 0.9745
vn 0.2243 0.0008 0.9745
vn 0.2184 -0.0103 0.9758
vn 0.2084 -0.0236 0.9778
vn 0.1908 -0.0366 0.9809
vn 0.1620 -0.0484 0.9856
vn 0.1222 -0.0584 0.9908
vn 0.0723 -0.0658 0.9952
vn -0.0964 -0.0693 0.9929
vn -0.1439 -0.0653 0.9874
vn -0.1837 -0.0577 0.9813
vn -0.2134 -0.0477 0.9758
vn -0.2325 -0.0359 0.9719
vn -0.2406 -0.0229 0.9703
vn -0.2416 -0.0097 0.9703
vn -0.2386 0.0013 0.9711
vn -0.2238 0.0070 0.9746
vt 0.404534 0.991689
vt 0.408607 0.753111
vt 0.408607 0.991689
vt 0.668159 0.006957
vt 0.745991 0.241982
vt 0.668159 0.241981
vt 0.333337 0.945983
vt 0.321442 0.984293
vt 0.321198 0.946170
vt 0.103427 0.499388
vt 0.006861 0.338855
vt 0.103439 0.338855
vt 0.163050 0.248425
vt 0.002541 0.002541
vt 0.163050 0.002541
vt 0.064899 0.258445
vt 0.137194 0.256482
vt 0.363063 0.257059
vt 0.493403 0.339428
vt 0.396825 0.339428
vt 0.248383 0.248425
vt 0.248383 0.002541
vt 0.111459 0.508124
vt 0.112065 0.504471
vt 0.184311 0.504471
vt 0.493448 0.499955
vt 0.396851 0.499955
vt 0.006190 0.508124
vt 0.002541 0.750355
vt 0.002541 0.504471
vt 0.023684 0.508124
vt 0.020742 0.504471
vt 0.186738 0.746701
vt 0.186742 0.746706
vt 0.184311 0.750355
vt 0.258869 0.003201
vt 0.492731 0.002541
vt 0.492380 0.008322
vt 0.900363 0.744876
vt 0.902032 0.505291
vt 0.902032 0.747081
vt 0.897955 0.990741
vt 0.902032 0.752164
vt 0.902032 0.990741
vt 0.624666 0.916772
vt 0.620584 0.934284
vt 0.620584 0.916772
vt 0.611419 0.828906
vt 0.615501 0.753549
vt 0.615501 0.828906
vt 0.965667 0.245533
vt 0.985215 0.002541
vt 0.985215 0.245533
vt 0.882876 0.744779
vt 0.884222 0.746983
vt 0.795135 0.506897
vt 0.718216 0.504276
vt 0.794858 0.504699
vt 0.719885 0.506481
vt 0.718216 0.746066
vt 0.374256 0.505037
vt 0.437354 0.748029
vt 0.374256 0.748029
vt 0.961796 0.747267
vt 0.981364 0.504276
vt 0.981364 0.747267
vt 0.316116 0.919355
vt 0.296528 0.937194
vt 0.295280 0.928831
vt 0.907115 0.828790
vt 0.926704 0.752040
vt 0.927218 0.815228
vt 0.259541 0.201862
vt 0.253466 0.249002
vt 0.253466 0.225187
vt 0.259575 0.239983
vt 0.498134 0.248311
vt 0.259368 0.098030
vt 0.253466 0.105696
vt 0.253466 0.009126
vt 0.910270 0.094889
vt 0.932851 0.005826
vt 0.932950 0.095221
vt 0.368265 0.753111
vt 0.356127 0.987430
vt 0.356127 0.753111
vt 0.385480 0.753111
vt 0.373348 0.987430
vt 0.373348 0.753111
vt 0.338776 0.842156
vt 0.350801 0.753297
vt 0.350913 0.842342
vt 0.744612 0.258232
vt 0.744612 0.495046
vt 0.739218 0.259479
vt 0.740465 0.254084
vt 0.651059 0.254084
vt 0.546325 0.259479
vt 0.502806 0.254084
vt 0.541977 0.254084
vt 0.508200 0.259479
vt 0.502806 0.499193
vt 0.980255 0.494401
vt 0.989139 0.254084
vt 0.989139 0.494401
vt 0.739218 0.493798
vt 0.740465 0.499193
vt 0.651059 0.499193
vt 0.922676 0.239382
vt 0.910155 0.243127
vt 0.922659 0.221379
vt 0.948304 0.346432
vt 0.925861 0.463545
vt 0.925623 0.346766
vt 0.910390 0.203959
vt 0.932709 0.212001
vt 0.996531 0.749385
vt 0.986447 0.504276
vt 0.996531 0.504276
vt 0.650163 0.259479
vt 0.557506 0.254084
vt 0.546325 0.493798
vt 0.557506 0.499193
vt 0.541977 0.499193
vt 0.338907 0.945982
vt 0.351026 0.931387
vt 0.351045 0.946168
vt 0.492700 0.201204
vt 0.498134 0.207486
vt 0.498134 0.224497
vt 0.253466 0.208176
vt 0.907115 0.918281
vt 0.927731 0.878417
vt 0.927951 0.927756
vt 0.316116 0.829863
vt 0.295500 0.879492
vt 0.296014 0.816303
vt 0.304520 0.741382
vt 0.274930 0.693073
vt 0.295788 0.693073
vt 0.882876 0.507381
vt 0.871500 0.505122
vt 0.884222 0.505192
vt 0.795135 0.744295
vt 0.871500 0.746912
vt 0.794858 0.746489
vt 0.611419 0.916772
vt 0.615501 0.904264
vt 0.615501 0.916772
vt 0.624666 0.828906
vt 0.620584 0.904264
vt 0.620584 0.828906
vt 0.023684 0.746701
vt 0.033743 0.750355
vt 0.020742 0.750355
vt 0.033743 0.504471
vt 0.271679 0.254579
vt 0.294317 0.339428
vt 0.277301 0.339428
vt 0.222951 0.499388
vt 0.205948 0.338855
vt 0.222963 0.338855
vt 0.215569 0.254355
vt 0.228578 0.254002
vt 0.333468 0.842157
vt 0.321217 0.931389
vt 0.321329 0.842344
vt 0.294343 0.499955
vt 0.277327 0.499955
vt 0.253480 0.339428
vt 0.253506 0.499955
vt 0.246785 0.338855
vt 0.246791 0.253508
vt 0.246773 0.499388
vt 0.253466 0.254084
vt 0.006190 0.746701
vt 0.611419 0.934284
vt 0.615501 0.934284
vt 0.900363 0.507477
vt 0.253466 0.505037
vt 0.261880 0.748029
vt 0.253466 0.748029
vt 0.907115 0.936117
vt 0.926704 0.936119
vt 0.492735 0.239325
vt 0.338663 0.984105
vt 0.350801 0.984291
vt 0.508200 0.493798
vt 0.134378 0.881285
vt 0.130003 0.893299
vt 0.130003 0.881250
vt 0.951902 0.679227
vt 0.952977 0.558371
vt 0.952977 0.694291
vt 0.948198 0.439975
vt 0.935911 0.472923
vt 0.561108 0.259479
vt 0.259516 0.187080
vt 0.316116 0.906615
vt 0.870385 0.744710
vt 0.624666 0.904263
vt 0.036180 0.508124
vt 0.333355 0.931202
vt 0.304520 0.511685
vt 0.261880 0.505037
vt 0.311158 0.505037
vt 0.311158 0.748029
vt 0.268518 0.741381
vt 0.268518 0.511685
vt 0.274930 0.559993
vt 0.295788 0.559993
vt 0.960584 0.002541
vt 0.938033 0.183930
vt 0.938033 0.050849
vt 0.975172 0.254084
vt 0.953497 0.435473
vt 0.953497 0.302393
vt 0.246164 0.506224
vt 0.237187 0.594379
vt 0.237279 0.506217
vt 0.596353 0.745900
vt 0.713133 0.748465
vt 0.596353 0.748284
vt 0.684857 0.742477
vt 0.676047 0.745980
vt 0.290099 0.835785
vt 0.253564 0.906064
vt 0.253466 0.835317
vt 0.506953 0.748173
vt 0.508187 0.745790
vt 0.246072 0.594386
vt 0.237286 0.674067
vt 0.484236 0.594954
vt 0.493028 0.506783
vt 0.493121 0.594946
vt 0.752680 0.493213
vt 0.758636 0.484323
vt 0.840846 0.493322
vt 0.840846 0.484425
vt 0.920540 0.493403
vt 0.911599 0.484494
vt 0.920540 0.254274
vt 0.048180 0.826983
vt 0.044524 0.887199
vt 0.044673 0.827123
vt 0.195469 0.726903
vt 0.199637 0.615687
vt 0.200154 0.626809
vt 0.442437 0.727470
vt 0.446610 0.616254
vt 0.447106 0.627375
vt 0.855469 0.834841
vt 0.892006 0.752164
vt 0.892104 0.834370
vt 0.762092 0.202425
vt 0.751188 0.223874
vt 0.751318 0.212354
vt 0.833523 0.212931
vt 0.904150 0.224046
vt 0.833398 0.223976
vt 0.833529 0.012795
vt 0.751188 0.002541
vt 0.833398 0.002643
vt 0.893732 0.022468
vt 0.904150 0.002713
vt 0.904280 0.013325
vt 0.466851 0.742608
vt 0.473982 0.732552
vt 0.471674 0.742608
vt 0.219861 0.742041
vt 0.228003 0.731986
vt 0.225696 0.742041
vt 0.705621 0.825093
vt 0.708986 0.753690
vt 0.709107 0.825229
vt 0.224009 0.933094
vt 0.225696 0.923038
vt 0.228003 0.933094
vt 0.219861 0.923038
vt 0.223428 0.912983
vt 0.215785 0.912983
vt 0.221209 0.902928
vt 0.211820 0.902928
vt 0.219019 0.892872
vt 0.208003 0.892872
vt 0.216968 0.882817
vt 0.204488 0.882817
vt 0.215161 0.872761
vt 0.201411 0.872761
vt 0.213687 0.862706
vt 0.198892 0.862706
vt 0.212620 0.852651
vt 0.197035 0.852651
vt 0.211971 0.842595
vt 0.195875 0.842595
vt 0.211744 0.832540
vt 0.195469 0.832540
vt 0.212015 0.822485
vt 0.195912 0.822485
vt 0.212787 0.812429
vt 0.197178 0.812429
vt 0.213987 0.802374
vt 0.199163 0.802374
vt 0.215526 0.792318
vt 0.201751 0.792318
vt 0.217302 0.782263
vt 0.204809 0.782263
vt 0.219206 0.772208
vt 0.208194 0.772208
vt 0.221249 0.762152
vt 0.211868 0.762152
vt 0.223428 0.752097
vt 0.215785 0.752097
vt 0.471001 0.933660
vt 0.471674 0.923605
vt 0.473982 0.933660
vt 0.466851 0.923605
vt 0.469405 0.913549
vt 0.462773 0.913549
vt 0.467225 0.903494
vt 0.458853 0.903494
vt 0.465181 0.893439
vt 0.455178 0.893439
vt 0.463277 0.883383
vt 0.451792 0.883383
vt 0.461500 0.873328
vt 0.448732 0.873328
vt 0.459960 0.863272
vt 0.446140 0.863272
vt 0.458759 0.853217
vt 0.444150 0.853217
vt 0.457986 0.843162
vt 0.442881 0.843162
vt 0.457714 0.833106
vt 0.442437 0.833106
vt 0.457941 0.823051
vt 0.442843 0.823051
vt 0.458591 0.812996
vt 0.444004 0.812996
vt 0.459660 0.802940
vt 0.445866 0.802940
vt 0.461136 0.792885
vt 0.448390 0.792885
vt 0.462945 0.782829
vt 0.451473 0.782829
vt 0.464997 0.772774
vt 0.454993 0.772774
vt 0.467186 0.762719
vt 0.458810 0.762719
vt 0.469405 0.752663
vt 0.462773 0.752663
vt 0.893614 0.212988
vt 0.904280 0.212525
vt 0.893732 0.202570
vt 0.904411 0.201003
vt 0.893847 0.192160
vt 0.904538 0.189492
vt 0.893959 0.181765
vt 0.904659 0.178002
vt 0.894063 0.171394
vt 0.904770 0.166546
vt 0.894159 0.161052
vt 0.904869 0.155135
vt 0.894246 0.150743
vt 0.904952 0.143778
vt 0.894320 0.140480
vt 0.905016 0.132487
vt 0.894376 0.130277
vt 0.905058 0.121275
vt 0.894412 0.120146
vt 0.905073 0.110157
vt 0.894425 0.110096
vt 0.905059 0.099139
vt 0.894413 0.100131
vt 0.905018 0.088213
vt 0.894380 0.090240
vt 0.904955 0.077368
vt 0.894327 0.080419
vt 0.904871 0.066595
vt 0.894256 0.070663
vt 0.904771 0.055878
vt 0.894168 0.060963
vt 0.904659 0.045202
vt 0.894069 0.051307
vt 0.904538 0.034558
vt 0.893960 0.041680
vt 0.904411 0.023937
vt 0.893847 0.032068
vt 0.761974 0.012729
vt 0.751318 0.013154
vt 0.762092 0.022323
vt 0.751449 0.023765
vt 0.762208 0.031923
vt 0.751576 0.034387
vt 0.762321 0.041536
vt 0.751697 0.045031
vt 0.762429 0.051163
vt 0.751809 0.055707
vt 0.762529 0.060819
vt 0.751909 0.066423
vt 0.762617 0.070518
vt 0.751993 0.077196
vt 0.762688 0.080274
vt 0.752056 0.088041
vt 0.762741 0.090094
vt 0.752096 0.098968
vt 0.762774 0.099985
vt 0.752111 0.109985
vt 0.762786 0.109950
vt 0.752096 0.121103
vt 0.762773 0.120000
vt 0.752054 0.132315
vt 0.762737 0.130132
vt 0.751990 0.143607
vt 0.762681 0.140335
vt 0.751907 0.154963
vt 0.762607 0.150598
vt 0.751808 0.166374
vt 0.762520 0.160907
vt 0.751697 0.177831
vt 0.762424 0.171249
vt 0.751576 0.189320
vt 0.762319 0.181620
vt 0.751449 0.200832
vt 0.762208 0.192015
vt 0.705115 0.885177
vt 0.709107 0.885308
vt 0.893614 0.012874
vt 0.761974 0.212843
vt 0.855371 0.905588
vt 0.892006 0.905117
vt 0.047504 0.755437
vt 0.044524 0.755582
vt 0.911599 0.263161
vt 0.840846 0.254194
vt 0.758636 0.262990
vt 0.752680 0.254084
vt 0.506953 0.504276
vt 0.596353 0.504387
vt 0.508187 0.506662
vt 0.484138 0.674643
vt 0.493023 0.674634
vt 0.290197 0.753579
vt 0.253564 0.753111
vt 0.676047 0.506852
vt 0.713133 0.504568
vt 0.749695 0.490239
vt 0.749695 0.257051
vt 0.333580 0.753111
vt 0.321442 0.753298
vt 0.190387 0.509901
vt 0.190387 0.744925
vt 0.624666 0.753548
vt 0.620584 0.753549
vt 0.719885 0.743879
vt 0.316116 0.753111
vt 0.296528 0.753115
vt 0.494313 0.006375
vt 0.498134 0.008436
vt 0.948405 0.257036
vt 0.925724 0.257370
vt 0.390562 0.989872
vt 0.399448 0.755526
vt 0.399448 0.989872
vt 0.910373 0.188431
vt 0.561108 0.493798
vt 0.338888 0.931202
vt 0.492676 0.186423
vt 0.498134 0.105006
vt 0.907115 0.905542
vt 0.870385 0.507312
vt 0.611419 0.904263
vt 0.036180 0.746701
vt 0.112065 0.750355
vt 0.284689 0.254932
vt 0.205936 0.499388
vt 0.753942 0.247559
vt 0.765742 0.229129
vt 0.757110 0.247323
vt 0.783964 0.229781
vt 0.780788 0.247275
vt 0.770825 0.229781
vt 0.414526 0.988898
vt 0.417701 0.753298
vt 0.417701 0.988898
vt 0.479065 0.966119
vt 0.496863 0.732553
vt 0.496863 0.966989
vt 0.233941 0.964066
vt 0.247079 0.732107
vt 0.247078 0.964066
vt 0.705831 0.744686
vt 0.705831 0.508307
vt 0.974330 0.752350
vt 0.965734 0.997458
vt 0.965734 0.752350
vt 0.934892 0.504276
vt 0.952896 0.504298
vt 0.948414 0.494671
vt 0.935893 0.490927
vt 0.939854 0.573454
vt 0.934892 0.748173
vt 0.188101 0.901545
vt 0.182707 0.912196
vt 0.182707 0.901545
vt 0.130003 0.876167
vt 0.134378 0.864083
vt 0.134378 0.876132
vt 0.167351 0.861711
vt 0.171726 0.755437
vt 0.171726 0.861711
vt 0.176809 0.861711
vt 0.181182 0.755437
vt 0.181182 0.861711
vt 0.423483 0.858166
vt 0.434832 0.858884
vt 0.422784 0.858860
vt 0.434133 0.858187
vt 0.434832 0.753136
vt 0.434133 0.753830
vt 0.422784 0.753111
vt 0.423483 0.753808
vt 0.595686 0.753548
vt 0.605246 0.755313
vt 0.596821 0.755297
vt 0.155110 0.909627
vt 0.160503 0.898975
vt 0.160503 0.909626
vt 0.100722 0.755437
vt 0.095331 0.860313
vt 0.095331 0.755437
vt 0.679037 0.753548
vt 0.673644 0.858424
vt 0.673644 0.753548
vt 0.605245 0.855963
vt 0.606337 0.857927
vt 0.596821 0.855948
vt 0.595686 0.857906
vt 0.672541 0.856562
vt 0.672541 0.755411
vt 0.744296 0.496633
vt 0.741680 0.496261
vt 0.743397 0.497979
vt 0.742052 0.498877
vt 0.742052 0.254400
vt 0.741680 0.257017
vt 0.743397 0.255299
vt 0.744296 0.256645
vt 0.505366 0.747857
vt 0.505198 0.745791
vt 0.504021 0.746961
vt 0.503122 0.745621
vt 0.502806 0.744041
vt 0.502806 0.508397
vt 0.503122 0.506819
vt 0.505198 0.506654
vt 0.504021 0.505481
vt 0.505366 0.504588
vt 0.925727 0.255778
vt 0.948408 0.255444
vt 0.925733 0.254418
vt 0.948414 0.254084
vt 0.929809 0.746955
vt 0.907122 0.745610
vt 0.929790 0.745610
vt 0.907115 0.744023
vt 0.929783 0.744023
vt 0.910166 0.003901
vt 0.932846 0.004234
vt 0.910156 0.002541
vt 0.932836 0.002874
vt 0.907141 0.504276
vt 0.929790 0.505621
vt 0.907122 0.505621
vt 0.929783 0.507208
vt 0.907115 0.507208
vt 0.505202 0.742816
vt 0.505348 0.743734
vt 0.505202 0.745787
vt 0.505772 0.744563
vt 0.506432 0.745221
vt 0.507265 0.745644
vt 0.507265 0.506806
vt 0.505202 0.506658
vt 0.506432 0.507227
vt 0.505772 0.507883
vt 0.505348 0.508711
vt 0.505202 0.509629
vt 0.751758 0.493067
vt 0.751806 0.491112
vt 0.750925 0.492644
vt 0.750265 0.491986
vt 0.749841 0.491157
vt 0.749841 0.256134
vt 0.751806 0.256184
vt 0.750265 0.255306
vt 0.750925 0.254650
vt 0.751758 0.254229
vt 0.399448 0.990795
vt 0.390563 0.990795
vt 0.399449 0.991627
vt 0.390564 0.991627
vt 0.399451 0.992287
vt 0.390565 0.992287
vt 0.484138 0.505046
vt 0.493026 0.505863
vt 0.484140 0.505872
vt 0.484142 0.506792
vt 0.390563 0.754604
vt 0.399448 0.754604
vt 0.390564 0.753772
vt 0.399449 0.753772
vt 0.390565 0.753111
vt 0.399451 0.753111
vt 0.237286 0.504471
vt 0.246166 0.505304
vt 0.237281 0.505296
vt 0.496335 0.339436
vt 0.495679 0.340742
vt 0.494660 0.338011
vt 0.496865 0.338286
vt 0.497723 0.340705
vt 0.497622 0.342225
vt 0.663734 0.002541
vt 0.663580 0.003834
vt 0.662406 0.003347
vt 0.665456 0.004952
vt 0.667552 0.004879
vt 0.666017 0.006957
vt 0.663485 0.005004
vt 0.664855 0.003347
vt 0.666522 0.003118
vt 0.658214 0.006957
vt 0.661508 0.004952
vt 0.660635 0.006957
vt 0.659402 0.004879
vt 0.663374 0.006957
vt 0.003930 0.338868
vt 0.005604 0.337440
vt 0.004585 0.340172
vt 0.002541 0.340142
vt 0.003400 0.337723
vt 0.004623 0.336102
vt 0.663734 0.246397
vt 0.663580 0.245104
vt 0.664855 0.245591
vt 0.658214 0.241981
vt 0.661508 0.243986
vt 0.659402 0.244059
vt 0.660635 0.241981
vt 0.663485 0.243935
vt 0.662406 0.245591
vt 0.660893 0.245821
vt 0.665456 0.243986
vt 0.666017 0.241981
vt 0.667552 0.244059
vt 0.663374 0.241981
vt 0.186636 0.504884
vt 0.186742 0.508120
vt 0.188607 0.506061
vt 0.189924 0.507823
vt 0.189924 0.747003
vt 0.188607 0.748764
vt 0.186636 0.749941
vt 0.253877 0.006864
vt 0.257287 0.007043
vt 0.255049 0.004943
vt 0.256801 0.003657
vt 0.494798 0.002985
vt 0.496551 0.004262
vt 0.497722 0.006176
vt 0.503233 0.004879
vt 0.503281 0.003118
vt 0.660893 0.003118
vt 0.495717 0.499950
vt 0.746021 0.244059
vt 0.746106 0.245821
vt 0.666522 0.245821
vt 0.062566 0.258506
vt 0.745991 0.006957
vt 0.746021 0.004880
vt 0.746106 0.003118
vt 0.439682 0.259121
vt 0.437691 0.259080
vt 0.435359 0.259021
vt 0.503216 0.241981
vt 0.503233 0.244059
vt 0.503281 0.245821
vt 0.002625 0.499380
vt 0.004561 0.499386
vt 0.006830 0.499388
vt 0.503216 0.006957
vt 0.414526 0.753298
vt 0.414083 0.988946
vt 0.414083 0.753250
vt 0.413690 0.989085
vt 0.413690 0.753111
vt 0.704288 0.743955
vt 0.704714 0.508902
vt 0.704714 0.744139
vt 0.705246 0.508613
vt 0.705246 0.744391
vt 0.685341 0.510607
vt 0.685341 0.742290
vt 0.685773 0.510804
vt 0.685773 0.742137
vt 0.686112 0.510976
vt 0.686112 0.742030
vt 0.233086 0.964187
vt 0.233493 0.732076
vt 0.233493 0.964097
vt 0.233941 0.732107
vt 0.752640 0.230116
vt 0.753503 0.247684
vt 0.752189 0.230072
vt 0.753122 0.247979
vt 0.751770 0.229878
vt 0.752835 0.248416
vt 0.751426 0.229553
vt 0.752670 0.248952
vt 0.751188 0.229129
vt 0.783965 0.247272
vt 0.784410 0.229704
vt 0.784412 0.247364
vt 0.784813 0.229479
vt 0.784813 0.247629
vt 0.785131 0.229129
vt 0.785131 0.248044
vt 0.684857 0.510404
vt 0.954160 0.710969
vt 0.952896 0.748196
vt 0.955217 0.726053
vt 0.956044 0.738066
vt 0.956559 0.745832
vt 0.956713 0.748591
vt 0.964561 0.755005
vt 0.961796 0.752350
vt 0.956559 0.507219
vt 0.956044 0.514790
vt 0.955217 0.526665
vt 0.954160 0.541682
vt 0.964561 0.994803
vt 0.963584 0.987096
vt 0.963584 0.762712
vt 0.247810 0.679157
vt 0.237187 0.725025
vt 0.237187 0.679157
vt 0.790251 0.233947
vt 0.805652 0.229129
vt 0.805652 0.234274
vt 0.151980 0.802791
vt 0.146835 0.755437
vt 0.151980 0.755452
vt 0.821027 0.229129
vt 0.826172 0.244567
vt 0.821356 0.244550
vt 0.121242 0.803012
vt 0.105805 0.755437
vt 0.121242 0.755437
vt 0.126324 0.755437
vt 0.141753 0.803012
vt 0.126324 0.803012
vt 0.810735 0.229130
vt 0.815442 0.244551
vt 0.810735 0.244569
vt 0.815881 0.229129
vt 0.162268 0.802820
vt 0.157124 0.755466
vt 0.162268 0.755481
vt 0.157124 0.802805
vt 0.790214 0.244568
vt 0.805652 0.239420
vt 0.805652 0.244566
vt 0.790251 0.239862
vt 0.077823 0.859224
vt 0.088421 0.855558
vt 0.088448 0.859224
vt 0.133783 0.954529
vt 0.123171 0.958112
vt 0.123158 0.954529
vt 0.067332 0.805714
vt 0.069034 0.758993
vt 0.069034 0.806568
vt 0.055300 0.805714
vt 0.058359 0.810123
vt 0.053598 0.806568
vt 0.055300 0.759847
vt 0.053598 0.758993
vt 0.067332 0.759847
vt 0.064273 0.755437
vt 0.063708 0.808421
vt 0.064273 0.810123
vt 0.058924 0.808421
vt 0.058924 0.757140
vt 0.058359 0.755437
vt 0.063708 0.757140
vt 0.150459 0.859184
vt 0.146835 0.810610
vt 0.150459 0.807903
vt 0.158867 0.856477
vt 0.155243 0.807903
vt 0.158867 0.810610
vt 0.155243 0.859184
vt 0.494756 0.679725
vt 0.484138 0.725593
vt 0.484138 0.679725
vt 0.133797 0.958112
vt 0.123172 0.962896
vt 0.077796 0.855558
vt 0.088421 0.850774
vt 0.133797 0.962896
vt 0.123159 0.966562
vt 0.077796 0.850774
vt 0.088450 0.847191
vt 0.105805 0.968060
vt 0.114639 0.952068
vt 0.114639 0.968060
vt 0.253466 0.951447
vt 0.260158 0.935454
vt 0.262845 0.951447
vt 0.893414 0.230534
vt 0.892681 0.247907
vt 0.892681 0.229129
vt 0.934892 0.830433
vt 0.944270 0.814440
vt 0.944271 0.830433
vt 0.518214 0.965850
vt 0.527049 0.956472
vt 0.527049 0.965850
vt 0.760996 0.957606
vt 0.767681 0.966440
vt 0.760996 0.966440
vt 0.893414 0.246600
vt 0.902204 0.230656
vt 0.902204 0.246722
vt 0.106551 0.926976
vt 0.116131 0.928370
vt 0.105805 0.928370
vt 0.759967 0.966440
vt 0.759967 0.957606
vt 0.106551 0.910928
vt 0.105805 0.909614
vt 0.160503 0.915084
vt 0.159241 0.933665
vt 0.159241 0.914710
vt 0.980605 0.752350
vt 0.979413 0.762675
vt 0.979413 0.752350
vt 0.309197 0.961605
vt 0.310459 0.942277
vt 0.310459 0.961231
vt 0.096903 0.979941
vt 0.095619 0.978297
vt 0.096903 0.978584
vt 0.884305 0.980105
vt 0.883205 0.978990
vt 0.884490 0.978707
vt 0.115385 0.926976
vt 0.116131 0.909614
vt 0.902955 0.229270
vt 0.902955 0.248049
vt 0.869288 0.969117
vt 0.878122 0.953126
vt 0.878122 0.969117
vt 0.209931 0.954169
vt 0.216623 0.938177
vt 0.219310 0.954169
vt 0.831988 0.230534
vt 0.831255 0.247907
vt 0.831255 0.229129
vt 0.017950 0.929439
vt 0.027328 0.913446
vt 0.027329 0.929439
vt 0.883205 0.962503
vt 0.892040 0.953126
vt 0.892040 0.962503
vt 0.773793 0.957606
vt 0.780478 0.966440
vt 0.773793 0.966440
vt 0.831988 0.246600
vt 0.840778 0.230656
vt 0.840778 0.246722
vt 0.566488 0.928718
vt 0.576068 0.930113
vt 0.565742 0.930113
vt 0.772764 0.966440
vt 0.772764 0.957606
vt 0.566488 0.912671
vt 0.565742 0.911356
vt 0.188101 0.917654
vt 0.186839 0.936234
vt 0.186839 0.917280
vt 0.980605 0.767758
vt 0.979413 0.778084
vt 0.979413 0.767758
vt 0.842985 0.976935
vt 0.844247 0.957606
vt 0.844247 0.976560
vt 0.082986 0.976565
vt 0.081702 0.974922
vt 0.082986 0.975208
vt 0.215703 0.981196
vt 0.214603 0.980081
vt 0.215888 0.979797
vt 0.575322 0.928718
vt 0.576068 0.911356
vt 0.841529 0.229270
vt 0.841529 0.248049
vt 0.181268 0.960155
vt 0.190102 0.944163
vt 0.190102 0.960155
vt 0.934892 0.956887
vt 0.941584 0.940894
vt 0.944271 0.956887
vt 0.423517 0.889376
vt 0.422784 0.906749
vt 0.422784 0.887970
vt 0.934892 0.851509
vt 0.944270 0.835516
vt 0.944271 0.851509
vt 0.281300 0.965908
vt 0.290135 0.956530
vt 0.290135 0.965908
vt 0.154700 0.941594
vt 0.161385 0.950428
vt 0.154700 0.950428
vt 0.423517 0.905442
vt 0.432307 0.889497
vt 0.432307 0.905563
vt 0.518960 0.928919
vt 0.528540 0.930314
vt 0.518214 0.930314
vt 0.153670 0.950428
vt 0.153670 0.941594
vt 0.518960 0.912872
vt 0.518214 0.911557
vt 0.950616 0.772663
vt 0.949354 0.791244
vt 0.949354 0.772289
vt 0.980605 0.783167
vt 0.979413 0.793492
vt 0.979413 0.783167
vt 0.095619 0.962094
vt 0.096881 0.942765
vt 0.096881 0.961720
vt 0.089353 0.976565
vt 0.088069 0.974921
vt 0.089353 0.975208
vt 0.673640 0.981392
vt 0.672541 0.980276
vt 0.673826 0.979993
vt 0.527794 0.928919
vt 0.528540 0.911557
vt 0.433058 0.888112
vt 0.433058 0.906891
vt 0.855371 0.969117
vt 0.864205 0.953126
vt 0.864205 0.969117
vt 0.268875 0.951447
vt 0.275567 0.935454
vt 0.278253 0.951447
vt 0.423517 0.865373
vt 0.422784 0.882745
vt 0.422784 0.863967
vt 0.934892 0.872584
vt 0.944270 0.856591
vt 0.944271 0.872584
vt 0.422784 0.966266
vt 0.431618 0.956888
vt 0.431618 0.966266
vt 0.069089 0.950627
vt 0.075774 0.959462
vt 0.069089 0.959462
vt 0.423517 0.881439
vt 0.432306 0.865494
vt 0.432306 0.881560
vt 0.121959 0.926976
vt 0.131539 0.928370
vt 0.121214 0.928370
vt 0.068060 0.959462
vt 0.068060 0.950627
vt 0.121959 0.910928
vt 0.121214 0.909614
vt 0.950616 0.797075
vt 0.949354 0.815656
vt 0.949354 0.796701
vt 0.154863 0.969428
vt 0.153670 0.979753
vt 0.153670 0.969428
vt 0.606346 0.962405
vt 0.607608 0.943076
vt 0.607608 0.962031
vt 0.593714 0.976876
vt 0.592429 0.975232
vt 0.593714 0.975519
vt 0.682985 0.981392
vt 0.681886 0.980276
vt 0.683171 0.979993
vt 0.130794 0.926976
vt 0.131539 0.909614
vt 0.433058 0.864109
vt 0.433058 0.882887
vt 0.672541 0.963795
vt 0.681375 0.947803
vt 0.681375 0.963795
vt 0.422784 0.951806
vt 0.429476 0.935813
vt 0.432163 0.951806
vt 0.847344 0.230534
vt 0.846611 0.247907
vt 0.846611 0.229129
vt 0.565742 0.951189
vt 0.575120 0.935196
vt 0.575121 0.951189
vt 0.253466 0.965908
vt 0.262300 0.956530
vt 0.262300 0.965908
vt 0.706101 0.947803
vt 0.712786 0.956638
vt 0.706101 0.956638
vt 0.847344 0.246600
vt 0.856134 0.230656
vt 0.856134 0.246722
vt 0.423530 0.929335
vt 0.433110 0.930730
vt 0.422784 0.930730
vt 0.705072 0.956638
vt 0.705072 0.947803
vt 0.423530 0.913288
vt 0.422784 0.911973
vt 0.225654 0.938551
vt 0.224392 0.957132
vt 0.224392 0.938177
vt 0.247725 0.969270
vt 0.246533 0.979595
vt 0.246533 0.969270
vt 0.949354 0.962500
vt 0.950616 0.943172
vt 0.950616 0.962126
vt 0.069344 0.977270
vt 0.068060 0.975627
vt 0.069344 0.975914
vt 0.980512 0.978612
vt 0.979413 0.977497
vt 0.980698 0.977213
vt 0.432364 0.929335
vt 0.433110 0.911973
vt 0.856885 0.229270
vt 0.856885 0.248049
vt 0.691154 0.963795
vt 0.699989 0.947803
vt 0.699989 0.963795
vt 0.442437 0.954736
vt 0.449129 0.938743
vt 0.451815 0.954736
vt 0.878057 0.230534
vt 0.877324 0.247907
vt 0.877324 0.229129
vt 0.934892 0.788282
vt 0.944270 0.772289
vt 0.944271 0.788282
vt 0.732133 0.966983
vt 0.740967 0.957606
vt 0.740967 0.966983
vt 0.786590 0.957606
vt 0.793275 0.966440
vt 0.786590 0.966440
vt 0.878057 0.246600
vt 0.886847 0.230656
vt 0.886847 0.246722
vt 0.856117 0.928033
vt 0.865697 0.929428
vt 0.855371 0.929428
vt 0.785561 0.966440
vt 0.785561 0.957606
vt 0.856117 0.911986
vt 0.855371 0.910671
vt 0.528265 0.838668
vt 0.527004 0.857249
vt 0.527004 0.838294
vt 0.161138 0.969428
vt 0.159946 0.979753
vt 0.159946 0.969428
vt 0.581151 0.969725
vt 0.582412 0.950396
vt 0.582412 0.969350
vt 0.181370 0.977964
vt 0.180085 0.976320
vt 0.181370 0.976607
vt 0.754413 0.981157
vt 0.753313 0.980042
vt 0.754598 0.979759
vt 0.864951 0.928033
vt 0.865697 0.910671
vt 0.887598 0.229270
vt 0.887598 0.248049
vt 0.640574 0.967368
vt 0.649409 0.951377
vt 0.649409 0.967368
vt 0.907115 0.957195
vt 0.913807 0.941202
vt 0.916494 0.957195
vt 0.130736 0.841485
vt 0.130003 0.858858
vt 0.130003 0.840080
vt 0.934892 0.893660
vt 0.944270 0.877667
vt 0.944271 0.893660
vt 0.267383 0.965908
vt 0.276218 0.956530
vt 0.276218 0.965908
vt 0.799387 0.957606
vt 0.806072 0.966440
vt 0.799387 0.966440
vt 0.130736 0.857551
vt 0.139525 0.841607
vt 0.139525 0.857673
vt 0.503552 0.928919
vt 0.513132 0.930314
vt 0.502806 0.930314
vt 0.798358 0.966440
vt 0.798358 0.957606
vt 0.503552 0.912872
vt 0.502806 0.911557
vt 0.472621 0.939117
vt 0.471360 0.957698
vt 0.471360 0.938743
vt 0.019142 0.970058
vt 0.017950 0.980384
vt 0.017950 0.970058
vt 0.823952 0.976934
vt 0.825214 0.957606
vt 0.825214 0.976560
vt 0.310482 0.979458
vt 0.309197 0.977815
vt 0.310482 0.978102
vt 0.196569 0.981196
vt 0.195469 0.980081
vt 0.196755 0.979797
vt 0.512386 0.928919
vt 0.513132 0.911557
vt 0.140276 0.840222
vt 0.140276 0.859000
vt 0.654491 0.967368
vt 0.663326 0.951377
vt 0.663326 0.967368
vt 0.456898 0.954736
vt 0.463590 0.938743
vt 0.466277 0.954736
vt 0.862701 0.230534
vt 0.861968 0.247907
vt 0.861968 0.229129
vt 0.934892 0.809357
vt 0.944270 0.793365
vt 0.944271 0.809357
vt 0.746050 0.966983
vt 0.754884 0.957606
vt 0.754884 0.966983
vt 0.812184 0.957606
vt 0.818869 0.966440
vt 0.812184 0.966440
vt 0.862701 0.246600
vt 0.871491 0.230656
vt 0.871491 0.246722
vt 0.871525 0.928033
vt 0.881105 0.929428
vt 0.870779 0.929428
vt 0.811155 0.966440
vt 0.811155 0.957606
vt 0.871525 0.911986
vt 0.870779 0.910671
vt 0.950616 0.821487
vt 0.949354 0.840067
vt 0.949354 0.821112
vt 0.025418 0.970058
vt 0.024225 0.980384
vt 0.024225 0.970058
vt 0.046517 0.961199
vt 0.047779 0.941870
vt 0.047779 0.960825
vt 0.187737 0.977964
vt 0.186452 0.976320
vt 0.187737 0.976607
vt 0.890673 0.980105
vt 0.889573 0.978990
vt 0.890858 0.978707
vt 0.880359 0.928033
vt 0.881105 0.910671
vt 0.872242 0.229270
vt 0.872242 0.248049
vt 0.592429 0.959067
vt 0.601264 0.943076
vt 0.601264 0.959067
vt 0.533775 0.954958
vt 0.540467 0.938965
vt 0.543154 0.954958
vt 0.656664 0.910164
vt 0.655931 0.927537
vt 0.655931 0.908759
vt 0.934892 0.914736
vt 0.944270 0.898743
vt 0.944271 0.914736
vt 0.953497 0.498242
vt 0.962331 0.488864
vt 0.962331 0.498242
vt 0.660217 0.932762
vt 0.666902 0.941596
vt 0.660217 0.941596
vt 0.656664 0.926230
vt 0.665453 0.910285
vt 0.665453 0.926352
vt 0.269620 0.928977
vt 0.279200 0.930372
vt 0.268875 0.930372
vt 0.659187 0.941596
vt 0.659187 0.932762
vt 0.269620 0.912930
vt 0.268875 0.911615
vt 0.950616 0.845898
vt 0.949354 0.864479
vt 0.949354 0.845524
vt 0.980605 0.798575
vt 0.979413 0.808901
vt 0.979413 0.798575
vt 0.053598 0.977114
vt 0.054860 0.957786
vt 0.054860 0.976740
vt 0.175002 0.977963
vt 0.173718 0.976320
vt 0.175002 0.976606
vt 0.209325 0.981196
vt 0.208225 0.980081
vt 0.209510 0.979797
vt 0.278455 0.928977
vt 0.279200 0.911615
vt 0.666204 0.908900
vt 0.666204 0.927679
vt 0.167351 0.960155
vt 0.176185 0.944163
vt 0.176185 0.960155
vt 0.053598 0.952703
vt 0.060290 0.936710
vt 0.062977 0.952703
vt 0.140486 0.900381
vt 0.139753 0.917754
vt 0.139753 0.898975
vt 0.934892 0.935811
vt 0.944270 0.919818
vt 0.944271 0.935811
vt 0.017950 0.964975
vt 0.026784 0.955598
vt 0.026784 0.964975
vt 0.952979 0.237321
vt 0.959664 0.246155
vt 0.952979 0.246155
vt 0.140486 0.916447
vt 0.149276 0.900502
vt 0.149276 0.916568
vt 0.054344 0.930233
vt 0.063924 0.931627
vt 0.053598 0.931627
vt 0.951950 0.246155
vt 0.951950 0.237321
vt 0.054344 0.914185
vt 0.053598 0.912871
vt 0.528265 0.814256
vt 0.527004 0.832837
vt 0.527004 0.813882
vt 0.980605 0.829392
vt 0.979413 0.839718
vt 0.979413 0.829392
vt 0.059943 0.977114
vt 0.061204 0.957786
vt 0.061204 0.976740
vt 0.600081 0.976876
vt 0.598796 0.975232
vt 0.600081 0.975519
vt 0.980512 0.971888
vt 0.979413 0.970772
vt 0.980698 0.970489
vt 0.063178 0.930233
vt 0.063924 0.912871
vt 0.150027 0.899117
vt 0.150027 0.917895
vt 0.032600 0.957861
vt 0.041434 0.941870
vt 0.041434 0.957861
vt 0.002541 0.953279
vt 0.009233 0.937286
vt 0.011920 0.953279
vt 0.168084 0.902950
vt 0.167351 0.920323
vt 0.167351 0.901545
vt 0.502806 0.951390
vt 0.512184 0.935397
vt 0.512185 0.951390
vt 0.565742 0.965649
vt 0.574576 0.956271
vt 0.574576 0.965649
vt 0.069089 0.936710
vt 0.075774 0.945544
vt 0.069089 0.945544
vt 0.168084 0.919017
vt 0.176874 0.903072
vt 0.176874 0.919138
vt 0.003287 0.930809
vt 0.012867 0.932203
vt 0.002541 0.932203
vt 0.068060 0.945544
vt 0.068060 0.936710
vt 0.003287 0.914761
vt 0.002541 0.913446
vt 0.950616 0.870310
vt 0.949354 0.888891
vt 0.949354 0.869936
vt 0.980605 0.813984
vt 0.979413 0.824309
vt 0.979413 0.813984
vt 0.830296 0.976935
vt 0.831558 0.957606
vt 0.831558 0.976560
vt 0.582435 0.976451
vt 0.581151 0.974807
vt 0.582435 0.975094
vt 0.950454 0.980102
vt 0.949354 0.978987
vt 0.950639 0.978703
vt 0.012121 0.930809
vt 0.012867 0.913446
vt 0.177625 0.901687
vt 0.177625 0.920465
vt 0.139753 0.957585
vt 0.148588 0.941593
vt 0.148588 0.957585
vt 0.549184 0.954958
vt 0.555876 0.938965
vt 0.558562 0.954958
vt 0.082435 0.901552
vt 0.081702 0.918925
vt 0.081702 0.900147
vt 0.518215 0.951390
vt 0.527592 0.935397
vt 0.527594 0.951390
vt 0.938033 0.246699
vt 0.946867 0.237321
vt 0.946867 0.246699
vt 0.922606 0.941202
vt 0.929291 0.950036
vt 0.922606 0.950036
vt 0.082435 0.917619
vt 0.091225 0.901674
vt 0.091225 0.917740
vt 0.254212 0.928977
vt 0.263792 0.930372
vt 0.253466 0.930372
vt 0.921577 0.950036
vt 0.921577 0.941202
vt 0.254212 0.912930
vt 0.253466 0.911615
vt 0.950616 0.894722
vt 0.949354 0.913303
vt 0.949354 0.894348
vt 0.980606 0.844801
vt 0.979413 0.855126
vt 0.979413 0.844801
vt 0.836641 0.976935
vt 0.837903 0.957606
vt 0.837903 0.976560
vt 0.075711 0.977270
vt 0.074427 0.975627
vt 0.075711 0.975914
vt 0.980512 0.965164
vt 0.979413 0.964048
vt 0.980698 0.963765
vt 0.263046 0.928977
vt 0.263792 0.911615
vt 0.091976 0.900289
vt 0.091976 0.919067
vt 0.295280 0.958268
vt 0.304115 0.942277
vt 0.304115 0.958268
vt 0.615287 0.955360
vt 0.621979 0.939367
vt 0.624666 0.955360
vt 0.641307 0.910164
vt 0.640574 0.927537
vt 0.640574 0.908759
vt 0.124418 0.949446
vt 0.133796 0.933453
vt 0.133797 0.949446
vt 0.502806 0.965850
vt 0.511640 0.956472
vt 0.511640 0.965850
vt 0.154700 0.955511
vt 0.161385 0.964345
vt 0.154700 0.964345
vt 0.641307 0.926230
vt 0.650097 0.910285
vt 0.650097 0.926352
vt 0.534521 0.932488
vt 0.544101 0.933882
vt 0.533775 0.933882
vt 0.153670 0.964345
vt 0.153670 0.955511
vt 0.534521 0.916440
vt 0.533775 0.915125
vt 0.950616 0.919134
vt 0.949354 0.937715
vt 0.949354 0.918760
vt 0.929493 0.969036
vt 0.928300 0.979362
vt 0.928300 0.969036
vt 0.002541 0.977690
vt 0.003803 0.958361
vt 0.003803 0.977316
vt 0.168635 0.977964
vt 0.167351 0.976320
vt 0.168635 0.976607
vt 0.009985 0.980305
vt 0.008886 0.979190
vt 0.010171 0.978907
vt 0.543355 0.932488
vt 0.544101 0.915125
vt 0.650848 0.908900
vt 0.650848 0.927679
vt 0.081702 0.958757
vt 0.090536 0.942765
vt 0.090536 0.958757
vt 0.195469 0.954169
vt 0.202161 0.938177
vt 0.204848 0.954169
vt 0.596419 0.901863
vt 0.595686 0.919236
vt 0.595686 0.900458
vt 0.017950 0.950515
vt 0.027328 0.934522
vt 0.027329 0.950515
vt 0.718216 0.966983
vt 0.727050 0.957606
vt 0.727050 0.966983
vt 0.922606 0.955119
vt 0.929291 0.963953
vt 0.922606 0.963953
vt 0.596419 0.917929
vt 0.605209 0.901985
vt 0.605209 0.918051
vt 0.549929 0.932488
vt 0.559509 0.933882
vt 0.549184 0.933882
vt 0.921577 0.963953
vt 0.921577 0.955119
vt 0.549929 0.916440
vt 0.549184 0.915125
vt 0.075858 0.882272
vt 0.074596 0.900853
vt 0.074596 0.881898
vt 0.980605 0.860209
vt 0.979413 0.870535
vt 0.979413 0.860209
vt 0.629748 0.960460
vt 0.631010 0.941131
vt 0.631010 0.960086
vt 0.631033 0.978313
vt 0.629748 0.976669
vt 0.631033 0.976956
vt 0.202957 0.981196
vt 0.201857 0.980081
vt 0.203143 0.979797
vt 0.558764 0.932488
vt 0.559509 0.915125
vt 0.605960 0.900600
vt 0.605960 0.919378
vt 0.036364 0.885429
vt 0.030751 0.853141
vt 0.036364 0.853141
vt 0.635362 0.897009
vt 0.629748 0.889172
vt 0.635362 0.886624
vt 0.599690 0.887664
vt 0.596583 0.870479
vt 0.599690 0.870359
vt 0.629748 0.871156
vt 0.635362 0.881541
vt 0.629748 0.881541
vt 0.694503 0.846170
vt 0.684119 0.813882
vt 0.694503 0.813882
vt 0.028533 0.815771
vt 0.036364 0.848059
vt 0.028533 0.848059
vt 0.596583 0.887785
vt 0.601371 0.895138
vt 0.595686 0.895375
vt 0.601371 0.863010
vt 0.026739 0.840611
vt 0.595686 0.863247
vt 0.029695 0.783063
vt 0.039441 0.780300
vt 0.039441 0.783063
vt 0.682293 0.907735
vt 0.688456 0.898223
vt 0.688456 0.907734
vt 0.629748 0.816492
vt 0.632748 0.813882
vt 0.632748 0.816492
vt 0.053598 0.891418
vt 0.059761 0.881898
vt 0.059761 0.891418
vt 0.008703 0.758200
vt 0.002541 0.755437
vt 0.008703 0.755437
vt 0.023537 0.807926
vt 0.029695 0.810689
vt 0.023537 0.810689
vt 0.543500 0.807031
vt 0.559648 0.808600
vt 0.543283 0.808553
vt 0.558958 0.757739
vt 0.559648 0.753621
vt 0.559648 0.756370
vt 0.542826 0.804433
vt 0.533775 0.808527
vt 0.533775 0.805778
vt 0.543500 0.755098
vt 0.533775 0.753548
vt 0.543283 0.753575
vt 0.074791 0.758036
vt 0.074117 0.755437
vt 0.074791 0.755439
vt 0.186264 0.758047
vt 0.189265 0.755437
vt 0.189265 0.758047
vt 0.137772 0.808769
vt 0.140773 0.808095
vt 0.140773 0.808769
vt 0.090249 0.813173
vt 0.087247 0.828636
vt 0.087247 0.813173
vt 0.090249 0.812498
vt 0.087247 0.812499
vt 0.137772 0.824231
vt 0.140773 0.824231
vt 0.208225 0.974715
vt 0.209520 0.959252
vt 0.209520 0.974715
vt 0.558958 0.755142
vt 0.542826 0.807029
vt 0.053598 0.907787
vt 0.059761 0.907787
vt 0.682293 0.924104
vt 0.688456 0.924103
vt 0.008703 0.805163
vt 0.018454 0.802401
vt 0.018454 0.805163
vt 0.008703 0.769250
vt 0.018454 0.766488
vt 0.018454 0.769250
vt 0.029695 0.785826
vt 0.039441 0.785826
vt 0.008703 0.807926
vt 0.018454 0.807926
vt 0.008703 0.772013
vt 0.018454 0.772013
vt 0.029695 0.788588
vt 0.039441 0.788588
vt 0.008703 0.810689
vt 0.018454 0.810689
vt 0.008703 0.774775
vt 0.018454 0.774775
vt 0.672541 0.924105
vt 0.672541 0.907736
vt 0.029695 0.791351
vt 0.039441 0.791351
vt 0.008703 0.777538
vt 0.018454 0.777538
vt 0.682293 0.898215
vt 0.672541 0.898217
vt 0.029695 0.758200
vt 0.039441 0.755437
vt 0.039441 0.758200
vt 0.029695 0.794113
vt 0.039441 0.794113
vt 0.008703 0.780300
vt 0.018454 0.780300
vt 0.069514 0.891419
vt 0.069514 0.907788
vt 0.069514 0.881899
vt 0.029695 0.796876
vt 0.039441 0.796876
vt 0.029695 0.760962
vt 0.039441 0.760962
vt 0.008703 0.783063
vt 0.018454 0.783063
vt 0.090249 0.807416
vt 0.074791 0.804775
vt 0.090249 0.804819
vt 0.214603 0.974715
vt 0.215898 0.959252
vt 0.215898 0.974715
vt 0.090249 0.802222
vt 0.074791 0.799582
vt 0.090249 0.799626
vt 0.557973 0.909921
vt 0.559267 0.907312
vt 0.559267 0.909921
vt 0.090249 0.797029
vt 0.074791 0.794389
vt 0.090249 0.794432
vt 0.616582 0.960443
vt 0.615287 0.975905
vt 0.615287 0.960443
vt 0.090249 0.791836
vt 0.074791 0.789196
vt 0.090249 0.789239
vt 0.632748 0.824321
vt 0.634042 0.821711
vt 0.634042 0.824321
vt 0.090249 0.786643
vt 0.074791 0.784002
vt 0.090249 0.784046
vt 0.535070 0.960040
vt 0.533775 0.975503
vt 0.533775 0.960041
vt 0.090249 0.781449
vt 0.074791 0.778809
vt 0.090249 0.778853
vt 0.632748 0.860854
vt 0.634042 0.858245
vt 0.634042 0.860854
vt 0.090249 0.776256
vt 0.074791 0.773616
vt 0.090249 0.773659
vt 0.527004 0.878168
vt 0.528299 0.862706
vt 0.528299 0.878169
vt 0.090249 0.771063
vt 0.074791 0.768422
vt 0.090249 0.768466
vt 0.875666 0.976809
vt 0.876961 0.974200
vt 0.876961 0.976809
vt 0.090249 0.765869
vt 0.074791 0.763229
vt 0.090249 0.763273
vt 0.442437 0.975281
vt 0.443732 0.959819
vt 0.443732 0.975281
vt 0.090249 0.760676
vt 0.090249 0.758079
vt 0.186264 0.807628
vt 0.189265 0.805018
vt 0.189265 0.807628
vt 0.186264 0.805018
vt 0.189265 0.802409
vt 0.186264 0.802409
vt 0.189265 0.799799
vt 0.186264 0.799799
vt 0.189265 0.797190
vt 0.186264 0.797190
vt 0.189265 0.794580
vt 0.186264 0.794580
vt 0.189265 0.791971
vt 0.186264 0.791971
vt 0.189265 0.789361
vt 0.186264 0.789361
vt 0.189265 0.786752
vt 0.186264 0.786752
vt 0.189265 0.784142
vt 0.186264 0.784142
vt 0.189265 0.781533
vt 0.186264 0.781533
vt 0.189265 0.778923
vt 0.186264 0.778923
vt 0.189265 0.776314
vt 0.186264 0.776313
vt 0.189265 0.773704
vt 0.186264 0.773704
vt 0.189265 0.771094
vt 0.186264 0.771094
vt 0.189265 0.768485
vt 0.186264 0.768485
vt 0.189265 0.765875
vt 0.186264 0.765875
vt 0.189265 0.763266
vt 0.186264 0.763266
vt 0.189265 0.760656
vt 0.186264 0.760656
vt 0.074791 0.807372
vt 0.074117 0.804774
vt 0.074117 0.802177
vt 0.074791 0.802179
vt 0.074117 0.799580
vt 0.074117 0.796984
vt 0.074791 0.796985
vt 0.074117 0.794387
vt 0.074117 0.791790
vt 0.074791 0.791792
vt 0.074117 0.789194
vt 0.074117 0.786597
vt 0.074791 0.786599
vt 0.074117 0.784000
vt 0.074117 0.781404
vt 0.074791 0.781406
vt 0.074117 0.778807
vt 0.074117 0.776210
vt 0.074791 0.776212
vt 0.074117 0.773614
vt 0.074117 0.771017
vt 0.074791 0.771019
vt 0.074117 0.768421
vt 0.074117 0.765824
vt 0.074791 0.765826
vt 0.074117 0.763227
vt 0.074117 0.760631
vt 0.074791 0.760633
vt 0.074117 0.758034
vt 0.542826 0.755097
vt 0.533775 0.756297
vt 0.542826 0.757693
vt 0.533775 0.759046
vt 0.542826 0.760290
vt 0.533775 0.761795
vt 0.542826 0.762886
vt 0.533775 0.764544
vt 0.542826 0.765483
vt 0.533775 0.767293
vt 0.542826 0.768080
vt 0.533775 0.770042
vt 0.542826 0.770676
vt 0.533775 0.772791
vt 0.542826 0.773273
vt 0.533775 0.775540
vt 0.542826 0.775870
vt 0.533775 0.778288
vt 0.542826 0.778466
vt 0.533775 0.781037
vt 0.542826 0.781063
vt 0.533775 0.783786
vt 0.542826 0.783660
vt 0.533775 0.786535
vt 0.542826 0.786256
vt 0.533775 0.789284
vt 0.542826 0.788853
vt 0.533775 0.792033
vt 0.542826 0.791449
vt 0.533775 0.794782
vt 0.542826 0.794046
vt 0.533775 0.797531
vt 0.542826 0.796643
vt 0.533775 0.800280
vt 0.542826 0.799239
vt 0.533775 0.803029
vt 0.542826 0.801836
vt 0.558958 0.807075
vt 0.559648 0.805851
vt 0.558958 0.804478
vt 0.559648 0.803102
vt 0.558958 0.801882
vt 0.559648 0.800353
vt 0.558958 0.799285
vt 0.559648 0.797604
vt 0.558958 0.796688
vt 0.559648 0.794855
vt 0.558958 0.794092
vt 0.559648 0.792106
vt 0.558958 0.791495
vt 0.559648 0.789357
vt 0.558958 0.788898
vt 0.559648 0.786608
vt 0.558958 0.786302
vt 0.559648 0.783859
vt 0.558958 0.783705
vt 0.559648 0.781110
vt 0.558958 0.781108
vt 0.559648 0.778361
vt 0.558958 0.778512
vt 0.559648 0.775613
vt 0.558958 0.775915
vt 0.559648 0.772864
vt 0.558958 0.773319
vt 0.559648 0.770115
vt 0.558958 0.770722
vt 0.559648 0.767366
vt 0.558958 0.768125
vt 0.559648 0.764617
vt 0.558958 0.765529
vt 0.559648 0.761868
vt 0.558958 0.762932
vt 0.559648 0.759119
vt 0.558958 0.760335
vt 0.023537 0.755437
vt 0.023537 0.758200
vt 0.023537 0.760962
vt 0.029695 0.763725
vt 0.023537 0.763725
vt 0.029695 0.766488
vt 0.023537 0.766488
vt 0.029695 0.769250
vt 0.023537 0.769250
vt 0.029695 0.772013
vt 0.023537 0.772013
vt 0.029695 0.774775
vt 0.023537 0.774775
vt 0.029695 0.777538
vt 0.023537 0.777538
vt 0.029695 0.780300
vt 0.023537 0.780300
vt 0.023537 0.783063
vt 0.023537 0.785826
vt 0.023537 0.788588
vt 0.023537 0.791351
vt 0.023537 0.794113
vt 0.023537 0.796876
vt 0.029695 0.799638
vt 0.023537 0.799638
vt 0.029695 0.802401
vt 0.023537 0.802401
vt 0.029695 0.805164
vt 0.023537 0.805164
vt 0.029695 0.807926
vt 0.002541 0.807926
vt 0.002541 0.805163
vt 0.002541 0.802401
vt 0.008703 0.802401
vt 0.002541 0.799638
vt 0.008703 0.799638
vt 0.002541 0.796876
vt 0.008703 0.796876
vt 0.002541 0.794113
vt 0.008703 0.794113
vt 0.002541 0.791351
vt 0.008703 0.791351
vt 0.002541 0.788588
vt 0.008703 0.788588
vt 0.002541 0.785825
vt 0.008703 0.785825
vt 0.002541 0.783063
vt 0.002541 0.780300
vt 0.002541 0.777538
vt 0.002541 0.774775
vt 0.002541 0.772013
vt 0.002541 0.769250
vt 0.002541 0.766488
vt 0.008703 0.766488
vt 0.002541 0.763725
vt 0.008703 0.763725
vt 0.002541 0.760962
vt 0.008703 0.760962
vt 0.002541 0.758200
vt 0.629748 0.866073
vt 0.632748 0.863464
vt 0.632748 0.866073
vt 0.629748 0.863464
vt 0.629748 0.860854
vt 0.632748 0.858245
vt 0.629748 0.858245
vt 0.632748 0.855635
vt 0.629748 0.855635
vt 0.632748 0.853025
vt 0.629748 0.853025
vt 0.632748 0.850416
vt 0.629748 0.850416
vt 0.632748 0.847806
vt 0.629748 0.847806
vt 0.632748 0.845197
vt 0.629748 0.845197
vt 0.632748 0.842587
vt 0.629748 0.842587
vt 0.632748 0.839978
vt 0.629748 0.839978
vt 0.632748 0.837368
vt 0.629748 0.837368
vt 0.632748 0.834759
vt 0.629748 0.834759
vt 0.632748 0.832149
vt 0.629748 0.832149
vt 0.632748 0.829540
vt 0.629748 0.829540
vt 0.632748 0.826930
vt 0.629748 0.826930
vt 0.629748 0.824321
vt 0.632748 0.821711
vt 0.629748 0.821711
vt 0.632748 0.819102
vt 0.629748 0.819102
vt 0.018454 0.755437
vt 0.018454 0.758200
vt 0.039441 0.799638
vt 0.039441 0.763725
vt 0.018454 0.785825
vt 0.039441 0.802401
vt 0.039441 0.766488
vt 0.018454 0.788588
vt 0.039441 0.805164
vt 0.039441 0.769250
vt 0.018454 0.791351
vt 0.039441 0.807926
vt 0.039441 0.772013
vt 0.018454 0.794113
vt 0.039441 0.810689
vt 0.039441 0.774775
vt 0.018454 0.796876
vt 0.018454 0.760962
vt 0.039441 0.777538
vt 0.018454 0.799638
vt 0.581151 0.945313
vt 0.583747 0.929848
vt 0.583747 0.945306
vt 0.557973 0.861133
vt 0.560569 0.845667
vt 0.560569 0.861125
vt 0.664772 0.861333
vt 0.667368 0.845868
vt 0.667368 0.861326
vt 0.069007 0.928336
vt 0.071603 0.912871
vt 0.071603 0.928329
vt 0.696738 0.878972
vt 0.699334 0.863507
vt 0.699334 0.878965
vt 0.557973 0.881681
vt 0.560569 0.866216
vt 0.560569 0.881674
vt 0.629748 0.936049
vt 0.632345 0.920583
vt 0.632345 0.936041
vt 0.557973 0.902229
vt 0.560569 0.886764
vt 0.560569 0.902222
vt 0.284283 0.945572
vt 0.286880 0.930106
vt 0.286880 0.945564
vt 0.097058 0.915612
vt 0.099655 0.900147
vt 0.099655 0.915605
vt 0.634042 0.853025
vt 0.634042 0.855635
vt 0.541448 0.960040
vt 0.540153 0.975503
vt 0.540153 0.960041
vt 0.634042 0.816492
vt 0.634042 0.819102
vt 0.622960 0.960443
vt 0.621665 0.975905
vt 0.621665 0.960443
vt 0.753313 0.974676
vt 0.754608 0.972066
vt 0.754608 0.974676
vt 0.448815 0.975281
vt 0.450110 0.959819
vt 0.450110 0.975281
vt 0.008886 0.973824
vt 0.010181 0.958362
vt 0.010181 0.973824
vt 0.634042 0.847806
vt 0.634042 0.850416
vt 0.549532 0.960040
vt 0.548237 0.975503
vt 0.548237 0.960041
vt 0.711493 0.893000
vt 0.712788 0.890391
vt 0.712788 0.893000
vt 0.195469 0.974715
vt 0.196765 0.959252
vt 0.196765 0.974715
vt 0.634042 0.842587
vt 0.634042 0.845197
vt 0.555910 0.960040
vt 0.554614 0.975503
vt 0.554614 0.960041
vt 0.705115 0.893000
vt 0.706410 0.890391
vt 0.706410 0.893000
vt 0.456898 0.975281
vt 0.458193 0.959819
vt 0.458193 0.975281
vt 0.634042 0.837368
vt 0.634042 0.839978
vt 0.706367 0.961720
vt 0.705072 0.977183
vt 0.705072 0.961721
vt 0.105805 0.975752
vt 0.107100 0.973142
vt 0.107100 0.975752
vt 0.201847 0.974715
vt 0.203143 0.959252
vt 0.203143 0.974715
vt 0.634042 0.832149
vt 0.634042 0.834759
vt 0.712744 0.961720
vt 0.711449 0.977183
vt 0.711449 0.961721
vt 0.112183 0.975752
vt 0.113478 0.973142
vt 0.113478 0.975752
vt 0.085952 0.828636
vt 0.085952 0.813173
vt 0.861749 0.976809
vt 0.863044 0.974200
vt 0.863044 0.976809
vt 0.463276 0.975281
vt 0.464571 0.959819
vt 0.464571 0.975281
vt 0.634042 0.863464
vt 0.634042 0.866073
vt 0.634042 0.826930
vt 0.634042 0.829540
vt 0.855371 0.976809
vt 0.856666 0.974200
vt 0.856666 0.976809
vt 0.936187 0.961970
vt 0.934892 0.977432
vt 0.934892 0.961970
vt 0.869288 0.976809
vt 0.870583 0.974200
vt 0.870583 0.976809
vt 0.512325 0.756311
vt 0.502806 0.753548
vt 0.512325 0.753548
vt 0.528692 0.756311
vt 0.528692 0.753548
vt 0.528692 0.808800
vt 0.512325 0.806037
vt 0.528692 0.806037
vt 0.512325 0.803274
vt 0.528692 0.803274
vt 0.512325 0.800512
vt 0.528692 0.800512
vt 0.512325 0.797749
vt 0.528692 0.797749
vt 0.512325 0.794987
vt 0.528692 0.794987
vt 0.512325 0.792224
vt 0.528692 0.792224
vt 0.512325 0.789462
vt 0.528692 0.789462
vt 0.512325 0.786699
vt 0.528692 0.786699
vt 0.512325 0.783936
vt 0.528692 0.783936
vt 0.512325 0.781174
vt 0.528692 0.781174
vt 0.512325 0.778411
vt 0.528692 0.778411
vt 0.512325 0.775649
vt 0.528692 0.775649
vt 0.512325 0.772886
vt 0.528692 0.772886
vt 0.512325 0.770124
vt 0.528692 0.770124
vt 0.512325 0.767361
vt 0.528692 0.767361
vt 0.512325 0.764598
vt 0.528692 0.764598
vt 0.512325 0.761836
vt 0.528692 0.761836
vt 0.512325 0.759073
vt 0.528692 0.759073
vt 0.512325 0.808800
vt 0.502806 0.806037
vt 0.502806 0.803274
vt 0.502806 0.800512
vt 0.502806 0.797749
vt 0.502806 0.794987
vt 0.502806 0.792224
vt 0.502806 0.789462
vt 0.502806 0.786699
vt 0.502806 0.783936
vt 0.502806 0.781174
vt 0.502806 0.778411
vt 0.502806 0.775649
vt 0.502806 0.772886
vt 0.502806 0.770124
vt 0.502806 0.767361
vt 0.502806 0.764598
vt 0.502806 0.761836
vt 0.502806 0.759073
vt 0.502806 0.756311
vt 0.018454 0.763725
vt 0.712652 0.918323
vt 0.712652 0.924103
vt 0.696738 0.924105
vt 0.032600 0.898988
vt 0.032600 0.892291
vt 0.038763 0.892282
vt 0.700032 0.757232
vt 0.684119 0.753548
vt 0.700032 0.753548
vt 0.571427 0.757232
vt 0.564731 0.753548
vt 0.571427 0.753567
vt 0.646116 0.805116
vt 0.629748 0.808800
vt 0.629748 0.805116
vt 0.657357 0.805116
vt 0.651199 0.808800
vt 0.651199 0.805116
vt 0.667458 0.757232
vt 0.657357 0.753548
vt 0.667458 0.753548
vt 0.667458 0.808800
vt 0.667458 0.805116
vt 0.657357 0.801433
vt 0.667458 0.801433
vt 0.657357 0.797749
vt 0.667458 0.797750
vt 0.657357 0.794066
vt 0.667458 0.794066
vt 0.657357 0.790383
vt 0.667458 0.790383
vt 0.657357 0.786699
vt 0.667458 0.786699
vt 0.657357 0.783016
vt 0.667458 0.783016
vt 0.657357 0.779332
vt 0.667458 0.779332
vt 0.657357 0.775649
vt 0.667458 0.775649
vt 0.657357 0.771966
vt 0.667458 0.771966
vt 0.657357 0.768282
vt 0.667458 0.768282
vt 0.657357 0.764599
vt 0.667458 0.764599
vt 0.657357 0.760915
vt 0.667458 0.760915
vt 0.657357 0.757232
vt 0.651199 0.757232
vt 0.651199 0.753548
vt 0.651199 0.760915
vt 0.651199 0.764599
vt 0.651199 0.768282
vt 0.651199 0.771966
vt 0.651199 0.775649
vt 0.651199 0.779332
vt 0.651199 0.783016
vt 0.651199 0.786699
vt 0.651199 0.790383
vt 0.651199 0.794066
vt 0.651199 0.797749
vt 0.651199 0.801433
vt 0.646116 0.753548
vt 0.629748 0.757232
vt 0.629748 0.753548
vt 0.646116 0.757232
vt 0.629748 0.760915
vt 0.646116 0.760915
vt 0.629748 0.764599
vt 0.646116 0.764599
vt 0.629748 0.768282
vt 0.646116 0.768282
vt 0.629748 0.771965
vt 0.646116 0.771965
vt 0.629748 0.775649
vt 0.646116 0.775649
vt 0.629748 0.779332
vt 0.646116 0.779332
vt 0.629748 0.783016
vt 0.646116 0.783016
vt 0.629748 0.786699
vt 0.646116 0.786699
vt 0.629748 0.790383
vt 0.646116 0.790383
vt 0.629748 0.794066
vt 0.646116 0.794066
vt 0.629748 0.797749
vt 0.646116 0.797749
vt 0.629748 0.801433
vt 0.646116 0.801433
vt 0.571427 0.808545
vt 0.564731 0.804861
vt 0.571427 0.804880
vt 0.564731 0.801196
vt 0.571427 0.801215
vt 0.564731 0.797531
vt 0.571427 0.797550
vt 0.564731 0.793866
vt 0.571427 0.793885
vt 0.564731 0.790200
vt 0.571427 0.790219
vt 0.564731 0.786535
vt 0.571427 0.786554
vt 0.564731 0.782870
vt 0.571427 0.782889
vt 0.564731 0.779205
vt 0.571427 0.779224
vt 0.564731 0.775540
vt 0.571427 0.775558
vt 0.564731 0.771874
vt 0.571427 0.771893
vt 0.564731 0.768209
vt 0.571427 0.768228
vt 0.564731 0.764544
vt 0.571427 0.764563
vt 0.564731 0.760879
vt 0.571427 0.760898
vt 0.564731 0.757214
vt 0.700032 0.808800
vt 0.684119 0.805116
vt 0.700032 0.805116
vt 0.684119 0.801433
vt 0.700032 0.801433
vt 0.684119 0.797749
vt 0.700032 0.797749
vt 0.684119 0.794066
vt 0.700032 0.794066
vt 0.684119 0.790382
vt 0.700032 0.790382
vt 0.684119 0.786699
vt 0.700032 0.786699
vt 0.684119 0.783016
vt 0.700032 0.783016
vt 0.684119 0.779332
vt 0.700032 0.779332
vt 0.684119 0.775649
vt 0.700032 0.775649
vt 0.684119 0.771965
vt 0.700032 0.771965
vt 0.684119 0.768282
vt 0.700032 0.768282
vt 0.684119 0.764598
vt 0.700032 0.764598
vt 0.684119 0.760915
vt 0.700032 0.760915
vt 0.684119 0.757232
vt 0.584825 0.760935
vt 0.584825 0.757270
vt 0.148481 0.962668
vt 0.146659 0.976070
vt 0.146659 0.962668
vt 0.584825 0.768266
vt 0.584825 0.764601
vt 0.953505 0.767076
vt 0.955328 0.753674
vt 0.955328 0.767076
vt 0.584825 0.775596
vt 0.584825 0.771931
vt 0.769382 0.975206
vt 0.771204 0.971523
vt 0.771204 0.975206
vt 0.584825 0.782927
vt 0.584825 0.779261
vt 0.137772 0.832998
vt 0.139594 0.829314
vt 0.139594 0.832998
vt 0.584825 0.790257
vt 0.584825 0.786592
vt 0.792466 0.975206
vt 0.794287 0.971523
vt 0.794287 0.975206
vt 0.584825 0.797588
vt 0.584825 0.793922
vt 0.034422 0.962944
vt 0.032600 0.976346
vt 0.032600 0.962944
vt 0.584825 0.804918
vt 0.584825 0.801253
vt 0.584825 0.808583
vt 0.584825 0.753605
vt 0.590603 0.757286
vt 0.590603 0.753621
vt 0.590604 0.808600
vt 0.590604 0.804934
vt 0.590604 0.801269
vt 0.590604 0.797604
vt 0.590604 0.793939
vt 0.590604 0.790273
vt 0.590604 0.786608
vt 0.590604 0.782943
vt 0.590604 0.779278
vt 0.590604 0.775613
vt 0.590604 0.771947
vt 0.590604 0.768282
vt 0.590604 0.764617
vt 0.590603 0.760952
vt 0.629748 0.915501
vt 0.633413 0.902092
vt 0.633413 0.915490
vt 0.186264 0.844611
vt 0.189930 0.831202
vt 0.189930 0.844601
vt 0.886188 0.924080
vt 0.889853 0.910671
vt 0.889853 0.924070
vt 0.186264 0.826120
vt 0.189930 0.812711
vt 0.189930 0.826109
vt 0.581151 0.924765
vt 0.584816 0.911356
vt 0.584816 0.924755
vt 0.284283 0.925024
vt 0.287948 0.911615
vt 0.287948 0.925013
vt 0.130062 0.975328
vt 0.131883 0.971645
vt 0.131883 0.975328
vt 0.776287 0.975206
vt 0.778109 0.971523
vt 0.778109 0.975206
vt 0.941270 0.975372
vt 0.943093 0.961970
vt 0.943093 0.975372
vt 0.785561 0.975206
vt 0.787383 0.971523
vt 0.787383 0.975206
vt 0.907115 0.975680
vt 0.908938 0.962278
vt 0.908938 0.975680
vt 0.041328 0.962944
vt 0.039505 0.976346
vt 0.039505 0.962944
vt 0.806274 0.975206
vt 0.808095 0.971523
vt 0.808095 0.975206
vt 0.473182 0.963155
vt 0.471360 0.976557
vt 0.471360 0.963155
vt 0.813178 0.975206
vt 0.815000 0.971523
vt 0.815000 0.975206
vt 0.664772 0.870099
vt 0.666594 0.866416
vt 0.666594 0.870099
vt 0.914020 0.975680
vt 0.915843 0.962278
vt 0.915843 0.975680
vt 0.223832 0.975991
vt 0.225654 0.962589
vt 0.225654 0.975991
vt 0.297103 0.963351
vt 0.295280 0.976753
vt 0.295280 0.963351
vt 0.123158 0.975328
vt 0.124979 0.971645
vt 0.124979 0.975328
vt 0.304008 0.963351
vt 0.302186 0.976753
vt 0.302186 0.963351
vt 0.799370 0.975206
vt 0.801191 0.971523
vt 0.801191 0.975206
vt 0.696738 0.887739
vt 0.698560 0.884055
vt 0.698560 0.887739
vt 0.139753 0.976070
vt 0.141576 0.962668
vt 0.141576 0.976070
vt 0.980863 0.909730
vt 0.979413 0.908410
vt 0.980863 0.908410
vt 0.979413 0.907149
vt 0.980863 0.907149
vt 0.979413 0.905998
vt 0.980863 0.905998
vt 0.979413 0.905000
vt 0.980863 0.905000
vt 0.186264 0.849698
vt 0.187791 0.850748
vt 0.186348 0.850752
vt 0.187854 0.851940
vt 0.186411 0.851944
vt 0.187892 0.853226
vt 0.186449 0.853230
vt 0.187905 0.854556
vt 0.186462 0.854560
vt 0.187892 0.855878
vt 0.186449 0.855882
vt 0.187854 0.857142
vt 0.186411 0.857146
vt 0.187791 0.858299
vt 0.186348 0.858303
vt 0.187707 0.859305
vt 0.186264 0.859309
vt 0.509339 0.970933
vt 0.510789 0.971978
vt 0.509339 0.971978
vt 0.510789 0.973165
vt 0.509339 0.973165
vt 0.510789 0.974447
vt 0.509339 0.974447
vt 0.510789 0.975776
vt 0.509339 0.975776
vt 0.510789 0.977100
vt 0.509339 0.977100
vt 0.510789 0.978368
vt 0.509339 0.978368
vt 0.510789 0.979532
vt 0.509339 0.979532
vt 0.510789 0.980546
vt 0.509339 0.980546
vt 0.254916 0.980604
vt 0.253466 0.979556
vt 0.254916 0.979556
vt 0.253466 0.978367
vt 0.254916 0.978367
vt 0.253466 0.977084
vt 0.254916 0.977084
vt 0.253466 0.975755
vt 0.254916 0.975755
vt 0.253466 0.974432
vt 0.254916 0.974432
vt 0.253466 0.973165
vt 0.254916 0.973165
vt 0.253466 0.972003
vt 0.254916 0.972003
vt 0.253466 0.970990
vt 0.254916 0.970990
vt 0.980863 0.914609
vt 0.979413 0.913548
vt 0.980863 0.913548
vt 0.979413 0.912349
vt 0.980863 0.912349
vt 0.749695 0.498486
vt 0.979413 0.911061
vt 0.980863 0.911061
vt 0.979413 0.909730
vt 0.754778 0.498486
vt 0.145852 0.922978
vt 0.147049 0.924257
vt 0.145968 0.924257
vt 0.143314 0.935741
vt 0.143010 0.934007
vt 0.143909 0.934607
vt 0.150770 0.926246
vt 0.150006 0.934007
vt 0.142246 0.933242
vt 0.652212 0.942128
vt 0.644750 0.944392
vt 0.642487 0.936929
vt 0.648006 0.946294
vt 0.646809 0.945016
vt 0.647890 0.945016
vt 0.650544 0.933532
vt 0.650847 0.935266
vt 0.649948 0.934666
vt 0.144545 0.936251
vt 0.144908 0.935021
vt 0.144545 0.923238
vt 0.144908 0.924467
vt 0.646673 0.946294
vt 0.645749 0.944806
vt 0.651652 0.934272
vt 0.651611 0.936030
vt 0.145852 0.936511
vt 0.145968 0.935232
vt 0.143314 0.923748
vt 0.143909 0.924881
vt 0.645366 0.946034
vt 0.652594 0.935214
vt 0.652212 0.936929
vt 0.147185 0.936511
vt 0.147049 0.935232
vt 0.142206 0.924489
vt 0.143010 0.925482
vt 0.644135 0.945524
vt 0.643852 0.943791
vt 0.653335 0.936323
vt 0.652625 0.937928
vt 0.148492 0.936251
vt 0.148109 0.935021
vt 0.141264 0.925431
vt 0.142246 0.926246
vt 0.643027 0.944784
vt 0.643088 0.943027
vt 0.653844 0.937554
vt 0.652836 0.938988
vt 0.149723 0.935741
vt 0.149107 0.934607
vt 0.140523 0.926539
vt 0.141646 0.927145
vt 0.642085 0.943841
vt 0.642487 0.942128
vt 0.654104 0.938861
vt 0.652836 0.940069
vt 0.150831 0.935000
vt 0.140013 0.927771
vt 0.141232 0.928144
vt 0.641344 0.942733
vt 0.642074 0.941130
vt 0.654104 0.940194
vt 0.652625 0.941129
vt 0.642085 0.935215
vt 0.643852 0.935266
vt 0.643088 0.936031
vt 0.151774 0.934058
vt 0.150770 0.933242
vt 0.139753 0.929078
vt 0.141021 0.929204
vt 0.152514 0.926539
vt 0.151784 0.928144
vt 0.151371 0.927145
vt 0.640834 0.941502
vt 0.641863 0.940069
vt 0.653844 0.941501
vt 0.643027 0.934272
vt 0.644750 0.934666
vt 0.152514 0.932949
vt 0.151371 0.932344
vt 0.139753 0.930411
vt 0.141021 0.930285
vt 0.151774 0.925431
vt 0.640574 0.940194
vt 0.641863 0.938988
vt 0.653334 0.942733
vt 0.651611 0.943027
vt 0.644135 0.933532
vt 0.645749 0.934252
vt 0.153024 0.931718
vt 0.151784 0.931345
vt 0.140013 0.931718
vt 0.141232 0.931345
vt 0.150831 0.924489
vt 0.150006 0.925482
vt 0.640574 0.938862
vt 0.642074 0.937928
vt 0.652594 0.943841
vt 0.650847 0.943791
vt 0.645366 0.933022
vt 0.646809 0.934041
vt 0.153284 0.930411
vt 0.151995 0.930285
vt 0.140523 0.932949
vt 0.141646 0.932344
vt 0.149723 0.923748
vt 0.149107 0.924881
vt 0.640834 0.937554
vt 0.651652 0.944783
vt 0.649948 0.944392
vt 0.646673 0.932762
vt 0.647890 0.934041
vt 0.153284 0.929078
vt 0.151995 0.929204
vt 0.141264 0.934058
vt 0.148492 0.923238
vt 0.148109 0.924467
vt 0.641344 0.936323
vt 0.650544 0.945524
vt 0.648950 0.944806
vt 0.648006 0.932762
vt 0.648950 0.934252
vt 0.153024 0.927771
vt 0.142206 0.935000
vt 0.147185 0.922978
vt 0.649313 0.946034
vt 0.649313 0.933021
vt 0.980863 0.895039
vt 0.979413 0.893718
vt 0.980863 0.893718
vt 0.979413 0.892458
vt 0.980863 0.892458
vt 0.979413 0.891307
vt 0.980863 0.891307
vt 0.979413 0.890309
vt 0.980863 0.890309
vt 0.046517 0.966286
vt 0.048044 0.967335
vt 0.046601 0.967339
vt 0.048106 0.968528
vt 0.046663 0.968532
vt 0.048145 0.969814
vt 0.046702 0.969818
vt 0.048158 0.971143
vt 0.046715 0.971147
vt 0.048145 0.972465
vt 0.046702 0.972470
vt 0.048106 0.973729
vt 0.046663 0.973734
vt 0.048044 0.974887
vt 0.046601 0.974891
vt 0.047960 0.975893
vt 0.046517 0.975897
vt 0.572275 0.970732
vt 0.573725 0.971777
vt 0.572275 0.971777
vt 0.573725 0.972964
vt 0.572275 0.972964
vt 0.573725 0.974246
vt 0.572275 0.974246
vt 0.573725 0.975575
vt 0.572275 0.975575
vt 0.573725 0.976899
vt 0.572275 0.976899
vt 0.573725 0.978167
vt 0.572275 0.978167
vt 0.573725 0.979331
vt 0.572275 0.979330
vt 0.573725 0.980345
vt 0.572275 0.980345
vt 0.261449 0.980604
vt 0.259999 0.979556
vt 0.261449 0.979556
vt 0.259999 0.978367
vt 0.261449 0.978367
vt 0.259999 0.977084
vt 0.261449 0.977084
vt 0.259999 0.975755
vt 0.261449 0.975755
vt 0.259999 0.974432
vt 0.261449 0.974432
vt 0.259999 0.973165
vt 0.261449 0.973165
vt 0.259999 0.972003
vt 0.261449 0.972003
vt 0.259999 0.970990
vt 0.261449 0.970990
vt 0.980863 0.899917
vt 0.979413 0.898856
vt 0.980863 0.898856
vt 0.979413 0.897658
vt 0.980863 0.897658
vt 0.759861 0.498486
vt 0.979413 0.896369
vt 0.980863 0.896369
vt 0.979413 0.895039
vt 0.764943 0.498486
vt 0.038699 0.923255
vt 0.039895 0.924533
vt 0.038814 0.924533
vt 0.036161 0.936017
vt 0.035857 0.934283
vt 0.036756 0.934884
vt 0.035093 0.933519
vt 0.035857 0.925758
vt 0.043617 0.926523
vt 0.708375 0.938555
vt 0.700914 0.940819
vt 0.698650 0.933356
vt 0.704169 0.942721
vt 0.702972 0.941443
vt 0.704053 0.941443
vt 0.706707 0.929958
vt 0.707010 0.931693
vt 0.706112 0.931092
vt 0.037392 0.936527
vt 0.037754 0.935298
vt 0.037392 0.923515
vt 0.037754 0.924744
vt 0.702836 0.942721
vt 0.701912 0.941232
vt 0.707815 0.930699
vt 0.707775 0.932457
vt 0.038699 0.936787
vt 0.038814 0.935508
vt 0.036161 0.924025
vt 0.036756 0.925158
vt 0.701529 0.942461
vt 0.708758 0.931641
vt 0.708375 0.933356
vt 0.040032 0.936787
vt 0.039895 0.935508
vt 0.035053 0.924765
vt 0.700298 0.941951
vt 0.700015 0.940218
vt 0.709498 0.932750
vt 0.708789 0.934355
vt 0.041339 0.936527
vt 0.040955 0.935298
vt 0.034110 0.925708
vt 0.035093 0.926523
vt 0.699190 0.941210
vt 0.699251 0.939454
vt 0.710008 0.933981
vt 0.708999 0.935415
vt 0.042570 0.936017
vt 0.041954 0.934884
vt 0.033370 0.926816
vt 0.034492 0.927421
vt 0.698248 0.940268
vt 0.698650 0.938555
vt 0.710268 0.935288
vt 0.708999 0.936496
vt 0.043678 0.935277
vt 0.042853 0.934283
vt 0.032860 0.928047
vt 0.034079 0.928420
vt 0.697507 0.939160
vt 0.698237 0.937556
vt 0.710268 0.936621
vt 0.708789 0.937556
vt 0.698248 0.931641
vt 0.700015 0.931693
vt 0.699251 0.932457
vt 0.044620 0.934334
vt 0.043617 0.933519
vt 0.032600 0.929355
vt 0.033868 0.929480
vt 0.045361 0.926816
vt 0.044631 0.928420
vt 0.044217 0.927421
vt 0.696998 0.937928
vt 0.698026 0.936496
vt 0.710008 0.937928
vt 0.699190 0.930699
vt 0.700914 0.931092
vt 0.045361 0.933226
vt 0.044217 0.932620
vt 0.032600 0.930687
vt 0.033868 0.930561
vt 0.044620 0.925708
vt 0.696738 0.936621
vt 0.698026 0.935415
vt 0.709498 0.939160
vt 0.707774 0.939454
vt 0.700298 0.929958
vt 0.701912 0.930679
vt 0.045871 0.931995
vt 0.044631 0.931621
vt 0.032860 0.931995
vt 0.034079 0.931621
vt 0.043678 0.924765
vt 0.042853 0.925758
vt 0.696738 0.935288
vt 0.698237 0.934355
vt 0.708757 0.940268
vt 0.707010 0.940218
vt 0.701530 0.929448
vt 0.702972 0.930468
vt 0.046131 0.930687
vt 0.044842 0.930561
vt 0.033370 0.933226
vt 0.034492 0.932620
vt 0.042570 0.924025
vt 0.041954 0.925158
vt 0.696998 0.933981
vt 0.707815 0.941210
vt 0.706111 0.940819
vt 0.702837 0.929188
vt 0.704053 0.930468
vt 0.046131 0.929354
vt 0.044842 0.929480
vt 0.034110 0.934334
vt 0.041339 0.923515
vt 0.040955 0.924744
vt 0.697508 0.932750
vt 0.706707 0.941951
vt 0.705113 0.941232
vt 0.704169 0.929188
vt 0.705113 0.930679
vt 0.045871 0.928047
vt 0.035053 0.935277
vt 0.040032 0.923255
vt 0.705476 0.942461
vt 0.705476 0.929448
vt 0.980863 0.953804
vt 0.979413 0.952483
vt 0.980863 0.952483
vt 0.979413 0.951223
vt 0.980863 0.951223
vt 0.979413 0.950072
vt 0.980863 0.950072
vt 0.979413 0.949074
vt 0.980863 0.949074
vt 0.239809 0.969274
vt 0.241336 0.970324
vt 0.239893 0.970328
vt 0.241399 0.971516
vt 0.239956 0.971520
vt 0.241437 0.972802
vt 0.239994 0.972806
vt 0.241450 0.974132
vt 0.240007 0.974136
vt 0.241437 0.975454
vt 0.239994 0.975458
vt 0.241399 0.976718
vt 0.239956 0.976722
vt 0.241336 0.977875
vt 0.239893 0.977879
vt 0.241252 0.978881
vt 0.239809 0.978885
vt 0.524747 0.970933
vt 0.526197 0.971978
vt 0.524747 0.971978
vt 0.526197 0.973165
vt 0.524747 0.973165
vt 0.526197 0.974447
vt 0.524747 0.974447
vt 0.526197 0.975776
vt 0.524747 0.975776
vt 0.526197 0.977100
vt 0.524747 0.977100
vt 0.526197 0.978368
vt 0.524747 0.978368
vt 0.526197 0.979532
vt 0.524747 0.979532
vt 0.526197 0.980546
vt 0.524747 0.980546
vt 0.289283 0.980604
vt 0.287833 0.979556
vt 0.289283 0.979556
vt 0.287833 0.978367
vt 0.289283 0.978367
vt 0.287833 0.977084
vt 0.289283 0.977084
vt 0.287833 0.975755
vt 0.289283 0.975755
vt 0.287833 0.974432
vt 0.289283 0.974432
vt 0.287833 0.973165
vt 0.289283 0.973165
vt 0.287833 0.972003
vt 0.289283 0.972003
vt 0.287833 0.970990
vt 0.289283 0.970990
vt 0.980863 0.958682
vt 0.979413 0.957621
vt 0.980863 0.957621
vt 0.979413 0.956423
vt 0.980863 0.956423
vt 0.770026 0.498486
vt 0.979413 0.955134
vt 0.980863 0.955134
vt 0.979413 0.953804
vt 0.775109 0.498486
vt 0.678640 0.929188
vt 0.679836 0.930466
vt 0.678755 0.930466
vt 0.676102 0.941950
vt 0.675798 0.940217
vt 0.676697 0.940817
vt 0.675034 0.939452
vt 0.675798 0.931692
vt 0.683558 0.932456
vt 0.117442 0.942820
vt 0.109981 0.945084
vt 0.107718 0.937621
vt 0.113236 0.946986
vt 0.112040 0.945708
vt 0.113120 0.945708
vt 0.115775 0.934223
vt 0.116078 0.935958
vt 0.115179 0.935357
vt 0.677333 0.942460
vt 0.677695 0.941231
vt 0.677333 0.929448
vt 0.677695 0.930677
vt 0.111904 0.946986
vt 0.110980 0.945497
vt 0.116883 0.934964
vt 0.116842 0.936722
vt 0.678640 0.942720
vt 0.678755 0.941442
vt 0.676102 0.929958
vt 0.676697 0.931091
vt 0.110597 0.946726
vt 0.117825 0.935906
vt 0.117443 0.937621
vt 0.679973 0.942720
vt 0.679836 0.941442
vt 0.674994 0.930699
vt 0.109366 0.946216
vt 0.109082 0.944483
vt 0.118565 0.937014
vt 0.117856 0.938620
vt 0.681280 0.942460
vt 0.680896 0.941231
vt 0.674051 0.931641
vt 0.675034 0.932456
vt 0.108258 0.945475
vt 0.108318 0.943719
vt 0.119075 0.938246
vt 0.118067 0.939680
vt 0.682511 0.941950
vt 0.681895 0.940817
vt 0.673311 0.932749
vt 0.674433 0.933355
vt 0.107315 0.944533
vt 0.107718 0.942820
vt 0.119335 0.939553
vt 0.118067 0.940761
vt 0.683619 0.941210
vt 0.682794 0.940217
vt 0.672801 0.933981
vt 0.674020 0.934353
vt 0.106575 0.943424
vt 0.107304 0.941821
vt 0.119335 0.940886
vt 0.117856 0.941821
vt 0.107316 0.935906
vt 0.109083 0.935958
vt 0.108318 0.936722
vt 0.684561 0.940267
vt 0.683558 0.939452
vt 0.672541 0.935288
vt 0.673809 0.935414
vt 0.685302 0.932749
vt 0.684572 0.934353
vt 0.684158 0.933355
vt 0.106065 0.942193
vt 0.107093 0.940761
vt 0.119075 0.942193
vt 0.108258 0.934964
vt 0.109981 0.935357
vt 0.685302 0.939159
vt 0.684158 0.938554
vt 0.672541 0.936621
vt 0.673809 0.936495
vt 0.684561 0.931641
vt 0.105805 0.940886
vt 0.107093 0.939680
vt 0.118565 0.943424
vt 0.116842 0.943719
vt 0.109366 0.934223
vt 0.110980 0.934944
vt 0.685812 0.937928
vt 0.684572 0.937555
vt 0.672801 0.937928
vt 0.674020 0.937555
vt 0.683619 0.930699
vt 0.682794 0.931692
vt 0.105805 0.939553
vt 0.107304 0.938620
vt 0.117825 0.944533
vt 0.116078 0.944483
vt 0.110597 0.933713
vt 0.112040 0.934733
vt 0.686072 0.936621
vt 0.684783 0.936495
vt 0.673311 0.939159
vt 0.674433 0.938554
vt 0.682511 0.929958
vt 0.681895 0.931091
vt 0.106065 0.938246
vt 0.116882 0.945475
vt 0.115179 0.945084
vt 0.111904 0.933453
vt 0.113121 0.934733
vt 0.686072 0.935288
vt 0.684783 0.935414
vt 0.674051 0.940268
vt 0.681280 0.929448
vt 0.680896 0.930677
vt 0.106575 0.937014
vt 0.115774 0.946216
vt 0.114180 0.945497
vt 0.113237 0.933453
vt 0.114181 0.934944
vt 0.685812 0.933981
vt 0.674994 0.941210
vt 0.679973 0.929188
vt 0.114543 0.946726
vt 0.114544 0.933713
vt 0.980863 0.924421
vt 0.979413 0.923101
vt 0.980863 0.923101
vt 0.979413 0.921841
vt 0.980863 0.921841
vt 0.979413 0.920689
vt 0.980863 0.920689
vt 0.979413 0.919691
vt 0.980863 0.919691
vt 0.921577 0.969040
vt 0.923104 0.970090
vt 0.921661 0.970094
vt 0.923166 0.971282
vt 0.921723 0.971287
vt 0.923204 0.972568
vt 0.921761 0.972572
vt 0.923217 0.973898
vt 0.921774 0.973902
vt 0.923204 0.975220
vt 0.921761 0.975224
vt 0.923166 0.976484
vt 0.921723 0.976488
vt 0.923104 0.977641
vt 0.921661 0.977645
vt 0.923020 0.978647
vt 0.921577 0.978652
vt 0.565742 0.970731
vt 0.567192 0.971777
vt 0.565742 0.971777
vt 0.567192 0.972964
vt 0.565742 0.972964
vt 0.567192 0.974246
vt 0.565742 0.974246
vt 0.567192 0.975575
vt 0.565742 0.975575
vt 0.567192 0.976899
vt 0.565742 0.976899
vt 0.567192 0.978167
vt 0.565742 0.978167
vt 0.567192 0.979330
vt 0.565742 0.979330
vt 0.567192 0.980345
vt 0.565742 0.980345
vt 0.267982 0.980604
vt 0.266532 0.979556
vt 0.267982 0.979556
vt 0.266532 0.978367
vt 0.267982 0.978367
vt 0.266532 0.977084
vt 0.267982 0.977084
vt 0.266532 0.975755
vt 0.267982 0.975755
vt 0.266532 0.974432
vt 0.267982 0.974432
vt 0.266532 0.973165
vt 0.267982 0.973165
vt 0.266532 0.972003
vt 0.267982 0.972003
vt 0.266532 0.970990
vt 0.267982 0.970990
vt 0.980863 0.929300
vt 0.979413 0.928239
vt 0.980863 0.928239
vt 0.979413 0.927041
vt 0.980863 0.927041
vt 0.780192 0.498486
vt 0.979413 0.925752
vt 0.980863 0.925752
vt 0.979413 0.924421
vt 0.785275 0.498486
vt 0.598528 0.924461
vt 0.599725 0.925739
vt 0.598644 0.925739
vt 0.595990 0.937223
vt 0.595686 0.935490
vt 0.596585 0.936090
vt 0.594922 0.934725
vt 0.595686 0.926964
vt 0.603446 0.927729
vt 0.886035 0.942877
vt 0.879159 0.946553
vt 0.875483 0.939675
vt 0.882722 0.947783
vt 0.881299 0.946764
vt 0.882359 0.946553
vt 0.882722 0.934771
vt 0.883358 0.936413
vt 0.882359 0.935999
vt 0.597221 0.937733
vt 0.597584 0.936504
vt 0.597221 0.924721
vt 0.597584 0.925950
vt 0.881415 0.948043
vt 0.880219 0.946764
vt 0.883953 0.935281
vt 0.884257 0.937013
vt 0.598528 0.937993
vt 0.598644 0.936715
vt 0.595990 0.925231
vt 0.596585 0.926364
vt 0.880083 0.948043
vt 0.885061 0.936021
vt 0.885021 0.937778
vt 0.599861 0.937993
vt 0.599725 0.936715
vt 0.594882 0.925972
vt 0.878776 0.947783
vt 0.878160 0.946139
vt 0.886004 0.936964
vt 0.885621 0.938677
vt 0.601168 0.937733
vt 0.600785 0.936504
vt 0.593940 0.926914
vt 0.594922 0.927729
vt 0.877545 0.947273
vt 0.877261 0.945538
vt 0.886744 0.938072
vt 0.886035 0.939675
vt 0.602399 0.937223
vt 0.601783 0.936090
vt 0.593199 0.928022
vt 0.594322 0.928628
vt 0.876437 0.946532
vt 0.876497 0.944774
vt 0.887254 0.939303
vt 0.886246 0.940735
vt 0.603507 0.936483
vt 0.602682 0.935490
vt 0.592689 0.929254
vt 0.593908 0.929626
vt 0.875494 0.945590
vt 0.875897 0.943875
vt 0.887514 0.940611
vt 0.886246 0.941816
vt 0.874754 0.938072
vt 0.876497 0.937777
vt 0.875897 0.938676
vt 0.604450 0.935540
vt 0.603446 0.934725
vt 0.592429 0.930561
vt 0.593697 0.930686
vt 0.605190 0.928022
vt 0.604460 0.929626
vt 0.604047 0.928628
vt 0.874754 0.944482
vt 0.875483 0.942876
vt 0.887514 0.941943
vt 0.875494 0.936963
vt 0.877261 0.937013
vt 0.605190 0.934432
vt 0.604047 0.933826
vt 0.592429 0.931894
vt 0.593697 0.931767
vt 0.604450 0.926914
vt 0.874244 0.943250
vt 0.875272 0.941816
vt 0.887254 0.943251
vt 0.885621 0.943875
vt 0.876437 0.936021
vt 0.878160 0.936413
vt 0.605700 0.933201
vt 0.604460 0.932828
vt 0.592689 0.933201
vt 0.593908 0.932828
vt 0.603507 0.925971
vt 0.602682 0.926964
vt 0.873984 0.941943
vt 0.875272 0.940735
vt 0.886744 0.944482
vt 0.885021 0.944774
vt 0.877545 0.935281
vt 0.879159 0.935999
vt 0.605960 0.931894
vt 0.604671 0.931767
vt 0.593199 0.934432
vt 0.594322 0.933826
vt 0.602399 0.925231
vt 0.601783 0.926364
vt 0.873984 0.940610
vt 0.886004 0.945590
vt 0.884257 0.945538
vt 0.878776 0.934771
vt 0.880219 0.935788
vt 0.605960 0.930561
vt 0.604671 0.930686
vt 0.593940 0.935540
vt 0.601168 0.924721
vt 0.600785 0.925950
vt 0.874244 0.939303
vt 0.885062 0.946533
vt 0.883358 0.946139
vt 0.880083 0.934511
vt 0.881299 0.935788
vt 0.605700 0.929253
vt 0.594882 0.936483
vt 0.599861 0.924461
vt 0.883954 0.947273
vt 0.881415 0.934511
vt 0.980863 0.939113
vt 0.979413 0.937792
vt 0.980863 0.937792
vt 0.979413 0.936532
vt 0.980863 0.936532
vt 0.979413 0.935381
vt 0.980863 0.935381
vt 0.979413 0.934383
vt 0.980863 0.934383
vt 0.233086 0.969274
vt 0.234613 0.970324
vt 0.233170 0.970328
vt 0.234675 0.971516
vt 0.233232 0.971520
vt 0.234714 0.972802
vt 0.233271 0.972806
vt 0.234727 0.974132
vt 0.233284 0.974136
vt 0.234714 0.975454
vt 0.233271 0.975458
vt 0.234675 0.976718
vt 0.233232 0.976722
vt 0.234613 0.977875
vt 0.233170 0.977879
vt 0.234529 0.978881
vt 0.233086 0.978885
vt 0.502806 0.970933
vt 0.504256 0.971978
vt 0.502806 0.971978
vt 0.504256 0.973165
vt 0.502806 0.973165
vt 0.504256 0.974447
vt 0.502806 0.974447
vt 0.504256 0.975776
vt 0.502806 0.975776
vt 0.504256 0.977100
vt 0.502806 0.977100
vt 0.504256 0.978368
vt 0.502806 0.978368
vt 0.504256 0.979532
vt 0.502806 0.979532
vt 0.504256 0.980546
vt 0.502806 0.980546
vt 0.274515 0.980604
vt 0.273065 0.979556
vt 0.274515 0.979556
vt 0.273065 0.978367
vt 0.274515 0.978367
vt 0.273065 0.977084
vt 0.274515 0.977084
vt 0.273065 0.975755
vt 0.274515 0.975755
vt 0.273065 0.974432
vt 0.274515 0.974432
vt 0.273065 0.973165
vt 0.274515 0.973165
vt 0.273065 0.972003
vt 0.274515 0.972003
vt 0.273065 0.970990
vt 0.274515 0.970990
vt 0.980863 0.943991
vt 0.979413 0.942930
vt 0.980863 0.942930
vt 0.979413 0.941732
vt 0.980863 0.941732
vt 0.790357 0.498486
vt 0.979413 0.940443
vt 0.980863 0.940443
vt 0.979413 0.939113
vt 0.795440 0.498486
vt 0.173450 0.925548
vt 0.174646 0.926826
vt 0.173565 0.926826
vt 0.170912 0.938311
vt 0.170608 0.936577
vt 0.171507 0.937177
vt 0.169844 0.935812
vt 0.170608 0.928052
vt 0.178368 0.928816
vt 0.946530 0.763040
vt 0.939068 0.765304
vt 0.936805 0.757841
vt 0.942324 0.767206
vt 0.941127 0.765928
vt 0.942208 0.765928
vt 0.944862 0.754444
vt 0.945165 0.756178
vt 0.944266 0.755578
vt 0.172143 0.938821
vt 0.172505 0.937591
vt 0.172143 0.925808
vt 0.172505 0.927037
vt 0.940991 0.767206
vt 0.940067 0.765718
vt 0.945970 0.755184
vt 0.945929 0.756942
vt 0.173450 0.939081
vt 0.173565 0.937802
vt 0.170912 0.926318
vt 0.171507 0.927451
vt 0.939684 0.766946
vt 0.946912 0.756126
vt 0.946530 0.757841
vt 0.174783 0.939081
vt 0.174646 0.937802
vt 0.169804 0.927059
vt 0.938453 0.766436
vt 0.938170 0.764703
vt 0.947652 0.757235
vt 0.946943 0.758840
vt 0.176090 0.938821
vt 0.175706 0.937591
vt 0.168861 0.928001
vt 0.169844 0.928816
vt 0.937345 0.765696
vt 0.937405 0.763939
vt 0.948162 0.758466
vt 0.947154 0.759900
vt 0.177321 0.938310
vt 0.176705 0.937177
vt 0.168121 0.929109
vt 0.169243 0.929715
vt 0.936402 0.764753
vt 0.936805 0.763040
vt 0.948422 0.759773
vt 0.947154 0.760981
vt 0.178429 0.937570
vt 0.177604 0.936577
vt 0.167611 0.930341
vt 0.168830 0.930713
vt 0.935662 0.763645
vt 0.936391 0.762042
vt 0.948422 0.761106
vt 0.946943 0.762041
vt 0.936402 0.756127
vt 0.938170 0.756178
vt 0.937405 0.756943
vt 0.179371 0.936628
vt 0.178368 0.935812
vt 0.167351 0.931648
vt 0.168619 0.931774
vt 0.180112 0.929109
vt 0.179382 0.930713
vt 0.178968 0.929715
vt 0.935152 0.762414
vt 0.936180 0.760981
vt 0.948162 0.762413
vt 0.937345 0.755184
vt 0.939068 0.755578
vt 0.180112 0.935519
vt 0.178968 0.934914
vt 0.167351 0.932981
vt 0.168619 0.932855
vt 0.179371 0.928001
vt 0.934892 0.761106
vt 0.936180 0.759900
vt 0.947652 0.763645
vt 0.945929 0.763939
vt 0.938453 0.754444
vt 0.940067 0.755164
vt 0.180622 0.934288
vt 0.179382 0.933915
vt 0.167611 0.934288
vt 0.168830 0.933915
vt 0.178429 0.927059
vt 0.177604 0.928052
vt 0.934892 0.759774
vt 0.936391 0.758840
vt 0.946912 0.764753
vt 0.945165 0.764703
vt 0.939684 0.753934
vt 0.941127 0.754953
vt 0.180882 0.932981
vt 0.179593 0.932855
vt 0.168121 0.935519
vt 0.169243 0.934914
vt 0.177321 0.926318
vt 0.176705 0.927451
vt 0.935152 0.758466
vt 0.945970 0.765695
vt 0.944266 0.765304
vt 0.940991 0.753674
vt 0.942208 0.754953
vt 0.180882 0.931648
vt 0.179593 0.931774
vt 0.168861 0.936628
vt 0.176090 0.925808
vt 0.175706 0.927037
vt 0.935662 0.757235
vt 0.944862 0.766436
vt 0.943268 0.765718
vt 0.942324 0.753673
vt 0.943268 0.755164
vt 0.180622 0.930341
vt 0.169804 0.937570
vt 0.174783 0.925548
vt 0.943631 0.766946
vt 0.943631 0.753933
vt 0.980863 0.880347
vt 0.979413 0.879027
vt 0.980863 0.879027
vt 0.979413 0.877767
vt 0.980863 0.877767
vt 0.979413 0.876616
vt 0.980863 0.876616
vt 0.979413 0.875618
vt 0.980863 0.875618
vt 0.606346 0.967492
vt 0.607873 0.968541
vt 0.606430 0.968545
vt 0.607936 0.969734
vt 0.606493 0.969738
vt 0.607974 0.971020
vt 0.606531 0.971024
vt 0.607987 0.972349
vt 0.606544 0.972353
vt 0.607974 0.973672
vt 0.606531 0.973676
vt 0.607936 0.974936
vt 0.606493 0.974940
vt 0.607873 0.976093
vt 0.606430 0.976097
vt 0.607789 0.977099
vt 0.606346 0.977103
vt 0.518214 0.970933
vt 0.519665 0.971978
vt 0.518214 0.971978
vt 0.519665 0.973165
vt 0.518214 0.973165
vt 0.519664 0.974447
vt 0.518214 0.974447
vt 0.519664 0.975776
vt 0.518214 0.975776
vt 0.519665 0.977100
vt 0.518214 0.977100
vt 0.519665 0.978368
vt 0.518214 0.978368
vt 0.519665 0.979532
vt 0.518214 0.979532
vt 0.519665 0.980546
vt 0.518214 0.980546
vt 0.282751 0.980604
vt 0.281300 0.979556
vt 0.282751 0.979556
vt 0.281300 0.978367
vt 0.282751 0.978367
vt 0.281300 0.977084
vt 0.282751 0.977084
vt 0.281300 0.975755
vt 0.282751 0.975755
vt 0.281300 0.974432
vt 0.282751 0.974432
vt 0.281300 0.973165
vt 0.282751 0.973165
vt 0.281300 0.972003
vt 0.282751 0.972003
vt 0.281300 0.970990
vt 0.282751 0.970990
vt 0.980863 0.885226
vt 0.979413 0.884165
vt 0.980863 0.884165
vt 0.979413 0.882967
vt 0.980863 0.882967
vt 0.800523 0.498486
vt 0.979413 0.881678
vt 0.980863 0.881678
vt 0.979413 0.880347
vt 0.805606 0.498486
vt 0.087801 0.924150
vt 0.088997 0.925428
vt 0.087916 0.925428
vt 0.085263 0.936912
vt 0.084959 0.935179
vt 0.085858 0.935779
vt 0.084195 0.934414
vt 0.084959 0.926654
vt 0.092719 0.927418
vt 0.867422 0.942877
vt 0.860546 0.946553
vt 0.856870 0.939675
vt 0.864109 0.947783
vt 0.862686 0.946764
vt 0.863746 0.946553
vt 0.864109 0.934771
vt 0.864745 0.936413
vt 0.863746 0.935999
vt 0.086494 0.937422
vt 0.086856 0.936193
vt 0.086494 0.924410
vt 0.086856 0.925639
vt 0.862802 0.948043
vt 0.861606 0.946764
vt 0.865340 0.935281
vt 0.865644 0.937014
vt 0.087801 0.937682
vt 0.087916 0.936404
vt 0.085263 0.924920
vt 0.085858 0.926053
vt 0.861470 0.948043
vt 0.866449 0.936021
vt 0.866408 0.937778
vt 0.089134 0.937682
vt 0.088997 0.936404
vt 0.084155 0.925661
vt 0.860163 0.947783
vt 0.859547 0.946139
vt 0.867391 0.936964
vt 0.867008 0.938677
vt 0.090441 0.937422
vt 0.090057 0.936193
vt 0.083212 0.926603
vt 0.084195 0.927418
vt 0.858932 0.947273
vt 0.858648 0.945538
vt 0.868131 0.938072
vt 0.867422 0.939675
vt 0.091672 0.936912
vt 0.091056 0.935779
vt 0.082472 0.927711
vt 0.083594 0.928317
vt 0.857824 0.946532
vt 0.857884 0.944774
vt 0.868641 0.939304
vt 0.867633 0.940736
vt 0.092780 0.936172
vt 0.091955 0.935179
vt 0.081962 0.928943
vt 0.083181 0.929315
vt 0.856881 0.945590
vt 0.857284 0.943875
vt 0.868901 0.940611
vt 0.867633 0.941817
vt 0.856141 0.938072
vt 0.857884 0.937778
vt 0.857284 0.938676
vt 0.093722 0.935229
vt 0.092719 0.934414
vt 0.081702 0.930250
vt 0.082970 0.930376
vt 0.094463 0.927711
vt 0.093733 0.929315
vt 0.093319 0.928317
vt 0.856141 0.944482
vt 0.856870 0.942877
vt 0.868901 0.941944
vt 0.856881 0.936964
vt 0.858648 0.937013
vt 0.094463 0.934121
vt 0.093319 0.933515
vt 0.081702 0.931583
vt 0.082970 0.931457
vt 0.093722 0.926603
vt 0.855631 0.943250
vt 0.856659 0.941816
vt 0.868641 0.943251
vt 0.867008 0.943876
vt 0.857824 0.936021
vt 0.859547 0.936413
vt 0.094973 0.932890
vt 0.093733 0.932517
vt 0.081962 0.932890
vt 0.083181 0.932517
vt 0.092780 0.925661
vt 0.091955 0.926654
vt 0.855371 0.941943
vt 0.856659 0.940735
vt 0.868131 0.944482
vt 0.866408 0.944774
vt 0.858932 0.935281
vt 0.860546 0.935999
vt 0.095233 0.931583
vt 0.093944 0.931457
vt 0.082472 0.934121
vt 0.083594 0.933515
vt 0.091672 0.924920
vt 0.091056 0.926053
vt 0.855371 0.940610
vt 0.867391 0.945590
vt 0.865644 0.945539
vt 0.860163 0.934771
vt 0.861606 0.935788
vt 0.095233 0.930250
vt 0.093944 0.930376
vt 0.083212 0.935229
vt 0.090441 0.924410
vt 0.090057 0.925639
vt 0.855631 0.939303
vt 0.866449 0.946533
vt 0.864745 0.946139
vt 0.861470 0.934511
vt 0.862686 0.935788
vt 0.094973 0.928943
vt 0.084155 0.936172
vt 0.089134 0.924150
vt 0.865340 0.947273
vt 0.862802 0.934511
vt 0.951499 0.973611
vt 0.952086 0.967584
vt 0.952086 0.973612
vt 0.952649 0.967586
vt 0.952649 0.973614
vt 0.953165 0.967589
vt 0.953165 0.973617
vt 0.953616 0.967593
vt 0.953616 0.973621
vt 0.309197 0.972716
vt 0.309654 0.966695
vt 0.309654 0.972722
vt 0.310175 0.966700
vt 0.310175 0.972728
vt 0.310741 0.966703
vt 0.310741 0.972731
vt 0.311329 0.966704
vt 0.311329 0.972732
vt 0.311917 0.966703
vt 0.311917 0.972731
vt 0.312482 0.966700
vt 0.312482 0.972728
vt 0.313003 0.966695
vt 0.313003 0.972722
vt 0.313460 0.966688
vt 0.313460 0.972716
vt 0.672541 0.974910
vt 0.672992 0.968880
vt 0.672992 0.974908
vt 0.673509 0.968879
vt 0.673509 0.974907
vt 0.674071 0.968878
vt 0.674071 0.974906
vt 0.674658 0.968877
vt 0.674658 0.974906
vt 0.675247 0.968878
vt 0.675247 0.974906
vt 0.675815 0.968879
vt 0.675815 0.974907
vt 0.676341 0.968880
vt 0.676341 0.974908
vt 0.676803 0.968882
vt 0.676803 0.974910
vt 0.130003 0.904474
vt 0.130460 0.898436
vt 0.130460 0.904460
vt 0.130981 0.898426
vt 0.130981 0.904450
vt 0.131546 0.898419
vt 0.131546 0.904444
vt 0.132134 0.898417
vt 0.132134 0.904441
vt 0.132722 0.898419
vt 0.132722 0.904444
vt 0.133288 0.898426
vt 0.133288 0.904450
vt 0.133809 0.898436
vt 0.133809 0.904460
vt 0.134266 0.898450
vt 0.134266 0.904474
vt 0.949354 0.973620
vt 0.949817 0.967588
vt 0.949817 0.973616
vt 0.950342 0.967585
vt 0.950342 0.973613
vt 0.718239 0.973614
vt 0.720155 0.973187
vt 0.720157 0.973614
vt 0.950910 0.967584
vt 0.950910 0.973612
vt 0.951499 0.967583
vt 0.084996 0.969839
vt 0.081702 0.967134
vt 0.084406 0.963839
vt 0.068654 0.968284
vt 0.068399 0.968964
vt 0.068174 0.968418
vt 0.068845 0.968747
vt 0.068726 0.969456
vt 0.069122 0.969164
vt 0.069141 0.969874
vt 0.069474 0.969518
vt 0.069630 0.970202
vt 0.069888 0.969796
vt 0.070173 0.970428
vt 0.070349 0.969988
vt 0.070749 0.970544
vt 0.070837 0.970086
vt 0.071337 0.970544
vt 0.071335 0.970086
vt 0.071914 0.970429
vt 0.071824 0.969989
vt 0.072457 0.970203
vt 0.072284 0.969797
vt 0.072945 0.969874
vt 0.072699 0.969519
vt 0.073361 0.969457
vt 0.073051 0.969165
vt 0.073687 0.968965
vt 0.073328 0.968748
vt 0.073912 0.968419
vt 0.073518 0.968285
vt 0.074027 0.967840
vt 0.073616 0.967794
vt 0.074027 0.967249
vt 0.073616 0.967293
vt 0.073912 0.966670
vt 0.073518 0.966802
vt 0.073687 0.966124
vt 0.073328 0.966339
vt 0.073361 0.965632
vt 0.073051 0.965923
vt 0.072945 0.965214
vt 0.072699 0.965568
vt 0.072457 0.964886
vt 0.072284 0.965290
vt 0.071914 0.964660
vt 0.071824 0.965098
vt 0.071337 0.964544
vt 0.071335 0.965001
vt 0.070749 0.964544
vt 0.070837 0.965000
vt 0.070173 0.964659
vt 0.070349 0.965098
vt 0.069630 0.964885
vt 0.069888 0.965290
vt 0.069141 0.965214
vt 0.069474 0.965568
vt 0.068726 0.965631
vt 0.069122 0.965922
vt 0.068399 0.966123
vt 0.068845 0.966338
vt 0.068174 0.966668
vt 0.068654 0.966801
vt 0.068060 0.967248
vt 0.068557 0.967292
vt 0.068060 0.967839
vt 0.068557 0.967793
vt 0.068987 0.968178
vt 0.069151 0.968575
vt 0.069388 0.968932
vt 0.069689 0.969235
vt 0.070044 0.969473
vt 0.070438 0.969638
vt 0.070857 0.969721
vt 0.071284 0.969721
vt 0.071702 0.969638
vt 0.072096 0.969474
vt 0.072451 0.969235
vt 0.072753 0.968932
vt 0.072990 0.968576
vt 0.073153 0.968179
vt 0.073237 0.967758
vt 0.073237 0.967329
vt 0.073153 0.966909
vt 0.072990 0.966512
vt 0.072753 0.966156
vt 0.072451 0.965852
vt 0.072096 0.965614
vt 0.071702 0.965449
vt 0.071284 0.965366
vt 0.070857 0.965366
vt 0.070438 0.965449
vt 0.070044 0.965613
vt 0.069689 0.965852
vt 0.069388 0.966155
vt 0.069151 0.966512
vt 0.068987 0.966908
vt 0.068904 0.967329
vt 0.068904 0.967758
vt 0.435746 0.975219
vt 0.434152 0.975705
vt 0.432683 0.974915
vt 0.746303 0.972776
vt 0.748225 0.972398
vt 0.748222 0.972776
vt 0.718238 0.974041
vt 0.720155 0.974041
vt 0.746301 0.973187
vt 0.748219 0.973187
vt 0.718233 0.974451
vt 0.720151 0.974451
vt 0.746300 0.973614
vt 0.748219 0.973614
vt 0.718226 0.974830
vt 0.720143 0.974830
vt 0.746301 0.974041
vt 0.748219 0.974041
vt 0.718216 0.975161
vt 0.720133 0.975161
vt 0.746303 0.974451
vt 0.748222 0.974451
vt 0.495008 0.974830
vt 0.493093 0.975166
vt 0.493090 0.974830
vt 0.746307 0.974829
vt 0.748225 0.974829
vt 0.495006 0.974449
vt 0.493088 0.974449
vt 0.654590 0.974416
vt 0.656509 0.973988
vt 0.656508 0.974416
vt 0.746312 0.975161
vt 0.748230 0.975161
vt 0.495005 0.974036
vt 0.493086 0.974037
vt 0.654589 0.974828
vt 0.656508 0.974828
vt 0.654588 0.972778
vt 0.656505 0.972451
vt 0.656507 0.972778
vt 0.495004 0.973609
vt 0.493086 0.973609
vt 0.654588 0.975210
vt 0.656507 0.975210
vt 0.654589 0.973154
vt 0.656508 0.973154
vt 0.495005 0.973182
vt 0.493086 0.973183
vt 0.654587 0.975545
vt 0.656505 0.975546
vt 0.654590 0.973562
vt 0.656508 0.973562
vt 0.495006 0.972774
vt 0.493088 0.972774
vt 0.718226 0.972398
vt 0.720133 0.972066
vt 0.720143 0.972398
vt 0.654590 0.973988
vt 0.495008 0.972399
vt 0.493090 0.972399
vt 0.718233 0.972776
vt 0.720151 0.972776
vt 0.495011 0.972071
vt 0.493093 0.972072
vt 0.718238 0.973187
vt 0.746307 0.972398
vt 0.748230 0.972066
vt 0.097764 0.973205
vt 0.098351 0.967178
vt 0.098351 0.973206
vt 0.098914 0.967179
vt 0.098914 0.973207
vt 0.099430 0.967182
vt 0.099430 0.973210
vt 0.099881 0.967186
vt 0.099881 0.973214
vt 0.629748 0.971570
vt 0.630205 0.965550
vt 0.630205 0.971577
vt 0.630726 0.965555
vt 0.630726 0.971582
vt 0.631292 0.965558
vt 0.631292 0.971586
vt 0.631880 0.965559
vt 0.631880 0.971587
vt 0.632468 0.965558
vt 0.632468 0.971586
vt 0.633033 0.965555
vt 0.633033 0.971582
vt 0.633554 0.965550
vt 0.633554 0.971577
vt 0.634011 0.965543
vt 0.634011 0.971570
vt 0.681886 0.974910
vt 0.682337 0.968880
vt 0.682337 0.974908
vt 0.682854 0.968879
vt 0.682854 0.974907
vt 0.683416 0.968878
vt 0.683416 0.974906
vt 0.684003 0.968878
vt 0.684003 0.974906
vt 0.684592 0.968878
vt 0.684592 0.974906
vt 0.685160 0.968879
vt 0.685160 0.974907
vt 0.685686 0.968880
vt 0.685686 0.974908
vt 0.686148 0.968882
vt 0.686148 0.974910
vt 0.085952 0.839776
vt 0.086409 0.833737
vt 0.086409 0.839762
vt 0.086930 0.833727
vt 0.086930 0.839751
vt 0.087496 0.833721
vt 0.087496 0.839745
vt 0.088084 0.833718
vt 0.088084 0.839743
vt 0.088672 0.833721
vt 0.088672 0.839745
vt 0.089237 0.833727
vt 0.089237 0.839751
vt 0.089758 0.833737
vt 0.089758 0.839762
vt 0.090215 0.833751
vt 0.090215 0.839776
vt 0.095619 0.973214
vt 0.096082 0.967182
vt 0.096082 0.973210
vt 0.096607 0.967179
vt 0.096607 0.973207
vt 0.725263 0.973614
vt 0.727179 0.973187
vt 0.727181 0.973614
vt 0.097175 0.967177
vt 0.097175 0.973205
vt 0.097764 0.967177
vt 0.686244 0.851368
vt 0.690002 0.853377
vt 0.687994 0.857137
vt 0.178996 0.968978
vt 0.178741 0.969657
vt 0.178516 0.969111
vt 0.179186 0.969440
vt 0.179067 0.970149
vt 0.179463 0.969857
vt 0.179483 0.970567
vt 0.179815 0.970211
vt 0.179971 0.970895
vt 0.180230 0.970490
vt 0.180514 0.971121
vt 0.180690 0.970681
vt 0.181091 0.971237
vt 0.181179 0.970779
vt 0.181679 0.971237
vt 0.181677 0.970779
vt 0.182255 0.971122
vt 0.182166 0.970682
vt 0.182798 0.970896
vt 0.182626 0.970490
vt 0.183287 0.970567
vt 0.183040 0.970212
vt 0.183702 0.970150
vt 0.183392 0.969858
vt 0.184029 0.969658
vt 0.183669 0.969441
vt 0.184254 0.969113
vt 0.183860 0.968978
vt 0.184368 0.968533
vt 0.183957 0.968487
vt 0.184368 0.967942
vt 0.183957 0.967986
vt 0.184254 0.967363
vt 0.183860 0.967495
vt 0.184029 0.966817
vt 0.183669 0.967032
vt 0.183702 0.966325
vt 0.183392 0.966616
vt 0.183287 0.965907
vt 0.183040 0.966261
vt 0.182798 0.965579
vt 0.182626 0.965983
vt 0.182255 0.965353
vt 0.182166 0.965791
vt 0.181679 0.965237
vt 0.181677 0.965694
vt 0.181091 0.965237
vt 0.181179 0.965693
vt 0.180514 0.965352
vt 0.180690 0.965791
vt 0.179971 0.965578
vt 0.180230 0.965983
vt 0.179483 0.965907
vt 0.179815 0.966261
vt 0.179067 0.966324
vt 0.179463 0.966615
vt 0.178741 0.966816
vt 0.179186 0.967031
vt 0.178516 0.967362
vt 0.178996 0.967494
vt 0.178401 0.967941
vt 0.178899 0.967985
vt 0.178401 0.968532
vt 0.178899 0.968486
vt 0.179329 0.968871
vt 0.179492 0.969268
vt 0.179729 0.969625
vt 0.180031 0.969928
vt 0.180386 0.970166
vt 0.180780 0.970331
vt 0.181198 0.970414
vt 0.181625 0.970414
vt 0.182044 0.970331
vt 0.182438 0.970167
vt 0.182793 0.969929
vt 0.183094 0.969625
vt 0.183331 0.969269
vt 0.183495 0.968872
vt 0.183578 0.968451
vt 0.183578 0.968022
vt 0.183495 0.967602
vt 0.183331 0.967205
vt 0.183094 0.966849
vt 0.182793 0.966545
vt 0.182438 0.966307
vt 0.182044 0.966143
vt 0.181625 0.966059
vt 0.181198 0.966059
vt 0.180780 0.966142
vt 0.180386 0.966306
vt 0.180031 0.966545
vt 0.179729 0.966848
vt 0.179492 0.967205
vt 0.179329 0.967601
vt 0.179245 0.968022
vt 0.179245 0.968451
vt 0.761920 0.975879
vt 0.760450 0.975089
vt 0.763816 0.972313
vt 0.739291 0.972776
vt 0.741213 0.972398
vt 0.741209 0.972776
vt 0.725262 0.974041
vt 0.727179 0.974041
vt 0.739288 0.973187
vt 0.741207 0.973187
vt 0.725257 0.974451
vt 0.727175 0.974451
vt 0.739287 0.973614
vt 0.741206 0.973614
vt 0.725250 0.974830
vt 0.727167 0.974830
vt 0.739288 0.974040
vt 0.741207 0.974040
vt 0.725240 0.975161
vt 0.727157 0.975161
vt 0.739291 0.974451
vt 0.741209 0.974451
vt 0.488000 0.974830
vt 0.486085 0.975166
vt 0.486082 0.974830
vt 0.739294 0.974829
vt 0.741213 0.974829
vt 0.487998 0.974449
vt 0.486080 0.974449
vt 0.661594 0.974416
vt 0.663513 0.973989
vt 0.663513 0.974416
vt 0.739299 0.975161
vt 0.741217 0.975161
vt 0.487997 0.974036
vt 0.486078 0.974037
vt 0.661594 0.974828
vt 0.663512 0.974828
vt 0.661593 0.972778
vt 0.663510 0.972451
vt 0.663511 0.972778
vt 0.487996 0.973609
vt 0.486078 0.973609
vt 0.661593 0.975210
vt 0.663511 0.975210
vt 0.661594 0.973154
vt 0.663512 0.973154
vt 0.487997 0.973182
vt 0.486078 0.973183
vt 0.661591 0.975545
vt 0.663510 0.975546
vt 0.661594 0.973562
vt 0.663513 0.973562
vt 0.487998 0.972774
vt 0.486080 0.972774
vt 0.725250 0.972398
vt 0.727157 0.972066
vt 0.727167 0.972398
vt 0.661594 0.973988
vt 0.488000 0.972399
vt 0.486082 0.972399
vt 0.725257 0.972776
vt 0.727175 0.972776
vt 0.488003 0.972071
vt 0.486085 0.972072
vt 0.725262 0.973187
vt 0.739294 0.972398
vt 0.741218 0.972066
vt 0.885350 0.973614
vt 0.885937 0.967587
vt 0.885937 0.973615
vt 0.886500 0.967589
vt 0.886500 0.973617
vt 0.887017 0.967592
vt 0.887017 0.973620
vt 0.887467 0.967596
vt 0.887467 0.973624
vt 0.967414 0.494891
vt 0.967871 0.488871
vt 0.967871 0.494898
vt 0.968392 0.488876
vt 0.968392 0.494903
vt 0.968957 0.488879
vt 0.968957 0.494907
vt 0.969545 0.488880
vt 0.969545 0.494908
vt 0.970133 0.488879
vt 0.970133 0.494907
vt 0.970699 0.488876
vt 0.970699 0.494903
vt 0.971220 0.488871
vt 0.971220 0.494898
vt 0.971677 0.488864
vt 0.971677 0.494891
vt 0.691231 0.974910
vt 0.691682 0.968880
vt 0.691682 0.974908
vt 0.692199 0.968879
vt 0.692199 0.974907
vt 0.692761 0.968878
vt 0.692761 0.974906
vt 0.693348 0.968877
vt 0.693348 0.974906
vt 0.693937 0.968878
vt 0.693937 0.974906
vt 0.694505 0.968878
vt 0.694505 0.974907
vt 0.695031 0.968880
vt 0.695031 0.974908
vt 0.695493 0.968882
vt 0.695493 0.974910
vt 0.695200 0.857310
vt 0.695657 0.851271
vt 0.695657 0.857296
vt 0.696178 0.851261
vt 0.696178 0.857285
vt 0.696744 0.851255
vt 0.696744 0.857279
vt 0.697332 0.851252
vt 0.697332 0.857277
vt 0.697920 0.851255
vt 0.697920 0.857279
vt 0.698485 0.851261
vt 0.698485 0.857285
vt 0.699006 0.851271
vt 0.699006 0.857296
vt 0.699463 0.851285
vt 0.699463 0.857310
vt 0.883205 0.973623
vt 0.883668 0.967591
vt 0.883668 0.973619
vt 0.884193 0.967588
vt 0.884193 0.973617
vt 0.732287 0.973614
vt 0.734203 0.973187
vt 0.734205 0.973614
vt 0.884761 0.967587
vt 0.884761 0.973615
vt 0.885350 0.967586
vt 0.598427 0.966854
vt 0.595724 0.970149
vt 0.592429 0.967445
vt 0.167946 0.968978
vt 0.167691 0.969658
vt 0.167466 0.969112
vt 0.168136 0.969440
vt 0.168017 0.970149
vt 0.168413 0.969857
vt 0.168433 0.970567
vt 0.168765 0.970211
vt 0.168921 0.970895
vt 0.169180 0.970490
vt 0.169464 0.971121
vt 0.169640 0.970681
vt 0.170041 0.971237
vt 0.170129 0.970779
vt 0.170628 0.971237
vt 0.170627 0.970779
vt 0.171205 0.971122
vt 0.171115 0.970682
vt 0.171748 0.970896
vt 0.171576 0.970490
vt 0.172237 0.970568
vt 0.171990 0.970212
vt 0.172652 0.970150
vt 0.172342 0.969858
vt 0.172979 0.969658
vt 0.172619 0.969441
vt 0.173204 0.969113
vt 0.172810 0.968979
vt 0.173318 0.968533
vt 0.172907 0.968487
vt 0.173318 0.967942
vt 0.172907 0.967986
vt 0.173204 0.967363
vt 0.172810 0.967495
vt 0.172979 0.966817
vt 0.172619 0.967032
vt 0.172652 0.966325
vt 0.172342 0.966616
vt 0.172237 0.965908
vt 0.171990 0.966262
vt 0.171748 0.965579
vt 0.171576 0.965983
vt 0.171205 0.965353
vt 0.171115 0.965791
vt 0.170629 0.965237
vt 0.170627 0.965694
vt 0.170041 0.965237
vt 0.170129 0.965694
vt 0.169464 0.965353
vt 0.169640 0.965791
vt 0.168921 0.965579
vt 0.169180 0.965983
vt 0.168433 0.965907
vt 0.168765 0.966261
vt 0.168017 0.966325
vt 0.168413 0.966615
vt 0.167691 0.966816
vt 0.168136 0.967031
vt 0.167466 0.967362
vt 0.167946 0.967494
vt 0.167351 0.967941
vt 0.167848 0.967985
vt 0.167351 0.968532
vt 0.167848 0.968486
vt 0.168279 0.968872
vt 0.168442 0.969268
vt 0.168679 0.969625
vt 0.168981 0.969928
vt 0.169335 0.970167
vt 0.169730 0.970331
vt 0.170148 0.970415
vt 0.170575 0.970415
vt 0.170993 0.970331
vt 0.171388 0.970167
vt 0.171742 0.969929
vt 0.172044 0.969625
vt 0.172281 0.969269
vt 0.172445 0.968872
vt 0.172528 0.968452
vt 0.172528 0.968023
vt 0.172445 0.967602
vt 0.172281 0.967205
vt 0.172044 0.966849
vt 0.171742 0.966545
vt 0.171388 0.966307
vt 0.170993 0.966143
vt 0.170575 0.966059
vt 0.170148 0.966059
vt 0.169730 0.966142
vt 0.169335 0.966306
vt 0.168981 0.966545
vt 0.168679 0.966848
vt 0.168442 0.967205
vt 0.168279 0.967601
vt 0.168195 0.968022
vt 0.168195 0.968451
vt 0.424737 0.975705
vt 0.423268 0.974915
vt 0.426633 0.972138
vt 0.479068 0.972781
vt 0.480990 0.972403
vt 0.480986 0.972781
vt 0.732286 0.974041
vt 0.734203 0.974041
vt 0.479066 0.973192
vt 0.480984 0.973192
vt 0.732281 0.974451
vt 0.734199 0.974451
vt 0.479065 0.973619
vt 0.480983 0.973619
vt 0.732274 0.974829
vt 0.734191 0.974829
vt 0.479066 0.974046
vt 0.480984 0.974046
vt 0.732264 0.975161
vt 0.734181 0.975161
vt 0.479068 0.974456
vt 0.480986 0.974456
vt 0.642497 0.975210
vt 0.640581 0.975546
vt 0.640578 0.975210
vt 0.479072 0.974835
vt 0.480990 0.974835
vt 0.642495 0.974828
vt 0.640576 0.974828
vt 0.647585 0.974416
vt 0.649504 0.973988
vt 0.649504 0.974416
vt 0.479077 0.975166
vt 0.480995 0.975166
vt 0.642493 0.974416
vt 0.640575 0.974416
vt 0.647585 0.974828
vt 0.649503 0.974828
vt 0.647584 0.972778
vt 0.649501 0.972451
vt 0.649502 0.972778
vt 0.642493 0.973988
vt 0.640574 0.973989
vt 0.647584 0.975210
vt 0.649502 0.975210
vt 0.647585 0.973154
vt 0.649503 0.973154
vt 0.642493 0.973562
vt 0.640575 0.973562
vt 0.647582 0.975545
vt 0.649501 0.975546
vt 0.647585 0.973562
vt 0.649504 0.973562
vt 0.642495 0.973153
vt 0.640576 0.973154
vt 0.732274 0.972398
vt 0.734181 0.972066
vt 0.734191 0.972398
vt 0.647585 0.973988
vt 0.642497 0.972778
vt 0.640578 0.972779
vt 0.732281 0.972776
vt 0.734199 0.972776
vt 0.642499 0.972451
vt 0.640581 0.972451
vt 0.732286 0.973187
vt 0.479072 0.972403
vt 0.480995 0.972071
vt 0.512404 0.875758
vt 0.515038 0.848724
vt 0.515038 0.875753
vt 0.517566 0.848712
vt 0.517566 0.875741
vt 0.519889 0.848692
vt 0.519889 0.875721
vt 0.521920 0.848666
vt 0.521920 0.875695
vt 0.105805 0.901938
vt 0.108010 0.874958
vt 0.108010 0.901980
vt 0.110459 0.874987
vt 0.110459 0.902008
vt 0.113059 0.875001
vt 0.113059 0.902023
vt 0.115709 0.875001
vt 0.115709 0.902023
vt 0.118307 0.874986
vt 0.118307 0.902008
vt 0.120753 0.874958
vt 0.120753 0.901979
vt 0.122954 0.874916
vt 0.122954 0.901938
vt 0.124825 0.874863
vt 0.124825 0.901884
vt 0.533775 0.872697
vt 0.535815 0.845693
vt 0.535815 0.872723
vt 0.538146 0.845713
vt 0.538146 0.872742
vt 0.540677 0.845725
vt 0.540677 0.872754
vt 0.543313 0.845729
vt 0.543313 0.872758
vt 0.545951 0.845725
vt 0.545951 0.872754
vt 0.548490 0.845713
vt 0.548490 0.872743
vt 0.550833 0.845694
vt 0.550833 0.872724
vt 0.552890 0.845669
vt 0.552890 0.872698
vt 0.502806 0.840992
vt 0.504854 0.813930
vt 0.504854 0.840957
vt 0.507191 0.813904
vt 0.507191 0.840931
vt 0.509727 0.813888
vt 0.509727 0.840914
vt 0.512363 0.813882
vt 0.512363 0.840909
vt 0.515000 0.813888
vt 0.515000 0.840914
vt 0.517536 0.813904
vt 0.517536 0.840931
vt 0.519873 0.813930
vt 0.519873 0.840957
vt 0.521921 0.813965
vt 0.521921 0.840992
vt 0.502806 0.875698
vt 0.504872 0.848694
vt 0.504872 0.875724
vt 0.507221 0.848713
vt 0.507221 0.875743
vt 0.070959 0.841591
vt 0.054114 0.832581
vt 0.063121 0.815723
vt 0.509765 0.848725
vt 0.509765 0.875754
vt 0.512404 0.848729
vt 0.113244 0.904531
vt 0.111011 0.904518
vt 0.015227 0.885263
vt 0.016732 0.888172
vt 0.014996 0.887826
vt 0.543322 0.875292
vt 0.541059 0.875288
vt 0.514628 0.843516
vt 0.512363 0.843511
vt 0.518812 0.878259
vt 0.516816 0.878276
vt 0.003597 0.888234
vt 0.006728 0.887842
vt 0.005120 0.889450
vt 0.505915 0.843552
vt 0.504157 0.843583
vt 0.507934 0.878278
vt 0.505916 0.878261
vt 0.115519 0.904531
vt 0.545588 0.875288
vt 0.516805 0.843530
vt 0.520555 0.878237
vt 0.536884 0.875261
vt 0.535132 0.875239
vt 0.507922 0.843530
vt 0.510118 0.878288
vt 0.117750 0.904518
vt 0.547768 0.875278
vt 0.518812 0.843552
vt 0.108908 0.904494
vt 0.107015 0.904458
vt 0.538885 0.875278
vt 0.510099 0.843516
vt 0.514646 0.878287
vt 0.512384 0.878291
vt 0.119851 0.904494
vt 0.549780 0.875262
vt 0.520570 0.843583
vt 0.121741 0.904458
vt 0.551546 0.875240
vt 0.504142 0.878239
vt 0.023098 0.895930
vt 0.021092 0.902545
vt 0.014996 0.905804
vt 0.006728 0.905785
vt 0.007130 0.902545
vt 0.008382 0.903797
vt 0.017459 0.907920
vt 0.016732 0.905459
vt 0.017459 0.885706
vt 0.018368 0.888849
vt 0.005120 0.904176
vt 0.006146 0.901073
vt 0.015227 0.908364
vt 0.013226 0.905804
vt 0.019560 0.886577
vt 0.019840 0.889833
vt 0.003856 0.902285
vt 0.005469 0.899437
vt 0.021452 0.887841
vt 0.021092 0.891085
vt 0.002985 0.900183
vt 0.005124 0.897701
vt 0.023060 0.889450
vt 0.022075 0.892557
vt 0.002541 0.897951
vt 0.005124 0.895930
vt 0.024324 0.891342
vt 0.022753 0.894193
vt 0.002541 0.895676
vt 0.005469 0.894194
vt 0.025195 0.893444
vt 0.002985 0.893444
vt 0.006146 0.892558
vt 0.025638 0.895675
vt 0.023098 0.897700
vt 0.003856 0.891342
vt 0.007130 0.891085
vt 0.025638 0.897950
vt 0.022753 0.899437
vt 0.008382 0.889833
vt 0.025195 0.900182
vt 0.022075 0.901073
vt 0.009854 0.888849
vt 0.024324 0.902284
vt 0.008620 0.886577
vt 0.011489 0.888172
vt 0.012952 0.908364
vt 0.011489 0.905459
vt 0.023060 0.904176
vt 0.019840 0.903797
vt 0.010721 0.885707
vt 0.013226 0.887826
vt 0.010721 0.907920
vt 0.009854 0.904781
vt 0.021452 0.905785
vt 0.018368 0.904781
vt 0.012953 0.885263
vt 0.008620 0.907049
vt 0.019560 0.907049
vt 0.682139 0.890599
vt 0.684773 0.863566
vt 0.684773 0.890595
vt 0.687300 0.863553
vt 0.687300 0.890582
vt 0.689624 0.863533
vt 0.689624 0.890563
vt 0.691655 0.863507
vt 0.691655 0.890536
vt 0.533775 0.907450
vt 0.535980 0.880470
vt 0.535980 0.907491
vt 0.538429 0.880498
vt 0.538429 0.907520
vt 0.541029 0.880513
vt 0.541029 0.907534
vt 0.543679 0.880513
vt 0.543679 0.907534
vt 0.546277 0.880498
vt 0.546277 0.907520
vt 0.548723 0.880469
vt 0.548723 0.907491
vt 0.550924 0.880427
vt 0.550924 0.907449
vt 0.552795 0.880374
vt 0.552795 0.907396
vt 0.640574 0.872897
vt 0.642614 0.845894
vt 0.642614 0.872923
vt 0.644945 0.845913
vt 0.644945 0.872943
vt 0.647477 0.845925
vt 0.647477 0.872954
vt 0.650112 0.845929
vt 0.650112 0.872959
vt 0.652750 0.845926
vt 0.652750 0.872955
vt 0.655290 0.845914
vt 0.655290 0.872943
vt 0.657633 0.845895
vt 0.657633 0.872924
vt 0.659689 0.845869
vt 0.659689 0.872899
vt 0.105805 0.867189
vt 0.107853 0.840127
vt 0.107853 0.867154
vt 0.110190 0.840101
vt 0.110190 0.867128
vt 0.112726 0.840085
vt 0.112726 0.867112
vt 0.115363 0.840080
vt 0.115363 0.867106
vt 0.117999 0.840085
vt 0.117999 0.867112
vt 0.120535 0.840101
vt 0.120535 0.867128
vt 0.122872 0.840127
vt 0.122872 0.867154
vt 0.124920 0.840163
vt 0.124920 0.867189
vt 0.672541 0.890539
vt 0.674607 0.863536
vt 0.674607 0.890565
vt 0.676956 0.863555
vt 0.676956 0.890584
vt 0.551136 0.840068
vt 0.534291 0.831057
vt 0.543298 0.814199
vt 0.679500 0.863566
vt 0.679500 0.890596
vt 0.682139 0.863570
vt 0.541214 0.910043
vt 0.538981 0.910030
vt 0.578428 0.883172
vt 0.579933 0.886082
vt 0.578197 0.885736
vt 0.650122 0.875492
vt 0.647858 0.875488
vt 0.117627 0.869713
vt 0.115363 0.869709
vt 0.688547 0.893101
vt 0.686551 0.893118
vt 0.566798 0.886144
vt 0.569929 0.885751
vt 0.568321 0.887360
vt 0.108914 0.869750
vt 0.107156 0.869780
vt 0.677669 0.893119
vt 0.675651 0.893103
vt 0.543489 0.910042
vt 0.652387 0.875489
vt 0.119804 0.869727
vt 0.690290 0.893078
vt 0.643683 0.875461
vt 0.641931 0.875439
vt 0.110921 0.869727
vt 0.679853 0.893129
vt 0.545720 0.910030
vt 0.654567 0.875479
vt 0.121811 0.869750
vt 0.536878 0.910006
vt 0.534985 0.909970
vt 0.645684 0.875478
vt 0.113098 0.869713
vt 0.684381 0.893128
vt 0.682119 0.893132
vt 0.547821 0.910005
vt 0.656579 0.875462
vt 0.123569 0.869780
vt 0.549711 0.909969
vt 0.658345 0.875440
vt 0.673877 0.893081
vt 0.586299 0.893840
vt 0.584292 0.900455
vt 0.578197 0.903714
vt 0.569929 0.903695
vt 0.570331 0.900455
vt 0.571582 0.901707
vt 0.580659 0.905829
vt 0.579933 0.903368
vt 0.580660 0.883616
vt 0.581569 0.886759
vt 0.568320 0.902086
vt 0.569347 0.898983
vt 0.578428 0.906273
vt 0.576426 0.903714
vt 0.582761 0.884487
vt 0.583041 0.887743
vt 0.567056 0.900194
vt 0.568670 0.897347
vt 0.584653 0.885751
vt 0.584293 0.888995
vt 0.566186 0.898092
vt 0.568324 0.895610
vt 0.586261 0.887360
vt 0.585276 0.890467
vt 0.565742 0.895860
vt 0.568324 0.893840
vt 0.587525 0.889252
vt 0.585954 0.892103
vt 0.565742 0.893585
vt 0.568670 0.892103
vt 0.588395 0.891354
vt 0.566186 0.891354
vt 0.569347 0.890467
vt 0.588839 0.893585
vt 0.586299 0.895610
vt 0.567057 0.889252
vt 0.570331 0.888995
vt 0.588839 0.895860
vt 0.585954 0.897347
vt 0.571583 0.887743
vt 0.588395 0.898092
vt 0.585276 0.898983
vt 0.573055 0.886759
vt 0.587525 0.900194
vt 0.571821 0.884487
vt 0.574690 0.886082
vt 0.576153 0.906273
vt 0.574690 0.903368
vt 0.586261 0.902086
vt 0.583041 0.901707
vt 0.573922 0.883616
vt 0.576427 0.885736
vt 0.573922 0.905829
vt 0.573054 0.902691
vt 0.584652 0.903695
vt 0.581568 0.902691
vt 0.576154 0.883172
vt 0.571820 0.904959
vt 0.582761 0.904959
vt 0.149351 0.891359
vt 0.151985 0.864326
vt 0.151985 0.891355
vt 0.154513 0.864313
vt 0.154513 0.891343
vt 0.156836 0.864294
vt 0.156836 0.891323
vt 0.158867 0.864267
vt 0.158867 0.891296
vt 0.081702 0.892471
vt 0.083907 0.865491
vt 0.083907 0.892513
vt 0.086356 0.865520
vt 0.086356 0.892542
vt 0.088956 0.865534
vt 0.088956 0.892556
vt 0.091605 0.865534
vt 0.091605 0.892556
vt 0.094203 0.865520
vt 0.094203 0.892541
vt 0.096650 0.865491
vt 0.096650 0.892513
vt 0.098851 0.865449
vt 0.098851 0.892471
vt 0.100722 0.865396
vt 0.100722 0.892418
vt 0.565742 0.875495
vt 0.567782 0.848491
vt 0.567782 0.875521
vt 0.570113 0.848511
vt 0.570113 0.875540
vt 0.572644 0.848523
vt 0.572644 0.875552
vt 0.575280 0.848527
vt 0.575280 0.875556
vt 0.577918 0.848523
vt 0.577918 0.875553
vt 0.580457 0.848512
vt 0.580457 0.875541
vt 0.582800 0.848493
vt 0.582800 0.875522
vt 0.584857 0.848467
vt 0.584857 0.875496
vt 0.565742 0.840792
vt 0.567790 0.813730
vt 0.567790 0.840757
vt 0.570127 0.813704
vt 0.570127 0.840730
vt 0.572663 0.813688
vt 0.572663 0.840714
vt 0.575300 0.813682
vt 0.575300 0.840709
vt 0.577936 0.813688
vt 0.577936 0.840714
vt 0.580472 0.813704
vt 0.580472 0.840730
vt 0.582809 0.813730
vt 0.582809 0.840757
vt 0.584857 0.813765
vt 0.584857 0.840792
vt 0.139753 0.891299
vt 0.141819 0.864296
vt 0.141819 0.891325
vt 0.144168 0.864315
vt 0.144168 0.891344
vt 0.112880 0.809625
vt 0.131159 0.815176
vt 0.125614 0.833467
vt 0.146712 0.864327
vt 0.146712 0.891356
vt 0.149351 0.864330
vt 0.089140 0.895064
vt 0.086908 0.895052
vt 0.653261 0.880575
vt 0.654766 0.883484
vt 0.653029 0.883139
vt 0.575289 0.878090
vt 0.573026 0.878086
vt 0.577564 0.843316
vt 0.575300 0.843311
vt 0.155759 0.893861
vt 0.153764 0.893878
vt 0.641630 0.883546
vt 0.644761 0.883153
vt 0.643153 0.884762
vt 0.568851 0.843352
vt 0.567093 0.843383
vt 0.144881 0.893879
vt 0.142863 0.893863
vt 0.091416 0.895064
vt 0.577555 0.878086
vt 0.579741 0.843330
vt 0.157503 0.893838
vt 0.568851 0.878059
vt 0.567099 0.878037
vt 0.570858 0.843330
vt 0.147065 0.893889
vt 0.093647 0.895051
vt 0.579735 0.878076
vt 0.581748 0.843352
vt 0.084805 0.895027
vt 0.082912 0.894992
vt 0.570852 0.878076
vt 0.573035 0.843316
vt 0.151593 0.893889
vt 0.149331 0.893892
vt 0.095748 0.895027
vt 0.581747 0.878060
vt 0.583506 0.843383
vt 0.097638 0.894991
vt 0.583513 0.878038
vt 0.141090 0.893841
vt 0.651259 0.883139
vt 0.661131 0.891242
vt 0.653029 0.901116
vt 0.644761 0.901097
vt 0.645163 0.897857
vt 0.646415 0.899109
vt 0.655491 0.903232
vt 0.654765 0.900771
vt 0.655492 0.881019
vt 0.656401 0.884162
vt 0.643152 0.899488
vt 0.644179 0.896385
vt 0.653260 0.903676
vt 0.651258 0.901116
vt 0.657593 0.881889
vt 0.657873 0.885145
vt 0.641888 0.897596
vt 0.643502 0.894749
vt 0.659485 0.883153
vt 0.659125 0.886397
vt 0.641018 0.895494
vt 0.643157 0.893013
vt 0.661093 0.884762
vt 0.660109 0.887870
vt 0.640574 0.893263
vt 0.643157 0.891242
vt 0.662357 0.886654
vt 0.660786 0.889505
vt 0.640574 0.890988
vt 0.643502 0.889505
vt 0.663228 0.888756
vt 0.641018 0.888756
vt 0.644180 0.887870
vt 0.663671 0.890988
vt 0.661131 0.893013
vt 0.641889 0.886654
vt 0.645163 0.886397
vt 0.663671 0.893263
vt 0.660786 0.894749
vt 0.646415 0.885145
vt 0.663227 0.895494
vt 0.660108 0.896385
vt 0.647887 0.884162
vt 0.662357 0.897596
vt 0.659125 0.897857
vt 0.646653 0.881889
vt 0.649523 0.883484
vt 0.650985 0.903676
vt 0.649522 0.900771
vt 0.661093 0.899488
vt 0.657873 0.899109
vt 0.648755 0.881019
vt 0.648754 0.903232
vt 0.647887 0.900093
vt 0.659484 0.901097
vt 0.656401 0.900093
vt 0.650986 0.880575
vt 0.646652 0.902361
vt 0.657593 0.902361
vt 0.012139 0.877647
vt 0.014774 0.850613
vt 0.014774 0.877642
vt 0.017301 0.850601
vt 0.017301 0.877630
vt 0.019625 0.850581
vt 0.019625 0.877610
vt 0.021655 0.850555
vt 0.021655 0.877584
vt 0.167351 0.893869
vt 0.169556 0.866889
vt 0.169556 0.893911
vt 0.172005 0.866918
vt 0.172005 0.893939
vt 0.174605 0.866932
vt 0.174605 0.893954
vt 0.177254 0.866932
vt 0.177254 0.893954
vt 0.179852 0.866917
vt 0.179852 0.893939
vt 0.182299 0.866889
vt 0.182299 0.893910
vt 0.184500 0.866847
vt 0.184500 0.893869
vt 0.186371 0.866794
vt 0.186371 0.893816
vt 0.053598 0.874220
vt 0.055638 0.847217
vt 0.055638 0.874246
vt 0.057969 0.847237
vt 0.057969 0.874266
vt 0.060500 0.847249
vt 0.060500 0.874278
vt 0.063136 0.847253
vt 0.063136 0.874282
vt 0.065774 0.847249
vt 0.065774 0.874278
vt 0.068313 0.847237
vt 0.068313 0.874267
vt 0.070656 0.847218
vt 0.070656 0.874248
vt 0.072713 0.847193
vt 0.072713 0.874222
vt 0.002541 0.842881
vt 0.004590 0.815819
vt 0.004590 0.842846
vt 0.006926 0.815793
vt 0.006926 0.842820
vt 0.009462 0.815777
vt 0.009462 0.842803
vt 0.012099 0.815771
vt 0.012099 0.842798
vt 0.014736 0.815777
vt 0.014736 0.842803
vt 0.017271 0.815793
vt 0.017271 0.842820
vt 0.019608 0.815819
vt 0.019608 0.842846
vt 0.021656 0.815854
vt 0.021656 0.842881
vt 0.002541 0.877587
vt 0.004607 0.850583
vt 0.004607 0.877613
vt 0.006957 0.850602
vt 0.006957 0.877632
vt 0.647649 0.815413
vt 0.665928 0.820964
vt 0.660383 0.839255
vt 0.009500 0.850614
vt 0.009500 0.877643
vt 0.012139 0.850618
vt 0.174789 0.896462
vt 0.172557 0.896450
vt 0.515492 0.883374
vt 0.516997 0.886283
vt 0.515261 0.885937
vt 0.063145 0.876815
vt 0.060882 0.876812
vt 0.014363 0.845405
vt 0.012099 0.845400
vt 0.018547 0.880148
vt 0.016552 0.880165
vt 0.503862 0.886345
vt 0.506993 0.885952
vt 0.505385 0.887561
vt 0.005651 0.845441
vt 0.003892 0.845472
vt 0.007669 0.880167
vt 0.005651 0.880150
vt 0.177065 0.896462
vt 0.065411 0.876812
vt 0.016540 0.845419
vt 0.020291 0.880126
vt 0.056707 0.876785
vt 0.054955 0.876762
vt 0.007657 0.845419
vt 0.009853 0.880177
vt 0.179296 0.896449
vt 0.067591 0.876802
vt 0.018547 0.845441
vt 0.170454 0.896425
vt 0.168561 0.896390
vt 0.058708 0.876801
vt 0.009835 0.845405
vt 0.014381 0.880176
vt 0.012120 0.880180
vt 0.181396 0.896425
vt 0.069603 0.876786
vt 0.020306 0.845472
vt 0.183287 0.896389
vt 0.071369 0.876764
vt 0.003878 0.880128
vt 0.513491 0.885937
vt 0.523363 0.894041
vt 0.515260 0.903915
vt 0.506993 0.903896
vt 0.507394 0.900656
vt 0.508646 0.901908
vt 0.517723 0.906031
vt 0.516997 0.903569
vt 0.517724 0.883817
vt 0.518633 0.886960
vt 0.505384 0.902287
vt 0.506411 0.899184
vt 0.515492 0.906474
vt 0.513490 0.903915
vt 0.519825 0.884688
vt 0.520105 0.887944
vt 0.504120 0.900395
vt 0.505734 0.897548
vt 0.521717 0.885952
vt 0.521357 0.889196
vt 0.503250 0.898293
vt 0.505388 0.895811
vt 0.523325 0.887561
vt 0.522340 0.890668
vt 0.502806 0.896062
vt 0.505388 0.894041
vt 0.524589 0.889453
vt 0.523018 0.892304
vt 0.502806 0.893786
vt 0.505734 0.892304
vt 0.525459 0.891555
vt 0.503250 0.891555
vt 0.506411 0.890668
vt 0.525903 0.893786
vt 0.523363 0.895811
vt 0.504121 0.889453
vt 0.507395 0.889196
vt 0.525903 0.896062
vt 0.523017 0.897548
vt 0.508647 0.887944
vt 0.525459 0.898293
vt 0.522340 0.899184
vt 0.510119 0.886960
vt 0.524589 0.900395
vt 0.521356 0.900656
vt 0.508885 0.884688
vt 0.511754 0.886283
vt 0.513217 0.906474
vt 0.511754 0.903569
vt 0.523325 0.902287
vt 0.520104 0.901908
vt 0.510986 0.883817
vt 0.510986 0.906031
vt 0.510118 0.902892
vt 0.521716 0.903896
vt 0.518632 0.902892
vt 0.513218 0.883374
vt 0.508884 0.905160
vt 0.519825 0.905160
vt 0.404534 0.753111
vt 0.333580 0.984106
vt 0.002541 0.248425
vt 0.186738 0.508124
vt 0.111459 0.746701
vt 0.259220 0.008980
vt 0.897955 0.752164
vt 0.624666 0.934284
vt 0.611419 0.753548
vt 0.965667 0.002541
vt 0.437354 0.505037
vt 0.961796 0.504276
vt 0.316116 0.937191
vt 0.907115 0.752038
vt 0.910171 0.005493
vt 0.368265 0.987430
vt 0.385480 0.987430
vt 0.338663 0.753111
vt 0.980255 0.254084
vt 0.650163 0.493798
vt 0.918752 0.243253
vt 0.986447 0.749385
vt 0.134378 0.893334
vt 0.951902 0.573479
vt 0.948181 0.455502
vt 0.960584 0.232238
vt 0.975172 0.483781
vt 0.290197 0.906532
vt 0.246171 0.674074
vt 0.048515 0.887065
vt 0.195469 0.504471
vt 0.232104 0.504471
vt 0.227529 0.515593
vt 0.222943 0.526714
vt 0.227529 0.715782
vt 0.232104 0.726903
vt 0.222943 0.704660
vt 0.218462 0.537836
vt 0.214201 0.548957
vt 0.218462 0.693538
vt 0.214201 0.682417
vt 0.210265 0.560079
vt 0.206738 0.571201
vt 0.210278 0.671295
vt 0.206807 0.660174
vt 0.203782 0.582322
vt 0.201545 0.593444
vt 0.203890 0.649052
vt 0.201619 0.637930
vt 0.200133 0.604566
vt 0.442437 0.505037
vt 0.479055 0.505037
vt 0.474483 0.516159
vt 0.469899 0.527281
vt 0.474483 0.716348
vt 0.479055 0.727470
vt 0.469899 0.705226
vt 0.465420 0.538402
vt 0.461162 0.549524
vt 0.465420 0.694105
vt 0.461162 0.682983
vt 0.457240 0.560646
vt 0.453771 0.571767
vt 0.457226 0.671862
vt 0.453702 0.660740
vt 0.450856 0.582889
vt 0.448588 0.594010
vt 0.450750 0.649618
vt 0.448516 0.638497
vt 0.447126 0.605132
vt 0.855371 0.752635
vt 0.471001 0.732552
vt 0.224009 0.731986
vt 0.706006 0.753548
vt 0.840846 0.263092
vt 0.596353 0.506771
vt 0.492528 0.097373
vt 0.390562 0.755526
vt 0.479065 0.735306
vt 0.974330 0.997458
vt 0.939817 0.494797
vt 0.939854 0.679203
vt 0.188101 0.912197
vt 0.130003 0.864118
vt 0.167351 0.755437
vt 0.176809 0.755437
vt 0.606337 0.753570
vt 0.155110 0.898976
vt 0.100722 0.860313
vt 0.679037 0.858424
vt 0.907141 0.746955
vt 0.929809 0.504276
vt 0.493023 0.505037
vt 0.246171 0.504479
vt 0.495641 0.336666
vt 0.002643 0.341661
vt 0.497653 0.499938
vt 0.060576 0.258553
vt 0.704288 0.509148
vt 0.233086 0.731986
vt 0.247810 0.725025
vt 0.790214 0.229131
vt 0.146835 0.802776
vt 0.826172 0.229129
vt 0.105805 0.803012
vt 0.141753 0.755437
vt 0.146835 0.856477
vt 0.494756 0.725593
vt 0.133784 0.966562
vt 0.077825 0.847191
vt 0.105805 0.952068
vt 0.253469 0.935454
vt 0.937580 0.814440
vt 0.518214 0.956472
vt 0.767681 0.957606
vt 0.160503 0.934039
vt 0.980605 0.762675
vt 0.309197 0.942651
vt 0.095805 0.979696
vt 0.883205 0.980348
vt 0.115385 0.910928
vt 0.869288 0.953126
vt 0.209933 0.938177
vt 0.020638 0.913446
vt 0.883205 0.953126
vt 0.780478 0.957606
vt 0.188101 0.936609
vt 0.980605 0.778084
vt 0.842985 0.957980
vt 0.081888 0.976320
vt 0.214603 0.981439
vt 0.575322 0.912671
vt 0.181268 0.944163
vt 0.934895 0.940894
vt 0.937581 0.835516
vt 0.281300 0.956530
vt 0.161385 0.941594
vt 0.950616 0.791618
vt 0.980605 0.793492
vt 0.095619 0.943139
vt 0.088255 0.976320
vt 0.672541 0.981634
vt 0.527794 0.912872
vt 0.855371 0.953126
vt 0.268877 0.935454
vt 0.937580 0.856591
vt 0.422784 0.956888
vt 0.075774 0.950627
vt 0.950616 0.816030
vt 0.154863 0.979753
vt 0.606346 0.943450
vt 0.592615 0.976631
vt 0.681886 0.981634
vt 0.130794 0.910928
vt 0.672541 0.947803
vt 0.422786 0.935813
vt 0.568430 0.935196
vt 0.253466 0.956530
vt 0.712786 0.947803
vt 0.225654 0.957506
vt 0.247725 0.979595
vt 0.949354 0.943546
vt 0.068245 0.977025
vt 0.979413 0.978854
vt 0.432364 0.913288
vt 0.691154 0.947803
vt 0.442439 0.938743
vt 0.937580 0.772289
vt 0.732133 0.957606
vt 0.793275 0.957606
vt 0.528265 0.857623
vt 0.161138 0.979753
vt 0.581151 0.950770
vt 0.180271 0.977718
vt 0.753313 0.981400
vt 0.864951 0.911986
vt 0.640574 0.951377
vt 0.907118 0.941202
vt 0.937580 0.877667
vt 0.267383 0.956530
vt 0.806072 0.957606
vt 0.472621 0.958072
vt 0.019142 0.980384
vt 0.823952 0.957980
vt 0.309383 0.979213
vt 0.195469 0.981439
vt 0.512386 0.912872
vt 0.654491 0.951377
vt 0.456901 0.938743
vt 0.937580 0.793365
vt 0.746050 0.957606
vt 0.818869 0.957606
vt 0.950616 0.840441
vt 0.025418 0.980384
vt 0.046517 0.942244
vt 0.186638 0.977718
vt 0.889573 0.980348
vt 0.880359 0.911986
vt 0.592429 0.943076
vt 0.533778 0.938965
vt 0.937581 0.898743
vt 0.953497 0.488864
vt 0.666902 0.932762
vt 0.950616 0.864853
vt 0.980605 0.808901
vt 0.053598 0.958160
vt 0.173904 0.977718
vt 0.208225 0.981439
vt 0.278455 0.912930
vt 0.167351 0.944163
vt 0.053601 0.936710
vt 0.937580 0.919818
vt 0.017950 0.955598
vt 0.959664 0.237321
vt 0.528265 0.833211
vt 0.980605 0.839718
vt 0.059943 0.958160
vt 0.598982 0.976631
vt 0.979413 0.972130
vt 0.063178 0.914185
vt 0.032600 0.941870
vt 0.002544 0.937286
vt 0.505494 0.935397
vt 0.565742 0.956271
vt 0.075774 0.936710
vt 0.950616 0.889265
vt 0.980605 0.824309
vt 0.830296 0.957980
vt 0.581336 0.976206
vt 0.949354 0.980345
vt 0.012121 0.914761
vt 0.139753 0.941593
vt 0.549186 0.938965
vt 0.520903 0.935397
vt 0.938033 0.237321
vt 0.929291 0.941202
vt 0.950616 0.913677
vt 0.980606 0.855126
vt 0.836641 0.957980
vt 0.074612 0.977025
vt 0.979413 0.965406
vt 0.263046 0.912930
vt 0.295280 0.942277
vt 0.615289 0.939367
vt 0.127106 0.933453
vt 0.502806 0.956472
vt 0.161385 0.955511
vt 0.950616 0.938089
vt 0.929493 0.979362
vt 0.002541 0.958736
vt 0.167536 0.977718
vt 0.008886 0.980548
vt 0.543355 0.916440
vt 0.081702 0.942765
vt 0.195472 0.938177
vt 0.020638 0.934522
vt 0.718216 0.957606
vt 0.929291 0.955119
vt 0.075858 0.901227
vt 0.980605 0.870535
vt 0.629748 0.941506
vt 0.629934 0.978068
vt 0.201857 0.981439
vt 0.558764 0.916440
vt 0.030751 0.885429
vt 0.629748 0.897008
vt 0.635362 0.873704
vt 0.684119 0.846170
vt 0.036364 0.815771
vt 0.026739 0.823219
vt 0.629748 0.813882
vt 0.053598 0.881906
vt 0.186264 0.755437
vt 0.137772 0.808094
vt 0.090249 0.828635
vt 0.208225 0.959252
vt 0.029695 0.755437
vt 0.214603 0.959252
vt 0.557973 0.907312
vt 0.616582 0.975905
vt 0.535070 0.975503
vt 0.527004 0.862706
vt 0.875666 0.974200
vt 0.442437 0.959819
vt 0.074117 0.807370
vt 0.002541 0.810689
vt 0.581151 0.929855
vt 0.557973 0.845675
vt 0.664772 0.845875
vt 0.069007 0.912878
vt 0.696738 0.863514
vt 0.557973 0.866223
vt 0.629748 0.920591
vt 0.557973 0.886771
vt 0.284283 0.930114
vt 0.097058 0.900154
vt 0.541448 0.975503
vt 0.622960 0.975905
vt 0.753313 0.972066
vt 0.448815 0.959819
vt 0.008886 0.958361
vt 0.549532 0.975503
vt 0.711493 0.890391
vt 0.195469 0.959252
vt 0.555910 0.975503
vt 0.705115 0.890391
vt 0.456898 0.959819
vt 0.706367 0.977183
vt 0.105805 0.973142
vt 0.201847 0.959252
vt 0.712744 0.977183
vt 0.112183 0.973142
vt 0.861749 0.974200
vt 0.463276 0.959819
vt 0.855371 0.974200
vt 0.936187 0.977432
vt 0.869288 0.974200
vt 0.502806 0.808800
vt 0.696738 0.907736
vt 0.706490 0.898215
vt 0.712652 0.904921
vt 0.712652 0.898223
vt 0.048515 0.901803
vt 0.048515 0.918172
vt 0.032600 0.912391
vt 0.032600 0.918171
vt 0.646116 0.808800
vt 0.657357 0.808800
vt 0.564731 0.808527
vt 0.684119 0.808800
vt 0.148481 0.976070
vt 0.953505 0.753674
vt 0.769382 0.971523
vt 0.137772 0.829314
vt 0.792466 0.971523
vt 0.034422 0.976346
vt 0.629748 0.902102
vt 0.186264 0.831213
vt 0.886188 0.910681
vt 0.186264 0.812721
vt 0.581151 0.911366
vt 0.284283 0.911625
vt 0.130062 0.971645
vt 0.776287 0.971523
vt 0.941270 0.961970
vt 0.785561 0.971523
vt 0.907115 0.962277
vt 0.041328 0.976346
vt 0.806274 0.971523
vt 0.473182 0.976557
vt 0.813178 0.971523
vt 0.664772 0.866416
vt 0.914020 0.962278
vt 0.223832 0.962588
vt 0.297103 0.976753
vt 0.123158 0.971645
vt 0.304008 0.976753
vt 0.799370 0.971523
vt 0.696738 0.884055
vt 0.139753 0.962668
vt 0.187707 0.849694
vt 0.510789 0.970933
vt 0.253466 0.980604
vt 0.979413 0.914609
vt 0.047960 0.966282
vt 0.573725 0.970732
vt 0.259999 0.980604
vt 0.979413 0.899917
vt 0.241252 0.969270
vt 0.526197 0.970933
vt 0.287833 0.980604
vt 0.979413 0.958682
vt 0.923020 0.969036
vt 0.567192 0.970731
vt 0.266532 0.980604
vt 0.979413 0.929300
vt 0.234529 0.969270
vt 0.504256 0.970933
vt 0.273065 0.980604
vt 0.979413 0.943991
vt 0.607789 0.967488
vt 0.519665 0.970933
vt 0.281300 0.980604
vt 0.979413 0.885226
vt 0.309197 0.966688
vt 0.672541 0.968882
vt 0.130003 0.898450
vt 0.949354 0.967592
vt 0.084996 0.963839
vt 0.085576 0.963955
vt 0.086122 0.964181
vt 0.086613 0.964509
vt 0.087031 0.964927
vt 0.087700 0.966543
vt 0.087359 0.965418
vt 0.087585 0.965964
vt 0.087700 0.967134
vt 0.087585 0.967714
vt 0.087359 0.968260
vt 0.087031 0.968751
vt 0.086613 0.969169
vt 0.086122 0.969497
vt 0.085576 0.969723
vt 0.084406 0.969839
vt 0.083826 0.969723
vt 0.083280 0.969497
vt 0.082789 0.969169
vt 0.082372 0.968751
vt 0.082043 0.968260
vt 0.081817 0.967714
vt 0.081702 0.966544
vt 0.081817 0.965964
vt 0.082043 0.965418
vt 0.082372 0.964927
vt 0.082789 0.964509
vt 0.083281 0.964181
vt 0.083826 0.963955
vt 0.432446 0.974558
vt 0.432199 0.973312
vt 0.432283 0.974162
vt 0.432199 0.973741
vt 0.432283 0.972891
vt 0.432446 0.972495
vt 0.432683 0.972138
vt 0.432985 0.971835
vt 0.433339 0.971597
vt 0.434579 0.971349
vt 0.433734 0.971432
vt 0.434152 0.971349
vt 0.434997 0.971433
vt 0.436048 0.972139
vt 0.435392 0.971597
vt 0.435746 0.971835
vt 0.436285 0.972495
vt 0.436532 0.973742
vt 0.436449 0.972892
vt 0.436532 0.973313
vt 0.436449 0.974162
vt 0.436285 0.974559
vt 0.436048 0.974915
vt 0.435392 0.975457
vt 0.434997 0.975621
vt 0.434579 0.975705
vt 0.433734 0.975621
vt 0.433339 0.975457
vt 0.432985 0.975218
vt 0.495011 0.975166
vt 0.654587 0.972451
vt 0.718216 0.972066
vt 0.746312 0.972066
vt 0.629748 0.965543
vt 0.681886 0.968882
vt 0.085952 0.833751
vt 0.095619 0.967186
vt 0.687414 0.857252
vt 0.686823 0.857252
vt 0.686244 0.857137
vt 0.685698 0.856910
vt 0.685207 0.856582
vt 0.684235 0.855127
vt 0.684789 0.856164
vt 0.684461 0.855673
vt 0.684120 0.854548
vt 0.684120 0.853957
vt 0.684235 0.853377
vt 0.684461 0.852831
vt 0.684789 0.852340
vt 0.685207 0.851922
vt 0.685698 0.851594
vt 0.686823 0.851252
vt 0.687414 0.851252
vt 0.687993 0.851368
vt 0.688539 0.851594
vt 0.689030 0.851922
vt 0.689448 0.852340
vt 0.689776 0.852831
vt 0.690118 0.853957
vt 0.690118 0.854548
vt 0.690002 0.855127
vt 0.689776 0.855673
vt 0.689448 0.856164
vt 0.689030 0.856582
vt 0.688539 0.856910
vt 0.760213 0.974732
vt 0.760050 0.974336
vt 0.759967 0.973915
vt 0.759967 0.973486
vt 0.760050 0.973065
vt 0.760752 0.972009
vt 0.760213 0.972669
vt 0.760450 0.972312
vt 0.761107 0.971771
vt 0.762346 0.971523
vt 0.761501 0.971607
vt 0.761920 0.971523
vt 0.762765 0.971607
vt 0.763159 0.971771
vt 0.763514 0.972009
vt 0.764053 0.972670
vt 0.764216 0.973066
vt 0.764299 0.973487
vt 0.764299 0.973916
vt 0.764216 0.974336
vt 0.763514 0.975393
vt 0.764053 0.974733
vt 0.763816 0.975089
vt 0.763159 0.975631
vt 0.762765 0.975795
vt 0.762347 0.975879
vt 0.761501 0.975795
vt 0.761107 0.975631
vt 0.760752 0.975392
vt 0.488003 0.975166
vt 0.661591 0.972451
vt 0.725240 0.972066
vt 0.739299 0.972066
vt 0.967414 0.488864
vt 0.691231 0.968882
vt 0.695200 0.851285
vt 0.883205 0.967595
vt 0.595133 0.964150
vt 0.595724 0.964150
vt 0.597340 0.964820
vt 0.596303 0.964265
vt 0.596849 0.964491
vt 0.597758 0.965238
vt 0.598086 0.965729
vt 0.598312 0.966275
vt 0.598427 0.967445
vt 0.598312 0.968025
vt 0.598086 0.968571
vt 0.597758 0.969062
vt 0.597340 0.969480
vt 0.596849 0.969808
vt 0.596303 0.970034
vt 0.595133 0.970149
vt 0.593516 0.969480
vt 0.594553 0.970034
vt 0.594008 0.969808
vt 0.593099 0.969062
vt 0.592770 0.968571
vt 0.592544 0.968025
vt 0.592429 0.966854
vt 0.592544 0.966275
vt 0.592771 0.965729
vt 0.593099 0.965238
vt 0.593516 0.964820
vt 0.594008 0.964492
vt 0.594553 0.964265
vt 0.423031 0.974558
vt 0.422867 0.974162
vt 0.422784 0.973741
vt 0.422784 0.973312
vt 0.422867 0.972891
vt 0.423569 0.971835
vt 0.423030 0.972495
vt 0.423267 0.972138
vt 0.423924 0.971597
vt 0.424318 0.971433
vt 0.424736 0.971349
vt 0.425163 0.971349
vt 0.425582 0.971433
vt 0.425976 0.971597
vt 0.426331 0.971835
vt 0.426870 0.972495
vt 0.427033 0.972891
vt 0.427116 0.973312
vt 0.427116 0.973741
vt 0.427033 0.974162
vt 0.426331 0.975218
vt 0.426870 0.974558
vt 0.426633 0.974915
vt 0.425977 0.975457
vt 0.425582 0.975621
vt 0.425164 0.975705
vt 0.424319 0.975621
vt 0.423924 0.975457
vt 0.423570 0.975218
vt 0.642499 0.975545
vt 0.647582 0.972451
vt 0.732264 0.972066
vt 0.479077 0.972071
vt 0.105805 0.874916
vt 0.533775 0.845667
vt 0.502806 0.813965
vt 0.502806 0.848669
vt 0.065718 0.815206
vt 0.068366 0.815206
vt 0.070963 0.815723
vt 0.073409 0.816737
vt 0.075610 0.818209
vt 0.077482 0.820083
vt 0.078953 0.822286
vt 0.079966 0.824734
vt 0.080482 0.827332
vt 0.080482 0.829982
vt 0.079965 0.832581
vt 0.078951 0.835029
vt 0.077480 0.837232
vt 0.075608 0.839105
vt 0.073406 0.840577
vt 0.068362 0.842108
vt 0.060671 0.840577
vt 0.065714 0.842108
vt 0.063118 0.841591
vt 0.058470 0.839105
vt 0.056598 0.837232
vt 0.055127 0.835029
vt 0.053598 0.829982
vt 0.055129 0.822286
vt 0.053599 0.827332
vt 0.054115 0.824734
vt 0.056600 0.820083
vt 0.058473 0.818209
vt 0.060675 0.816737
vt 0.005470 0.886361
vt 0.533775 0.880428
vt 0.640574 0.845868
vt 0.105805 0.840163
vt 0.672541 0.863510
vt 0.545895 0.813682
vt 0.548543 0.813682
vt 0.551140 0.814199
vt 0.553586 0.815213
vt 0.555787 0.816685
vt 0.557659 0.818559
vt 0.559130 0.820762
vt 0.560143 0.823210
vt 0.560659 0.825809
vt 0.560659 0.828458
vt 0.560142 0.831057
vt 0.559128 0.833505
vt 0.557657 0.835708
vt 0.555784 0.837582
vt 0.553583 0.839054
vt 0.548539 0.840585
vt 0.540848 0.839054
vt 0.545891 0.840585
vt 0.543294 0.840068
vt 0.538647 0.837582
vt 0.536775 0.835708
vt 0.535304 0.833505
vt 0.533775 0.828458
vt 0.535306 0.820762
vt 0.533775 0.825809
vt 0.534292 0.823210
vt 0.536777 0.818559
vt 0.538650 0.816685
vt 0.540852 0.815213
vt 0.568671 0.884270
vt 0.081702 0.865450
vt 0.565742 0.848465
vt 0.565742 0.813765
vt 0.139753 0.864270
vt 0.123168 0.834480
vt 0.115326 0.834479
vt 0.120571 0.834997
vt 0.117923 0.834996
vt 0.112880 0.833465
vt 0.110678 0.831993
vt 0.108806 0.830119
vt 0.107335 0.827915
vt 0.106322 0.825467
vt 0.105805 0.822869
vt 0.105805 0.820219
vt 0.106322 0.817620
vt 0.107335 0.815172
vt 0.108806 0.812970
vt 0.110678 0.811096
vt 0.115326 0.808611
vt 0.123168 0.808612
vt 0.117923 0.808094
vt 0.120571 0.808095
vt 0.125614 0.809626
vt 0.127816 0.811099
vt 0.129688 0.812972
vt 0.132172 0.817624
vt 0.132172 0.825471
vt 0.132689 0.820223
vt 0.132689 0.822872
vt 0.131159 0.827919
vt 0.129688 0.830122
vt 0.127816 0.831995
vt 0.643503 0.881672
vt 0.167351 0.866848
vt 0.053598 0.847191
vt 0.002541 0.815854
vt 0.002541 0.850558
vt 0.657937 0.840268
vt 0.650095 0.840267
vt 0.655340 0.840785
vt 0.652692 0.840785
vt 0.647649 0.839253
vt 0.645447 0.837781
vt 0.643575 0.835907
vt 0.642104 0.833704
vt 0.641091 0.831256
vt 0.640574 0.828657
vt 0.640574 0.826007
vt 0.641091 0.823408
vt 0.642104 0.820961
vt 0.643575 0.818758
vt 0.645448 0.816884
vt 0.650095 0.814399
vt 0.657937 0.814400
vt 0.652692 0.813882
vt 0.655340 0.813883
vt 0.660383 0.815414
vt 0.662585 0.816887
vt 0.664457 0.818761
vt 0.666942 0.823412
vt 0.666942 0.831259
vt 0.667458 0.826011
vt 0.667458 0.828660
vt 0.665928 0.833707
vt 0.664457 0.835910
vt 0.662585 0.837783
vt 0.505735 0.884471
vt 0.789836 0.762007
vt 0.718216 0.752164
vt 0.789755 0.752282
vt 0.789750 0.952416
vt 0.718281 0.942043
vt 0.789815 0.942181
vt 0.718346 0.931812
vt 0.789886 0.931928
vt 0.718407 0.921590
vt 0.789963 0.921653
vt 0.718466 0.911381
vt 0.790043 0.911369
vt 0.718520 0.901186
vt 0.790121 0.901091
vt 0.718570 0.891004
vt 0.790193 0.890832
vt 0.718614 0.880846
vt 0.790256 0.880606
vt 0.718648 0.870721
vt 0.790306 0.870427
vt 0.718670 0.860638
vt 0.790338 0.860307
vt 0.718678 0.850606
vt 0.790350 0.850261
vt 0.718671 0.840623
vt 0.790344 0.840278
vt 0.718653 0.830681
vt 0.790325 0.830336
vt 0.718622 0.820782
vt 0.790291 0.820451
vt 0.718580 0.810923
vt 0.790238 0.810629
vt 0.718529 0.801096
vt 0.790171 0.800858
vt 0.718471 0.791294
vt 0.790093 0.791124
vt 0.718409 0.781506
vt 0.790009 0.781413
vt 0.718346 0.771721
vt 0.789922 0.771712
vt 0.718281 0.761940
vt 0.718216 0.952278
vt 0.850282 0.840868
vt 0.850288 0.850851
vt 0.849892 0.942288
vt 0.849826 0.952523
vt 0.849956 0.932057
vt 0.850018 0.921835
vt 0.850076 0.911626
vt 0.850130 0.901432
vt 0.850181 0.891249
vt 0.850224 0.881091
vt 0.850259 0.870966
vt 0.850281 0.860884
vt 0.850263 0.830927
vt 0.850233 0.821027
vt 0.850191 0.811168
vt 0.850140 0.801342
vt 0.850081 0.791539
vt 0.850019 0.781751
vt 0.849956 0.771966
vt 0.849892 0.762186
vt 0.849826 0.752409
s 1
f 2/1/1 16/2/2 15/3/3
f 330/4/4 368/5/5 350/6/6
f 65/7/7 29/8/8 67/9/9
f 224/10/10 348/11/11 225/12/12
f 9/13/13 26/14/14 10/15/15
f 225/12/12 367/16/16 217/17/17
f 222/18/18 329/19/19 226/20/20
f 11/21/21 10/15/15 12/22/22
f 218/23/23 217/24/24 367/25/25
f 226/20/20 379/26/26 223/27/27
f 1/28/28 11/29/29 12/30/30
f 73/31/31 12/30/30 72/32/32
f 4/33/33 375/34/34 374/35/35
f 380/36/36 385/37/37 6/38/38
f 13/39/39 18/40/40 17/41/41
f 3/42/42 14/43/43 13/44/44
f 60/45/45 13/46/46 61/47/47
f 218/48/48 15/49/49 219/50/50
f 19/51/51 24/52/52 23/53/53
f 61/54/54 17/41/41 62/55/55
f 219/56/56 19/57/57 220/58/58
f 15/59/59 20/60/60 19/57/57
f 221/61/61 24/62/62 230/63/63
f 17/64/64 22/65/65 21/66/66
f 62/67/67 21/68/68 80/69/69
f 220/70/50 23/71/70 221/72/71
f 64/73/72 25/74/73 56/75/74
f 7/76/75 26/77/76 25/74/77
f 231/78/78 223/79/79 379/80/80
f 235/81/81 289/82/82 237/83/83
f 5/84/84 28/85/85 29/86/86
f 8/87/87 30/88/88 27/89/89
f 231/90/90 27/91/91 233/92/81
f 284/93/92 277/94/93 30/95/94
f 283/96/95 30/95/94 236/97/96
f 67/98/97 32/99/98 69/100/99
f 29/101/100 31/102/101 32/99/98
f 254/103/102 89/104/103 90/105/104
f 27/106/105 278/107/106 235/108/107
f 417/109/108 31/110/109 259/111/110
f 236/112/111 252/113/112 238/114/113
f 68/115/114 251/116/115 259/111/110
f 259/117/116 252/118/117 260/119/118
f 234/120/119 54/121/120 236/97/96
f 66/122/121 53/123/122 68/124/123
f 64/125/124 51/126/125 66/127/126
f 65/128/127 38/129/128 57/130/129
f 231/78/78 37/131/130 223/79/79
f 75/132/50 78/133/131 77/134/132
f 229/135/67 79/136/133 230/137/134
f 48/138/135 84/139/136 83/140/137
f 74/141/138 45/142/58 75/143/58
f 228/144/139 46/145/140 229/146/55
f 73/147/17 43/148/141 74/149/141
f 227/150/18 44/151/67 228/152/67
f 60/153/142 36/154/143 55/155/144
f 218/23/23 35/156/32 217/24/24
f 55/157/45 40/158/20 59/159/20
f 57/160/129 39/161/12 58/162/12
f 58/162/12 35/163/48 72/164/48
f 232/165/145 52/166/146 234/167/147
f 59/159/20 37/168/148 56/169/149
f 9/170/150 56/169/149 25/171/151
f 10/172/152 72/164/48 12/173/153
f 26/174/154 58/162/12 10/172/152
f 11/175/21 59/159/20 9/170/150
f 3/176/155 55/155/144 11/29/29
f 1/177/156 74/149/141 14/178/157
f 14/179/158 75/143/58 18/40/40
f 22/180/159 80/181/160 21/182/161
f 18/183/40 77/134/132 22/184/162
f 5/185/163 57/130/129 26/77/164
f 7/186/165 66/127/126 28/187/166
f 28/188/167 68/124/123 31/102/101
f 71/189/168 267/190/169 268/191/170
f 33/192/171 423/193/172 415/194/173
f 54/195/174 260/196/175 252/113/112
f 52/197/176 69/100/99 54/121/120
f 49/198/177 56/75/74 37/131/130
f 46/199/67 80/69/69 79/136/133
f 44/200/54 62/55/55 46/145/140
f 42/201/45 61/47/47 44/151/67
f 41/202/23 72/32/32 35/156/32
f 50/203/178 67/9/9 52/166/146
f 47/204/179 77/205/180 78/206/181
f 48/138/135 78/206/181 79/207/182
f 63/208/183 79/207/182 80/181/160
f 76/209/184 80/181/160 77/205/180
f 81/210/185 83/140/137 84/139/136
f 76/209/184 82/211/186 81/210/185
f 63/212/187 81/213/188 84/214/189
f 47/215/190 83/216/191 82/217/192
f 308/218/193 242/219/194 323/220/195
f 239/221/196 251/222/197 237/223/198
f 392/224/199 251/222/197 253/225/200
f 244/226/201 98/227/20 246/228/20
f 237/223/198 289/229/202 302/230/203
f 240/231/204 90/232/205 242/219/194
f 239/233/206 315/234/207 241/235/208
f 315/236/209 85/237/210 241/238/211
f 243/239/212 89/240/213 241/238/211
f 87/241/214 90/242/215 89/240/213
f 248/243/20 102/244/20 250/245/20
f 85/246/216 112/247/217 111/248/218
f 88/249/219 131/250/220 132/251/221
f 243/252/222 95/253/12 245/254/12
f 141/255/223 95/256/224 103/257/225
f 247/258/226 97/259/227 245/260/228
f 248/261/229 96/262/230 246/263/231
f 178/264/232 98/265/233 140/266/234
f 159/267/235 100/268/236 197/269/237
f 160/270/238 101/271/239 198/272/240
f 247/273/12 99/274/12 249/275/12
f 94/276/241 216/277/242 102/278/243
f 178/279/244 215/280/245 216/277/242
f 177/281/246 214/282/247 215/280/245
f 176/283/248 213/284/249 214/282/247
f 175/285/250 212/286/251 213/284/249
f 174/287/252 211/288/253 212/286/251
f 173/289/254 210/290/255 211/288/253
f 172/291/256 209/292/257 210/290/255
f 171/293/258 208/294/259 209/292/257
f 170/295/260 207/296/261 208/294/259
f 169/297/262 206/298/263 207/296/261
f 168/299/264 205/300/265 206/298/263
f 167/301/266 204/302/267 205/300/265
f 166/303/268 203/304/269 204/302/267
f 165/305/270 202/306/271 203/304/269
f 164/307/272 201/308/273 202/306/271
f 163/309/274 200/310/275 201/308/273
f 162/311/276 199/312/277 200/310/275
f 161/313/278 198/272/240 199/312/277
f 91/314/279 179/315/280 99/316/281
f 141/317/282 180/318/283 179/315/280
f 142/319/284 181/320/285 180/318/283
f 143/321/286 182/322/287 181/320/285
f 144/323/288 183/324/289 182/322/287
f 145/325/290 184/326/291 183/324/289
f 146/327/292 185/328/293 184/326/291
f 147/329/294 186/330/295 185/328/293
f 148/331/296 187/332/297 186/330/295
f 149/333/298 188/334/299 187/332/297
f 150/335/299 189/336/300 188/334/299
f 151/337/301 190/338/302 189/336/300
f 152/339/303 191/340/304 190/338/302
f 153/341/305 192/342/306 191/340/304
f 154/343/307 193/344/308 192/342/306
f 155/345/309 194/346/310 193/344/308
f 156/347/311 195/348/312 194/346/310
f 157/349/313 196/350/314 195/348/312
f 158/351/315 197/269/237 196/350/314
f 93/352/316 122/353/317 97/259/227
f 160/354/318 123/355/319 122/353/317
f 161/356/320 124/357/321 123/355/319
f 162/358/322 125/359/323 124/357/321
f 163/360/324 126/361/325 125/359/323
f 164/362/326 127/363/327 126/361/325
f 165/364/328 128/365/329 127/363/327
f 166/366/330 129/367/331 128/365/329
f 167/368/332 130/369/333 129/367/331
f 168/370/334 131/371/335 130/369/333
f 169/372/336 132/373/337 131/371/335
f 170/374/338 133/375/339 132/373/337
f 171/376/340 134/377/341 133/375/339
f 172/378/342 135/379/343 134/377/341
f 173/380/344 136/381/345 135/379/343
f 174/382/346 137/383/347 136/381/345
f 175/384/348 138/385/349 137/383/347
f 176/386/350 139/387/351 138/385/349
f 177/388/352 140/266/234 139/387/351
f 92/389/353 121/390/354 96/262/230
f 159/391/355 120/392/356 121/390/354
f 158/393/357 119/394/358 120/392/356
f 157/395/359 118/396/360 119/394/358
f 156/397/361 117/398/362 118/396/360
f 155/399/363 116/400/364 117/398/362
f 154/401/365 115/402/366 116/400/364
f 153/403/367 114/404/368 115/402/366
f 152/405/369 113/406/370 114/404/368
f 151/407/371 112/408/372 113/406/370
f 150/409/373 111/410/374 112/408/372
f 149/411/375 110/412/376 111/410/374
f 148/413/377 109/414/378 110/412/376
f 147/415/379 108/416/380 109/414/378
f 146/417/381 107/418/382 108/416/380
f 145/419/383 106/420/384 107/418/382
f 144/421/385 105/422/386 106/420/384
f 143/423/387 104/424/388 105/422/386
f 142/425/389 103/257/225 104/424/388
f 93/426/12 249/275/12 101/427/12
f 94/428/390 246/263/231 98/265/233
f 91/429/391 245/260/228 95/256/224
f 87/430/392 245/254/12 97/431/12
f 92/432/20 250/245/20 100/433/20
f 88/434/393 242/435/394 90/242/215
f 86/436/395 323/437/396 242/435/394
f 296/438/397 238/439/398 308/440/399
f 253/441/400 241/235/208 89/442/401
f 86/443/402 246/228/20 96/444/20
f 254/445/403 238/439/398 252/446/404
f 316/447/405 322/448/406 85/237/210
f 6/449/407 234/167/147 30/450/408
f 368/451/409 373/452/410 4/33/33
f 4/453/411 228/152/67 16/454/412
f 16/455/413 229/146/55 20/60/60
f 20/456/414 230/137/134 24/457/415
f 6/38/38 387/458/416 386/459/417
f 283/460/418 238/114/113 296/461/419
f 301/462/420 322/463/421 316/464/422
f 53/465/423 237/83/83 251/116/115
f 51/466/424 235/108/107 53/123/122
f 49/467/425 233/92/81 51/126/125
f 50/468/426 224/469/427 38/129/128
f 45/470/141 221/72/71 78/133/131
f 78/206/181 230/63/63 79/207/182
f 43/471/138 220/58/58 45/142/58
f 41/472/48 219/50/50 43/148/141
f 42/473/142 222/474/143 36/154/143
f 36/475/18 226/20/20 40/158/20
f 38/476/428 225/12/12 39/161/12
f 39/161/12 217/17/17 35/163/48
f 40/158/20 223/27/27 37/168/148
f 404/477/429 257/478/430 255/479/431
f 398/480/432 256/481/433 258/482/434
f 409/483/435 255/484/436 256/485/436
f 257/486/437 256/487/437 255/488/437
f 391/489/438 258/490/439 257/491/439
f 403/492/440 252/446/404 251/222/197
f 410/493/441 254/445/403 252/446/404
f 32/494/442 416/495/443 422/496/444
f 260/497/445 424/498/446 423/193/172
f 32/499/447 424/500/448 260/196/175
f 71/501/449 259/502/450 260/497/445
f 264/503/451 271/504/452 272/505/453
f 33/506/454 265/507/455 266/508/456
f 70/509/457 268/510/458 265/511/459
f 34/512/460 266/513/461 267/514/462
f 261/515/463 266/516/464 265/517/465
f 262/518/466 267/519/467 266/516/464
f 263/520/468 268/521/469 267/519/467
f 264/522/470 265/517/465 268/521/469
f 272/523/471 275/524/472 276/525/473
f 262/526/474 269/527/475 270/528/476
f 261/529/477 272/530/478 269/531/479
f 263/532/480 270/533/481 271/534/482
f 274/535/483 276/525/484 275/524/485
f 270/536/486 273/537/487 274/535/488
f 269/538/489 276/525/490 273/537/491
f 271/534/492 274/539/488 275/540/493
f 277/94/93 280/541/494 279/542/495
f 280/541/494 281/543/496 279/542/495
f 281/543/496 282/544/497 279/542/495
f 282/544/497 278/107/106 279/542/495
f 283/96/95 286/545/498 285/546/499
f 286/545/498 287/547/500 285/546/499
f 287/547/500 288/548/501 285/546/499
f 288/548/501 284/93/92 285/546/499
f 289/229/202 292/549/502 291/550/503
f 292/549/502 293/551/504 291/550/503
f 293/551/504 294/552/505 291/550/503
f 294/552/505 290/553/506 291/550/503
f 295/554/507 298/555/508 297/556/509
f 298/555/508 299/557/510 297/556/509
f 299/557/510 300/558/511 297/556/509
f 300/558/511 296/438/397 297/556/509
f 283/460/418 300/559/512 286/560/513
f 286/560/513 299/561/514 287/562/515
f 287/563/515 298/564/516 288/565/517
f 288/565/517 295/566/518 284/567/519
f 289/82/82 282/568/520 292/569/521
f 292/569/521 281/570/522 293/571/523
f 293/572/523 280/573/524 294/574/525
f 294/574/525 277/575/526 290/576/527
f 277/575/526 295/566/518 290/576/527
f 301/577/528 304/578/529 303/579/530
f 304/578/529 305/580/531 303/579/530
f 305/580/531 306/581/532 303/579/530
f 306/581/532 307/582/533 303/579/530
f 307/582/533 302/230/203 303/579/530
f 308/440/399 311/583/534 310/584/535
f 311/583/534 312/585/536 310/584/535
f 312/585/536 313/586/537 310/584/535
f 313/586/537 314/587/538 310/584/535
f 314/587/538 309/588/539 310/584/535
f 315/236/209 318/589/540 317/590/541
f 318/589/540 319/591/542 317/590/541
f 319/591/542 320/592/543 317/590/541
f 320/592/543 321/593/544 317/590/541
f 321/593/544 316/447/405 317/590/541
f 322/448/406 325/594/545 324/595/541
f 325/594/545 326/596/546 324/595/541
f 326/596/546 327/597/547 324/595/541
f 327/597/547 328/598/548 324/595/541
f 328/598/548 323/437/396 324/595/541
f 301/462/420 321/599/549 304/600/550
f 304/600/550 320/601/551 305/602/552
f 305/602/552 319/603/553 306/604/554
f 306/605/554 318/606/555 307/607/556
f 307/607/556 315/234/207 302/608/557
f 322/463/421 314/609/558 325/610/559
f 325/610/559 313/611/560 326/612/561
f 326/612/561 312/613/562 327/614/563
f 327/615/563 311/616/564 328/617/565
f 328/617/565 308/218/193 323/220/195
f 290/553/506 295/554/507 301/577/528
f 329/19/19 335/618/566 334/619/567
f 332/620/568 336/621/569 335/618/566
f 334/619/567 347/622/570 344/623/571
f 335/624/566 337/625/572 347/626/570
f 330/4/4 341/627/573 340/628/574
f 338/629/575 342/630/576 341/627/573
f 340/628/574 336/631/569 333/632/577
f 341/627/573 337/625/572 336/631/569
f 331/633/578 346/634/579 345/635/580
f 343/636/581 347/626/570 346/634/579
f 345/635/580 342/630/576 339/637/582
f 346/634/579 337/625/572 342/630/576
f 348/11/11 354/638/583 353/639/584
f 351/640/585 355/641/586 354/638/583
f 353/639/584 366/642/587 363/643/588
f 354/644/583 356/645/589 366/646/587
f 349/647/590 360/648/591 359/649/592
f 357/650/593 361/651/594 360/648/591
f 359/649/592 355/652/586 352/653/595
f 360/648/591 356/645/589 355/652/586
f 350/6/6 365/654/596 364/655/597
f 362/656/598 366/646/587 365/654/596
f 364/655/597 361/651/594 358/657/599
f 365/654/596 356/645/589 361/651/594
f 367/25/25 370/658/600 369/659/601
f 370/658/600 371/660/602 369/659/601
f 371/660/602 372/661/603 369/659/601
f 372/661/603 368/451/409 369/659/601
f 373/452/410 376/662/604 375/34/34
f 376/662/604 377/663/605 375/34/34
f 377/663/605 378/664/606 375/34/34
f 378/664/606 374/35/35 375/34/34
f 379/80/80 382/665/607 381/666/416
f 382/665/607 383/667/608 381/666/416
f 383/667/608 384/668/609 381/666/416
f 384/668/609 380/36/36 381/666/416
f 385/37/37 388/669/610 387/458/416
f 388/669/610 389/670/611 387/458/416
f 389/670/611 390/671/612 387/458/416
f 390/671/612 386/459/417 387/458/416
f 331/633/578 384/672/613 343/636/581
f 343/636/581 383/673/614 344/674/571
f 344/623/571 382/675/615 334/619/567
f 334/619/567 379/26/26 329/19/19
f 350/6/6 372/676/616 362/656/598
f 362/656/598 371/677/617 363/678/588
f 363/643/588 370/679/618 353/639/584
f 353/639/584 367/16/16 348/11/11
f 373/680/619 340/628/574 376/681/620
f 376/681/620 333/632/577 377/682/621
f 377/683/621 332/620/568 378/684/622
f 378/684/622 329/19/19 374/685/623
f 385/686/624 359/649/592 388/687/625
f 388/687/625 352/653/595 389/688/626
f 389/689/626 351/640/585 390/690/627
f 390/690/627 348/11/11 386/691/628
f 330/4/4 364/655/597 338/629/575
f 338/629/575 358/657/599 339/637/582
f 339/637/582 357/650/593 345/635/580
f 345/635/580 349/647/590 331/633/578
f 380/692/629 349/647/590 385/686/624
f 404/693/630 411/694/631 408/695/632
f 408/695/632 412/696/633 407/697/634
f 407/698/634 413/699/635 406/700/636
f 406/700/636 414/701/637 405/702/638
f 405/702/638 410/493/441 403/492/440
f 392/224/199 399/703/639 396/704/640
f 396/704/640 400/705/641 395/706/642
f 395/706/642 401/707/643 394/708/644
f 394/709/644 402/710/645 393/711/646
f 393/711/646 398/712/647 391/489/438
f 391/713/648 408/714/649 393/715/650
f 393/715/650 407/716/651 394/717/652
f 394/717/652 406/718/653 395/719/654
f 395/719/654 405/720/638 396/721/640
f 396/704/640 403/492/440 392/224/199
f 409/722/655 402/723/656 411/724/657
f 411/724/657 401/725/658 412/726/659
f 412/726/659 400/727/660 413/728/661
f 413/699/661 399/703/639 414/701/637
f 414/701/637 397/729/662 410/493/441
f 397/729/662 253/225/200 254/445/403
f 415/194/173 418/730/663 417/731/664
f 418/730/663 419/732/665 417/731/664
f 419/732/665 420/733/666 417/731/664
f 420/733/666 421/734/667 417/731/664
f 421/734/667 416/735/668 417/731/664
f 422/496/669 425/736/670 424/737/446
f 425/738/670 426/739/671 424/498/446
f 426/739/671 427/740/672 424/498/446
f 427/740/672 428/741/673 424/498/446
f 428/741/673 423/193/172 424/498/446
f 422/496/444 421/742/667 425/736/670
f 425/736/670 420/743/666 426/744/671
f 426/739/671 419/732/665 427/740/672
f 427/740/672 418/730/663 428/741/673
f 428/741/673 415/194/173 423/193/172
f 415/194/173 417/731/664 259/502/450
f 430/745/674 460/746/675 459/747/676
f 452/748/677 436/749/678 441/750/679
f 441/751/680 434/752/681 443/753/682
f 443/754/683 448/755/684 447/756/685
f 445/757/686 433/758/687 446/759/688
f 436/760/689 448/761/690 434/762/691
f 433/763/692 451/764/693 446/765/694
f 444/766/695 447/756/696 451/764/697
f 435/767/698 444/768/699 433/769/700
f 442/770/701 443/753/682 444/768/699
f 445/771/702 442/772/703 435/773/704
f 450/774/705 441/750/679 442/772/706
f 429/775/707 453/776/708 458/777/709
f 432/778/710 456/779/711 460/780/712
f 429/781/713 445/782/714 446/783/715
f 430/784/716 447/785/717 448/786/718
f 432/787/719 448/786/718 449/788/720
f 431/789/721 450/790/722 445/782/714
f 437/791/723 446/783/715 451/792/724
f 438/793/725 451/792/724 447/785/717
f 439/794/726 449/788/720 452/795/727
f 440/796/728 452/795/727 450/790/722
f 455/797/729 460/798/730 456/799/731
f 458/800/732 454/801/733 457/802/734
f 453/803/735 456/799/731 454/801/733
f 431/804/736 458/805/737 457/806/738
f 439/807/739 454/808/740 456/779/741
f 437/809/742 455/810/743 453/776/744
f 440/811/745 457/812/746 454/808/747
f 438/813/748 459/814/749 455/810/750
f 461/815/751 464/816/752 463/817/753
f 463/818/754 468/819/755 467/820/756
f 469/821/757 478/822/758 477/823/759
f 465/824/760 462/825/761 461/826/762
f 463/827/763 465/828/764 461/829/765
f 468/830/766 462/831/767 466/832/768
f 470/833/769 472/834/770 471/835/771
f 465/836/772 474/837/773 475/838/774
f 468/830/766 472/839/775 469/840/776
f 466/841/777 475/838/774 476/842/778
f 476/843/779 479/844/780 480/845/781
f 475/846/782 478/847/783 479/848/784
f 474/849/785 477/850/786 478/851/787
f 468/852/788 477/853/789 473/854/790
f 472/855/791 476/856/792 480/857/793
f 467/858/794 473/859/795 474/837/773
f 471/835/771 480/860/796 479/861/797
f 470/833/769 479/861/797 478/822/758
f 481/862/751 484/863/752 483/864/753
f 483/865/754 488/866/755 487/867/756
f 489/868/757 498/869/758 497/870/759
f 485/871/760 482/872/761 481/873/762
f 483/874/763 485/875/764 481/876/765
f 488/877/766 482/878/767 486/879/768
f 490/880/769 492/881/770 491/882/771
f 485/883/772 494/884/773 495/885/774
f 488/877/766 492/886/775 489/887/798
f 486/888/777 495/885/774 496/889/778
f 496/890/779 499/891/780 500/892/781
f 495/893/782 498/894/783 499/895/784
f 494/896/785 497/897/786 498/898/787
f 488/899/788 497/900/789 493/901/790
f 492/902/791 496/903/792 500/904/799
f 487/905/794 493/906/795 494/884/773
f 491/882/771 500/907/796 499/908/797
f 490/880/769 499/908/797 498/869/758
f 501/909/751 504/910/752 503/911/753
f 503/912/754 508/913/755 507/914/756
f 509/915/757 518/916/758 517/917/759
f 505/918/760 502/919/761 501/920/762
f 503/921/763 505/922/764 501/923/765
f 508/924/766 502/925/767 506/926/768
f 510/927/800 512/928/770 511/929/771
f 505/930/772 514/931/773 515/932/774
f 508/924/766 512/933/775 509/934/798
f 506/935/777 515/932/774 516/936/778
f 516/937/779 519/938/780 520/939/781
f 515/940/782 518/941/783 519/942/784
f 514/943/785 517/944/786 518/945/787
f 508/946/788 517/947/789 513/948/790
f 512/949/791 516/950/792 520/951/799
f 507/952/794 513/953/795 514/931/773
f 511/929/771 520/954/796 519/955/797
f 510/927/800 519/955/797 518/916/758
f 521/956/751 524/957/752 523/958/753
f 523/959/754 528/960/755 527/961/756
f 529/962/757 538/963/758 537/964/759
f 525/965/760 522/966/761 521/967/762
f 523/968/763 525/969/764 521/970/765
f 528/971/766 522/972/767 526/973/768
f 530/974/769 532/975/770 531/976/771
f 525/977/772 534/978/773 535/979/774
f 528/971/766 532/980/775 529/981/798
f 526/982/777 535/979/774 536/983/778
f 536/984/779 539/985/780 540/986/781
f 535/987/782 538/988/783 539/989/784
f 534/990/785 537/991/786 538/992/787
f 528/993/788 537/994/789 533/995/790
f 532/996/791 536/997/792 540/998/799
f 527/999/794 533/1000/795 534/978/773
f 531/976/771 540/1001/796 539/1002/797
f 530/974/769 539/1002/797 538/963/758
f 541/1003/751 544/1004/752 543/1005/753
f 543/1006/754 548/1007/755 547/1008/756
f 549/1009/757 558/1010/758 557/1011/759
f 545/1012/760 542/1013/761 541/1014/762
f 543/1015/763 545/1016/764 541/1017/765
f 548/1018/766 542/1019/767 546/1020/768
f 550/1021/800 552/1022/770 551/1023/771
f 545/1024/772 554/1025/773 555/1026/774
f 548/1018/766 552/1027/775 549/1028/776
f 546/1029/777 555/1026/774 556/1030/778
f 556/1031/779 559/1032/780 560/1033/781
f 555/1034/782 558/1035/783 559/1036/784
f 554/1037/785 557/1038/786 558/1039/787
f 548/1040/788 557/1041/789 553/1042/790
f 552/1043/791 556/1044/792 560/1045/799
f 547/1046/794 553/1047/795 554/1025/773
f 551/1023/771 560/1048/796 559/1049/797
f 550/1021/800 559/1049/797 558/1010/758
f 561/1050/751 564/1051/752 563/1052/753
f 563/1053/754 568/1054/755 567/1055/756
f 569/1056/757 578/1057/758 577/1058/759
f 565/1059/760 562/1060/761 561/1061/762
f 563/1062/763 565/1063/764 561/1064/765
f 568/1065/766 562/1066/767 566/1067/768
f 570/1068/769 572/1069/770 571/1070/771
f 565/1071/772 574/1072/773 575/1073/774
f 568/1065/766 572/1074/775 569/1075/798
f 566/1076/777 575/1073/774 576/1077/778
f 576/1078/779 579/1079/780 580/1080/781
f 575/1081/782 578/1082/783 579/1083/784
f 574/1084/785 577/1085/786 578/1086/787
f 568/1087/788 577/1088/789 573/1089/790
f 572/1090/791 576/1091/792 580/1092/799
f 567/1093/794 573/1094/795 574/1072/773
f 571/1070/771 580/1095/796 579/1096/797
f 570/1068/769 579/1096/797 578/1057/758
f 581/1097/751 584/1098/752 583/1099/753
f 583/1100/754 588/1101/755 587/1102/756
f 589/1103/757 598/1104/758 597/1105/759
f 585/1106/760 582/1107/761 581/1108/762
f 583/1109/763 585/1110/764 581/1111/765
f 588/1112/766 582/1113/767 586/1114/768
f 590/1115/769 592/1116/770 591/1117/771
f 585/1118/772 594/1119/773 595/1120/774
f 588/1112/766 592/1121/775 589/1122/798
f 586/1123/777 595/1120/774 596/1124/778
f 596/1125/779 599/1126/780 600/1127/781
f 595/1128/782 598/1129/783 599/1130/784
f 594/1131/785 597/1132/786 598/1133/787
f 588/1134/788 597/1135/789 593/1136/790
f 592/1137/791 596/1138/792 600/1139/799
f 587/1140/794 593/1141/795 594/1119/773
f 591/1117/771 600/1142/796 599/1143/797
f 590/1115/769 599/1143/797 598/1104/758
f 601/1144/751 604/1145/752 603/1146/753
f 603/1147/754 608/1148/755 607/1149/756
f 609/1150/757 618/1151/758 617/1152/759
f 605/1153/760 602/1154/761 601/1155/762
f 603/1156/763 605/1157/764 601/1158/765
f 608/1159/766 602/1160/767 606/1161/768
f 610/1162/769 612/1163/770 611/1164/771
f 605/1165/772 614/1166/773 615/1167/774
f 608/1159/766 612/1168/775 609/1169/798
f 606/1170/777 615/1167/774 616/1171/778
f 616/1172/779 619/1173/780 620/1174/781
f 615/1175/782 618/1176/783 619/1177/784
f 614/1178/785 617/1179/786 618/1180/787
f 608/1181/788 617/1182/789 613/1183/790
f 612/1184/791 616/1185/792 620/1186/799
f 607/1187/794 613/1188/795 614/1166/773
f 611/1164/771 620/1189/796 619/1190/797
f 610/1162/769 619/1190/797 618/1151/758
f 621/1191/751 624/1192/752 623/1193/753
f 623/1194/754 628/1195/755 627/1196/756
f 629/1197/757 638/1198/758 637/1199/759
f 625/1200/760 622/1201/761 621/1202/762
f 623/1203/763 625/1204/764 621/1205/765
f 628/1206/766 622/1207/767 626/1208/768
f 630/1209/800 632/1210/770 631/1211/771
f 625/1212/772 634/1213/773 635/1214/774
f 628/1206/766 632/1215/775 629/1216/776
f 626/1217/777 635/1214/774 636/1218/778
f 636/1219/779 639/1220/780 640/1221/781
f 635/1222/782 638/1223/783 639/1224/784
f 634/1225/785 637/1226/786 638/1227/787
f 628/1228/788 637/1229/789 633/1230/790
f 632/1231/791 636/1232/792 640/1233/799
f 627/1234/801 633/1235/795 634/1213/773
f 631/1211/771 640/1236/796 639/1237/797
f 630/1209/800 639/1237/797 638/1198/758
f 641/1238/751 644/1239/752 643/1240/753
f 643/1241/754 648/1242/755 647/1243/756
f 649/1244/757 658/1245/758 657/1246/759
f 645/1247/760 642/1248/761 641/1249/762
f 643/1250/763 645/1251/764 641/1252/765
f 648/1253/766 642/1254/767 646/1255/768
f 650/1256/800 652/1257/770 651/1258/771
f 645/1259/772 654/1260/773 655/1261/774
f 648/1253/766 652/1262/775 649/1263/776
f 646/1264/777 655/1261/774 656/1265/778
f 656/1266/779 659/1267/780 660/1268/781
f 655/1269/782 658/1270/783 659/1271/784
f 654/1272/785 657/1273/786 658/1274/787
f 648/1275/788 657/1276/789 653/1277/790
f 652/1278/791 656/1279/792 660/1280/799
f 647/1281/801 653/1282/795 654/1260/773
f 651/1258/771 660/1283/796 659/1284/797
f 650/1256/800 659/1284/797 658/1245/758
f 661/1285/751 664/1286/752 663/1287/753
f 663/1288/754 668/1289/755 667/1290/756
f 669/1291/757 678/1292/758 677/1293/759
f 665/1294/760 662/1295/761 661/1296/762
f 663/1297/763 665/1298/764 661/1299/765
f 668/1300/766 662/1301/767 666/1302/768
f 670/1303/800 672/1304/770 671/1305/771
f 665/1306/772 674/1307/773 675/1308/774
f 668/1300/766 672/1309/775 669/1310/776
f 666/1311/777 675/1308/774 676/1312/778
f 676/1313/779 679/1314/780 680/1315/781
f 675/1316/782 678/1317/783 679/1318/784
f 674/1319/785 677/1320/786 678/1321/787
f 668/1322/788 677/1323/789 673/1324/790
f 672/1325/791 676/1326/792 680/1327/799
f 667/1328/801 673/1329/795 674/1307/773
f 671/1305/771 680/1330/796 679/1331/797
f 670/1303/800 679/1331/797 678/1292/758
f 681/1332/751 684/1333/752 683/1334/753
f 683/1335/754 688/1336/755 687/1337/756
f 689/1338/757 698/1339/758 697/1340/802
f 685/1341/760 682/1342/761 681/1343/762
f 683/1344/763 685/1345/764 681/1346/765
f 688/1347/766 682/1348/767 686/1349/768
f 690/1350/800 692/1351/770 691/1352/771
f 685/1353/772 694/1354/773 695/1355/774
f 688/1347/766 692/1356/775 689/1357/776
f 686/1358/777 695/1355/774 696/1359/778
f 696/1360/779 699/1361/780 700/1362/781
f 695/1363/782 698/1364/783 699/1365/784
f 694/1366/785 697/1367/786 698/1368/787
f 688/1369/788 697/1370/803 693/1371/790
f 692/1372/791 696/1373/792 700/1374/799
f 687/1375/801 693/1376/795 694/1354/773
f 691/1352/771 700/1377/796 699/1378/797
f 690/1350/800 699/1378/797 698/1339/758
f 701/1379/751 704/1380/752 703/1381/753
f 703/1382/754 708/1383/755 707/1384/756
f 709/1385/757 718/1386/758 717/1387/759
f 705/1388/760 702/1389/761 701/1390/762
f 703/1391/763 705/1392/764 701/1393/765
f 708/1394/766 702/1395/767 706/1396/768
f 710/1397/800 712/1398/770 711/1399/771
f 705/1400/772 714/1401/773 715/1402/774
f 708/1394/766 712/1403/775 709/1404/776
f 706/1405/777 715/1402/774 716/1406/778
f 716/1407/779 719/1408/780 720/1409/781
f 715/1410/782 718/1411/783 719/1412/784
f 714/1413/785 717/1414/786 718/1415/787
f 708/1416/788 717/1417/789 713/1418/790
f 712/1419/791 716/1420/792 720/1421/799
f 707/1422/794 713/1423/795 714/1401/773
f 711/1399/771 720/1424/796 719/1425/797
f 710/1397/800 719/1425/797 718/1386/758
f 721/1426/751 724/1427/752 723/1428/753
f 723/1429/754 728/1430/755 727/1431/756
f 729/1432/757 738/1433/758 737/1434/802
f 725/1435/760 722/1436/761 721/1437/762
f 723/1438/763 725/1439/764 721/1440/765
f 728/1441/766 722/1442/767 726/1443/768
f 730/1444/800 732/1445/770 731/1446/771
f 725/1447/772 734/1448/773 735/1449/774
f 728/1441/766 732/1450/775 729/1451/776
f 726/1452/777 735/1449/774 736/1453/804
f 736/1454/805 739/1455/780 740/1456/781
f 735/1457/782 738/1458/783 739/1459/784
f 734/1460/785 737/1461/786 738/1462/787
f 728/1463/788 737/1464/803 733/1465/790
f 732/1466/791 736/1467/806 740/1468/793
f 727/1469/801 733/1470/795 734/1448/773
f 731/1446/771 740/1471/796 739/1472/797
f 730/1444/800 739/1472/797 738/1433/758
f 741/1473/807 744/1474/808 743/1475/809
f 743/1476/810 749/1477/811 750/1478/812
f 747/1479/813 746/1480/814 745/1481/815
f 751/1482/816 742/1483/817 741/1484/818
f 743/1485/819 751/1486/820 741/1487/821
f 749/1488/822 742/1489/823 752/1490/824
f 748/1491/825 750/1492/826 749/1493/827
f 747/1479/828 751/1494/829 750/1492/830
f 746/1495/831 749/1488/822 752/1490/824
f 745/1481/815 752/1496/832 751/1494/833
f 805/1497/834 1025/1498/835 1024/1499/835
f 770/1500/20 761/1501/836 771/1502/837
f 871/1503/838 766/1504/839 909/1505/840
f 772/1506/841 754/1507/842 769/1508/12
f 795/1509/843 763/1510/844 753/1511/845
f 852/1512/846 754/1513/847 764/1514/848
f 773/1515/849 762/1516/850 771/1517/851
f 853/1518/852 763/1519/853 815/1520/854
f 872/1521/855 761/1522/856 834/1523/857
f 774/1524/858 764/1525/859 772/1526/860
f 947/1527/861 768/1528/862 776/1529/863
f 890/1530/864 768/1531/865 928/1532/866
f 773/1533/867 765/1534/868 775/1535/869
f 774/1536/870 767/1537/871 776/1538/872
f 758/1539/873 776/1538/872 768/1540/874
f 759/1541/875 775/1535/869 766/1542/876
f 893/1543/877 986/1544/878 953/1545/879
f 757/1546/880 772/1526/860 763/1519/853
f 760/1547/881 771/1517/851 761/1522/856
f 763/1548/882 769/1508/12 753/1549/883
f 755/1550/884 771/1502/837 762/1551/885
f 778/1552/843 999/1553/886 998/1554/886
f 791/1555/843 1012/1556/886 1011/1557/886
f 804/1558/887 1024/1499/835 1023/1559/835
f 777/1560/843 998/1554/886 997/1561/886
f 790/1562/843 1011/1557/886 1010/1563/886
f 803/1564/887 1023/1559/835 1022/1565/835
f 755/1566/888 997/1561/886 995/1567/889
f 789/1568/843 1010/1563/886 1009/1569/886
f 770/1500/20 995/1570/890 994/1571/891
f 802/1572/892 1022/1565/835 1021/1573/835
f 788/1574/843 1009/1569/886 1008/1575/886
f 756/1576/893 994/1571/891 993/1577/894
f 814/1578/887 993/1579/895 992/1580/835
f 801/1581/896 1021/1573/835 1020/1582/835
f 787/1583/843 1008/1575/886 1007/1584/886
f 753/1549/883 990/1585/897 989/1586/898
f 769/1508/12 991/1587/899 990/1585/897
f 800/1588/887 1020/1582/835 1019/1589/835
f 813/1590/887 992/1580/835 1032/1591/835
f 786/1592/843 1007/1584/886 1006/1593/886
f 766/1594/900 929/1595/861 909/1596/901
f 907/1597/877 972/1598/878 967/1599/879
f 908/1600/902 931/1601/861 907/1602/901
f 933/1603/903 975/1604/904 974/1605/905
f 906/1606/902 933/1607/861 905/1608/901
f 944/1609/906 954/1610/907 985/1611/908
f 904/1612/902 935/1613/861 903/1614/901
f 906/1615/909 967/1616/910 966/1617/911
f 902/1618/902 937/1619/861 901/1620/901
f 930/1621/906 968/1622/907 971/1623/908
f 900/1624/902 939/1625/861 899/1626/901
f 892/1627/909 953/1628/910 952/1629/911
f 898/1630/902 941/1631/861 897/1632/901
f 895/1633/877 984/1634/878 955/1635/879
f 896/1636/902 943/1637/861 895/1638/901
f 945/1639/903 987/1640/904 986/1641/905
f 894/1642/902 945/1643/861 893/1644/901
f 909/1645/877 970/1646/878 969/1647/879
f 892/1648/902 947/1527/861 891/1649/901
f 760/1650/912 910/1651/866 765/1652/913
f 872/1653/914 911/1654/866 910/1651/866
f 873/1655/915 912/1656/866 911/1654/866
f 874/1657/916 913/1658/866 912/1656/866
f 875/1659/917 914/1660/866 913/1658/866
f 876/1661/918 915/1662/866 914/1660/866
f 877/1663/919 916/1664/866 915/1662/866
f 878/1665/920 917/1666/866 916/1664/866
f 879/1667/921 918/1668/866 917/1666/866
f 880/1669/922 919/1670/866 918/1668/866
f 881/1671/923 920/1672/866 919/1670/866
f 882/1673/924 921/1674/866 920/1672/866
f 883/1675/925 922/1676/866 921/1674/866
f 884/1677/926 923/1678/866 922/1676/866
f 885/1679/927 924/1680/866 923/1678/866
f 886/1681/928 925/1682/866 924/1680/866
f 887/1683/929 926/1684/866 925/1682/866
f 888/1685/930 927/1686/866 926/1684/866
f 889/1687/931 928/1532/866 927/1686/866
f 775/1688/932 910/1689/933 929/1595/861
f 929/1595/861 911/1690/933 930/1691/934
f 930/1691/934 912/1692/933 931/1601/861
f 931/1601/861 913/1693/933 932/1694/934
f 932/1694/934 914/1695/933 933/1607/861
f 933/1607/861 915/1696/933 934/1697/934
f 934/1697/934 916/1698/933 935/1613/861
f 935/1613/861 917/1699/933 936/1700/934
f 936/1700/934 918/1701/933 937/1619/861
f 937/1619/861 919/1702/933 938/1703/934
f 938/1703/934 920/1704/933 939/1625/861
f 939/1625/861 921/1705/933 940/1706/934
f 940/1706/934 922/1707/933 941/1631/861
f 941/1631/861 923/1708/933 942/1709/934
f 942/1709/934 924/1710/933 943/1637/861
f 943/1637/861 925/1711/933 944/1712/934
f 944/1712/934 926/1713/933 945/1643/861
f 945/1643/861 927/1714/933 946/1715/934
f 946/1715/934 928/1716/933 947/1527/861
f 758/1717/935 852/1718/936 764/1525/859
f 890/1719/937 851/1720/938 852/1718/936
f 889/1721/939 850/1722/940 851/1720/938
f 888/1723/941 849/1724/942 850/1722/940
f 887/1725/943 848/1726/944 849/1724/942
f 886/1727/945 847/1728/946 848/1726/944
f 885/1729/947 846/1730/948 847/1728/946
f 884/1731/949 845/1732/950 846/1730/948
f 883/1733/951 844/1734/952 845/1732/950
f 882/1735/953 843/1736/954 844/1734/952
f 881/1737/955 842/1738/956 843/1736/954
f 880/1739/957 841/1740/958 842/1738/956
f 879/1741/959 840/1742/960 841/1740/958
f 878/1743/961 839/1744/962 840/1742/960
f 877/1745/963 838/1746/964 839/1744/962
f 876/1747/965 837/1748/966 838/1746/964
f 875/1749/967 836/1750/968 837/1748/966
f 874/1751/969 835/1752/970 836/1750/968
f 873/1753/971 834/1523/857 835/1752/970
f 759/1754/972 833/1755/973 762/1516/850
f 871/1756/974 832/1757/975 833/1755/973
f 870/1758/976 831/1759/977 832/1757/975
f 869/1760/978 830/1761/979 831/1759/977
f 868/1762/980 829/1763/981 830/1761/979
f 867/1764/982 828/1765/983 829/1763/981
f 866/1766/984 827/1767/985 828/1765/983
f 865/1768/986 826/1769/987 827/1767/985
f 864/1770/988 825/1771/989 826/1769/987
f 863/1772/990 824/1773/991 825/1771/989
f 862/1774/992 823/1775/993 824/1773/991
f 861/1776/994 822/1777/995 823/1775/993
f 860/1778/996 821/1779/997 822/1777/995
f 859/1780/998 820/1781/999 821/1779/997
f 858/1782/1000 819/1783/1001 820/1781/999
f 857/1784/1002 818/1785/1003 819/1783/1001
f 856/1786/1004 817/1787/1005 818/1785/1003
f 855/1788/1006 816/1789/1007 817/1787/1005
f 854/1790/1008 815/1520/854 816/1789/1007
f 761/1791/1009 814/1578/887 834/1792/1010
f 834/1792/1010 813/1590/887 835/1793/1011
f 835/1793/1011 812/1794/1012 836/1795/1013
f 836/1795/1013 811/1796/1014 837/1797/1015
f 837/1797/1015 810/1798/1012 838/1799/1016
f 838/1799/1016 809/1800/1017 839/1801/1018
f 839/1801/1018 808/1802/1014 840/1803/1019
f 840/1803/1019 807/1804/1012 841/1805/1020
f 841/1805/1020 806/1806/1021 842/1807/1022
f 842/1807/1022 805/1497/834 843/1808/1023
f 843/1808/1023 804/1558/887 844/1809/1024
f 844/1809/1024 803/1564/887 845/1810/1025
f 845/1810/1025 802/1572/892 846/1811/1026
f 846/1811/1026 801/1581/896 847/1812/1027
f 847/1812/1027 800/1588/887 848/1813/1028
f 848/1813/1028 799/1814/1014 849/1815/1029
f 849/1815/1029 798/1816/1030 850/1817/1031
f 850/1817/1031 797/1818/1014 851/1819/1032
f 851/1819/1032 796/1820/1012 852/1512/846
f 755/1566/888 833/1821/1033 777/1560/843
f 777/1560/843 832/1822/1034 778/1552/843
f 778/1552/843 831/1823/1035 779/1824/843
f 779/1824/843 830/1825/1036 780/1826/843
f 780/1826/843 829/1827/1037 781/1828/843
f 781/1828/843 828/1829/1038 782/1830/843
f 782/1830/843 827/1831/1039 783/1832/843
f 783/1832/843 826/1833/1040 784/1834/843
f 784/1834/843 825/1835/1041 785/1836/843
f 785/1836/843 824/1837/1042 786/1592/843
f 786/1592/843 823/1838/1043 787/1583/843
f 787/1583/843 822/1839/1044 788/1574/843
f 788/1574/843 821/1840/1045 789/1568/843
f 789/1568/843 820/1841/1046 790/1562/843
f 790/1562/843 819/1842/1047 791/1555/843
f 791/1555/843 818/1843/1048 792/1844/843
f 792/1844/843 817/1845/1049 793/1846/843
f 793/1846/843 816/1847/1050 794/1848/843
f 794/1848/843 815/1849/1051 795/1509/843
f 757/1850/1052 891/1851/840 767/1852/1053
f 853/1853/1054 892/1627/909 891/1851/840
f 854/1854/1055 893/1855/840 892/1627/909
f 855/1856/1056 894/1857/909 893/1855/840
f 856/1858/1057 895/1859/840 894/1857/909
f 857/1860/1058 896/1861/909 895/1859/840
f 858/1862/1059 897/1863/840 896/1861/909
f 859/1864/1060 898/1865/909 897/1863/840
f 860/1866/1061 899/1867/840 898/1865/909
f 861/1868/1062 900/1869/909 899/1867/840
f 862/1870/1063 901/1871/840 900/1869/909
f 863/1872/1064 902/1873/909 901/1871/840
f 864/1874/1065 903/1875/840 902/1873/909
f 865/1876/1066 904/1877/909 903/1875/840
f 866/1878/1067 905/1879/840 904/1877/909
f 867/1880/1068 906/1615/909 905/1879/840
f 868/1881/1069 907/1882/840 906/1615/909
f 869/1883/1070 908/1884/909 907/1882/840
f 870/1885/1071 909/1505/840 908/1884/909
f 795/1509/843 989/1886/1072 988/1887/886
f 799/1814/1014 1019/1589/835 1018/1888/835
f 812/1794/1012 1032/1591/835 1031/1889/835
f 785/1836/843 1006/1593/886 1005/1890/886
f 798/1816/1030 1018/1888/835 1017/1891/835
f 811/1796/1014 1031/1889/835 1030/1892/835
f 784/1834/843 1005/1890/886 1004/1893/886
f 797/1818/1014 1017/1891/835 1016/1894/835
f 810/1798/1012 1030/1892/835 1029/1895/835
f 783/1832/843 1004/1893/886 1003/1896/886
f 796/1820/1012 1016/1894/835 1015/1897/835
f 809/1800/1017 1029/1895/835 1028/1898/835
f 782/1830/843 1003/1896/886 1002/1899/886
f 754/1513/847 1015/1897/835 991/1900/1073
f 808/1802/1014 1028/1898/835 1027/1901/835
f 781/1828/843 1002/1899/886 1001/1902/886
f 794/1848/843 988/1887/886 1014/1903/886
f 807/1804/1012 1027/1901/835 1026/1904/835
f 780/1826/843 1001/1902/886 1000/1905/886
f 951/1906/1074 948/1907/1075 949/1908/1076
f 969/1909/1074 971/1910/1075 968/1911/1076
f 967/1912/1074 973/1913/1075 966/1914/1076
f 965/1915/1074 975/1916/1075 964/1917/1076
f 963/1918/1074 977/1919/1075 962/1920/1076
f 961/1921/1074 979/1922/1075 960/1923/1076
f 959/1924/1074 981/1925/1075 958/1926/1076
f 957/1927/1074 983/1928/1075 956/1929/1076
f 955/1930/1074 985/1931/1075 954/1932/1076
f 953/1933/1074 987/1934/1075 952/1935/1076
f 894/1857/909 955/1936/910 954/1937/911
f 932/1938/906 966/1939/907 973/1940/908
f 908/1884/909 969/1941/910 968/1942/911
f 946/1943/906 952/1944/907 987/1945/908
f 935/1946/903 977/1947/904 976/1948/905
f 905/1949/877 974/1950/878 965/1951/879
f 891/1952/877 950/1953/878 951/1954/879
f 896/1861/909 957/1955/910 956/1956/911
f 934/1957/906 964/1958/907 975/1959/908
f 937/1960/903 979/1961/904 978/1962/905
f 903/1963/877 976/1964/878 963/1965/879
f 898/1865/909 959/1966/910 958/1967/911
f 936/1968/906 962/1969/907 977/1970/908
f 939/1971/903 981/1972/904 980/1973/905
f 901/1974/877 978/1975/878 961/1976/879
f 900/1869/909 961/1977/910 960/1978/911
f 938/1979/906 960/1980/907 979/1981/908
f 941/1982/903 983/1983/904 982/1984/905
f 899/1985/877 980/1986/878 959/1987/879
f 902/1873/909 963/1988/910 962/1989/911
f 940/1990/906 958/1991/907 981/1992/908
f 929/1993/903 971/1994/904 970/1995/905
f 776/1538/872 949/1996/907 948/1997/908
f 943/1998/903 985/1999/904 984/2000/905
f 897/2001/877 982/2002/878 957/2003/879
f 767/1852/1053 951/2004/910 949/2005/911
f 904/1877/909 965/2006/910 964/2007/911
f 947/2008/903 948/2009/904 950/2010/905
f 942/2011/906 956/2012/907 983/2013/908
f 931/2014/903 973/2015/904 972/2016/905
f 996/2017/1077 993/2018/1078 994/2019/1079
f 997/2020/1080 994/2019/1079 995/2021/1081
f 989/2022/1082 1033/2023/1077 988/2024/1080
f 988/2024/1080 1034/2025/1077 1014/2026/1080
f 1014/2026/1080 1035/2027/1077 1013/2028/1080
f 1013/2028/1080 1036/2029/1077 1012/2030/1080
f 1012/2030/1080 1037/2031/1077 1011/2032/1080
f 1011/2032/1080 1038/2033/1077 1010/2034/1080
f 1010/2034/1080 1039/2035/1077 1009/2036/1080
f 1009/2036/1080 1040/2037/1077 1008/2038/1080
f 1008/2038/1080 1041/2039/1077 1007/2040/1080
f 1007/2040/1080 1042/2041/1077 1006/2042/1080
f 1006/2042/1080 1043/2043/1077 1005/2044/1080
f 1005/2044/1080 1044/2045/1077 1004/2046/1080
f 1004/2046/1080 1045/2047/1077 1003/2048/1080
f 1003/2048/1080 1046/2049/1077 1002/2050/1080
f 1002/2050/1080 1047/2051/1077 1001/2052/1080
f 1001/2052/1080 1048/2053/1077 1000/2054/1080
f 1000/2054/1080 1049/2055/1077 999/2056/1080
f 999/2056/1080 1050/2057/1077 998/2058/1080
f 998/2058/1080 996/2017/1077 997/2020/1080
f 990/2059/1083 1015/2060/1084 1033/2023/1077
f 1033/2023/1077 1016/2061/1084 1034/2025/1077
f 1034/2025/1077 1017/2062/1084 1035/2027/1077
f 1035/2027/1077 1018/2063/1084 1036/2029/1077
f 1036/2029/1077 1019/2064/1084 1037/2031/1077
f 1037/2031/1077 1020/2065/1084 1038/2033/1077
f 1038/2033/1077 1021/2066/1084 1039/2035/1077
f 1039/2035/1077 1022/2067/1084 1040/2037/1077
f 1040/2037/1077 1023/2068/1084 1041/2039/1077
f 1041/2039/1077 1024/2069/1084 1042/2041/1077
f 1042/2041/1077 1025/2070/1084 1043/2043/1077
f 1043/2043/1077 1026/2071/1084 1044/2045/1077
f 1044/2045/1077 1027/2072/1084 1045/2047/1077
f 1045/2047/1077 1028/2073/1084 1046/2049/1077
f 1046/2049/1077 1029/2074/1084 1047/2051/1077
f 1047/2051/1077 1030/2075/1084 1048/2053/1077
f 1048/2053/1077 1031/2076/1084 1049/2055/1077
f 1049/2055/1077 1032/2077/1084 1050/2057/1077
f 1050/2057/1077 992/2078/1084 996/2017/1077
f 792/1844/843 1013/2079/886 1012/1556/886
f 779/1824/843 1000/1905/886 999/1553/886
f 806/1806/1021 1026/1904/835 1025/1498/835
f 793/1846/843 1014/1903/886 1013/2079/886
f 1147/2080/1085 1054/2081/1086 1060/2082/1087
f 1132/2083/1088 1056/2084/1089 1051/2085/1090
f 1130/2086/1091 1055/2087/1092 1057/2088/1093
f 1146/2089/416 1056/2090/1094 1132/2091/1095
f 1130/2092/1096 1058/2093/1097 1089/2094/1098
f 1116/2095/1099 1056/2096/1100 1088/2097/1101
f 1102/2098/1102 1052/2099/1103 1059/2100/1104
f 1058/2101/1105 1116/2095/1106 1089/2102/1102
f 1089/2102/1102 1115/2103/1106 1090/2104/1102
f 1090/2104/1102 1114/2105/1106 1091/2106/1102
f 1091/2106/1102 1113/2107/1106 1092/2108/1102
f 1092/2108/1102 1112/2109/1106 1093/2110/1102
f 1093/2110/1102 1111/2111/1106 1094/2112/1102
f 1094/2112/1102 1110/2113/1106 1095/2114/1102
f 1095/2114/1102 1109/2115/1106 1096/2116/1102
f 1096/2116/1102 1108/2117/1106 1097/2118/1102
f 1097/2118/1102 1107/2119/1106 1098/2120/1102
f 1098/2120/1102 1106/2121/1106 1099/2122/1102
f 1099/2122/1102 1105/2123/1106 1100/2124/1102
f 1100/2124/1102 1104/2125/1106 1101/2126/1102
f 1101/2126/1102 1103/2127/1106 1102/2098/1102
f 1052/2099/1107 1075/2128/1101 1053/2129/1108
f 1103/2127/1099 1076/2130/1101 1075/2128/1101
f 1104/2125/1099 1077/2131/1101 1076/2130/1101
f 1105/2123/1099 1078/2132/1101 1077/2131/1101
f 1106/2121/1099 1079/2133/1101 1078/2132/1101
f 1107/2119/1099 1080/2134/1101 1079/2133/1101
f 1108/2117/1099 1081/2135/1101 1080/2134/1101
f 1109/2115/1099 1082/2136/1101 1081/2135/1101
f 1110/2113/1099 1083/2137/1101 1082/2136/1101
f 1111/2111/1099 1084/2138/1101 1083/2137/1101
f 1112/2109/1099 1085/2139/1101 1084/2138/1101
f 1113/2107/1099 1086/2140/1101 1085/2139/1101
f 1114/2105/1099 1087/2141/1101 1086/2140/1101
f 1115/2103/1099 1088/2097/1101 1087/2141/1101
f 1060/2142/1109 1102/2143/1098 1059/2144/1110
f 1117/2145/1096 1101/2146/1098 1102/2143/1098
f 1118/2147/1096 1100/2148/1098 1101/2146/1098
f 1119/2149/1096 1099/2150/1098 1100/2148/1098
f 1120/2151/1096 1098/2152/1098 1099/2150/1098
f 1121/2153/1096 1097/2154/1098 1098/2152/1098
f 1122/2155/1096 1096/2156/1098 1097/2154/1098
f 1123/2157/1096 1095/2158/1098 1096/2156/1098
f 1124/2159/1096 1094/2160/1098 1095/2158/1098
f 1125/2161/1096 1093/2162/1098 1094/2160/1098
f 1126/2163/1096 1092/2164/1098 1093/2162/1098
f 1127/2165/1096 1091/2166/1098 1092/2164/1098
f 1128/2167/1096 1090/2168/1098 1091/2166/1098
f 1129/2169/1096 1089/2094/1098 1090/2168/1098
f 1131/2170/1111 1075/2171/1112 1133/2172/416
f 1133/2172/416 1076/2173/1112 1134/2174/1113
f 1134/2174/1113 1077/2175/1112 1135/2176/1114
f 1135/2176/1114 1078/2177/1112 1136/2178/1113
f 1136/2178/1113 1079/2179/1112 1137/2180/1114
f 1137/2180/1114 1080/2181/1112 1138/2182/1113
f 1138/2182/1113 1081/2183/1112 1139/2184/1114
f 1139/2184/1114 1082/2185/1112 1140/2186/1113
f 1140/2186/1113 1083/2187/1112 1141/2188/1114
f 1141/2188/1114 1084/2189/1112 1142/2190/1113
f 1142/2190/1113 1085/2191/1112 1143/2192/1114
f 1143/2192/1114 1086/2193/1112 1144/2194/1113
f 1144/2194/1113 1087/2195/1112 1145/2196/1114
f 1145/2196/1114 1088/2197/1112 1146/2089/416
f 1060/2198/1115 1074/2199/1116 1117/2200/1091
f 1117/2200/1091 1073/2201/1116 1118/2202/1091
f 1118/2202/1091 1072/2203/1116 1119/2204/1091
f 1119/2204/1091 1071/2205/1116 1120/2206/1091
f 1120/2206/1091 1070/2207/1116 1121/2208/1091
f 1121/2208/1091 1069/2209/1116 1122/2210/1091
f 1122/2210/1091 1068/2211/1116 1123/2212/1091
f 1123/2212/1091 1067/2213/1116 1124/2214/1091
f 1124/2214/1091 1066/2215/1116 1125/2216/1091
f 1125/2216/1091 1065/2217/1116 1126/2218/1091
f 1126/2218/1091 1064/2219/1116 1127/2220/1091
f 1127/2220/1091 1063/2221/1116 1128/2222/1091
f 1128/2222/1091 1062/2223/1116 1129/2224/1091
f 1129/2224/1091 1061/2225/1116 1130/2086/1091
f 1161/2226/1117 1146/2089/416 1162/2227/416
f 1141/2228/1118 1182/2229/1119 1168/2230/1120
f 1159/2231/1117 1144/2194/1113 1160/2232/1121
f 1156/2233/1122 1167/2234/1123 1181/2235/1124
f 1157/2236/1117 1142/2190/1113 1158/2237/1121
f 1136/2238/1125 1172/2239/1126 1171/2240/1127
f 1155/2241/1117 1140/2186/1113 1156/2242/1121
f 1144/2243/1125 1164/2244/1126 1163/2245/1127
f 1153/2246/1117 1138/2182/1113 1154/2247/1121
f 1155/2248/1128 1179/2249/1129 1180/2250/1130
f 1151/2251/1117 1136/2178/1113 1152/2252/1121
f 1139/2253/1118 1180/2254/1119 1170/2255/1120
f 1149/2256/416 1134/2174/1113 1150/2257/1121
f 1147/2258/1131 1133/2172/416 1149/2256/416
f 1162/2227/416 1132/2091/1095 1148/2259/1132
f 1061/2260/1133 1148/2259/1132 1055/2261/1134
f 1054/2262/1135 1149/2256/416 1074/2263/1133
f 1074/2263/1133 1150/2257/1121 1073/2264/1133
f 1073/2264/1133 1151/2251/1117 1072/2265/1133
f 1072/2265/1133 1152/2252/1121 1071/2266/1133
f 1071/2266/1133 1153/2246/1117 1070/2267/1133
f 1070/2267/1133 1154/2247/1121 1069/2268/1133
f 1069/2268/1133 1155/2241/1117 1068/2269/1133
f 1068/2269/1133 1156/2242/1121 1067/2270/1133
f 1067/2270/1133 1157/2236/1117 1066/2271/1133
f 1066/2271/1133 1158/2237/1121 1065/2272/1133
f 1065/2272/1133 1159/2231/1117 1064/2273/1133
f 1064/2273/1133 1160/2232/1121 1063/2274/1133
f 1063/2274/1133 1161/2226/1117 1062/2275/1133
f 1062/2275/1133 1162/2227/416 1061/2260/1133
f 1185/2276/1136 1164/2277/1137 1186/2278/1138
f 1183/2279/1136 1166/2280/1137 1184/2281/1138
f 1181/2282/1136 1168/2283/1137 1182/2284/1138
f 1179/2285/1136 1170/2286/1137 1180/2287/1138
f 1177/2288/1136 1172/2289/1137 1178/2290/1138
f 1175/2291/1136 1174/2292/1137 1176/2293/1138
f 1157/2294/1128 1181/2295/1129 1182/2296/1130
f 1142/2297/1125 1166/2298/1126 1165/2299/1127
f 1150/2300/1122 1173/2301/1123 1175/2302/1124
f 1134/2303/1125 1174/2304/1126 1173/2305/1127
f 1158/2306/1122 1165/2307/1123 1183/2308/1124
f 1135/2309/1118 1176/2310/1119 1174/2311/1120
f 1151/2312/1128 1175/2313/1129 1176/2314/1130
f 1143/2315/1118 1184/2316/1119 1166/2317/1120
f 1159/2318/1128 1183/2319/1129 1184/2320/1130
f 1140/2321/1125 1168/2322/1126 1167/2323/1127
f 1152/2324/1122 1171/2325/1123 1177/2326/1124
f 1160/2327/1122 1163/2328/1123 1185/2329/1124
f 1137/2330/1118 1178/2331/1119 1172/2332/1120
f 1153/2333/1128 1177/2334/1129 1178/2335/1130
f 1145/2336/1118 1186/2337/1119 1164/2338/1120
f 1161/2339/1128 1185/2340/1129 1186/2341/1130
f 1138/2342/1125 1170/2343/1126 1169/2344/1127
f 1154/2345/1122 1169/2346/1123 1179/2347/1124
f 1187/2348/1139 1190/2349/1140 1189/2350/1141
f 1189/2350/1141 1192/2351/1142 1191/2352/1143
f 1191/2352/1143 1194/2353/1144 1193/2354/1145
f 1193/2354/1145 1196/2355/1146 1195/2356/1147
f 1195/2357/1147 1198/2358/1148 1197/2359/1149
f 1197/2359/1149 1200/2360/1150 1199/2361/1151
f 1199/2361/1151 1202/2362/1152 1201/2363/1153
f 1201/2363/1153 1204/2364/1154 1203/2365/1155
f 1203/2365/1155 1206/2366/1156 1205/2367/1157
f 1205/2367/1157 1208/2368/1158 1207/2369/1159
f 1207/2369/1159 1210/2370/1160 1209/2371/1161
f 1209/2371/1161 1212/2372/1162 1211/2373/1163
f 1211/2374/1163 1214/2375/1164 1213/2376/1165
f 1213/2376/1165 1216/2377/1166 1215/2378/1167
f 1215/2378/1167 1218/2379/1168 1217/2380/1169
f 1217/2380/1169 1220/2381/1170 1219/2382/1171
f 1219/2382/1171 1222/2383/1172 1221/2384/1173
f 1221/2384/1173 1224/2385/1174 1223/2386/1175
f 1223/2386/1175 1226/2387/1176 1225/2388/1177
f 1225/2388/1177 1228/2389/1178 1227/2390/1179
f 1227/2391/1179 1230/2392/1180 1229/2393/1181
f 1229/2393/1181 1232/2394/1182 1231/2395/1183
f 1231/2395/1183 1234/2396/1184 1233/2397/1185
f 1233/2397/1185 1236/2398/1186 1235/2399/1187
f 1235/2399/1187 1238/2400/1188 1237/2401/1189
f 1237/2401/1189 1240/2402/1190 1239/2403/1191
f 1239/2403/1191 1242/2404/1192 1241/2405/1193
f 1241/2405/1193 1244/2406/1194 1243/2407/1195
f 1243/2408/1195 1246/2409/1196 1245/2410/1197
f 1245/2410/1197 1248/2411/1198 1247/2412/1199
f 1218/2413/1200 1280/2413/1201 1282/2413/1201
f 1247/2412/1199 1250/2414/1202 1249/2415/1203
f 1249/2415/1203 1188/2416/1204 1187/2348/1139
f 1233/2417/1205 1299/2417/1201 1297/2417/1201
f 1263/2417/1201 1329/2417/1206 1327/2417/1207
f 1289/2417/1201 1355/2417/1208 1353/2417/1209
f 1236/2413/1210 1298/2413/1201 1300/2413/1201
f 1199/2417/1211 1265/2417/1201 1263/2417/1201
f 1217/2417/1212 1283/2417/1201 1281/2417/1201
f 1202/2413/1213 1264/2413/1201 1266/2413/1201
f 1235/2417/1214 1301/2417/1201 1299/2417/1201
f 1220/2413/1215 1282/2413/1201 1284/2413/1201
f 1238/2413/1216 1300/2413/1201 1302/2413/1201
f 1201/2417/1217 1267/2417/1201 1265/2417/1201
f 1219/2417/1218 1285/2417/1201 1283/2417/1201
f 1204/2413/1219 1266/2413/1201 1268/2413/1201
f 1237/2417/1220 1303/2417/1201 1301/2417/1201
f 1222/2413/1221 1284/2413/1201 1286/2413/1201
f 1240/2413/1222 1302/2413/1201 1304/2413/1201
f 1203/2417/1223 1269/2417/1201 1267/2417/1201
f 1221/2417/1224 1287/2417/1201 1285/2417/1201
f 1206/2413/1225 1268/2413/1201 1270/2413/1201
f 1187/2417/1139 1252/2417/1201 1251/2417/1201
f 1239/2417/1226 1305/2417/1201 1303/2417/1201
f 1224/2413/1227 1286/2413/1201 1288/2413/1201
f 1190/2413/1140 1254/2413/1201 1253/2413/1201
f 1242/2413/1228 1304/2413/1201 1306/2413/1201
f 1205/2417/1229 1271/2417/1201 1269/2417/1201
f 1223/2417/1230 1289/2417/1201 1287/2417/1201
f 1208/2413/1231 1270/2413/1201 1272/2413/1201
f 1241/2417/1232 1307/2417/1201 1305/2417/1201
f 1226/2413/1233 1288/2413/1201 1290/2413/1201
f 1189/2417/1141 1255/2417/1201 1252/2417/1201
f 1244/2413/1234 1306/2413/1201 1308/2413/1201
f 1207/2417/1235 1273/2417/1201 1271/2417/1201
f 1192/2413/1142 1253/2413/1201 1256/2413/1201
f 1225/2417/1236 1291/2417/1201 1289/2417/1201
f 1210/2413/1237 1272/2413/1201 1274/2413/1201
f 1243/2417/1238 1309/2417/1201 1307/2417/1201
f 1228/2413/1239 1290/2413/1201 1292/2413/1201
f 1191/2417/1143 1257/2417/1201 1255/2417/1201
f 1246/2413/1196 1308/2413/1201 1310/2413/1201
f 1209/2417/1240 1275/2417/1201 1273/2417/1201
f 1194/2413/1144 1256/2413/1201 1258/2413/1201
f 1227/2417/1241 1293/2417/1201 1291/2417/1201
f 1212/2413/1242 1274/2413/1201 1276/2413/1201
f 1245/2417/1197 1311/2417/1201 1309/2417/1201
f 1230/2413/1243 1292/2413/1201 1294/2413/1201
f 1193/2417/1145 1259/2417/1201 1257/2417/1201
f 1248/2413/1198 1310/2413/1201 1312/2413/1201
f 1211/2417/1244 1277/2417/1201 1275/2417/1201
f 1196/2413/1245 1258/2413/1201 1260/2413/1201
f 1229/2417/1246 1295/2417/1201 1293/2417/1201
f 1214/2413/1247 1276/2413/1201 1278/2413/1201
f 1247/2417/1199 1313/2417/1201 1311/2417/1201
f 1232/2413/1248 1294/2413/1201 1296/2413/1201
f 1195/2417/1249 1261/2417/1201 1259/2417/1201
f 1250/2413/1202 1312/2413/1201 1314/2413/1201
f 1213/2417/1250 1279/2417/1201 1277/2417/1201
f 1198/2413/1251 1260/2413/1201 1262/2413/1201
f 1231/2417/1252 1297/2417/1201 1295/2417/1201
f 1216/2413/1253 1278/2413/1201 1280/2413/1201
f 1249/2417/1203 1251/2417/1201 1313/2417/1201
f 1234/2413/1254 1296/2413/1201 1298/2413/1201
f 1197/2417/1255 1263/2417/1201 1261/2417/1201
f 1188/2413/1204 1314/2413/1201 1254/2413/1201
f 1215/2417/1256 1281/2417/1201 1279/2417/1201
f 1200/2413/1257 1262/2413/1201 1264/2413/1201
f 1330/2418/1258 1392/2419/1259 1394/2420/1260
f 1356/2421/1261 1418/2422/1262 1420/2423/1263
f 1292/2413/1201 1354/2413/1264 1356/2413/1265
f 1266/2413/1201 1328/2413/1266 1330/2413/1267
f 1291/2417/1201 1357/2417/1268 1355/2417/1208
f 1265/2417/1201 1331/2417/1269 1329/2417/1206
f 1294/2413/1201 1356/2413/1265 1358/2413/1270
f 1268/2413/1201 1330/2413/1267 1332/2413/1271
f 1293/2417/1201 1359/2417/1272 1357/2417/1268
f 1267/2417/1201 1333/2417/1273 1331/2417/1269
f 1296/2413/1201 1358/2413/1270 1360/2413/1274
f 1270/2413/1201 1332/2413/1271 1334/2413/1275
f 1295/2417/1201 1361/2417/1276 1359/2417/1272
f 1269/2417/1201 1335/2417/1277 1333/2417/1273
f 1298/2413/1201 1360/2413/1274 1362/2413/1278
f 1272/2413/1201 1334/2413/1275 1336/2413/1279
f 1297/2417/1201 1363/2417/1280 1361/2417/1276
f 1271/2417/1201 1337/2417/1281 1335/2417/1277
f 1300/2413/1201 1362/2413/1278 1364/2413/1282
f 1274/2413/1201 1336/2413/1279 1338/2413/1283
f 1299/2417/1201 1365/2417/1284 1363/2417/1280
f 1273/2417/1201 1339/2417/1285 1337/2417/1281
f 1302/2413/1201 1364/2413/1282 1366/2413/1286
f 1276/2413/1201 1338/2413/1283 1340/2413/1287
f 1301/2417/1201 1367/2417/1288 1365/2417/1284
f 1275/2417/1201 1341/2417/1289 1339/2417/1285
f 1304/2413/1201 1366/2413/1286 1368/2413/1289
f 1278/2413/1201 1340/2413/1287 1342/2413/1290
f 1303/2417/1201 1369/2417/1291 1367/2417/1288
f 1277/2417/1201 1343/2417/1292 1341/2417/1289
f 1251/2417/1201 1316/2417/1293 1315/2417/1294
f 1306/2413/1201 1368/2413/1289 1370/2413/1295
f 1280/2413/1201 1342/2413/1290 1344/2413/1293
f 1253/2413/1201 1318/2413/1296 1317/2413/1297
f 1305/2417/1201 1371/2417/1234 1369/2417/1291
f 1279/2417/1201 1345/2417/1298 1343/2417/1292
f 1252/2417/1201 1319/2417/1299 1316/2417/1293
f 1308/2413/1201 1370/2413/1295 1372/2413/1298
f 1282/2413/1201 1344/2413/1293 1346/2413/1299
f 1256/2413/1201 1317/2413/1297 1320/2413/1300
f 1307/2417/1201 1373/2417/1301 1371/2417/1234
f 1281/2417/1201 1347/2417/1302 1345/2417/1298
f 1255/2417/1201 1321/2417/1303 1319/2417/1299
f 1310/2413/1201 1372/2413/1298 1374/2413/1304
f 1284/2413/1201 1346/2413/1299 1348/2413/1305
f 1258/2413/1201 1320/2413/1300 1322/2413/1306
f 1309/2417/1201 1375/2417/1307 1373/2417/1301
f 1283/2417/1201 1349/2417/1308 1347/2417/1302
f 1257/2417/1201 1323/2417/1309 1321/2417/1303
f 1312/2413/1201 1374/2413/1304 1376/2413/1308
f 1286/2413/1201 1348/2413/1305 1350/2413/1309
f 1260/2413/1201 1322/2413/1306 1324/2413/1310
f 1311/2417/1201 1377/2417/1287 1375/2417/1307
f 1285/2417/1201 1351/2417/1311 1349/2417/1308
f 1259/2417/1201 1325/2417/1312 1323/2417/1309
f 1314/2413/1201 1376/2413/1308 1378/2413/1311
f 1288/2413/1201 1350/2413/1309 1352/2413/1313
f 1262/2413/1201 1324/2413/1310 1326/2413/1314
f 1313/2417/1201 1315/2417/1294 1377/2417/1287
f 1287/2417/1201 1353/2417/1209 1351/2417/1311
f 1261/2417/1201 1327/2417/1207 1325/2417/1312
f 1254/2413/1201 1378/2413/1311 1318/2413/1296
f 1290/2413/1201 1352/2413/1313 1354/2413/1264
f 1264/2413/1201 1326/2413/1314 1328/2413/1266
f 1384/2424/1315 1432/2425/1316 1416/2426/1317
f 1409/2427/1318 1425/2428/1319 1441/2429/1320
f 1355/2430/1321 1421/2431/1322 1419/2432/1323
f 1329/2433/1324 1395/2434/1325 1393/2435/1326
f 1358/2436/1327 1420/2423/1263 1422/2437/1328
f 1332/2438/1329 1394/2420/1260 1396/2439/1330
f 1357/2440/1331 1423/2441/1332 1421/2431/1322
f 1331/2442/1333 1397/2443/1334 1395/2434/1325
f 1360/2444/1335 1422/2437/1328 1424/2445/1336
f 1334/2446/1337 1396/2439/1330 1398/2447/1338
f 1359/2448/1339 1425/2428/1319 1423/2441/1332
f 1333/2449/1340 1399/2450/1341 1397/2443/1334
f 1362/2451/1342 1424/2445/1336 1426/2452/1343
f 1336/2453/1344 1398/2447/1338 1400/2454/1345
f 1361/2455/1346 1427/2456/1347 1425/2428/1319
f 1335/2457/1348 1401/2458/1349 1399/2450/1341
f 1364/2459/1350 1426/2452/1343 1428/2460/1351
f 1338/2461/1352 1400/2454/1345 1402/2462/1353
f 1363/2463/1354 1429/2464/1355 1427/2456/1347
f 1337/2465/1356 1403/2466/1357 1401/2458/1349
f 1366/2467/1358 1428/2460/1351 1430/2468/1359
f 1340/2469/1360 1402/2462/1353 1404/2470/1361
f 1365/2471/1362 1431/2472/1363 1429/2464/1355
f 1339/2473/1364 1405/2474/1365 1403/2466/1357
f 1368/2475/1366 1430/2468/1359 1432/2425/1316
f 1342/2476/1367 1404/2470/1361 1406/2477/1368
f 1367/2478/1369 1433/2479/1370 1431/2472/1363
f 1341/2480/1371 1407/2481/1372 1405/2474/1365
f 1315/2482/1373 1380/2483/1374 1379/2484/1375
f 1370/2485/1376 1432/2425/1316 1434/2486/1377
f 1344/2487/1378 1406/2477/1368 1408/2488/1379
f 1317/2489/1380 1382/2490/1381 1381/2491/1382
f 1369/2492/1383 1435/2493/1384 1433/2479/1370
f 1343/2494/1385 1409/2427/1318 1407/2481/1372
f 1316/2495/1386 1383/2496/1387 1380/2483/1374
f 1372/2497/1388 1434/2486/1377 1436/2498/1389
f 1346/2499/1390 1408/2488/1379 1410/2500/1391
f 1320/2501/1392 1381/2491/1382 1384/2424/1315
f 1371/2502/1393 1437/2503/1394 1435/2493/1384
f 1345/2504/1395 1411/2505/1396 1409/2427/1318
f 1319/2506/1397 1385/2507/1398 1383/2496/1387
f 1374/2508/1399 1436/2498/1389 1438/2509/1400
f 1348/2510/1401 1410/2500/1391 1412/2511/1402
f 1322/2512/1403 1384/2424/1315 1386/2513/1404
f 1373/2514/1405 1439/2515/1406 1437/2503/1394
f 1347/2516/1407 1413/2517/1408 1411/2505/1396
f 1321/2518/1409 1387/2519/1410 1385/2507/1398
f 1376/2520/1411 1438/2509/1400 1440/2521/1412
f 1350/2522/1413 1412/2511/1402 1414/2523/1414
f 1324/2524/1415 1386/2513/1404 1388/2525/1416
f 1375/2526/1417 1441/2429/1320 1439/2515/1406
f 1349/2527/1418 1415/2528/1419 1413/2517/1408
f 1323/2529/1420 1389/2530/1421 1387/2519/1410
f 1378/2531/1422 1440/2521/1412 1442/2532/1423
f 1352/2533/1424 1414/2523/1414 1416/2426/1317
f 1326/2534/1425 1388/2525/1416 1390/2535/1426
f 1377/2536/1427 1379/2484/1375 1441/2429/1320
f 1351/2537/1428 1417/2538/1429 1415/2528/1419
f 1325/2539/1430 1391/2540/1431 1389/2530/1421
f 1318/2541/1432 1442/2532/1423 1382/2490/1381
f 1354/2542/1433 1416/2426/1317 1418/2422/1262
f 1328/2543/1434 1390/2535/1426 1392/2419/1259
f 1353/2544/1435 1419/2432/1323 1417/2538/1429
f 1327/2545/1436 1393/2435/1326 1391/2540/1431
f 1443/2546/1139 1446/2547/1140 1445/2548/1141
f 1445/2548/1141 1448/2549/1142 1447/2550/1143
f 1447/2550/1143 1450/2551/1144 1449/2552/1437
f 1449/2552/1437 1452/2553/1438 1451/2554/1147
f 1451/2555/1147 1454/2556/1148 1453/2557/1149
f 1453/2557/1149 1456/2558/1150 1455/2559/1151
f 1455/2559/1151 1458/2560/1152 1457/2561/1153
f 1457/2561/1153 1460/2562/1154 1459/2563/1155
f 1459/2563/1155 1462/2564/1156 1461/2565/1157
f 1461/2565/1157 1464/2566/1158 1463/2567/1159
f 1463/2567/1159 1466/2568/1160 1465/2569/1161
f 1465/2569/1161 1468/2570/1162 1467/2571/1163
f 1467/2572/1163 1470/2573/1439 1469/2574/1440
f 1469/2574/1440 1472/2575/1166 1471/2576/1167
f 1471/2576/1167 1474/2577/1168 1473/2578/1169
f 1473/2578/1169 1476/2579/1170 1475/2580/1171
f 1475/2580/1171 1478/2581/1172 1477/2582/1173
f 1477/2582/1173 1480/2583/1174 1479/2584/1175
f 1479/2584/1175 1482/2585/1176 1481/2586/1177
f 1481/2586/1177 1484/2587/1441 1483/2588/1179
f 1483/2589/1179 1486/2590/1180 1485/2591/1181
f 1485/2591/1181 1488/2592/1182 1487/2593/1183
f 1487/2593/1183 1490/2594/1184 1489/2595/1185
f 1489/2595/1185 1492/2596/1186 1491/2597/1187
f 1491/2597/1187 1494/2598/1188 1493/2599/1189
f 1493/2599/1189 1496/2600/1190 1495/2601/1191
f 1495/2601/1191 1498/2602/1192 1497/2603/1193
f 1497/2603/1193 1500/2604/1194 1499/2605/1195
f 1499/2606/1195 1502/2607/1442 1501/2608/1197
f 1501/2608/1197 1504/2609/1198 1503/2610/1199
f 1474/2611/1443 1536/2611/1201 1538/2611/1201
f 1503/2610/1199 1506/2612/1202 1505/2613/1203
f 1505/2613/1203 1444/2614/1204 1443/2546/1139
f 1489/2615/1444 1555/2615/1201 1553/2615/1201
f 1519/2615/1201 1585/2615/1206 1583/2615/1445
f 1545/2615/1201 1611/2615/1208 1609/2615/1446
f 1492/2611/1447 1554/2611/1201 1556/2611/1201
f 1455/2615/1448 1521/2615/1201 1519/2615/1201
f 1473/2615/1449 1539/2615/1201 1537/2615/1201
f 1458/2611/1450 1520/2611/1201 1522/2611/1201
f 1491/2615/1451 1557/2615/1201 1555/2615/1201
f 1476/2611/1452 1538/2611/1201 1540/2611/1201
f 1494/2611/1453 1556/2611/1201 1558/2611/1201
f 1457/2615/1454 1523/2615/1201 1521/2615/1201
f 1475/2615/1455 1541/2615/1201 1539/2615/1201
f 1460/2611/1456 1522/2611/1201 1524/2611/1201
f 1493/2615/1457 1559/2615/1201 1557/2615/1201
f 1478/2611/1458 1540/2611/1201 1542/2611/1201
f 1496/2611/1459 1558/2611/1201 1560/2611/1201
f 1459/2615/1460 1525/2615/1201 1523/2615/1201
f 1477/2615/1461 1543/2615/1201 1541/2615/1201
f 1462/2611/1462 1524/2611/1201 1526/2611/1201
f 1443/2615/1139 1508/2615/1201 1507/2615/1201
f 1495/2615/1463 1561/2615/1201 1559/2615/1201
f 1480/2611/1464 1542/2611/1201 1544/2611/1201
f 1446/2611/1140 1510/2611/1201 1509/2611/1201
f 1498/2611/1465 1560/2611/1201 1562/2611/1201
f 1461/2615/1466 1527/2615/1201 1525/2615/1201
f 1479/2615/1467 1545/2615/1201 1543/2615/1201
f 1464/2611/1468 1526/2611/1201 1528/2611/1201
f 1497/2615/1469 1563/2615/1201 1561/2615/1201
f 1482/2611/1470 1544/2611/1201 1546/2611/1201
f 1445/2615/1141 1511/2615/1201 1508/2615/1201
f 1500/2611/1471 1562/2611/1201 1564/2611/1201
f 1463/2615/1472 1529/2615/1201 1527/2615/1201
f 1448/2611/1142 1509/2611/1201 1512/2611/1201
f 1481/2615/1473 1547/2615/1201 1545/2615/1201
f 1466/2611/1474 1528/2611/1201 1530/2611/1201
f 1499/2615/1475 1565/2615/1201 1563/2615/1201
f 1484/2611/1476 1546/2611/1201 1548/2611/1201
f 1447/2615/1143 1513/2615/1201 1511/2615/1201
f 1502/2611/1442 1564/2611/1201 1566/2611/1201
f 1465/2615/1477 1531/2615/1201 1529/2615/1201
f 1450/2611/1144 1512/2611/1201 1514/2611/1201
f 1483/2615/1478 1549/2615/1201 1547/2615/1201
f 1468/2611/1479 1530/2611/1201 1532/2611/1201
f 1501/2615/1197 1567/2615/1201 1565/2615/1201
f 1486/2611/1480 1548/2611/1201 1550/2611/1201
f 1449/2615/1437 1515/2615/1201 1513/2615/1201
f 1504/2611/1198 1566/2611/1201 1568/2611/1201
f 1467/2615/1481 1533/2615/1201 1531/2615/1201
f 1452/2611/1482 1514/2611/1201 1516/2611/1201
f 1485/2615/1483 1551/2615/1201 1549/2615/1201
f 1470/2611/1484 1532/2611/1201 1534/2611/1201
f 1503/2615/1199 1569/2615/1201 1567/2615/1201
f 1488/2611/1485 1550/2611/1201 1552/2611/1201
f 1451/2615/1486 1517/2615/1201 1515/2615/1201
f 1506/2611/1202 1568/2611/1201 1570/2611/1201
f 1469/2615/1487 1535/2615/1201 1533/2615/1201
f 1454/2611/1488 1516/2611/1201 1518/2611/1201
f 1487/2615/1489 1553/2615/1201 1551/2615/1201
f 1472/2611/1490 1534/2611/1201 1536/2611/1201
f 1505/2615/1203 1507/2615/1201 1569/2615/1201
f 1490/2611/1491 1552/2611/1201 1554/2611/1201
f 1453/2615/1492 1519/2615/1201 1517/2615/1201
f 1444/2611/1204 1570/2611/1201 1510/2611/1201
f 1471/2615/1493 1537/2615/1201 1535/2615/1201
f 1456/2611/1494 1518/2611/1201 1520/2611/1201
f 1586/2616/1258 1648/2617/1259 1650/2618/1260
f 1612/2619/1261 1674/2620/1262 1676/2621/1263
f 1548/2611/1201 1610/2611/1264 1612/2611/1265
f 1522/2611/1201 1584/2611/1266 1586/2611/1267
f 1547/2615/1201 1613/2615/1268 1611/2615/1208
f 1521/2615/1201 1587/2615/1269 1585/2615/1206
f 1550/2611/1201 1612/2611/1265 1614/2611/1270
f 1524/2611/1201 1586/2611/1267 1588/2611/1271
f 1549/2615/1201 1615/2615/1272 1613/2615/1268
f 1523/2615/1201 1589/2615/1273 1587/2615/1269
f 1552/2611/1201 1614/2611/1270 1616/2611/1274
f 1526/2611/1201 1588/2611/1271 1590/2611/1275
f 1551/2615/1201 1617/2615/1276 1615/2615/1272
f 1525/2615/1201 1591/2615/1277 1589/2615/1273
f 1554/2611/1201 1616/2611/1274 1618/2611/1278
f 1528/2611/1201 1590/2611/1275 1592/2611/1279
f 1553/2615/1201 1619/2615/1280 1617/2615/1276
f 1527/2615/1201 1593/2615/1281 1591/2615/1277
f 1556/2611/1201 1618/2611/1278 1620/2611/1282
f 1530/2611/1201 1592/2611/1279 1594/2611/1283
f 1555/2615/1201 1621/2615/1284 1619/2615/1280
f 1529/2615/1201 1595/2615/1285 1593/2615/1281
f 1558/2611/1201 1620/2611/1282 1622/2611/1286
f 1532/2611/1201 1594/2611/1283 1596/2611/1287
f 1557/2615/1201 1623/2615/1288 1621/2615/1284
f 1531/2615/1201 1597/2615/1289 1595/2615/1285
f 1560/2611/1201 1622/2611/1286 1624/2611/1289
f 1534/2611/1201 1596/2611/1287 1598/2611/1290
f 1559/2615/1201 1625/2615/1291 1623/2615/1288
f 1533/2615/1201 1599/2615/1292 1597/2615/1289
f 1507/2615/1201 1572/2615/1293 1571/2615/1294
f 1562/2611/1201 1624/2611/1289 1626/2611/1295
f 1536/2611/1201 1598/2611/1290 1600/2611/1293
f 1509/2611/1201 1574/2611/1296 1573/2611/1297
f 1561/2615/1201 1627/2615/1234 1625/2615/1291
f 1535/2615/1201 1601/2615/1298 1599/2615/1292
f 1508/2615/1201 1575/2615/1299 1572/2615/1293
f 1564/2611/1201 1626/2611/1295 1628/2611/1298
f 1538/2611/1201 1600/2611/1293 1602/2611/1299
f 1512/2611/1201 1573/2611/1297 1576/2611/1300
f 1563/2615/1201 1629/2615/1301 1627/2615/1234
f 1537/2615/1201 1603/2615/1302 1601/2615/1298
f 1511/2615/1201 1577/2615/1303 1575/2615/1299
f 1566/2611/1201 1628/2611/1298 1630/2611/1304
f 1540/2611/1201 1602/2611/1299 1604/2611/1305
f 1514/2611/1201 1576/2611/1300 1578/2611/1306
f 1565/2615/1201 1631/2615/1307 1629/2615/1301
f 1539/2615/1201 1605/2615/1308 1603/2615/1302
f 1513/2615/1201 1579/2615/1309 1577/2615/1303
f 1568/2611/1201 1630/2611/1304 1632/2611/1308
f 1542/2611/1201 1604/2611/1305 1606/2611/1309
f 1516/2611/1201 1578/2611/1306 1580/2611/1310
f 1567/2615/1201 1633/2615/1287 1631/2615/1307
f 1541/2615/1201 1607/2615/1311 1605/2615/1308
f 1515/2615/1201 1581/2615/1312 1579/2615/1309
f 1570/2611/1201 1632/2611/1308 1634/2611/1311
f 1544/2611/1201 1606/2611/1309 1608/2611/1313
f 1518/2611/1201 1580/2611/1310 1582/2611/1314
f 1569/2615/1201 1571/2615/1294 1633/2615/1287
f 1543/2615/1201 1609/2615/1446 1607/2615/1311
f 1517/2615/1201 1583/2615/1445 1581/2615/1312
f 1510/2611/1201 1634/2611/1311 1574/2611/1296
f 1546/2611/1201 1608/2611/1313 1610/2611/1264
f 1520/2611/1201 1582/2611/1314 1584/2611/1266
f 1672/2622/1495 1656/2623/1496 1640/2624/1497
f 1665/2625/1318 1681/2626/1319 1697/2627/1320
f 1611/2628/1321 1677/2629/1322 1675/2630/1323
f 1585/2631/1324 1651/2632/1325 1649/2633/1498
f 1614/2634/1327 1676/2621/1263 1678/2635/1328
f 1588/2636/1329 1650/2618/1260 1652/2637/1330
f 1613/2638/1331 1679/2639/1332 1677/2629/1322
f 1587/2640/1333 1653/2641/1334 1651/2632/1325
f 1616/2642/1335 1678/2635/1328 1680/2643/1499
f 1590/2644/1337 1652/2637/1330 1654/2645/1338
f 1615/2646/1339 1681/2626/1319 1679/2639/1332
f 1589/2647/1500 1655/2648/1341 1653/2641/1334
f 1618/2649/1342 1680/2643/1499 1682/2650/1501
f 1592/2651/1344 1654/2645/1338 1656/2623/1496
f 1617/2652/1346 1683/2653/1347 1681/2626/1319
f 1591/2654/1348 1657/2655/1349 1655/2648/1341
f 1620/2656/1350 1682/2650/1501 1684/2657/1351
f 1594/2658/1352 1656/2623/1496 1658/2659/1502
f 1619/2660/1354 1685/2661/1355 1683/2653/1347
f 1593/2662/1356 1659/2663/1503 1657/2655/1349
f 1622/2664/1358 1684/2657/1351 1686/2665/1504
f 1596/2666/1360 1658/2659/1502 1660/2667/1505
f 1621/2668/1362 1687/2669/1363 1685/2661/1355
f 1595/2670/1364 1661/2671/1365 1659/2663/1503
f 1624/2672/1366 1686/2665/1504 1688/2673/1506
f 1598/2674/1367 1660/2667/1505 1662/2675/1368
f 1623/2676/1369 1689/2677/1370 1687/2669/1363
f 1597/2678/1371 1663/2679/1372 1661/2671/1365
f 1571/2680/1373 1636/2681/1374 1635/2682/1375
f 1626/2683/1376 1688/2673/1506 1690/2684/1377
f 1600/2685/1378 1662/2675/1368 1664/2686/1507
f 1573/2687/1380 1638/2688/1381 1637/2689/1382
f 1625/2690/1383 1691/2691/1508 1689/2677/1370
f 1599/2692/1385 1665/2625/1318 1663/2679/1372
f 1572/2693/1386 1639/2694/1387 1636/2681/1374
f 1628/2695/1388 1690/2684/1377 1692/2696/1389
f 1602/2697/1390 1664/2686/1507 1666/2698/1391
f 1576/2699/1392 1637/2689/1382 1640/2624/1497
f 1627/2700/1393 1693/2701/1394 1691/2691/1508
f 1601/2702/1509 1667/2703/1396 1665/2625/1318
f 1575/2704/1397 1641/2705/1510 1639/2694/1387
f 1630/2706/1399 1692/2696/1389 1694/2707/1511
f 1604/2708/1401 1666/2698/1391 1668/2709/1402
f 1578/2710/1403 1640/2624/1497 1642/2711/1404
f 1629/2712/1405 1695/2713/1406 1693/2701/1394
f 1603/2714/1512 1669/2715/1408 1667/2703/1396
f 1577/2716/1409 1643/2717/1513 1641/2705/1510
f 1632/2718/1411 1694/2707/1511 1696/2719/1412
f 1606/2720/1413 1668/2709/1402 1670/2721/1414
f 1580/2722/1415 1642/2711/1404 1644/2723/1416
f 1631/2724/1417 1697/2627/1320 1695/2713/1406
f 1605/2725/1418 1671/2726/1419 1669/2715/1408
f 1579/2727/1420 1645/2728/1514 1643/2717/1513
f 1634/2729/1422 1696/2719/1412 1698/2730/1423
f 1608/2731/1424 1670/2721/1414 1672/2622/1495
f 1582/2732/1425 1644/2723/1416 1646/2733/1426
f 1633/2734/1427 1635/2682/1375 1697/2627/1320
f 1607/2735/1428 1673/2736/1429 1671/2726/1419
f 1581/2737/1430 1647/2738/1515 1645/2728/1514
f 1574/2739/1432 1698/2730/1423 1638/2688/1381
f 1610/2740/1433 1672/2622/1495 1674/2620/1262
f 1584/2741/1434 1646/2733/1426 1648/2617/1259
f 1609/2742/1435 1675/2630/1323 1673/2736/1429
f 1583/2743/1436 1649/2633/1498 1647/2738/1515
f 1699/2744/1139 1702/2745/1140 1701/2746/1516
f 1701/2746/1516 1704/2747/1142 1703/2748/1517
f 1703/2748/1517 1706/2749/1144 1705/2750/1145
f 1705/2750/1145 1708/2751/1518 1707/2752/1519
f 1707/2753/1519 1710/2754/1520 1709/2755/1521
f 1709/2755/1521 1712/2756/1522 1711/2757/1523
f 1711/2757/1523 1714/2758/1152 1713/2759/1524
f 1713/2759/1524 1716/2760/1154 1715/2761/1155
f 1715/2761/1155 1718/2762/1525 1717/2763/1526
f 1717/2763/1526 1720/2764/1527 1719/2765/1528
f 1719/2765/1528 1722/2766/1529 1721/2767/1161
f 1721/2767/1161 1724/2768/1530 1723/2769/1531
f 1723/2770/1531 1726/2771/1532 1725/2772/1533
f 1725/2772/1533 1728/2773/1166 1727/2774/1534
f 1727/2774/1534 1730/2775/1535 1729/2776/1536
f 1729/2776/1536 1732/2777/1170 1731/2778/1171
f 1731/2778/1171 1734/2779/1537 1733/2780/1538
f 1733/2780/1538 1736/2781/1539 1735/2782/1175
f 1735/2782/1175 1738/2783/1540 1737/2784/1541
f 1737/2784/1541 1740/2785/1542 1739/2786/1543
f 1739/2787/1543 1742/2788/1544 1741/2789/1545
f 1741/2789/1545 1744/2790/1546 1743/2791/1547
f 1743/2791/1547 1746/2792/1548 1745/2793/1549
f 1745/2793/1549 1748/2794/1186 1747/2795/1187
f 1747/2795/1187 1750/2796/1550 1749/2797/1189
f 1749/2797/1189 1752/2798/1551 1751/2799/1552
f 1751/2799/1552 1754/2800/1553 1753/2801/1193
f 1753/2801/1193 1756/2802/1554 1755/2803/1555
f 1755/2804/1555 1758/2805/1196 1757/2806/1197
f 1757/2806/1197 1760/2807/1556 1759/2808/1199
f 1730/2809/1443 1792/2809/1201 1794/2809/1201
f 1759/2808/1199 1762/2810/1557 1761/2811/1203
f 1761/2811/1203 1700/2812/1204 1699/2744/1139
f 1745/2813/1444 1811/2813/1201 1809/2813/1201
f 1775/2813/1201 1841/2813/1558 1839/2813/1445
f 1801/2813/1201 1867/2813/1208 1865/2813/1559
f 1748/2809/1447 1810/2809/1201 1812/2809/1201
f 1711/2813/1448 1777/2813/1201 1775/2813/1201
f 1729/2813/1560 1795/2813/1201 1793/2813/1201
f 1714/2809/1450 1776/2809/1201 1778/2809/1201
f 1747/2813/1451 1813/2813/1201 1811/2813/1201
f 1732/2809/1452 1794/2809/1201 1796/2809/1201
f 1750/2809/1561 1812/2809/1201 1814/2809/1201
f 1713/2813/1454 1779/2813/1201 1777/2813/1201
f 1731/2813/1455 1797/2813/1201 1795/2813/1201
f 1716/2809/1456 1778/2809/1201 1780/2809/1201
f 1749/2813/1457 1815/2813/1201 1813/2813/1201
f 1734/2809/1458 1796/2809/1201 1798/2809/1201
f 1752/2809/1459 1814/2809/1201 1816/2809/1201
f 1715/2813/1460 1781/2813/1201 1779/2813/1201
f 1733/2813/1461 1799/2813/1201 1797/2813/1201
f 1718/2809/1462 1780/2809/1201 1782/2809/1201
f 1699/2813/1139 1764/2813/1201 1763/2813/1201
f 1751/2813/1562 1817/2813/1201 1815/2813/1201
f 1736/2809/1464 1798/2809/1201 1800/2809/1201
f 1702/2809/1140 1766/2809/1201 1765/2809/1201
f 1754/2809/1465 1816/2809/1201 1818/2809/1201
f 1717/2813/1466 1783/2813/1201 1781/2813/1201
f 1735/2813/1467 1801/2813/1201 1799/2813/1201
f 1720/2809/1468 1782/2809/1201 1784/2809/1201
f 1753/2813/1469 1819/2813/1201 1817/2813/1201
f 1738/2809/1470 1800/2809/1201 1802/2809/1201
f 1701/2813/1516 1767/2813/1201 1764/2813/1201
f 1756/2809/1471 1818/2809/1201 1820/2809/1201
f 1719/2813/1472 1785/2813/1201 1783/2813/1201
f 1704/2809/1142 1765/2809/1201 1768/2809/1201
f 1737/2813/1473 1803/2813/1201 1801/2813/1201
f 1722/2809/1474 1784/2809/1201 1786/2809/1201
f 1755/2813/1475 1821/2813/1201 1819/2813/1201
f 1740/2809/1476 1802/2809/1201 1804/2809/1201
f 1703/2813/1517 1769/2813/1201 1767/2813/1201
f 1758/2809/1196 1820/2809/1201 1822/2809/1201
f 1721/2813/1477 1787/2813/1201 1785/2813/1201
f 1706/2809/1144 1768/2809/1201 1770/2809/1201
f 1739/2813/1478 1805/2813/1201 1803/2813/1201
f 1724/2809/1479 1786/2809/1201 1788/2809/1201
f 1757/2813/1197 1823/2813/1201 1821/2813/1201
f 1742/2809/1480 1804/2809/1201 1806/2809/1201
f 1705/2813/1145 1771/2813/1201 1769/2813/1201
f 1760/2809/1556 1822/2809/1201 1824/2809/1201
f 1723/2813/1481 1789/2813/1201 1787/2813/1201
f 1708/2809/1482 1770/2809/1201 1772/2809/1201
f 1741/2813/1563 1807/2813/1201 1805/2813/1201
f 1726/2809/1484 1788/2809/1201 1790/2809/1201
f 1759/2813/1199 1825/2813/1201 1823/2813/1201
f 1744/2809/1485 1806/2809/1201 1808/2809/1201
f 1707/2813/1486 1773/2813/1201 1771/2813/1201
f 1762/2809/1557 1824/2809/1201 1826/2809/1201
f 1725/2813/1487 1791/2813/1201 1789/2813/1201
f 1710/2809/1488 1772/2809/1201 1774/2809/1201
f 1743/2813/1489 1809/2813/1201 1807/2813/1201
f 1728/2809/1490 1790/2809/1201 1792/2809/1201
f 1761/2813/1203 1763/2813/1201 1825/2813/1201
f 1746/2809/1491 1808/2809/1201 1810/2809/1201
f 1709/2813/1492 1775/2813/1201 1773/2813/1201
f 1700/2809/1204 1826/2809/1201 1766/2809/1201
f 1727/2813/1493 1793/2813/1201 1791/2813/1201
f 1712/2809/1494 1774/2809/1201 1776/2809/1201
f 1842/2814/1258 1904/2815/1259 1906/2816/1260
f 1868/2817/1261 1930/2818/1262 1932/2819/1263
f 1804/2809/1201 1866/2809/1264 1868/2809/1265
f 1778/2809/1201 1840/2809/1266 1842/2809/1267
f 1803/2813/1201 1869/2813/1268 1867/2813/1208
f 1777/2813/1201 1843/2813/1564 1841/2813/1558
f 1806/2809/1201 1868/2809/1265 1870/2809/1565
f 1780/2809/1201 1842/2809/1267 1844/2809/1271
f 1805/2813/1201 1871/2813/1272 1869/2813/1268
f 1779/2813/1201 1845/2813/1273 1843/2813/1564
f 1808/2809/1201 1870/2809/1565 1872/2809/1274
f 1782/2809/1201 1844/2809/1271 1846/2809/1275
f 1807/2813/1201 1873/2813/1276 1871/2813/1272
f 1781/2813/1201 1847/2813/1277 1845/2813/1273
f 1810/2809/1201 1872/2809/1274 1874/2809/1278
f 1784/2809/1201 1846/2809/1275 1848/2809/1566
f 1809/2813/1201 1875/2813/1280 1873/2813/1276
f 1783/2813/1201 1849/2813/1281 1847/2813/1277
f 1812/2809/1201 1874/2809/1278 1876/2809/1282
f 1786/2809/1201 1848/2809/1566 1850/2809/1567
f 1811/2813/1201 1877/2813/1284 1875/2813/1280
f 1785/2813/1201 1851/2813/1285 1849/2813/1281
f 1814/2809/1201 1876/2809/1282 1878/2809/1286
f 1788/2809/1201 1850/2809/1567 1852/2809/1287
f 1813/2813/1201 1879/2813/1288 1877/2813/1284
f 1787/2813/1201 1853/2813/1289 1851/2813/1285
f 1816/2809/1201 1878/2809/1286 1880/2809/1289
f 1790/2809/1201 1852/2809/1287 1854/2809/1290
f 1815/2813/1201 1881/2813/1291 1879/2813/1288
f 1789/2813/1201 1855/2813/1292 1853/2813/1289
f 1763/2813/1201 1828/2813/1293 1827/2813/1294
f 1818/2809/1201 1880/2809/1289 1882/2809/1295
f 1792/2809/1201 1854/2809/1290 1856/2809/1293
f 1765/2809/1201 1830/2809/1296 1829/2809/1297
f 1817/2813/1201 1883/2813/1234 1881/2813/1291
f 1791/2813/1201 1857/2813/1298 1855/2813/1292
f 1764/2813/1201 1831/2813/1299 1828/2813/1293
f 1820/2809/1201 1882/2809/1295 1884/2809/1298
f 1794/2809/1201 1856/2809/1293 1858/2809/1299
f 1768/2809/1201 1829/2809/1297 1832/2809/1300
f 1819/2813/1201 1885/2813/1301 1883/2813/1234
f 1793/2813/1201 1859/2813/1302 1857/2813/1298
f 1767/2813/1201 1833/2813/1303 1831/2813/1299
f 1822/2809/1201 1884/2809/1298 1886/2809/1304
f 1796/2809/1201 1858/2809/1299 1860/2809/1305
f 1770/2809/1201 1832/2809/1300 1834/2809/1306
f 1821/2813/1201 1887/2813/1307 1885/2813/1301
f 1795/2813/1201 1861/2813/1308 1859/2813/1302
f 1769/2813/1201 1835/2813/1309 1833/2813/1303
f 1824/2809/1201 1886/2809/1304 1888/2809/1308
f 1798/2809/1201 1860/2809/1305 1862/2809/1309
f 1772/2809/1201 1834/2809/1306 1836/2809/1310
f 1823/2813/1201 1889/2813/1287 1887/2813/1307
f 1797/2813/1201 1863/2813/1311 1861/2813/1308
f 1771/2813/1201 1837/2813/1312 1835/2813/1309
f 1826/2809/1201 1888/2809/1308 1890/2809/1311
f 1800/2809/1201 1862/2809/1309 1864/2809/1313
f 1774/2809/1201 1836/2809/1310 1838/2809/1314
f 1825/2813/1201 1827/2813/1294 1889/2813/1287
f 1799/2813/1201 1865/2813/1559 1863/2813/1311
f 1773/2813/1201 1839/2813/1445 1837/2813/1312
f 1766/2809/1201 1890/2809/1311 1830/2809/1296
f 1802/2809/1201 1864/2809/1313 1866/2809/1264
f 1776/2809/1201 1838/2809/1314 1840/2809/1266
f 1928/2820/1495 1912/2821/1496 1896/2822/1497
f 1921/2823/1318 1937/2824/1319 1953/2825/1320
f 1867/2826/1321 1933/2827/1322 1931/2828/1323
f 1841/2829/1324 1907/2830/1325 1905/2831/1498
f 1870/2832/1327 1932/2819/1263 1934/2833/1328
f 1844/2834/1329 1906/2816/1260 1908/2835/1330
f 1869/2836/1331 1935/2837/1332 1933/2827/1322
f 1843/2838/1333 1909/2839/1334 1907/2830/1325
f 1872/2840/1335 1934/2833/1328 1936/2841/1499
f 1846/2842/1337 1908/2835/1330 1910/2843/1338
f 1871/2844/1339 1937/2824/1319 1935/2837/1332
f 1845/2845/1340 1911/2846/1341 1909/2839/1334
f 1874/2847/1342 1936/2841/1499 1938/2848/1501
f 1848/2849/1344 1910/2843/1338 1912/2821/1496
f 1873/2850/1346 1939/2851/1347 1937/2824/1319
f 1847/2852/1348 1913/2853/1349 1911/2846/1341
f 1876/2854/1350 1938/2848/1501 1940/2855/1351
f 1850/2856/1352 1912/2821/1496 1914/2857/1502
f 1875/2858/1354 1941/2859/1355 1939/2851/1347
f 1849/2860/1568 1915/2861/1503 1913/2853/1349
f 1878/2862/1358 1940/2855/1351 1942/2863/1504
f 1852/2864/1360 1914/2857/1502 1916/2865/1505
f 1877/2866/1362 1943/2867/1363 1941/2859/1355
f 1851/2868/1364 1917/2869/1365 1915/2861/1503
f 1880/2870/1366 1942/2863/1504 1944/2871/1506
f 1854/2872/1367 1916/2865/1505 1918/2873/1368
f 1879/2874/1369 1945/2875/1370 1943/2867/1363
f 1853/2876/1371 1919/2877/1569 1917/2869/1365
f 1827/2878/1373 1892/2879/1374 1891/2880/1375
f 1882/2881/1376 1944/2871/1506 1946/2882/1377
f 1856/2883/1378 1918/2873/1368 1920/2884/1507
f 1829/2885/1380 1894/2886/1570 1893/2887/1382
f 1881/2888/1571 1947/2889/1508 1945/2875/1370
f 1855/2890/1385 1921/2823/1318 1919/2877/1569
f 1828/2891/1386 1895/2892/1387 1892/2879/1374
f 1884/2893/1388 1946/2882/1377 1948/2894/1389
f 1858/2895/1390 1920/2884/1507 1922/2896/1391
f 1832/2897/1392 1893/2887/1382 1896/2822/1497
f 1883/2898/1393 1949/2899/1394 1947/2889/1508
f 1857/2900/1509 1923/2901/1396 1921/2823/1318
f 1831/2902/1397 1897/2903/1510 1895/2892/1387
f 1886/2904/1399 1948/2894/1389 1950/2905/1400
f 1860/2906/1401 1922/2896/1391 1924/2907/1402
f 1834/2908/1403 1896/2822/1497 1898/2909/1404
f 1885/2910/1405 1951/2911/1406 1949/2899/1394
f 1859/2912/1512 1925/2913/1408 1923/2901/1396
f 1833/2914/1409 1899/2915/1513 1897/2903/1510
f 1888/2916/1411 1950/2905/1400 1952/2917/1412
f 1862/2918/1413 1924/2907/1402 1926/2919/1414
f 1836/2920/1415 1898/2909/1404 1900/2921/1416
f 1887/2922/1417 1953/2825/1320 1951/2911/1406
f 1861/2923/1418 1927/2924/1419 1925/2913/1408
f 1835/2925/1420 1901/2926/1514 1899/2915/1513
f 1890/2927/1422 1952/2917/1412 1954/2928/1423
f 1864/2929/1424 1926/2919/1414 1928/2820/1495
f 1838/2930/1425 1900/2921/1416 1902/2931/1426
f 1889/2932/1427 1891/2880/1375 1953/2825/1320
f 1863/2933/1428 1929/2934/1429 1927/2924/1419
f 1837/2935/1430 1903/2936/1515 1901/2926/1514
f 1830/2937/1432 1954/2928/1423 1894/2886/1570
f 1866/2938/1433 1928/2820/1495 1930/2818/1262
f 1840/2939/1434 1902/2931/1426 1904/2815/1259
f 1865/2940/1435 1931/2828/1323 1929/2934/1429
f 1839/2941/1436 1905/2831/1498 1903/2936/1515
f 1955/2942/1139 1958/2943/1140 1957/2944/1141
f 1957/2944/1141 1960/2945/1142 1959/2946/1143
f 1959/2946/1143 1962/2947/1144 1961/2948/1437
f 1961/2948/1437 1964/2949/1438 1963/2950/1147
f 1963/2951/1147 1966/2952/1148 1965/2953/1149
f 1965/2953/1149 1968/2954/1150 1967/2955/1151
f 1967/2955/1151 1970/2956/1152 1969/2957/1524
f 1969/2957/1524 1972/2958/1154 1971/2959/1155
f 1971/2959/1155 1974/2960/1156 1973/2961/1526
f 1973/2961/1526 1976/2962/1158 1975/2963/1159
f 1975/2963/1159 1978/2964/1160 1977/2965/1161
f 1977/2965/1161 1980/2966/1162 1979/2967/1163
f 1979/2968/1163 1982/2969/1164 1981/2970/1165
f 1981/2970/1165 1984/2971/1166 1983/2972/1167
f 1983/2972/1167 1986/2973/1168 1985/2974/1169
f 1985/2974/1169 1988/2975/1170 1987/2976/1171
f 1987/2976/1171 1990/2977/1172 1989/2978/1173
f 1989/2978/1173 1992/2979/1174 1991/2980/1175
f 1991/2980/1175 1994/2981/1176 1993/2982/1177
f 1993/2982/1177 1996/2983/1441 1995/2984/1179
f 1995/2985/1179 1998/2986/1180 1997/2987/1181
f 1997/2987/1181 2000/2988/1182 1999/2989/1183
f 1999/2989/1183 2002/2990/1548 2001/2991/1185
f 2001/2991/1185 2004/2992/1186 2003/2993/1187
f 2003/2993/1187 2006/2994/1188 2005/2995/1189
f 2005/2995/1189 2008/2996/1190 2007/2997/1191
f 2007/2997/1191 2010/2998/1192 2009/2999/1193
f 2009/2999/1193 2012/3000/1194 2011/3001/1195
f 2011/3002/1195 2014/3003/1442 2013/3004/1197
f 2013/3004/1197 2016/3005/1198 2015/3006/1199
f 1986/3007/1443 2048/3007/1201 2050/3007/1201
f 2015/3006/1199 2018/3008/1202 2017/3009/1203
f 2017/3009/1203 1956/3010/1204 1955/2942/1139
f 2001/3011/1444 2067/3011/1201 2065/3011/1201
f 2031/3011/1201 2097/3011/1206 2095/3011/1445
f 2057/3011/1201 2123/3011/1208 2121/3011/1559
f 2004/3007/1447 2066/3007/1201 2068/3007/1201
f 1967/3011/1448 2033/3011/1201 2031/3011/1201
f 1985/3011/1560 2051/3011/1201 2049/3011/1201
f 1970/3007/1450 2032/3007/1201 2034/3007/1201
f 2003/3011/1451 2069/3011/1201 2067/3011/1201
f 1988/3007/1452 2050/3007/1201 2052/3007/1201
f 2006/3007/1561 2068/3007/1201 2070/3007/1201
f 1969/3011/1454 2035/3011/1201 2033/3011/1201
f 1987/3011/1455 2053/3011/1201 2051/3011/1201
f 1972/3007/1456 2034/3007/1201 2036/3007/1201
f 2005/3011/1457 2071/3011/1201 2069/3011/1201
f 1990/3007/1458 2052/3007/1201 2054/3007/1201
f 2008/3007/1459 2070/3007/1201 2072/3007/1201
f 1971/3011/1460 2037/3011/1201 2035/3011/1201
f 1989/3011/1461 2055/3011/1201 2053/3011/1201
f 1974/3007/1462 2036/3007/1201 2038/3007/1201
f 1955/3011/1139 2020/3011/1201 2019/3011/1201
f 2007/3011/1562 2073/3011/1201 2071/3011/1201
f 1992/3007/1464 2054/3007/1201 2056/3007/1201
f 1958/3007/1140 2022/3007/1201 2021/3007/1201
f 2010/3007/1465 2072/3007/1201 2074/3007/1201
f 1973/3011/1466 2039/3011/1201 2037/3011/1201
f 1991/3011/1467 2057/3011/1201 2055/3011/1201
f 1976/3007/1468 2038/3007/1201 2040/3007/1201
f 2009/3011/1469 2075/3011/1201 2073/3011/1201
f 1994/3007/1470 2056/3007/1201 2058/3007/1201
f 1957/3011/1141 2023/3011/1201 2020/3011/1201
f 2012/3007/1471 2074/3007/1201 2076/3007/1201
f 1975/3011/1472 2041/3011/1201 2039/3011/1201
f 1960/3007/1142 2021/3007/1201 2024/3007/1201
f 1993/3011/1473 2059/3011/1201 2057/3011/1201
f 1978/3007/1474 2040/3007/1201 2042/3007/1201
f 2011/3011/1475 2077/3011/1201 2075/3011/1201
f 1996/3007/1476 2058/3007/1201 2060/3007/1201
f 1959/3011/1143 2025/3011/1201 2023/3011/1201
f 2014/3007/1442 2076/3007/1201 2078/3007/1201
f 1977/3011/1477 2043/3011/1201 2041/3011/1201
f 1962/3007/1144 2024/3007/1201 2026/3007/1201
f 1995/3011/1478 2061/3011/1201 2059/3011/1201
f 1980/3007/1479 2042/3007/1201 2044/3007/1201
f 2013/3011/1197 2079/3011/1201 2077/3011/1201
f 1998/3007/1480 2060/3007/1201 2062/3007/1201
f 1961/3011/1437 2027/3011/1201 2025/3011/1201
f 2016/3007/1198 2078/3007/1201 2080/3007/1201
f 1979/3011/1481 2045/3011/1201 2043/3011/1201
f 1964/3007/1482 2026/3007/1201 2028/3007/1201
f 1997/3011/1563 2063/3011/1201 2061/3011/1201
f 1982/3007/1484 2044/3007/1201 2046/3007/1201
f 2015/3011/1199 2081/3011/1201 2079/3011/1201
f 2000/3007/1485 2062/3007/1201 2064/3007/1201
f 1963/3011/1486 2029/3011/1201 2027/3011/1201
f 2018/3007/1202 2080/3007/1201 2082/3007/1201
f 1981/3011/1487 2047/3011/1201 2045/3011/1201
f 1966/3007/1488 2028/3007/1201 2030/3007/1201
f 1999/3011/1489 2065/3011/1201 2063/3011/1201
f 1984/3007/1490 2046/3007/1201 2048/3007/1201
f 2017/3011/1203 2019/3011/1201 2081/3011/1201
f 2002/3007/1491 2064/3007/1201 2066/3007/1201
f 1965/3011/1492 2031/3011/1201 2029/3011/1201
f 1956/3007/1204 2082/3007/1201 2022/3007/1201
f 1983/3011/1493 2049/3011/1201 2047/3011/1201
f 1968/3007/1494 2030/3007/1201 2032/3007/1201
f 2098/3012/1258 2160/3013/1259 2162/3014/1260
f 2124/3015/1261 2186/3016/1262 2188/3017/1263
f 2060/3007/1201 2122/3007/1264 2124/3007/1265
f 2034/3007/1201 2096/3007/1266 2098/3007/1267
f 2059/3011/1201 2125/3011/1268 2123/3011/1208
f 2033/3011/1201 2099/3011/1269 2097/3011/1206
f 2062/3007/1201 2124/3007/1265 2126/3007/1270
f 2036/3007/1201 2098/3007/1267 2100/3007/1271
f 2061/3011/1201 2127/3011/1272 2125/3011/1268
f 2035/3011/1201 2101/3011/1273 2099/3011/1269
f 2064/3007/1201 2126/3007/1270 2128/3007/1274
f 2038/3007/1201 2100/3007/1271 2102/3007/1275
f 2063/3011/1201 2129/3011/1276 2127/3011/1272
f 2037/3011/1201 2103/3011/1277 2101/3011/1273
f 2066/3007/1201 2128/3007/1274 2130/3007/1278
f 2040/3007/1201 2102/3007/1275 2104/3007/1279
f 2065/3011/1201 2131/3011/1280 2129/3011/1276
f 2039/3011/1201 2105/3011/1281 2103/3011/1277
f 2068/3007/1201 2130/3007/1278 2132/3007/1282
f 2042/3007/1201 2104/3007/1279 2106/3007/1283
f 2067/3011/1201 2133/3011/1284 2131/3011/1280
f 2041/3011/1201 2107/3011/1285 2105/3011/1281
f 2070/3007/1201 2132/3007/1282 2134/3007/1286
f 2044/3007/1201 2106/3007/1283 2108/3007/1287
f 2069/3011/1201 2135/3011/1288 2133/3011/1284
f 2043/3011/1201 2109/3011/1289 2107/3011/1285
f 2072/3007/1201 2134/3007/1286 2136/3007/1289
f 2046/3007/1201 2108/3007/1287 2110/3007/1290
f 2071/3011/1201 2137/3011/1291 2135/3011/1288
f 2045/3011/1201 2111/3011/1292 2109/3011/1289
f 2019/3011/1201 2084/3011/1293 2083/3011/1294
f 2074/3007/1201 2136/3007/1289 2138/3007/1295
f 2048/3007/1201 2110/3007/1290 2112/3007/1293
f 2021/3007/1201 2086/3007/1296 2085/3007/1297
f 2073/3011/1201 2139/3011/1234 2137/3011/1291
f 2047/3011/1201 2113/3011/1298 2111/3011/1292
f 2020/3011/1201 2087/3011/1299 2084/3011/1293
f 2076/3007/1201 2138/3007/1295 2140/3007/1298
f 2050/3007/1201 2112/3007/1293 2114/3007/1299
f 2024/3007/1201 2085/3007/1297 2088/3007/1300
f 2075/3011/1201 2141/3011/1301 2139/3011/1234
f 2049/3011/1201 2115/3011/1302 2113/3011/1298
f 2023/3011/1201 2089/3011/1303 2087/3011/1299
f 2078/3007/1201 2140/3007/1298 2142/3007/1304
f 2052/3007/1201 2114/3007/1299 2116/3007/1305
f 2026/3007/1201 2088/3007/1300 2090/3007/1306
f 2077/3011/1201 2143/3011/1307 2141/3011/1301
f 2051/3011/1201 2117/3011/1308 2115/3011/1302
f 2025/3011/1201 2091/3011/1309 2089/3011/1303
f 2080/3007/1201 2142/3007/1304 2144/3007/1308
f 2054/3007/1201 2116/3007/1305 2118/3007/1309
f 2028/3007/1201 2090/3007/1306 2092/3007/1310
f 2079/3011/1201 2145/3011/1287 2143/3011/1307
f 2053/3011/1201 2119/3011/1311 2117/3011/1308
f 2027/3011/1201 2093/3011/1312 2091/3011/1309
f 2082/3007/1201 2144/3007/1308 2146/3007/1311
f 2056/3007/1201 2118/3007/1309 2120/3007/1313
f 2030/3007/1201 2092/3007/1310 2094/3007/1314
f 2081/3011/1201 2083/3011/1294 2145/3011/1287
f 2055/3011/1201 2121/3011/1559 2119/3011/1311
f 2029/3011/1201 2095/3011/1445 2093/3011/1312
f 2022/3007/1201 2146/3007/1311 2086/3007/1296
f 2058/3007/1201 2120/3007/1313 2122/3007/1264
f 2032/3007/1201 2094/3007/1314 2096/3007/1266
f 2184/3018/1495 2168/3019/1496 2152/3020/1497
f 2177/3021/1318 2193/3022/1319 2209/3023/1320
f 2123/3024/1321 2189/3025/1322 2187/3026/1323
f 2097/3027/1324 2163/3028/1325 2161/3029/1498
f 2126/3030/1327 2188/3017/1263 2190/3031/1328
f 2100/3032/1329 2162/3014/1260 2164/3033/1330
f 2125/3034/1331 2191/3035/1332 2189/3025/1322
f 2099/3036/1333 2165/3037/1334 2163/3028/1325
f 2128/3038/1335 2190/3031/1328 2192/3039/1499
f 2102/3040/1337 2164/3033/1330 2166/3041/1338
f 2127/3042/1339 2193/3022/1319 2191/3035/1332
f 2101/3043/1340 2167/3044/1341 2165/3037/1334
f 2130/3045/1342 2192/3039/1499 2194/3046/1501
f 2104/3047/1344 2166/3041/1338 2168/3019/1496
f 2129/3048/1346 2195/3049/1347 2193/3022/1319
f 2103/3050/1348 2169/3051/1349 2167/3044/1341
f 2132/3052/1350 2194/3046/1501 2196/3053/1351
f 2106/3054/1352 2168/3019/1496 2170/3055/1353
f 2131/3056/1354 2197/3057/1355 2195/3049/1347
f 2105/3058/1356 2171/3059/1503 2169/3051/1349
f 2134/3060/1358 2196/3053/1351 2198/3061/1504
f 2108/3062/1360 2170/3055/1353 2172/3063/1505
f 2133/3064/1362 2199/3065/1363 2197/3057/1355
f 2107/3066/1364 2173/3067/1365 2171/3059/1503
f 2136/3068/1366 2198/3061/1504 2200/3069/1506
f 2110/3070/1367 2172/3063/1505 2174/3071/1368
f 2135/3072/1369 2201/3073/1370 2199/3065/1363
f 2109/3074/1371 2175/3075/1372 2173/3067/1365
f 2083/3076/1373 2148/3077/1374 2147/3078/1375
f 2138/3079/1376 2200/3069/1506 2202/3080/1377
f 2112/3081/1378 2174/3071/1368 2176/3082/1507
f 2085/3083/1380 2150/3084/1570 2149/3085/1382
f 2137/3086/1571 2203/3087/1508 2201/3073/1370
f 2111/3088/1385 2177/3021/1318 2175/3075/1372
f 2084/3089/1386 2151/3090/1387 2148/3077/1374
f 2140/3091/1388 2202/3080/1377 2204/3092/1389
f 2114/3093/1390 2176/3082/1507 2178/3094/1391
f 2088/3095/1392 2149/3085/1382 2152/3020/1497
f 2139/3096/1393 2205/3097/1572 2203/3087/1508
f 2113/3098/1509 2179/3099/1396 2177/3021/1318
f 2087/3100/1397 2153/3101/1510 2151/3090/1387
f 2142/3102/1399 2204/3092/1389 2206/3103/1400
f 2116/3104/1401 2178/3094/1391 2180/3105/1402
f 2090/3106/1403 2152/3020/1497 2154/3107/1404
f 2141/3108/1405 2207/3109/1573 2205/3097/1572
f 2115/3110/1512 2181/3111/1408 2179/3099/1396
f 2089/3112/1409 2155/3113/1574 2153/3101/1510
f 2144/3114/1411 2206/3103/1400 2208/3115/1412
f 2118/3116/1413 2180/3105/1402 2182/3117/1414
f 2092/3118/1415 2154/3107/1404 2156/3119/1416
f 2143/3120/1417 2209/3023/1320 2207/3109/1573
f 2117/3121/1418 2183/3122/1575 2181/3111/1408
f 2091/3123/1420 2157/3124/1514 2155/3113/1574
f 2146/3125/1422 2208/3115/1412 2210/3126/1423
f 2120/3127/1424 2182/3117/1414 2184/3018/1495
f 2094/3128/1425 2156/3119/1416 2158/3129/1576
f 2145/3130/1427 2147/3078/1375 2209/3023/1320
f 2119/3131/1428 2185/3132/1429 2183/3122/1575
f 2093/3133/1430 2159/3134/1515 2157/3124/1514
f 2086/3135/1432 2210/3126/1423 2150/3084/1570
f 2122/3136/1433 2184/3018/1495 2186/3016/1262
f 2096/3137/1577 2158/3129/1576 2160/3013/1259
f 2121/3138/1435 2187/3026/1323 2185/3132/1429
f 2095/3139/1436 2161/3029/1498 2159/3134/1515
f 2211/3140/1139 2214/3141/1140 2213/3142/1141
f 2213/3142/1141 2216/3143/1142 2215/3144/1143
f 2215/3144/1143 2218/3145/1144 2217/3146/1437
f 2217/3146/1437 2220/3147/1438 2219/3148/1147
f 2219/3149/1147 2222/3150/1148 2221/3151/1149
f 2221/3151/1149 2224/3152/1150 2223/3153/1151
f 2223/3153/1151 2226/3154/1578 2225/3155/1153
f 2225/3155/1153 2228/3156/1154 2227/3157/1155
f 2227/3157/1155 2230/3158/1156 2229/3159/1526
f 2229/3159/1526 2232/3160/1158 2231/3161/1159
f 2231/3161/1159 2234/3162/1160 2233/3163/1161
f 2233/3163/1161 2236/3164/1162 2235/3165/1163
f 2235/3166/1163 2238/3167/1164 2237/3168/1165
f 2237/3168/1165 2240/3169/1166 2239/3170/1167
f 2239/3170/1167 2242/3171/1168 2241/3172/1169
f 2241/3172/1169 2244/3173/1170 2243/3174/1171
f 2243/3174/1171 2246/3175/1172 2245/3176/1173
f 2245/3176/1173 2248/3177/1174 2247/3178/1175
f 2247/3178/1175 2250/3179/1176 2249/3180/1177
f 2249/3180/1177 2252/3181/1441 2251/3182/1179
f 2251/3183/1179 2254/3184/1180 2253/3185/1181
f 2253/3185/1181 2256/3186/1182 2255/3187/1183
f 2255/3187/1183 2258/3188/1548 2257/3189/1185
f 2257/3189/1185 2260/3190/1186 2259/3191/1187
f 2259/3191/1187 2262/3192/1188 2261/3193/1579
f 2261/3193/1579 2264/3194/1190 2263/3195/1191
f 2263/3195/1191 2266/3196/1192 2265/3197/1193
f 2265/3197/1193 2268/3198/1194 2267/3199/1195
f 2267/3200/1195 2270/3201/1442 2269/3202/1197
f 2269/3202/1197 2272/3203/1198 2271/3204/1199
f 2242/3205/1443 2304/3205/1201 2306/3205/1201
f 2271/3204/1199 2274/3206/1202 2273/3207/1203
f 2273/3207/1203 2212/3208/1204 2211/3140/1139
f 2257/3209/1444 2323/3209/1201 2321/3209/1201
f 2287/3209/1201 2353/3209/1206 2351/3209/1445
f 2313/3209/1201 2379/3209/1208 2377/3209/1559
f 2260/3205/1447 2322/3205/1201 2324/3205/1201
f 2223/3209/1448 2289/3209/1201 2287/3209/1201
f 2241/3209/1449 2307/3209/1201 2305/3209/1201
f 2226/3205/1450 2288/3205/1201 2290/3205/1201
f 2259/3209/1451 2325/3209/1201 2323/3209/1201
f 2244/3205/1452 2306/3205/1201 2308/3205/1201
f 2262/3205/1561 2324/3205/1201 2326/3205/1201
f 2225/3209/1454 2291/3209/1201 2289/3209/1201
f 2243/3209/1455 2309/3209/1201 2307/3209/1201
f 2228/3205/1456 2290/3205/1201 2292/3205/1201
f 2261/3209/1457 2327/3209/1201 2325/3209/1201
f 2246/3205/1458 2308/3205/1201 2310/3205/1201
f 2264/3205/1459 2326/3205/1201 2328/3205/1201
f 2227/3209/1460 2293/3209/1201 2291/3209/1201
f 2245/3209/1461 2311/3209/1201 2309/3209/1201
f 2230/3205/1462 2292/3205/1201 2294/3205/1201
f 2211/3209/1139 2276/3209/1201 2275/3209/1201
f 2263/3209/1562 2329/3209/1201 2327/3209/1201
f 2248/3205/1464 2310/3205/1201 2312/3205/1201
f 2214/3205/1140 2278/3205/1201 2277/3205/1201
f 2266/3205/1465 2328/3205/1201 2330/3205/1201
f 2229/3209/1466 2295/3209/1201 2293/3209/1201
f 2247/3209/1467 2313/3209/1201 2311/3209/1201
f 2232/3205/1468 2294/3205/1201 2296/3205/1201
f 2265/3209/1469 2331/3209/1201 2329/3209/1201
f 2250/3205/1470 2312/3205/1201 2314/3205/1201
f 2213/3209/1141 2279/3209/1201 2276/3209/1201
f 2268/3205/1471 2330/3205/1201 2332/3205/1201
f 2231/3209/1472 2297/3209/1201 2295/3209/1201
f 2216/3205/1142 2277/3205/1201 2280/3205/1201
f 2249/3209/1473 2315/3209/1201 2313/3209/1201
f 2234/3205/1474 2296/3205/1201 2298/3205/1201
f 2267/3209/1475 2333/3209/1201 2331/3209/1201
f 2252/3205/1476 2314/3205/1201 2316/3205/1201
f 2215/3209/1143 2281/3209/1201 2279/3209/1201
f 2270/3205/1442 2332/3205/1201 2334/3205/1201
f 2233/3209/1477 2299/3209/1201 2297/3209/1201
f 2218/3205/1144 2280/3205/1201 2282/3205/1201
f 2251/3209/1478 2317/3209/1201 2315/3209/1201
f 2236/3205/1479 2298/3205/1201 2300/3205/1201
f 2269/3209/1197 2335/3209/1201 2333/3209/1201
f 2254/3205/1480 2316/3205/1201 2318/3205/1201
f 2217/3209/1437 2283/3209/1201 2281/3209/1201
f 2272/3205/1198 2334/3205/1201 2336/3205/1201
f 2235/3209/1481 2301/3209/1201 2299/3209/1201
f 2220/3205/1482 2282/3205/1201 2284/3205/1201
f 2253/3209/1563 2319/3209/1201 2317/3209/1201
f 2238/3205/1484 2300/3205/1201 2302/3205/1201
f 2271/3209/1199 2337/3209/1201 2335/3209/1201
f 2256/3205/1485 2318/3205/1201 2320/3205/1201
f 2219/3209/1486 2285/3209/1201 2283/3209/1201
f 2274/3205/1202 2336/3205/1201 2338/3205/1201
f 2237/3209/1487 2303/3209/1201 2301/3209/1201
f 2222/3205/1488 2284/3205/1201 2286/3205/1201
f 2255/3209/1489 2321/3209/1201 2319/3209/1201
f 2240/3205/1490 2302/3205/1201 2304/3205/1201
f 2273/3209/1203 2275/3209/1201 2337/3209/1201
f 2258/3205/1491 2320/3205/1201 2322/3205/1201
f 2221/3209/1492 2287/3209/1201 2285/3209/1201
f 2212/3205/1204 2338/3205/1201 2278/3205/1201
f 2239/3209/1493 2305/3209/1201 2303/3209/1201
f 2224/3205/1494 2286/3205/1201 2288/3205/1201
f 2354/3210/1258 2416/3211/1259 2418/3212/1260
f 2380/3213/1261 2442/3214/1262 2444/3215/1263
f 2316/3205/1201 2378/3205/1264 2380/3205/1265
f 2290/3205/1201 2352/3205/1266 2354/3205/1267
f 2315/3209/1201 2381/3209/1268 2379/3209/1208
f 2289/3209/1201 2355/3209/1269 2353/3209/1206
f 2318/3205/1201 2380/3205/1265 2382/3205/1270
f 2292/3205/1201 2354/3205/1267 2356/3205/1271
f 2317/3209/1201 2383/3209/1272 2381/3209/1268
f 2291/3209/1201 2357/3209/1273 2355/3209/1269
f 2320/3205/1201 2382/3205/1270 2384/3205/1274
f 2294/3205/1201 2356/3205/1271 2358/3205/1275
f 2319/3209/1201 2385/3209/1276 2383/3209/1272
f 2293/3209/1201 2359/3209/1580 2357/3209/1273
f 2322/3205/1201 2384/3205/1274 2386/3205/1278
f 2296/3205/1201 2358/3205/1275 2360/3205/1279
f 2321/3209/1201 2387/3209/1280 2385/3209/1276
f 2295/3209/1201 2361/3209/1281 2359/3209/1580
f 2324/3205/1201 2386/3205/1278 2388/3205/1282
f 2298/3205/1201 2360/3205/1279 2362/3205/1283
f 2323/3209/1201 2389/3209/1284 2387/3209/1280
f 2297/3209/1201 2363/3209/1285 2361/3209/1281
f 2326/3205/1201 2388/3205/1282 2390/3205/1286
f 2300/3205/1201 2362/3205/1283 2364/3205/1287
f 2325/3209/1201 2391/3209/1288 2389/3209/1284
f 2299/3209/1201 2365/3209/1289 2363/3209/1285
f 2328/3205/1201 2390/3205/1286 2392/3205/1289
f 2302/3205/1201 2364/3205/1287 2366/3205/1290
f 2327/3209/1201 2393/3209/1291 2391/3209/1288
f 2301/3209/1201 2367/3209/1292 2365/3209/1289
f 2275/3209/1201 2340/3209/1293 2339/3209/1294
f 2330/3205/1201 2392/3205/1289 2394/3205/1295
f 2304/3205/1201 2366/3205/1290 2368/3205/1293
f 2277/3205/1201 2342/3205/1296 2341/3205/1297
f 2329/3209/1201 2395/3209/1234 2393/3209/1291
f 2303/3209/1201 2369/3209/1298 2367/3209/1292
f 2276/3209/1201 2343/3209/1299 2340/3209/1293
f 2332/3205/1201 2394/3205/1295 2396/3205/1298
f 2306/3205/1201 2368/3205/1293 2370/3205/1299
f 2280/3205/1201 2341/3205/1297 2344/3205/1300
f 2331/3209/1201 2397/3209/1301 2395/3209/1234
f 2305/3209/1201 2371/3209/1302 2369/3209/1298
f 2279/3209/1201 2345/3209/1303 2343/3209/1299
f 2334/3205/1201 2396/3205/1298 2398/3205/1304
f 2308/3205/1201 2370/3205/1299 2372/3205/1305
f 2282/3205/1201 2344/3205/1300 2346/3205/1306
f 2333/3209/1201 2399/3209/1307 2397/3209/1301
f 2307/3209/1201 2373/3209/1308 2371/3209/1302
f 2281/3209/1201 2347/3209/1309 2345/3209/1303
f 2336/3205/1201 2398/3205/1304 2400/3205/1308
f 2310/3205/1201 2372/3205/1305 2374/3205/1309
f 2284/3205/1201 2346/3205/1306 2348/3205/1310
f 2335/3209/1201 2401/3209/1287 2399/3209/1307
f 2309/3209/1201 2375/3209/1311 2373/3209/1308
f 2283/3209/1201 2349/3209/1312 2347/3209/1309
f 2338/3205/1201 2400/3205/1308 2402/3205/1311
f 2312/3205/1201 2374/3205/1309 2376/3205/1313
f 2286/3205/1201 2348/3205/1310 2350/3205/1314
f 2337/3209/1201 2339/3209/1294 2401/3209/1287
f 2311/3209/1201 2377/3209/1559 2375/3209/1311
f 2285/3209/1201 2351/3209/1445 2349/3209/1312
f 2278/3205/1201 2402/3205/1311 2342/3205/1296
f 2314/3205/1201 2376/3205/1313 2378/3205/1264
f 2288/3205/1201 2350/3205/1314 2352/3205/1266
f 2440/3216/1495 2424/3217/1496 2408/3218/1497
f 2433/3219/1318 2449/3220/1319 2465/3221/1320
f 2379/3222/1321 2445/3223/1581 2443/3224/1323
f 2353/3225/1324 2419/3226/1325 2417/3227/1498
f 2382/3228/1327 2444/3215/1263 2446/3229/1328
f 2356/3230/1329 2418/3212/1260 2420/3231/1330
f 2381/3232/1331 2447/3233/1332 2445/3223/1581
f 2355/3234/1333 2421/3235/1334 2419/3226/1325
f 2384/3236/1335 2446/3229/1328 2448/3237/1499
f 2358/3238/1337 2420/3231/1330 2422/3239/1338
f 2383/3240/1339 2449/3220/1319 2447/3233/1332
f 2357/3241/1340 2423/3242/1341 2421/3235/1334
f 2386/3243/1342 2448/3237/1499 2450/3244/1501
f 2360/3245/1344 2422/3239/1338 2424/3217/1496
f 2385/3246/1346 2451/3247/1347 2449/3220/1319
f 2359/3248/1348 2425/3249/1349 2423/3242/1341
f 2388/3250/1350 2450/3244/1501 2452/3251/1351
f 2362/3252/1352 2424/3217/1496 2426/3253/1353
f 2387/3254/1354 2453/3255/1355 2451/3247/1347
f 2361/3256/1356 2427/3257/1503 2425/3249/1349
f 2390/3258/1358 2452/3251/1351 2454/3259/1504
f 2364/3260/1360 2426/3253/1353 2428/3261/1505
f 2389/3262/1362 2455/3263/1363 2453/3255/1355
f 2363/3264/1364 2429/3265/1365 2427/3257/1503
f 2392/3266/1366 2454/3259/1504 2456/3267/1506
f 2366/3268/1367 2428/3261/1505 2430/3269/1368
f 2391/3270/1369 2457/3271/1370 2455/3263/1363
f 2365/3272/1371 2431/3273/1372 2429/3265/1365
f 2339/3274/1373 2404/3275/1374 2403/3276/1375
f 2394/3277/1376 2456/3267/1506 2458/3278/1377
f 2368/3279/1378 2430/3269/1368 2432/3280/1507
f 2341/3281/1380 2406/3282/1570 2405/3283/1382
f 2393/3284/1571 2459/3285/1508 2457/3271/1370
f 2367/3286/1385 2433/3219/1318 2431/3273/1372
f 2340/3287/1386 2407/3288/1387 2404/3275/1374
f 2396/3289/1388 2458/3278/1377 2460/3290/1389
f 2370/3291/1390 2432/3280/1507 2434/3292/1391
f 2344/3293/1392 2405/3283/1382 2408/3218/1497
f 2395/3294/1393 2461/3295/1394 2459/3285/1508
f 2369/3296/1509 2435/3297/1396 2433/3219/1318
f 2343/3298/1397 2409/3299/1510 2407/3288/1387
f 2398/3300/1399 2460/3290/1389 2462/3301/1400
f 2372/3302/1401 2434/3292/1391 2436/3303/1402
f 2346/3304/1403 2408/3218/1497 2410/3305/1404
f 2397/3306/1405 2463/3307/1406 2461/3295/1394
f 2371/3308/1512 2437/3309/1408 2435/3297/1396
f 2345/3310/1409 2411/3311/1513 2409/3299/1510
f 2400/3312/1411 2462/3301/1400 2464/3313/1412
f 2374/3314/1413 2436/3303/1402 2438/3315/1414
f 2348/3316/1415 2410/3305/1404 2412/3317/1416
f 2399/3318/1417 2465/3221/1320 2463/3307/1406
f 2373/3319/1418 2439/3320/1419 2437/3309/1408
f 2347/3321/1420 2413/3322/1514 2411/3311/1513
f 2402/3323/1422 2464/3313/1412 2466/3324/1423
f 2376/3325/1424 2438/3315/1414 2440/3216/1495
f 2350/3326/1425 2412/3317/1416 2414/3327/1576
f 2401/3328/1427 2403/3276/1375 2465/3221/1320
f 2375/3329/1428 2441/3330/1429 2439/3320/1419
f 2349/3331/1430 2415/3332/1515 2413/3322/1514
f 2342/3333/1432 2466/3324/1423 2406/3282/1570
f 2378/3334/1433 2440/3216/1495 2442/3214/1262
f 2352/3335/1434 2414/3327/1576 2416/3211/1259
f 2377/3336/1435 2443/3224/1323 2441/3330/1429
f 2351/3337/1436 2417/3227/1498 2415/3332/1515
f 2467/3338/1139 2470/3339/1140 2469/3340/1141
f 2469/3340/1141 2472/3341/1142 2471/3342/1143
f 2471/3342/1143 2474/3343/1144 2473/3344/1437
f 2473/3344/1437 2476/3345/1438 2475/3346/1147
f 2475/3347/1147 2478/3348/1148 2477/3349/1149
f 2477/3349/1149 2480/3350/1150 2479/3351/1151
f 2479/3351/1151 2482/3352/1578 2481/3353/1153
f 2481/3353/1153 2484/3354/1154 2483/3355/1155
f 2483/3355/1155 2486/3356/1156 2485/3357/1526
f 2485/3357/1526 2488/3358/1158 2487/3359/1159
f 2487/3359/1159 2490/3360/1160 2489/3361/1161
f 2489/3361/1161 2492/3362/1162 2491/3363/1163
f 2491/3364/1163 2494/3365/1164 2493/3366/1165
f 2493/3366/1165 2496/3367/1166 2495/3368/1167
f 2495/3368/1167 2498/3369/1168 2497/3370/1169
f 2497/3370/1169 2500/3371/1170 2499/3372/1171
f 2499/3372/1171 2502/3373/1172 2501/3374/1173
f 2501/3374/1173 2504/3375/1174 2503/3376/1175
f 2503/3376/1175 2506/3377/1176 2505/3378/1177
f 2505/3378/1177 2508/3379/1441 2507/3380/1179
f 2507/3381/1179 2510/3382/1180 2509/3383/1181
f 2509/3383/1181 2512/3384/1182 2511/3385/1183
f 2511/3385/1183 2514/3386/1548 2513/3387/1185
f 2513/3387/1185 2516/3388/1186 2515/3389/1187
f 2515/3389/1187 2518/3390/1188 2517/3391/1579
f 2517/3391/1579 2520/3392/1190 2519/3393/1191
f 2519/3393/1191 2522/3394/1192 2521/3395/1193
f 2521/3395/1193 2524/3396/1194 2523/3397/1195
f 2523/3398/1195 2526/3399/1442 2525/3400/1197
f 2525/3400/1197 2528/3401/1198 2527/3402/1199
f 2498/3403/1443 2560/3403/1201 2562/3403/1201
f 2527/3402/1199 2530/3404/1202 2529/3405/1203
f 2529/3405/1203 2468/3406/1204 2467/3338/1139
f 2513/3407/1444 2579/3407/1201 2577/3407/1201
f 2543/3407/1201 2609/3407/1206 2607/3407/1445
f 2569/3407/1201 2635/3407/1208 2633/3407/1559
f 2516/3403/1447 2578/3403/1201 2580/3403/1201
f 2479/3407/1448 2545/3407/1201 2543/3407/1201
f 2497/3407/1449 2563/3407/1201 2561/3407/1201
f 2482/3403/1450 2544/3403/1201 2546/3403/1201
f 2515/3407/1451 2581/3407/1201 2579/3407/1201
f 2500/3403/1452 2562/3403/1201 2564/3403/1201
f 2518/3403/1561 2580/3403/1201 2582/3403/1201
f 2481/3407/1454 2547/3407/1201 2545/3407/1201
f 2499/3407/1455 2565/3407/1201 2563/3407/1201
f 2484/3403/1456 2546/3403/1201 2548/3403/1201
f 2517/3407/1457 2583/3407/1201 2581/3407/1201
f 2502/3403/1458 2564/3403/1201 2566/3403/1201
f 2520/3403/1459 2582/3403/1201 2584/3403/1201
f 2483/3407/1460 2549/3407/1201 2547/3407/1201
f 2501/3407/1461 2567/3407/1201 2565/3407/1201
f 2486/3403/1462 2548/3403/1201 2550/3403/1201
f 2467/3407/1139 2532/3407/1201 2531/3407/1201
f 2519/3407/1562 2585/3407/1201 2583/3407/1201
f 2504/3403/1464 2566/3403/1201 2568/3403/1201
f 2470/3403/1140 2534/3403/1201 2533/3403/1201
f 2522/3403/1465 2584/3403/1201 2586/3403/1201
f 2485/3407/1466 2551/3407/1201 2549/3407/1201
f 2503/3407/1467 2569/3407/1201 2567/3407/1201
f 2488/3403/1468 2550/3403/1201 2552/3403/1201
f 2521/3407/1469 2587/3407/1201 2585/3407/1201
f 2506/3403/1470 2568/3403/1201 2570/3403/1201
f 2469/3407/1141 2535/3407/1201 2532/3407/1201
f 2524/3403/1471 2586/3403/1201 2588/3403/1201
f 2487/3407/1472 2553/3407/1201 2551/3407/1201
f 2472/3403/1142 2533/3403/1201 2536/3403/1201
f 2505/3407/1473 2571/3407/1201 2569/3407/1201
f 2490/3403/1474 2552/3403/1201 2554/3403/1201
f 2523/3407/1475 2589/3407/1201 2587/3407/1201
f 2508/3403/1476 2570/3403/1201 2572/3403/1201
f 2471/3407/1143 2537/3407/1201 2535/3407/1201
f 2526/3403/1442 2588/3403/1201 2590/3403/1201
f 2489/3407/1477 2555/3407/1201 2553/3407/1201
f 2474/3403/1144 2536/3403/1201 2538/3403/1201
f 2507/3407/1478 2573/3407/1201 2571/3407/1201
f 2492/3403/1479 2554/3403/1201 2556/3403/1201
f 2525/3407/1197 2591/3407/1201 2589/3407/1201
f 2510/3403/1480 2572/3403/1201 2574/3403/1201
f 2473/3407/1437 2539/3407/1201 2537/3407/1201
f 2528/3403/1198 2590/3403/1201 2592/3403/1201
f 2491/3407/1481 2557/3407/1201 2555/3407/1201
f 2476/3403/1482 2538/3403/1201 2540/3403/1201
f 2509/3407/1563 2575/3407/1201 2573/3407/1201
f 2494/3403/1484 2556/3403/1201 2558/3403/1201
f 2527/3407/1199 2593/3407/1201 2591/3407/1201
f 2512/3403/1485 2574/3403/1201 2576/3403/1201
f 2475/3407/1486 2541/3407/1201 2539/3407/1201
f 2530/3403/1202 2592/3403/1201 2594/3403/1201
f 2493/3407/1487 2559/3407/1201 2557/3407/1201
f 2478/3403/1488 2540/3403/1201 2542/3403/1201
f 2511/3407/1489 2577/3407/1201 2575/3407/1201
f 2496/3403/1490 2558/3403/1201 2560/3403/1201
f 2529/3407/1203 2531/3407/1201 2593/3407/1201
f 2514/3403/1491 2576/3403/1201 2578/3403/1201
f 2477/3407/1492 2543/3407/1201 2541/3407/1201
f 2468/3403/1204 2594/3403/1201 2534/3403/1201
f 2495/3407/1493 2561/3407/1201 2559/3407/1201
f 2480/3403/1494 2542/3403/1201 2544/3403/1201
f 2610/3408/1258 2672/3409/1582 2674/3410/1260
f 2636/3411/1261 2698/3412/1262 2700/3413/1263
f 2572/3403/1201 2634/3403/1264 2636/3403/1265
f 2546/3403/1201 2608/3403/1266 2610/3403/1267
f 2571/3407/1201 2637/3407/1268 2635/3407/1208
f 2545/3407/1201 2611/3407/1269 2609/3407/1206
f 2574/3403/1201 2636/3403/1265 2638/3403/1270
f 2548/3403/1201 2610/3403/1267 2612/3403/1271
f 2573/3407/1201 2639/3407/1272 2637/3407/1268
f 2547/3407/1201 2613/3407/1273 2611/3407/1269
f 2576/3403/1201 2638/3403/1270 2640/3403/1274
f 2550/3403/1201 2612/3403/1271 2614/3403/1275
f 2575/3407/1201 2641/3407/1276 2639/3407/1272
f 2549/3407/1201 2615/3407/1580 2613/3407/1273
f 2578/3403/1201 2640/3403/1274 2642/3403/1278
f 2552/3403/1201 2614/3403/1275 2616/3403/1279
f 2577/3407/1201 2643/3407/1280 2641/3407/1276
f 2551/3407/1201 2617/3407/1281 2615/3407/1580
f 2580/3403/1201 2642/3403/1278 2644/3403/1282
f 2554/3403/1201 2616/3403/1279 2618/3403/1283
f 2579/3407/1201 2645/3407/1284 2643/3407/1280
f 2553/3407/1201 2619/3407/1285 2617/3407/1281
f 2582/3403/1201 2644/3403/1282 2646/3403/1286
f 2556/3403/1201 2618/3403/1283 2620/3403/1287
f 2581/3407/1201 2647/3407/1288 2645/3407/1284
f 2555/3407/1201 2621/3407/1289 2619/3407/1285
f 2584/3403/1201 2646/3403/1286 2648/3403/1289
f 2558/3403/1201 2620/3403/1287 2622/3403/1290
f 2583/3407/1201 2649/3407/1291 2647/3407/1288
f 2557/3407/1201 2623/3407/1292 2621/3407/1289
f 2531/3407/1201 2596/3407/1293 2595/3407/1294
f 2586/3403/1201 2648/3403/1289 2650/3403/1295
f 2560/3403/1201 2622/3403/1290 2624/3403/1293
f 2533/3403/1201 2598/3403/1296 2597/3403/1297
f 2585/3407/1201 2651/3407/1234 2649/3407/1291
f 2559/3407/1201 2625/3407/1298 2623/3407/1292
f 2532/3407/1201 2599/3407/1299 2596/3407/1293
f 2588/3403/1201 2650/3403/1295 2652/3403/1298
f 2562/3403/1201 2624/3403/1293 2626/3403/1299
f 2536/3403/1201 2597/3403/1297 2600/3403/1300
f 2587/3407/1201 2653/3407/1301 2651/3407/1234
f 2561/3407/1201 2627/3407/1302 2625/3407/1298
f 2535/3407/1201 2601/3407/1303 2599/3407/1299
f 2590/3403/1201 2652/3403/1298 2654/3403/1304
f 2564/3403/1201 2626/3403/1299 2628/3403/1305
f 2538/3403/1201 2600/3403/1300 2602/3403/1306
f 2589/3407/1201 2655/3407/1307 2653/3407/1301
f 2563/3407/1201 2629/3407/1308 2627/3407/1302
f 2537/3407/1201 2603/3407/1309 2601/3407/1303
f 2592/3403/1201 2654/3403/1304 2656/3403/1308
f 2566/3403/1201 2628/3403/1305 2630/3403/1309
f 2540/3403/1201 2602/3403/1306 2604/3403/1310
f 2591/3407/1201 2657/3407/1287 2655/3407/1307
f 2565/3407/1201 2631/3407/1311 2629/3407/1308
f 2539/3407/1201 2605/3407/1312 2603/3407/1309
f 2594/3403/1201 2656/3403/1308 2658/3403/1311
f 2568/3403/1201 2630/3403/1309 2632/3403/1313
f 2542/3403/1201 2604/3403/1310 2606/3403/1314
f 2593/3407/1201 2595/3407/1294 2657/3407/1287
f 2567/3407/1201 2633/3407/1559 2631/3407/1311
f 2541/3407/1201 2607/3407/1445 2605/3407/1312
f 2534/3403/1201 2658/3403/1311 2598/3403/1296
f 2570/3403/1201 2632/3403/1313 2634/3403/1264
f 2544/3403/1201 2606/3403/1314 2608/3403/1266
f 2696/3414/1495 2680/3415/1496 2664/3416/1583
f 2689/3417/1584 2705/3418/1319 2721/3419/1585
f 2635/3420/1321 2701/3421/1322 2699/3422/1323
f 2609/3423/1324 2675/3424/1325 2673/3425/1586
f 2638/3426/1327 2700/3413/1263 2702/3427/1328
f 2612/3428/1329 2674/3410/1260 2676/3429/1330
f 2637/3430/1331 2703/3431/1332 2701/3421/1322
f 2611/3432/1333 2677/3433/1334 2675/3424/1325
f 2640/3434/1335 2702/3427/1328 2704/3435/1499
f 2614/3436/1337 2676/3429/1330 2678/3437/1338
f 2639/3438/1339 2705/3418/1319 2703/3431/1332
f 2613/3439/1340 2679/3440/1341 2677/3433/1334
f 2642/3441/1342 2704/3435/1499 2706/3442/1501
f 2616/3443/1344 2678/3437/1338 2680/3415/1496
f 2641/3444/1346 2707/3445/1347 2705/3418/1319
f 2615/3446/1348 2681/3447/1349 2679/3440/1341
f 2644/3448/1350 2706/3442/1501 2708/3449/1351
f 2618/3450/1352 2680/3415/1496 2682/3451/1502
f 2643/3452/1354 2709/3453/1355 2707/3445/1347
f 2617/3454/1356 2683/3455/1503 2681/3447/1349
f 2646/3456/1358 2708/3449/1351 2710/3457/1504
f 2620/3458/1360 2682/3451/1502 2684/3459/1505
f 2645/3460/1362 2711/3461/1363 2709/3453/1355
f 2619/3462/1364 2685/3463/1365 2683/3455/1503
f 2648/3464/1366 2710/3457/1504 2712/3465/1506
f 2622/3466/1367 2684/3459/1505 2686/3467/1587
f 2647/3468/1369 2713/3469/1370 2711/3461/1363
f 2621/3470/1371 2687/3471/1372 2685/3463/1365
f 2595/3472/1373 2660/3473/1374 2659/3474/1588
f 2650/3475/1376 2712/3465/1506 2714/3476/1377
f 2624/3477/1378 2686/3467/1587 2688/3478/1507
f 2597/3479/1380 2662/3480/1570 2661/3481/1589
f 2649/3482/1383 2715/3483/1508 2713/3469/1370
f 2623/3484/1385 2689/3417/1584 2687/3471/1372
f 2596/3485/1386 2663/3486/1590 2660/3473/1374
f 2652/3487/1388 2714/3476/1377 2716/3488/1389
f 2626/3489/1390 2688/3478/1507 2690/3490/1591
f 2600/3491/1392 2661/3481/1589 2664/3416/1583
f 2651/3492/1393 2717/3493/1394 2715/3483/1508
f 2625/3494/1509 2691/3495/1396 2689/3417/1584
f 2599/3496/1397 2665/3497/1592 2663/3486/1590
f 2654/3498/1399 2716/3488/1389 2718/3499/1400
f 2628/3500/1401 2690/3490/1591 2692/3501/1402
f 2602/3502/1403 2664/3416/1583 2666/3503/1593
f 2653/3504/1405 2719/3505/1406 2717/3493/1394
f 2627/3506/1512 2693/3507/1408 2691/3495/1396
f 2601/3508/1409 2667/3509/1513 2665/3497/1592
f 2656/3510/1411 2718/3499/1400 2720/3511/1412
f 2630/3512/1413 2692/3501/1402 2694/3513/1414
f 2604/3514/1415 2666/3503/1593 2668/3515/1594
f 2655/3516/1417 2721/3419/1585 2719/3505/1406
f 2629/3517/1418 2695/3518/1419 2693/3507/1408
f 2603/3519/1420 2669/3520/1514 2667/3509/1513
f 2658/3521/1422 2720/3511/1412 2722/3522/1423
f 2632/3523/1424 2694/3513/1414 2696/3414/1495
f 2606/3524/1425 2668/3515/1594 2670/3525/1426
f 2657/3526/1427 2659/3474/1588 2721/3419/1585
f 2631/3527/1428 2697/3528/1429 2695/3518/1419
f 2605/3529/1430 2671/3530/1515 2669/3520/1514
f 2598/3531/1432 2722/3522/1423 2662/3480/1570
f 2634/3532/1433 2696/3414/1495 2698/3412/1262
f 2608/3533/1434 2670/3525/1426 2672/3409/1582
f 2633/3534/1435 2699/3422/1323 2697/3528/1429
f 2607/3535/1436 2673/3425/1586 2671/3530/1515
f 2723/3536/1595 2787/3537/1596 2725/3538/1597
f 2725/3538/1597 2789/3539/1598 2727/3540/1599
f 2727/3540/1599 2790/3541/1600 2729/3542/1601
f 2729/3542/1601 2791/3543/1602 2731/3544/1603
f 2731/3545/1603 2792/3546/1604 2733/3547/1605
f 2733/3547/1605 2793/3548/1606 2735/3549/1607
f 2735/3549/1607 2794/3550/1608 2737/3551/1609
f 2737/3551/1609 2795/3552/1610 2739/3553/1611
f 2739/3553/1611 2796/3554/1612 2741/3555/1613
f 2741/3555/1613 2797/3556/1614 2743/3557/1615
f 2743/3557/1615 2798/3558/1616 2745/3559/1617
f 2745/3559/1617 2799/3560/1618 2747/3561/1619
f 2747/3562/1619 2800/3563/1620 2749/3564/1621
f 2749/3564/1621 2801/3565/1622 2751/3566/1623
f 2751/3566/1623 2802/3567/1624 2753/3568/1625
f 2753/3568/1625 2803/3569/1626 2755/3570/1627
f 2755/3570/1627 2804/3571/1628 2757/3572/1629
f 2757/3572/1629 2805/3573/1630 2759/3574/1631
f 2759/3574/1631 2806/3575/1632 2761/3576/1633
f 2761/3576/1633 2807/3577/1634 2763/3578/1635
f 2763/3579/1635 2808/3580/1636 2765/3581/1637
f 2765/3581/1637 2809/3582/1638 2767/3583/1639
f 2767/3583/1639 2810/3584/1640 2769/3585/1641
f 2769/3585/1641 2811/3586/1642 2771/3587/1643
f 2771/3587/1643 2812/3588/1644 2773/3589/1645
f 2773/3589/1645 2813/3590/1646 2775/3591/1647
f 2775/3591/1647 2814/3592/1648 2777/3593/1649
f 2777/3593/1649 2815/3594/1650 2779/3595/1651
f 2779/3596/1651 2816/3597/1652 2781/3598/1653
f 2781/3598/1653 2817/3599/1654 2783/3600/1655
f 2740/3601/1656 2858/3602/1657 2859/3603/1658
f 2783/3600/1655 2818/3604/1659 2785/3605/1660
f 2785/3605/1660 2788/3606/1661 2723/3536/1595
f 2753/3607/1662 2769/3608/1663 2785/3609/1664
f 2820/3610/1665 2787/3611/1666 2788/3612/1667
f 2819/3613/1668 2789/3614/1669 2787/3611/1666
f 2821/3615/1670 2790/3616/1671 2789/3614/1669
f 2822/3617/1672 2791/3618/1673 2790/3616/1671
f 2823/3619/1674 2792/3620/1675 2791/3618/1673
f 2824/3621/1676 2793/3622/1677 2792/3620/1675
f 2825/3623/1678 2794/3624/1679 2793/3622/1677
f 2826/3625/1680 2795/3626/1681 2794/3624/1679
f 2827/3627/1682 2796/3628/1683 2795/3626/1681
f 2828/3629/1684 2797/3630/1685 2796/3628/1683
f 2829/3631/1686 2798/3632/1687 2797/3630/1685
f 2830/3633/1688 2799/3634/1689 2798/3632/1687
f 2831/3635/1690 2800/3636/1691 2799/3634/1689
f 2832/3637/1692 2801/3638/1693 2800/3636/1691
f 2833/3639/1694 2802/3640/1695 2801/3638/1693
f 2834/3641/1696 2803/3642/1697 2802/3640/1695
f 2835/3643/1698 2804/3644/1699 2803/3642/1697
f 2836/3645/1700 2805/3646/1701 2804/3644/1699
f 2837/3647/1702 2806/3648/1703 2805/3646/1701
f 2838/3649/1704 2807/3650/1705 2806/3648/1703
f 2839/3651/1706 2808/3652/1707 2807/3650/1705
f 2840/3653/1708 2809/3654/1709 2808/3652/1707
f 2841/3655/1710 2810/3656/1711 2809/3654/1709
f 2842/3657/1712 2811/3658/1713 2810/3656/1711
f 2843/3659/1714 2812/3660/1715 2811/3658/1713
f 2844/3661/1716 2813/3662/1717 2812/3660/1715
f 2845/3663/1718 2814/3664/1719 2813/3662/1717
f 2846/3665/1720 2815/3666/1721 2814/3664/1719
f 2847/3667/1722 2816/3668/1723 2815/3666/1721
f 2848/3669/1724 2817/3670/1725 2816/3668/1723
f 2849/3671/1726 2818/3672/1727 2817/3670/1725
f 2850/3673/1728 2788/3612/1667 2818/3672/1727
f 2724/3674/1729 2819/3613/1730 2820/3610/1731
f 2726/3675/1732 2821/3615/1733 2819/3613/1730
f 2728/3676/1734 2822/3617/1735 2821/3615/1733
f 2730/3677/1736 2823/3619/1737 2822/3617/1735
f 2732/3678/1738 2824/3621/1739 2823/3619/1737
f 2734/3679/1740 2825/3623/1741 2824/3621/1739
f 2736/3680/1742 2826/3625/1743 2825/3623/1741
f 2738/3681/1744 2827/3627/1745 2826/3625/1743
f 2740/3682/1746 2828/3629/1747 2827/3627/1745
f 2742/3683/1748 2829/3631/1749 2828/3629/1747
f 2744/3684/1750 2830/3633/1751 2829/3631/1749
f 2746/3685/1752 2831/3635/1753 2830/3633/1751
f 2748/3686/1754 2832/3637/1755 2831/3635/1753
f 2750/3687/1756 2833/3639/1757 2832/3637/1755
f 2752/3688/1758 2834/3641/1759 2833/3639/1757
f 2754/3689/1760 2835/3643/1761 2834/3641/1759
f 2756/3690/1762 2836/3645/1763 2835/3643/1761
f 2758/3691/1764 2837/3647/1765 2836/3645/1763
f 2760/3692/1766 2838/3649/1767 2837/3647/1765
f 2762/3693/1768 2839/3651/1769 2838/3649/1767
f 2764/3694/1770 2840/3653/1771 2839/3651/1769
f 2766/3695/1772 2841/3655/1773 2840/3653/1771
f 2768/3696/1774 2842/3657/1775 2841/3655/1773
f 2770/3697/1776 2843/3659/1777 2842/3657/1775
f 2772/3698/1778 2844/3661/1779 2843/3659/1777
f 2774/3699/1780 2845/3663/1781 2844/3661/1779
f 2776/3700/1782 2846/3665/1783 2845/3663/1781
f 2778/3701/1784 2847/3667/1785 2846/3665/1783
f 2780/3702/1786 2848/3669/1787 2847/3667/1785
f 2782/3703/1788 2849/3671/1789 2848/3669/1787
f 2784/3704/1790 2850/3673/1791 2849/3671/1789
f 2786/3705/1792 2820/3610/1731 2850/3673/1791
f 2861/3706/1793 2857/3707/1794 2853/3708/1795
f 2768/3709/1796 2872/3710/1797 2873/3711/1798
f 2742/3712/1799 2859/3603/1658 2860/3713/1800
f 2770/3714/1801 2873/3711/1798 2874/3715/1802
f 2744/3716/1803 2860/3713/1800 2861/3717/1804
f 2772/3718/1805 2874/3715/1802 2875/3719/1806
f 2746/3720/1807 2861/3717/1804 2862/3721/1808
f 2774/3722/1809 2875/3719/1806 2876/3723/1810
f 2748/3724/1811 2862/3721/1808 2863/3725/1812
f 2776/3726/1813 2876/3723/1810 2877/3727/1814
f 2750/3728/1815 2863/3729/1812 2864/3730/1816
f 2778/3731/1817 2877/3727/1814 2878/3732/1818
f 2752/3733/1819 2864/3730/1816 2865/3734/1820
f 2726/3735/1821 2852/3736/1822 2851/3737/1823
f 2780/3738/1824 2878/3732/1818 2879/3739/1825
f 2754/3740/1826 2865/3734/1820 2866/3741/1827
f 2728/3742/1828 2851/3737/1823 2853/3743/1829
f 2782/3744/1830 2879/3745/1825 2880/3746/1831
f 2756/3747/1832 2866/3741/1827 2867/3748/1833
f 2730/3749/1834 2853/3743/1829 2854/3750/1835
f 2784/3751/1836 2880/3746/1831 2881/3752/1837
f 2758/3753/1838 2867/3748/1833 2868/3754/1839
f 2732/3755/1840 2854/3750/1835 2855/3756/1841
f 2786/3757/1842 2881/3752/1837 2882/3758/1843
f 2760/3759/1844 2868/3754/1839 2869/3760/1845
f 2734/3761/1846 2855/3762/1841 2856/3763/1847
f 2724/3764/1848 2882/3758/1843 2852/3736/1822
f 2762/3765/1849 2869/3760/1845 2870/3766/1850
f 2736/3767/1851 2856/3763/1847 2857/3768/1852
f 2764/3769/1853 2870/3766/1850 2871/3770/1854
f 2738/3771/1855 2857/3768/1852 2858/3602/1657
f 2766/3772/1856 2871/3773/1854 2872/3710/1797
f 2883/3774/1857 2947/3775/1858 2885/3776/1597
f 2885/3776/1597 2949/3777/1859 2887/3778/1599
f 2887/3778/1599 2950/3779/1860 2889/3780/1601
f 2889/3780/1601 2951/3781/1602 2891/3782/1603
f 2891/3783/1603 2952/3784/1604 2893/3785/1605
f 2893/3785/1605 2953/3786/1606 2895/3787/1861
f 2895/3787/1861 2954/3788/1608 2897/3789/1609
f 2897/3789/1609 2955/3790/1610 2899/3791/1611
f 2899/3791/1611 2956/3792/1612 2901/3793/1862
f 2901/3793/1862 2957/3794/1863 2903/3795/1615
f 2903/3795/1615 2958/3796/1616 2905/3797/1617
f 2905/3797/1617 2959/3798/1618 2907/3799/1619
f 2907/3800/1619 2960/3801/1864 2909/3802/1865
f 2909/3802/1865 2961/3803/1622 2911/3804/1866
f 2911/3804/1866 2962/3805/1867 2913/3806/1625
f 2913/3806/1625 2963/3807/1626 2915/3808/1868
f 2915/3808/1868 2964/3809/1628 2917/3810/1629
f 2917/3810/1629 2965/3811/1630 2919/3812/1631
f 2919/3812/1631 2966/3813/1632 2921/3814/1633
f 2921/3814/1633 2967/3815/1869 2923/3816/1635
f 2923/3817/1635 2968/3818/1636 2925/3819/1637
f 2925/3819/1637 2969/3820/1870 2927/3821/1871
f 2927/3821/1871 2970/3822/1640 2929/3823/1872
f 2929/3823/1872 2971/3824/1642 2931/3825/1643
f 2931/3825/1643 2972/3826/1644 2933/3827/1873
f 2933/3827/1873 2973/3828/1646 2935/3829/1874
f 2935/3829/1874 2974/3830/1648 2937/3831/1875
f 2937/3831/1875 2975/3832/1876 2939/3833/1651
f 2939/3834/1651 2976/3835/1652 2941/3836/1653
f 2941/3836/1653 2977/3837/1654 2943/3838/1877
f 2900/3839/1656 3018/3840/1657 3019/3841/1658
f 2943/3838/1877 2978/3842/1878 2945/3843/1660
f 2945/3843/1660 2948/3844/1661 2883/3774/1857
f 2913/3845/1662 2929/3846/1663 2945/3847/1664
f 2980/3848/1665 2947/3849/1666 2948/3850/1667
f 2979/3851/1668 2949/3852/1669 2947/3849/1666
f 2981/3853/1670 2950/3854/1671 2949/3852/1669
f 2982/3855/1672 2951/3856/1673 2950/3854/1671
f 2983/3857/1879 2952/3858/1675 2951/3856/1673
f 2984/3859/1676 2953/3860/1677 2952/3858/1675
f 2985/3861/1678 2954/3862/1679 2953/3860/1677
f 2986/3863/1680 2955/3864/1681 2954/3862/1679
f 2987/3865/1682 2956/3866/1683 2955/3864/1681
f 2988/3867/1684 2957/3868/1685 2956/3866/1683
f 2989/3869/1686 2958/3870/1687 2957/3868/1685
f 2990/3871/1688 2959/3872/1689 2958/3870/1687
f 2991/3873/1880 2960/3874/1691 2959/3872/1689
f 2992/3875/1692 2961/3876/1693 2960/3874/1691
f 2993/3877/1694 2962/3878/1695 2961/3876/1693
f 2994/3879/1696 2963/3880/1697 2962/3878/1695
f 2995/3881/1698 2964/3882/1699 2963/3880/1697
f 2996/3883/1700 2965/3884/1701 2964/3882/1699
f 2997/3885/1702 2966/3886/1703 2965/3884/1701
f 2998/3887/1704 2967/3888/1705 2966/3886/1703
f 2999/3889/1881 2968/3890/1707 2967/3888/1705
f 3000/3891/1708 2969/3892/1709 2968/3890/1707
f 3001/3893/1710 2970/3894/1711 2969/3892/1709
f 3002/3895/1712 2971/3896/1713 2970/3894/1711
f 3003/3897/1714 2972/3898/1715 2971/3896/1713
f 3004/3899/1716 2973/3900/1717 2972/3898/1715
f 3005/3901/1718 2974/3902/1719 2973/3900/1717
f 3006/3903/1720 2975/3904/1882 2974/3902/1719
f 3007/3905/1883 2976/3906/1723 2975/3904/1882
f 3008/3907/1724 2977/3908/1725 2976/3906/1723
f 3009/3909/1884 2978/3910/1727 2977/3908/1725
f 3010/3911/1728 2948/3850/1667 2978/3910/1727
f 2884/3912/1729 2979/3851/1885 2980/3848/1731
f 2886/3913/1732 2981/3853/1733 2979/3851/1885
f 2888/3914/1734 2982/3855/1735 2981/3853/1733
f 2890/3915/1736 2983/3857/1737 2982/3855/1735
f 2892/3916/1738 2984/3859/1886 2983/3857/1737
f 2894/3917/1740 2985/3861/1741 2984/3859/1886
f 2896/3918/1742 2986/3863/1743 2985/3861/1741
f 2898/3919/1744 2987/3865/1745 2986/3863/1743
f 2900/3920/1746 2988/3867/1747 2987/3865/1745
f 2902/3921/1748 2989/3869/1749 2988/3867/1747
f 2904/3922/1750 2990/3871/1751 2989/3869/1749
f 2906/3923/1752 2991/3873/1753 2990/3871/1751
f 2908/3924/1754 2992/3875/1755 2991/3873/1753
f 2910/3925/1756 2993/3877/1757 2992/3875/1755
f 2912/3926/1758 2994/3879/1759 2993/3877/1757
f 2914/3927/1760 2995/3881/1761 2994/3879/1759
f 2916/3928/1762 2996/3883/1887 2995/3881/1761
f 2918/3929/1764 2997/3885/1765 2996/3883/1887
f 2920/3930/1766 2998/3887/1767 2997/3885/1765
f 2922/3931/1768 2999/3889/1769 2998/3887/1767
f 2924/3932/1770 3000/3891/1888 2999/3889/1769
f 2926/3933/1772 3001/3893/1773 3000/3891/1888
f 2928/3934/1774 3002/3895/1775 3001/3893/1773
f 2930/3935/1776 3003/3897/1777 3002/3895/1775
f 2932/3936/1778 3004/3899/1779 3003/3897/1777
f 2934/3937/1780 3005/3901/1781 3004/3899/1779
f 2936/3938/1782 3006/3903/1783 3005/3901/1781
f 2938/3939/1784 3007/3905/1785 3006/3903/1783
f 2940/3940/1786 3008/3907/1787 3007/3905/1785
f 2942/3941/1788 3009/3909/1789 3008/3907/1787
f 2944/3942/1790 3010/3911/1791 3009/3909/1789
f 2946/3943/1792 2980/3848/1731 3010/3911/1791
f 3017/3944/1794 3013/3945/1889 3029/3946/1890
f 2928/3947/1891 3032/3948/1892 3033/3949/1798
f 2902/3950/1799 3019/3841/1658 3020/3951/1800
f 2930/3952/1893 3033/3949/1798 3034/3953/1802
f 2904/3954/1894 3020/3951/1800 3021/3955/1895
f 2932/3956/1805 3034/3953/1802 3035/3957/1806
f 2906/3958/1807 3021/3955/1895 3022/3959/1808
f 2934/3960/1809 3035/3957/1806 3036/3961/1896
f 2908/3962/1811 3022/3959/1808 3023/3963/1812
f 2936/3964/1897 3036/3961/1896 3037/3965/1814
f 2910/3966/1815 3023/3967/1812 3024/3968/1816
f 2938/3969/1817 3037/3965/1814 3038/3970/1898
f 2912/3971/1899 3024/3968/1816 3025/3972/1900
f 2886/3973/1901 3012/3974/1822 3011/3975/1823
f 2940/3976/1902 3038/3970/1898 3039/3977/1825
f 2914/3978/1903 3025/3972/1900 3026/3979/1827
f 2888/3980/1904 3011/3975/1823 3013/3981/1905
f 2942/3982/1906 3039/3983/1825 3040/3984/1831
f 2916/3985/1832 3026/3979/1827 3027/3986/1833
f 2890/3987/1907 3013/3981/1905 3014/3988/1908
f 2944/3989/1836 3040/3984/1831 3041/3990/1837
f 2918/3991/1838 3027/3986/1833 3028/3992/1909
f 2892/3993/1840 3014/3988/1908 3015/3994/1910
f 2946/3995/1911 3041/3990/1837 3042/3996/1912
f 2920/3997/1913 3028/3992/1909 3029/3998/1914
f 2894/3999/1846 3015/4000/1910 3016/4001/1915
f 2884/4002/1848 3042/3996/1912 3012/3974/1822
f 2922/4003/1849 3029/3998/1914 3030/4004/1850
f 2896/4005/1851 3016/4001/1915 3017/4006/1916
f 2924/4007/1917 3030/4004/1850 3031/4008/1918
f 2898/4009/1855 3017/4006/1916 3018/3840/1657
f 2926/4010/1856 3031/4011/1918 3032/3948/1892
f 3043/4012/1919 3107/4013/1596 3045/4014/1597
f 3045/4014/1597 3109/4015/1859 3047/4016/1920
f 3047/4016/1920 3110/4017/1860 3049/4018/1601
f 3049/4018/1601 3111/4019/1602 3051/4020/1603
f 3051/4021/1603 3112/4022/1604 3053/4023/1605
f 3053/4023/1605 3113/4024/1921 3055/4025/1922
f 3055/4025/1922 3114/4026/1608 3057/4027/1923
f 3057/4027/1923 3115/4028/1610 3059/4029/1611
f 3059/4029/1611 3116/4030/1612 3061/4031/1613
f 3061/4031/1613 3117/4032/1614 3063/4033/1615
f 3063/4033/1615 3118/4034/1616 3065/4035/1617
f 3065/4035/1617 3119/4036/1618 3067/4037/1619
f 3067/4038/1619 3120/4039/1924 3069/4040/1925
f 3069/4040/1925 3121/4041/1926 3071/4042/1927
f 3071/4042/1927 3122/4043/1624 3073/4044/1625
f 3073/4044/1625 3123/4045/1626 3075/4046/1928
f 3075/4046/1928 3124/4047/1628 3077/4048/1929
f 3077/4048/1929 3125/4049/1930 3079/4050/1931
f 3079/4050/1931 3126/4051/1932 3081/4052/1933
f 3081/4052/1933 3127/4053/1869 3083/4054/1635
f 3083/4055/1635 3128/4056/1636 3085/4057/1637
f 3085/4057/1637 3129/4058/1638 3087/4059/1934
f 3087/4059/1934 3130/4060/1640 3089/4061/1872
f 3089/4061/1872 3131/4062/1642 3091/4063/1643
f 3091/4063/1643 3132/4064/1935 3093/4065/1873
f 3093/4065/1873 3133/4066/1936 3095/4067/1647
f 3095/4067/1647 3134/4068/1648 3097/4069/1649
f 3097/4069/1649 3135/4070/1876 3099/4071/1651
f 3099/4072/1651 3136/4073/1652 3101/4074/1653
f 3101/4074/1653 3137/4075/1937 3103/4076/1938
f 3060/4077/1656 3178/4078/1939 3179/4079/1658
f 3103/4076/1938 3138/4080/1659 3105/4081/1660
f 3105/4081/1660 3108/4082/1661 3043/4012/1919
f 3057/4083/1940 3073/4084/1662 3089/4085/1663
f 3140/4086/1665 3107/4087/1666 3108/4088/1667
f 3139/4089/1668 3109/4090/1669 3107/4087/1666
f 3141/4091/1670 3110/4092/1941 3109/4090/1669
f 3142/4093/1672 3111/4094/1673 3110/4092/1941
f 3143/4095/1879 3112/4096/1675 3111/4094/1673
f 3144/4097/1676 3113/4098/1677 3112/4096/1675
f 3145/4099/1678 3114/4100/1679 3113/4098/1677
f 3146/4101/1680 3115/4102/1681 3114/4100/1679
f 3147/4103/1682 3116/4104/1683 3115/4102/1681
f 3148/4105/1684 3117/4106/1685 3116/4104/1683
f 3149/4107/1686 3118/4108/1687 3117/4106/1685
f 3150/4109/1688 3119/4110/1942 3118/4108/1687
f 3151/4111/1880 3120/4112/1691 3119/4110/1942
f 3152/4113/1692 3121/4114/1693 3120/4112/1691
f 3153/4115/1694 3122/4116/1695 3121/4114/1693
f 3154/4117/1696 3123/4118/1697 3122/4116/1695
f 3155/4119/1698 3124/4120/1699 3123/4118/1697
f 3156/4121/1700 3125/4122/1701 3124/4120/1699
f 3157/4123/1702 3126/4124/1703 3125/4122/1701
f 3158/4125/1704 3127/4126/1705 3126/4124/1703
f 3159/4127/1881 3128/4128/1707 3127/4126/1705
f 3160/4129/1708 3129/4130/1709 3128/4128/1707
f 3161/4131/1710 3130/4132/1711 3129/4130/1709
f 3162/4133/1712 3131/4134/1713 3130/4132/1711
f 3163/4135/1714 3132/4136/1715 3131/4134/1713
f 3164/4137/1716 3133/4138/1717 3132/4136/1715
f 3165/4139/1718 3134/4140/1719 3133/4138/1717
f 3166/4141/1720 3135/4142/1721 3134/4140/1719
f 3167/4143/1883 3136/4144/1723 3135/4142/1721
f 3168/4145/1724 3137/4146/1725 3136/4144/1723
f 3169/4147/1726 3138/4148/1727 3137/4146/1725
f 3170/4149/1728 3108/4088/1667 3138/4148/1727
f 3044/4150/1729 3139/4089/1885 3140/4086/1731
f 3046/4151/1732 3141/4091/1943 3139/4089/1885
f 3048/4152/1734 3142/4093/1735 3141/4091/1943
f 3050/4153/1736 3143/4095/1737 3142/4093/1735
f 3052/4154/1738 3144/4097/1886 3143/4095/1737
f 3054/4155/1740 3145/4099/1741 3144/4097/1886
f 3056/4156/1742 3146/4101/1944 3145/4099/1741
f 3058/4157/1744 3147/4103/1745 3146/4101/1944
f 3060/4158/1746 3148/4105/1747 3147/4103/1745
f 3062/4159/1748 3149/4107/1749 3148/4105/1747
f 3064/4160/1750 3150/4109/1751 3149/4107/1749
f 3066/4161/1752 3151/4111/1753 3150/4109/1751
f 3068/4162/1754 3152/4113/1755 3151/4111/1753
f 3070/4163/1756 3153/4115/1757 3152/4113/1755
f 3072/4164/1758 3154/4117/1759 3153/4115/1757
f 3074/4165/1945 3155/4119/1761 3154/4117/1759
f 3076/4166/1762 3156/4121/1763 3155/4119/1761
f 3078/4167/1764 3157/4123/1765 3156/4121/1763
f 3080/4168/1766 3158/4125/1767 3157/4123/1765
f 3082/4169/1768 3159/4127/1769 3158/4125/1767
f 3084/4170/1770 3160/4129/1888 3159/4127/1769
f 3086/4171/1946 3161/4131/1773 3160/4129/1888
f 3088/4172/1774 3162/4133/1775 3161/4131/1773
f 3090/4173/1776 3163/4135/1777 3162/4133/1775
f 3092/4174/1778 3164/4137/1779 3163/4135/1777
f 3094/4175/1780 3165/4139/1781 3164/4137/1779
f 3096/4176/1782 3166/4141/1783 3165/4139/1781
f 3098/4177/1784 3167/4143/1785 3166/4141/1783
f 3100/4178/1786 3168/4145/1787 3167/4143/1785
f 3102/4179/1788 3169/4147/1947 3168/4145/1787
f 3104/4180/1790 3170/4149/1791 3169/4147/1947
f 3106/4181/1948 3140/4086/1731 3170/4149/1791
f 3177/4182/1794 3173/4183/1889 3189/4184/1890
f 3088/4185/1796 3192/4186/1797 3193/4187/1798
f 3062/4188/1949 3179/4079/1658 3180/4189/1950
f 3090/4190/1893 3193/4187/1798 3194/4191/1951
f 3064/4192/1894 3180/4189/1950 3181/4193/1952
f 3092/4194/1805 3194/4191/1951 3195/4195/1806
f 3066/4196/1807 3181/4193/1952 3182/4197/1953
f 3094/4198/1809 3195/4195/1806 3196/4199/1954
f 3068/4200/1955 3182/4197/1953 3183/4201/1812
f 3096/4202/1813 3196/4199/1954 3197/4203/1956
f 3070/4204/1957 3183/4205/1812 3184/4206/1816
f 3098/4207/1817 3197/4203/1956 3198/4208/1818
f 3072/4209/1819 3184/4206/1816 3185/4210/1820
f 3046/4211/1821 3172/4212/1822 3171/4213/1958
f 3100/4214/1824 3198/4208/1818 3199/4215/1825
f 3074/4216/1903 3185/4210/1820 3186/4217/1959
f 3048/4218/1960 3171/4213/1958 3173/4219/1829
f 3102/4220/1961 3199/4221/1825 3200/4222/1831
f 3076/4223/1832 3186/4217/1959 3187/4224/1833
f 3050/4225/1834 3173/4219/1829 3174/4226/1835
f 3104/4227/1962 3200/4222/1831 3201/4228/1963
f 3078/4229/1964 3187/4224/1833 3188/4230/1965
f 3052/4231/1966 3174/4226/1835 3175/4232/1910
f 3106/4233/1967 3201/4228/1963 3202/4234/1843
f 3080/4235/1968 3188/4230/1965 3189/4236/1845
f 3054/4237/1969 3175/4238/1910 3176/4239/1847
f 3044/4240/1848 3202/4234/1843 3172/4212/1822
f 3082/4241/1970 3189/4236/1845 3190/4242/1971
f 3056/4243/1972 3176/4239/1847 3177/4244/1973
f 3084/4245/1853 3190/4242/1971 3191/4246/1918
f 3058/4247/1855 3177/4244/1973 3178/4078/1939
f 3086/4248/1974 3191/4249/1918 3192/4186/1797
f 3203/4250/1975 3206/4251/1976 3205/4252/1977
f 3205/4252/1977 3208/4253/1978 3207/4254/1979
f 3207/4254/1979 3210/4255/1980 3209/4256/1981
f 3209/4256/1981 3212/4257/1982 3211/4258/1983
f 3211/4259/1983 3214/4260/1984 3213/4261/1985
f 3213/4261/1985 3216/4262/1986 3215/4263/1987
f 3215/4263/1987 3218/4264/1988 3217/4265/1989
f 3217/4265/1989 3220/4266/1990 3219/4267/1991
f 3219/4267/1991 3222/4268/1992 3221/4269/1993
f 3221/4269/1993 3224/4270/1994 3223/4271/1995
f 3223/4271/1995 3226/4272/1996 3225/4273/1997
f 3225/4273/1997 3228/4274/1998 3227/4275/1999
f 3227/4276/1999 3230/4277/2000 3229/4278/2001
f 3229/4278/2001 3232/4279/2002 3231/4280/2003
f 3231/4280/2003 3234/4281/2004 3233/4282/2005
f 3233/4282/2005 3236/4283/2006 3235/4284/2007
f 3235/4284/2007 3238/4285/2008 3237/4286/2009
f 3237/4286/2009 3240/4287/2010 3239/4288/2011
f 3239/4288/2011 3242/4289/2012 3241/4290/2013
f 3241/4290/2013 3244/4291/2014 3243/4292/2015
f 3243/4293/2015 3246/4294/2016 3245/4295/2017
f 3245/4295/2017 3248/4296/2018 3247/4297/2019
f 3247/4297/2019 3250/4298/2020 3249/4299/2021
f 3249/4299/2021 3252/4300/2022 3251/4301/2023
f 3251/4301/2023 3254/4302/2024 3253/4303/2025
f 3253/4303/2025 3256/4304/2026 3255/4305/2027
f 3255/4305/2027 3258/4306/2028 3257/4307/2029
f 3257/4307/2029 3260/4308/2030 3259/4309/2031
f 3259/4310/2031 3262/4311/2032 3261/4312/2033
f 3261/4312/2033 3264/4313/2034 3263/4314/2035
f 3240/4315/2036 3224/4316/2037 3208/4317/2038
f 3263/4314/2035 3266/4318/2039 3265/4319/2040
f 3265/4319/2040 3204/4320/2041 3203/4250/1975
f 3215/4263/2042 3274/4321/2043 3273/4322/2044
f 3283/4323/2045 3316/4324/2046 3315/4325/2047
f 3233/4282/2048 3283/4326/2045 3282/4327/2049
f 3251/4301/2050 3292/4328/2051 3291/4329/2052
f 3207/4254/2053 3270/4330/2054 3269/4331/2055
f 3225/4332/2056 3279/4333/2057 3278/4334/2058
f 3243/4293/2059 3288/4335/2060 3287/4336/2061
f 3261/4312/2062 3297/4337/2063 3296/4338/2064
f 3217/4265/2065 3275/4339/2066 3274/4321/2043
f 3235/4284/2067 3284/4340/2068 3283/4326/2045
f 3253/4303/2069 3293/4341/2070 3292/4328/2051
f 3209/4256/2071 3271/4342/2072 3270/4330/2054
f 3227/4276/2073 3280/4343/2074 3279/4344/2057
f 3245/4295/2075 3289/4345/2076 3288/4335/2060
f 3263/4314/2077 3298/4346/2078 3297/4337/2063
f 3219/4267/2079 3276/4347/2080 3275/4339/2066
f 3237/4286/2081 3285/4348/2082 3284/4340/2068
f 3255/4305/2083 3294/4349/2084 3293/4341/2070
f 3211/4259/2085 3272/4350/2086 3271/4351/2072
f 3229/4278/2087 3281/4352/2088 3280/4343/2074
f 3247/4297/2089 3290/4353/2090 3289/4345/2076
f 3203/4250/2091 3268/4354/2092 3267/4355/2093
f 3265/4319/2094 3267/4355/2093 3298/4346/2078
f 3221/4269/2095 3277/4356/2096 3276/4347/2080
f 3239/4288/2097 3286/4357/2098 3285/4348/2082
f 3257/4307/2099 3295/4358/2100 3294/4349/2084
f 3213/4261/2101 3273/4322/2044 3272/4350/2086
f 3231/4280/2102 3282/4327/2049 3281/4352/2088
f 3249/4299/2103 3291/4329/2052 3290/4353/2090
f 3205/4252/2104 3269/4331/2055 3268/4354/2092
f 3223/4271/2105 3278/4359/2058 3277/4356/2096
f 3241/4290/2106 3287/4360/2061 3286/4357/2098
f 3259/4310/2107 3296/4338/2064 3295/4361/2100
f 3322/4362/2108 3326/4363/2109 3330/4364/2110
f 3270/4365/2054 3303/4366/2111 3302/4367/2112
f 3297/4368/2063 3330/4364/2110 3329/4369/2113
f 3284/4370/2068 3317/4371/2114 3316/4324/2046
f 3271/4372/2072 3304/4373/2115 3303/4366/2111
f 3298/4374/2078 3299/4375/2116 3330/4364/2110
f 3285/4376/2082 3318/4377/2117 3317/4371/2114
f 3272/4378/2086 3305/4379/2118 3304/4373/2115
f 3286/4380/2098 3319/4381/2119 3318/4377/2117
f 3273/4382/2044 3306/4383/2120 3305/4379/2118
f 3287/4384/2061 3320/4385/2121 3319/4381/2119
f 3274/4386/2043 3307/4387/2122 3306/4383/2120
f 3288/4388/2060 3321/4389/2123 3320/4385/2121
f 3275/4390/2066 3308/4391/2124 3307/4387/2122
f 3289/4392/2076 3322/4362/2108 3321/4389/2123
f 3276/4393/2080 3309/4394/2125 3308/4391/2124
f 3290/4395/2090 3323/4396/2126 3322/4362/2108
f 3277/4397/2096 3310/4398/2127 3309/4394/2125
f 3291/4399/2052 3324/4400/2128 3323/4396/2126
f 3278/4334/2058 3311/4401/2129 3310/4398/2127
f 3292/4402/2051 3325/4403/2130 3324/4400/2128
f 3279/4333/2057 3312/4404/2131 3311/4401/2129
f 3293/4405/2070 3326/4363/2109 3325/4403/2130
f 3280/4406/2074 3313/4407/2132 3312/4404/2131
f 3267/4408/2093 3300/4409/2133 3299/4375/2116
f 3294/4410/2084 3327/4411/2134 3326/4363/2109
f 3281/4412/2088 3314/4413/2135 3313/4407/2132
f 3268/4414/2092 3301/4415/2136 3300/4409/2133
f 3295/4416/2100 3328/4417/2137 3327/4411/2134
f 3282/4418/2049 3315/4325/2047 3314/4413/2135
f 3269/4419/2055 3302/4367/2112 3301/4415/2136
f 3296/4420/2064 3329/4369/2113 3328/4417/2137
f 3331/4421/1975 3334/4422/1976 3333/4423/1977
f 3333/4423/1977 3336/4424/1978 3335/4425/1979
f 3335/4425/1979 3338/4426/1980 3337/4427/1981
f 3337/4427/1981 3340/4428/1982 3339/4429/1983
f 3339/4430/1983 3342/4431/1984 3341/4432/1985
f 3341/4432/1985 3344/4433/1986 3343/4434/1987
f 3343/4434/1987 3346/4435/1988 3345/4436/1989
f 3345/4436/1989 3348/4437/1990 3347/4438/1991
f 3347/4438/1991 3350/4439/1992 3349/4440/1993
f 3349/4440/1993 3352/4441/1994 3351/4442/1995
f 3351/4442/1995 3354/4443/1996 3353/4444/1997
f 3353/4444/1997 3356/4445/1998 3355/4446/1999
f 3355/4447/1999 3358/4448/2000 3357/4449/2001
f 3357/4449/2001 3360/4450/2002 3359/4451/2003
f 3359/4451/2003 3362/4452/2004 3361/4453/2005
f 3361/4453/2005 3364/4454/2006 3363/4455/2007
f 3363/4455/2007 3366/4456/2008 3365/4457/2009
f 3365/4457/2009 3368/4458/2010 3367/4459/2011
f 3367/4459/2011 3370/4460/2012 3369/4461/2013
f 3369/4461/2013 3372/4462/2014 3371/4463/2015
f 3371/4464/2015 3374/4465/2016 3373/4466/2017
f 3373/4466/2017 3376/4467/2018 3375/4468/2019
f 3375/4468/2019 3378/4469/2020 3377/4470/2021
f 3377/4470/2021 3380/4471/2022 3379/4472/2023
f 3379/4472/2023 3382/4473/2024 3381/4474/2025
f 3381/4474/2025 3384/4475/2026 3383/4476/2027
f 3383/4476/2027 3386/4477/2028 3385/4478/2029
f 3385/4478/2029 3388/4479/2030 3387/4480/2031
f 3387/4481/2031 3390/4482/2032 3389/4483/2033
f 3389/4483/2033 3392/4484/2034 3391/4485/2035
f 3368/4486/2036 3352/4487/2037 3336/4488/2038
f 3391/4485/2035 3394/4489/2039 3393/4490/2040
f 3393/4490/2040 3332/4491/2041 3331/4421/1975
f 3343/4434/2042 3402/4492/2043 3401/4493/2044
f 3411/4494/2045 3444/4495/2046 3443/4496/2047
f 3361/4453/2048 3411/4497/2045 3410/4498/2049
f 3379/4472/2050 3420/4499/2051 3419/4500/2052
f 3335/4425/2053 3398/4501/2054 3397/4502/2055
f 3353/4503/2056 3407/4504/2057 3406/4505/2058
f 3371/4464/2059 3416/4506/2060 3415/4507/2061
f 3389/4483/2062 3425/4508/2063 3424/4509/2064
f 3345/4436/2065 3403/4510/2066 3402/4492/2043
f 3363/4455/2067 3412/4511/2068 3411/4497/2045
f 3381/4474/2069 3421/4512/2070 3420/4499/2051
f 3337/4427/2071 3399/4513/2072 3398/4501/2054
f 3355/4447/2073 3408/4514/2074 3407/4515/2057
f 3373/4466/2075 3417/4516/2076 3416/4506/2060
f 3391/4485/2077 3426/4517/2078 3425/4508/2063
f 3347/4438/2079 3404/4518/2080 3403/4510/2066
f 3365/4457/2081 3413/4519/2082 3412/4511/2068
f 3383/4476/2083 3422/4520/2084 3421/4512/2070
f 3339/4430/2085 3400/4521/2086 3399/4522/2072
f 3357/4449/2087 3409/4523/2088 3408/4514/2074
f 3375/4468/2089 3418/4524/2090 3417/4516/2076
f 3331/4421/2091 3396/4525/2092 3395/4526/2093
f 3393/4490/2094 3395/4526/2093 3426/4517/2078
f 3349/4440/2095 3405/4527/2096 3404/4518/2080
f 3367/4459/2097 3414/4528/2098 3413/4519/2082
f 3385/4478/2099 3423/4529/2100 3422/4520/2084
f 3341/4432/2101 3401/4493/2044 3400/4521/2086
f 3359/4451/2102 3410/4498/2049 3409/4523/2088
f 3377/4470/2103 3419/4500/2052 3418/4524/2090
f 3333/4423/2104 3397/4502/2055 3396/4525/2092
f 3351/4442/2105 3406/4530/2058 3405/4527/2096
f 3369/4461/2106 3415/4531/2061 3414/4528/2098
f 3387/4481/2107 3424/4509/2064 3423/4532/2100
f 3450/4533/2108 3454/4534/2109 3458/4535/2110
f 3398/4536/2054 3431/4537/2111 3430/4538/2112
f 3425/4539/2063 3458/4535/2110 3457/4540/2113
f 3412/4541/2068 3445/4542/2114 3444/4495/2046
f 3399/4543/2072 3432/4544/2115 3431/4537/2111
f 3426/4545/2078 3427/4546/2116 3458/4535/2110
f 3413/4547/2082 3446/4548/2117 3445/4542/2114
f 3400/4549/2086 3433/4550/2118 3432/4544/2115
f 3414/4551/2098 3447/4552/2119 3446/4548/2117
f 3401/4553/2044 3434/4554/2120 3433/4550/2118
f 3415/4555/2061 3448/4556/2121 3447/4552/2119
f 3402/4557/2043 3435/4558/2122 3434/4554/2120
f 3416/4559/2060 3449/4560/2123 3448/4556/2121
f 3403/4561/2066 3436/4562/2124 3435/4558/2122
f 3417/4563/2076 3450/4533/2108 3449/4560/2123
f 3404/4564/2080 3437/4565/2125 3436/4562/2124
f 3418/4566/2090 3451/4567/2126 3450/4533/2108
f 3405/4568/2096 3438/4569/2127 3437/4565/2125
f 3419/4570/2052 3452/4571/2128 3451/4567/2126
f 3406/4505/2058 3439/4572/2129 3438/4569/2127
f 3420/4573/2051 3453/4574/2130 3452/4571/2128
f 3407/4504/2057 3440/4575/2131 3439/4572/2129
f 3421/4576/2070 3454/4534/2109 3453/4574/2130
f 3408/4577/2074 3441/4578/2132 3440/4575/2131
f 3395/4579/2093 3428/4580/2133 3427/4546/2116
f 3422/4581/2084 3455/4582/2134 3454/4534/2109
f 3409/4583/2088 3442/4584/2135 3441/4578/2132
f 3396/4585/2092 3429/4586/2136 3428/4580/2133
f 3423/4587/2100 3456/4588/2137 3455/4582/2134
f 3410/4589/2049 3443/4496/2047 3442/4584/2135
f 3397/4590/2055 3430/4538/2112 3429/4586/2136
f 3424/4591/2064 3457/4540/2113 3456/4588/2137
f 3459/4592/1975 3462/4593/2138 3461/4594/1977
f 3461/4594/1977 3464/4595/2139 3463/4596/1979
f 3463/4596/1979 3466/4597/1980 3465/4598/1981
f 3465/4598/1981 3468/4599/1982 3467/4600/1983
f 3467/4601/1983 3470/4602/2140 3469/4603/1985
f 3469/4603/1985 3472/4604/1986 3471/4605/2141
f 3471/4605/2141 3474/4606/1988 3473/4607/1989
f 3473/4607/1989 3476/4608/1990 3475/4609/1991
f 3475/4609/1991 3478/4610/1992 3477/4611/2142
f 3477/4611/2142 3480/4612/1994 3479/4613/1995
f 3479/4613/1995 3482/4614/1996 3481/4615/2143
f 3481/4615/2143 3484/4616/1998 3483/4617/1999
f 3483/4618/1999 3486/4619/2000 3485/4620/2001
f 3485/4620/2001 3488/4621/2002 3487/4622/2003
f 3487/4622/2003 3490/4623/2004 3489/4624/2144
f 3489/4624/2144 3492/4625/2006 3491/4626/2007
f 3491/4626/2007 3494/4627/2008 3493/4628/2009
f 3493/4628/2009 3496/4629/2145 3495/4630/2011
f 3495/4630/2011 3498/4631/2012 3497/4632/2013
f 3497/4632/2013 3500/4633/2014 3499/4634/2015
f 3499/4635/2015 3502/4636/2146 3501/4637/2017
f 3501/4637/2017 3504/4638/2147 3503/4639/2019
f 3503/4639/2019 3506/4640/2020 3505/4641/2021
f 3505/4641/2021 3508/4642/2022 3507/4643/2023
f 3507/4643/2023 3510/4644/2024 3509/4645/2148
f 3509/4645/2148 3512/4646/2149 3511/4647/2150
f 3511/4647/2150 3514/4648/2151 3513/4649/2152
f 3513/4649/2152 3516/4650/2030 3515/4651/2031
f 3515/4652/2031 3518/4653/2032 3517/4654/2033
f 3517/4654/2033 3520/4655/2153 3519/4656/2035
f 3496/4657/2036 3480/4658/2037 3464/4659/2154
f 3519/4656/2035 3522/4660/2155 3521/4661/2040
f 3521/4661/2040 3460/4662/2156 3459/4592/1975
f 3471/4605/2042 3530/4663/2157 3529/4664/2044
f 3539/4665/2045 3572/4666/2046 3571/4667/2158
f 3489/4624/2048 3539/4668/2045 3538/4669/2049
f 3507/4643/2050 3548/4670/2051 3547/4671/2052
f 3463/4596/2053 3526/4672/2054 3525/4673/2159
f 3481/4674/2056 3535/4675/2057 3534/4676/2058
f 3499/4635/2059 3544/4677/2060 3543/4678/2061
f 3517/4654/2062 3553/4679/2063 3552/4680/2064
f 3473/4607/2065 3531/4681/2066 3530/4663/2157
f 3491/4626/2067 3540/4682/2068 3539/4668/2045
f 3509/4645/2069 3549/4683/2070 3548/4670/2051
f 3465/4598/2071 3527/4684/2072 3526/4672/2054
f 3483/4618/2073 3536/4685/2074 3535/4686/2057
f 3501/4637/2075 3545/4687/2076 3544/4677/2060
f 3519/4656/2077 3554/4688/2078 3553/4679/2063
f 3475/4609/2079 3532/4689/2080 3531/4681/2066
f 3493/4628/2081 3541/4690/2082 3540/4682/2068
f 3511/4647/2160 3550/4691/2084 3549/4683/2070
f 3467/4601/2085 3528/4692/2086 3527/4693/2072
f 3485/4620/2087 3537/4694/2088 3536/4685/2074
f 3503/4639/2089 3546/4695/2161 3545/4687/2076
f 3459/4592/2091 3524/4696/2092 3523/4697/2093
f 3521/4661/2094 3523/4697/2093 3554/4688/2078
f 3477/4611/2095 3533/4698/2096 3532/4689/2080
f 3495/4630/2097 3542/4699/2098 3541/4690/2082
f 3513/4649/2099 3551/4700/2100 3550/4691/2084
f 3469/4603/2101 3529/4664/2044 3528/4692/2086
f 3487/4622/2102 3538/4669/2049 3537/4694/2088
f 3505/4641/2103 3547/4671/2052 3546/4695/2161
f 3461/4594/2104 3525/4673/2159 3524/4696/2092
f 3479/4613/2105 3534/4701/2058 3533/4698/2096
f 3497/4632/2106 3543/4702/2061 3542/4699/2098
f 3515/4652/2107 3552/4680/2064 3551/4703/2100
f 3570/4704/2162 3578/4705/2163 3586/4706/2164
f 3526/4707/2054 3559/4708/2111 3558/4709/2112
f 3553/4710/2063 3586/4706/2164 3585/4711/2113
f 3540/4712/2068 3573/4713/2165 3572/4666/2046
f 3527/4714/2072 3560/4715/2115 3559/4708/2111
f 3554/4716/2078 3555/4717/2116 3586/4706/2164
f 3541/4718/2082 3574/4719/2166 3573/4713/2165
f 3528/4720/2086 3561/4721/2118 3560/4715/2115
f 3542/4722/2098 3575/4723/2119 3574/4719/2166
f 3529/4724/2044 3562/4725/2120 3561/4721/2118
f 3543/4726/2061 3576/4727/2167 3575/4723/2119
f 3530/4728/2157 3563/4729/2122 3562/4725/2120
f 3544/4730/2060 3577/4731/2123 3576/4727/2167
f 3531/4732/2066 3564/4733/2124 3563/4729/2122
f 3545/4734/2076 3578/4705/2163 3577/4731/2123
f 3532/4735/2080 3565/4736/2125 3564/4733/2124
f 3546/4737/2161 3579/4738/2126 3578/4705/2163
f 3533/4739/2096 3566/4740/2127 3565/4736/2125
f 3547/4741/2052 3580/4742/2128 3579/4738/2126
f 3534/4676/2058 3567/4743/2129 3566/4740/2127
f 3548/4744/2051 3581/4745/2130 3580/4742/2128
f 3535/4675/2057 3568/4746/2131 3567/4743/2129
f 3549/4747/2070 3582/4748/2168 3581/4745/2130
f 3536/4749/2074 3569/4750/2132 3568/4746/2131
f 3523/4751/2093 3556/4752/2133 3555/4717/2116
f 3550/4753/2084 3583/4754/2134 3582/4748/2168
f 3537/4755/2088 3570/4704/2162 3569/4750/2132
f 3524/4756/2092 3557/4757/2136 3556/4752/2133
f 3551/4758/2100 3584/4759/2137 3583/4754/2134
f 3538/4760/2049 3571/4667/2158 3570/4704/2162
f 3525/4761/2159 3558/4709/2112 3557/4757/2136
f 3552/4762/2064 3585/4711/2113 3584/4759/2137
f 3587/4763/1975 3590/4764/2138 3589/4765/1977
f 3589/4765/1977 3592/4766/2139 3591/4767/1979
f 3591/4767/1979 3594/4768/1980 3593/4769/1981
f 3593/4769/1981 3596/4770/1982 3595/4771/1983
f 3595/4772/1983 3598/4773/2140 3597/4774/1985
f 3597/4774/1985 3600/4775/1986 3599/4776/2141
f 3599/4776/2141 3602/4777/1988 3601/4778/1989
f 3601/4778/1989 3604/4779/1990 3603/4780/1991
f 3603/4780/1991 3606/4781/1992 3605/4782/2142
f 3605/4782/2142 3608/4783/1994 3607/4784/1995
f 3607/4784/1995 3610/4785/1996 3609/4786/2143
f 3609/4786/2143 3612/4787/1998 3611/4788/1999
f 3611/4789/1999 3614/4790/2000 3613/4791/2001
f 3613/4791/2001 3616/4792/2002 3615/4793/2003
f 3615/4793/2003 3618/4794/2004 3617/4795/2144
f 3617/4795/2144 3620/4796/2006 3619/4797/2007
f 3619/4797/2007 3622/4798/2008 3621/4799/2009
f 3621/4799/2009 3624/4800/2145 3623/4801/2011
f 3623/4801/2011 3626/4802/2012 3625/4803/2013
f 3625/4803/2013 3628/4804/2014 3627/4805/2015
f 3627/4806/2015 3630/4807/2146 3629/4808/2017
f 3629/4808/2017 3632/4809/2147 3631/4810/2019
f 3631/4810/2019 3634/4811/2020 3633/4812/2021
f 3633/4812/2021 3636/4813/2022 3635/4814/2023
f 3635/4814/2023 3638/4815/2024 3637/4816/2148
f 3637/4816/2148 3640/4817/2169 3639/4818/2027
f 3639/4818/2027 3642/4819/2028 3641/4820/2152
f 3641/4820/2152 3644/4821/2030 3643/4822/2031
f 3643/4823/2031 3646/4824/2032 3645/4825/2033
f 3645/4825/2033 3648/4826/2153 3647/4827/2035
f 3624/4828/2036 3608/4829/2037 3592/4830/2154
f 3647/4827/2035 3650/4831/2155 3649/4832/2040
f 3649/4832/2040 3588/4833/2156 3587/4763/1975
f 3599/4776/2042 3658/4834/2157 3657/4835/2044
f 3667/4836/2045 3700/4837/2046 3699/4838/2158
f 3617/4795/2048 3667/4839/2045 3666/4840/2049
f 3635/4814/2050 3676/4841/2051 3675/4842/2052
f 3591/4767/2053 3654/4843/2054 3653/4844/2159
f 3609/4845/2056 3663/4846/2057 3662/4847/2058
f 3627/4806/2059 3672/4848/2060 3671/4849/2061
f 3645/4825/2062 3681/4850/2063 3680/4851/2064
f 3601/4778/2065 3659/4852/2066 3658/4834/2157
f 3619/4797/2067 3668/4853/2068 3667/4839/2045
f 3637/4816/2069 3677/4854/2070 3676/4841/2051
f 3593/4769/2071 3655/4855/2072 3654/4843/2054
f 3611/4789/2073 3664/4856/2074 3663/4857/2057
f 3629/4808/2075 3673/4858/2076 3672/4848/2060
f 3647/4827/2077 3682/4859/2078 3681/4850/2063
f 3603/4780/2079 3660/4860/2080 3659/4852/2066
f 3621/4799/2081 3669/4861/2082 3668/4853/2068
f 3639/4818/2083 3678/4862/2084 3677/4854/2070
f 3595/4772/2085 3656/4863/2086 3655/4864/2072
f 3613/4791/2087 3665/4865/2088 3664/4856/2074
f 3631/4810/2089 3674/4866/2161 3673/4858/2076
f 3587/4763/2091 3652/4867/2092 3651/4868/2093
f 3649/4832/2094 3651/4868/2093 3682/4859/2078
f 3605/4782/2095 3661/4869/2096 3660/4860/2080
f 3623/4801/2097 3670/4870/2098 3669/4861/2082
f 3641/4820/2099 3679/4871/2100 3678/4862/2084
f 3597/4774/2101 3657/4835/2044 3656/4863/2086
f 3615/4793/2102 3666/4840/2049 3665/4865/2088
f 3633/4812/2103 3675/4842/2052 3674/4866/2161
f 3589/4765/2104 3653/4844/2159 3652/4867/2092
f 3607/4784/2105 3662/4872/2058 3661/4869/2096
f 3625/4803/2106 3671/4873/2061 3670/4870/2098
f 3643/4823/2107 3680/4851/2064 3679/4874/2100
f 3698/4875/2162 3706/4876/2163 3714/4877/2164
f 3654/4878/2054 3687/4879/2111 3686/4880/2112
f 3681/4881/2063 3714/4877/2164 3713/4882/2113
f 3668/4883/2068 3701/4884/2165 3700/4837/2046
f 3655/4885/2072 3688/4886/2115 3687/4879/2111
f 3682/4887/2078 3683/4888/2116 3714/4877/2164
f 3669/4889/2082 3702/4890/2166 3701/4884/2165
f 3656/4891/2086 3689/4892/2118 3688/4886/2115
f 3670/4893/2098 3703/4894/2119 3702/4890/2166
f 3657/4895/2044 3690/4896/2120 3689/4892/2118
f 3671/4897/2061 3704/4898/2167 3703/4894/2119
f 3658/4899/2157 3691/4900/2122 3690/4896/2120
f 3672/4901/2060 3705/4902/2123 3704/4898/2167
f 3659/4903/2066 3692/4904/2124 3691/4900/2122
f 3673/4905/2076 3706/4876/2163 3705/4902/2123
f 3660/4906/2080 3693/4907/2125 3692/4904/2124
f 3674/4908/2161 3707/4909/2126 3706/4876/2163
f 3661/4910/2096 3694/4911/2127 3693/4907/2125
f 3675/4912/2052 3708/4913/2128 3707/4909/2126
f 3662/4847/2058 3695/4914/2129 3694/4911/2127
f 3676/4915/2051 3709/4916/2130 3708/4913/2128
f 3663/4846/2057 3696/4917/2131 3695/4914/2129
f 3677/4918/2070 3710/4919/2168 3709/4916/2130
f 3664/4920/2074 3697/4921/2132 3696/4917/2131
f 3651/4922/2093 3684/4923/2133 3683/4888/2116
f 3678/4924/2084 3711/4925/2134 3710/4919/2168
f 3665/4926/2088 3698/4875/2162 3697/4921/2132
f 3652/4927/2092 3685/4928/2136 3684/4923/2133
f 3679/4929/2100 3712/4930/2137 3711/4925/2134
f 3666/4931/2049 3699/4838/2158 3698/4875/2162
f 3653/4932/2159 3686/4880/2112 3685/4928/2136
f 3680/4933/2064 3713/4882/2113 3712/4930/2137
f 2/1/1 4/4934/2170 16/2/2
f 330/4/4 373/680/619 368/5/5
f 65/7/7 5/4935/2171 29/8/8
f 224/10/10 386/691/628 348/11/11
f 9/13/13 25/4936/2172 26/14/14
f 225/12/12 348/11/11 367/16/16
f 222/18/18 374/685/623 329/19/19
f 11/21/21 9/13/13 10/15/15
f 369/659/601 2/4937/2173 367/25/25
f 2/4937/2173 218/23/23 367/25/25
f 226/20/20 329/19/19 379/26/26
f 1/28/28 3/176/155 11/29/29
f 73/31/31 1/28/28 12/30/30
f 222/474/143 227/4938/2174 374/35/35
f 227/4938/2174 4/33/33 374/35/35
f 387/458/416 6/38/38 385/37/37
f 6/38/38 8/4939/2175 380/36/36
f 8/4939/2175 381/666/416 380/36/36
f 13/39/39 14/179/158 18/40/40
f 3/42/42 1/4940/2176 14/43/43
f 60/45/45 3/4941/2177 13/46/46
f 218/48/48 2/4942/2178 15/49/49
f 19/51/51 20/4943/2179 24/52/52
f 61/54/54 13/39/39 17/41/41
f 219/56/56 15/59/59 19/57/57
f 15/59/59 16/455/413 20/60/60
f 221/61/61 23/4944/2180 24/62/62
f 17/64/64 18/4945/2181 22/65/65
f 62/67/67 17/4946/2182 21/68/68
f 220/70/50 19/4947/51 23/71/70
f 64/73/72 7/76/165 25/74/73
f 7/76/75 5/185/2183 26/77/76
f 381/666/416 8/4939/2175 379/80/80
f 8/4939/2175 231/78/78 379/80/80
f 235/81/81 278/4948/2184 289/82/82
f 5/84/84 7/4949/2185 28/85/85
f 8/87/87 6/4950/2186 30/88/88
f 231/90/90 8/4951/2187 27/91/91
f 279/542/495 27/106/105 277/94/93
f 27/106/105 30/95/94 277/94/93
f 30/95/94 285/546/499 284/93/92
f 285/546/499 30/95/94 283/96/95
f 30/95/94 234/120/119 236/97/96
f 67/98/97 29/101/100 32/99/98
f 29/101/100 28/188/167 31/102/101
f 254/103/102 253/4952/2188 89/104/103
f 235/108/107 233/4953/107 27/106/105
f 27/106/105 279/542/495 278/107/106
f 416/4954/2189 31/110/109 417/109/108
f 31/110/109 68/115/114 259/111/110
f 236/112/111 54/195/174 252/113/112
f 68/115/114 53/465/423 251/116/115
f 259/117/116 251/4955/2190 252/118/117
f 234/120/119 52/197/176 54/121/120
f 66/122/121 51/466/424 53/123/122
f 64/125/124 49/467/425 51/126/125
f 65/128/127 50/468/426 38/129/128
f 231/78/78 49/198/177 37/131/130
f 75/132/50 45/470/141 78/133/131
f 229/135/67 46/199/67 79/136/133
f 48/138/135 63/208/183 84/139/136
f 74/141/138 43/471/138 45/142/58
f 228/144/139 44/200/54 46/145/140
f 73/147/17 41/472/48 43/148/141
f 227/150/18 42/201/45 44/151/67
f 60/153/142 42/473/142 36/154/143
f 218/23/23 41/202/23 35/156/32
f 55/157/45 36/475/18 40/158/20
f 57/160/129 38/476/428 39/161/12
f 58/162/12 39/161/12 35/163/48
f 232/165/145 50/203/178 52/166/146
f 59/159/20 40/158/20 37/168/148
f 9/170/150 59/159/20 56/169/149
f 10/172/152 58/162/12 72/164/48
f 26/174/154 57/160/129 58/162/12
f 11/175/21 55/157/45 59/159/20
f 3/176/155 60/153/142 55/155/144
f 1/177/156 73/147/17 74/149/141
f 14/179/158 74/141/138 75/143/58
f 22/180/159 77/205/180 80/181/160
f 18/183/40 75/132/50 77/134/132
f 5/185/163 65/128/127 57/130/129
f 7/186/165 64/125/124 66/127/126
f 28/188/167 66/122/121 68/124/123
f 71/189/168 34/4956/2191 267/190/169
f 33/192/171 34/4957/2192 423/193/172
f 54/195/174 69/4958/2193 260/196/175
f 52/197/176 67/98/97 69/100/99
f 49/198/177 64/73/72 56/75/74
f 46/199/67 62/67/67 80/69/69
f 44/200/54 61/54/54 62/55/55
f 42/201/45 60/45/45 61/47/47
f 41/202/23 73/31/31 72/32/32
f 50/203/178 65/7/7 67/9/9
f 47/204/179 76/209/184 77/205/180
f 48/138/135 47/204/179 78/206/181
f 63/208/183 48/138/135 79/207/182
f 76/209/184 63/208/183 80/181/160
f 81/210/185 82/211/186 83/140/137
f 76/209/184 47/204/179 82/211/186
f 63/212/187 76/4959/2194 81/213/188
f 47/215/190 48/4960/2195 83/216/191
f 308/218/193 240/231/204 242/219/194
f 239/221/196 253/225/200 251/222/197
f 392/224/199 403/492/440 251/222/197
f 244/226/201 88/4961/2196 98/227/20
f 291/550/503 303/579/530 289/229/202
f 303/579/530 302/230/203 289/229/202
f 302/230/203 239/221/196 237/223/198
f 240/231/204 254/4962/2197 90/232/205
f 239/233/206 302/608/557 315/234/207
f 317/590/541 85/237/210 315/236/209
f 85/237/210 243/239/212 241/238/211
f 243/239/212 87/241/214 89/240/213
f 87/241/214 88/434/393 90/242/215
f 248/243/20 94/4963/20 102/244/20
f 86/4964/2198 96/4965/2199 121/4966/2199
f 86/4964/2198 121/4966/2199 120/4967/2199
f 103/4968/2200 95/4969/2200 85/246/216
f 104/4970/2200 103/4968/2200 85/246/216
f 86/4964/2198 120/4967/2199 119/4971/2201
f 86/4964/2198 119/4971/2201 118/4972/2202
f 105/4973/2203 104/4970/2200 85/246/216
f 106/4974/2204 105/4973/2203 85/246/216
f 86/4964/2198 118/4972/2202 117/4975/2205
f 86/4964/2198 117/4975/2205 116/4976/2206
f 107/4977/2207 106/4974/2204 85/246/216
f 108/4978/2208 107/4977/2207 85/246/216
f 86/4964/2198 116/4976/2206 115/4979/2209
f 86/4964/2198 115/4979/2209 114/4980/2210
f 109/4981/2211 108/4978/2208 85/246/216
f 110/4982/2212 109/4981/2211 85/246/216
f 86/4964/2198 114/4980/2210 113/4983/2213
f 86/4964/2198 113/4983/2213 112/247/217
f 111/248/218 110/4982/2212 85/246/216
f 85/246/216 86/4964/2198 112/247/217
f 87/4984/2214 97/4985/2215 122/4986/2215
f 87/4984/2214 122/4986/2215 123/4987/2215
f 140/4988/2216 98/4989/2216 88/249/219
f 139/4990/2216 140/4988/2216 88/249/219
f 87/4984/2214 123/4987/2215 124/4991/2217
f 87/4984/2214 124/4991/2217 125/4992/2218
f 138/4993/2219 139/4990/2216 88/249/219
f 137/4994/2220 138/4993/2219 88/249/219
f 87/4984/2214 125/4992/2218 126/4995/2221
f 87/4984/2214 126/4995/2221 127/4996/2222
f 136/4997/2223 137/4994/2220 88/249/219
f 135/4998/2224 136/4997/2223 88/249/219
f 87/4984/2214 127/4996/2222 128/4999/2225
f 87/4984/2214 128/4999/2225 129/5000/2226
f 134/5001/2227 135/4998/2224 88/249/219
f 133/5002/2228 134/5001/2227 88/249/219
f 87/4984/2214 129/5000/2226 130/5003/2229
f 87/4984/2214 130/5003/2229 131/250/220
f 132/251/221 133/5002/2228 88/249/219
f 88/249/219 87/4984/2214 131/250/220
f 243/252/222 85/5004/2230 95/253/12
f 141/255/223 91/429/391 95/256/224
f 247/258/226 93/352/316 97/259/227
f 248/261/229 92/389/353 96/262/230
f 178/264/232 94/428/390 98/265/233
f 159/267/235 92/5005/2231 100/268/236
f 160/270/238 93/5006/2232 101/271/239
f 247/273/12 91/5007/12 99/274/12
f 94/276/241 178/279/244 216/277/242
f 178/279/244 177/281/246 215/280/245
f 177/281/246 176/283/248 214/282/247
f 176/283/248 175/285/250 213/284/249
f 175/285/250 174/287/252 212/286/251
f 174/287/252 173/289/254 211/288/253
f 173/289/254 172/291/256 210/290/255
f 172/291/256 171/293/258 209/292/257
f 171/293/258 170/295/260 208/294/259
f 170/295/260 169/297/262 207/296/261
f 169/297/262 168/299/264 206/298/263
f 168/299/264 167/301/266 205/300/265
f 167/301/266 166/303/268 204/302/267
f 166/303/268 165/305/270 203/304/269
f 165/305/270 164/307/272 202/306/271
f 164/307/272 163/309/274 201/308/273
f 163/309/274 162/311/276 200/310/275
f 162/311/276 161/313/278 199/312/277
f 161/313/278 160/270/238 198/272/240
f 91/314/279 141/317/282 179/315/280
f 141/317/282 142/319/284 180/318/283
f 142/319/284 143/321/286 181/320/285
f 143/321/286 144/323/288 182/322/287
f 144/323/288 145/325/290 183/324/289
f 145/325/290 146/327/292 184/326/291
f 146/327/292 147/329/294 185/328/293
f 147/329/294 148/331/296 186/330/295
f 148/331/296 149/333/298 187/332/297
f 149/333/298 150/335/299 188/334/299
f 150/335/299 151/337/301 189/336/300
f 151/337/301 152/339/303 190/338/302
f 152/339/303 153/341/305 191/340/304
f 153/341/305 154/343/307 192/342/306
f 154/343/307 155/345/309 193/344/308
f 155/345/309 156/347/311 194/346/310
f 156/347/311 157/349/313 195/348/312
f 157/349/313 158/351/315 196/350/314
f 158/351/315 159/267/235 197/269/237
f 93/352/316 160/354/318 122/353/317
f 160/354/318 161/356/320 123/355/319
f 161/356/320 162/358/322 124/357/321
f 162/358/322 163/360/324 125/359/323
f 163/360/324 164/362/326 126/361/325
f 164/362/326 165/364/328 127/363/327
f 165/364/328 166/366/330 128/365/329
f 166/366/330 167/368/332 129/367/331
f 167/368/332 168/370/334 130/369/333
f 168/370/334 169/372/336 131/371/335
f 169/372/336 170/374/338 132/373/337
f 170/374/338 171/376/340 133/375/339
f 171/376/340 172/378/342 134/377/341
f 172/378/342 173/380/344 135/379/343
f 173/380/344 174/382/346 136/381/345
f 174/382/346 175/384/348 137/383/347
f 175/384/348 176/386/350 138/385/349
f 176/386/350 177/388/352 139/387/351
f 177/388/352 178/264/232 140/266/234
f 92/389/353 159/391/355 121/390/354
f 159/391/355 158/393/357 120/392/356
f 158/393/357 157/395/359 119/394/358
f 157/395/359 156/397/361 118/396/360
f 156/397/361 155/399/363 117/398/362
f 155/399/363 154/401/365 116/400/364
f 154/401/365 153/403/367 115/402/366
f 153/403/367 152/405/369 114/404/368
f 152/405/369 151/407/371 113/406/370
f 151/407/371 150/409/373 112/408/372
f 150/409/373 149/411/375 111/410/374
f 149/411/375 148/413/377 110/412/376
f 148/413/377 147/415/379 109/414/378
f 147/415/379 146/417/381 108/416/380
f 146/417/381 145/419/383 107/418/382
f 145/419/383 144/421/385 106/420/384
f 144/421/385 143/423/387 105/422/386
f 143/423/387 142/425/389 104/424/388
f 142/425/389 141/255/223 103/257/225
f 93/426/12 247/273/12 249/275/12
f 94/428/390 248/261/229 246/263/231
f 91/429/391 247/258/226 245/260/228
f 87/430/392 243/252/222 245/254/12
f 92/432/20 248/243/20 250/245/20
f 88/434/393 244/5008/2233 242/435/394
f 242/435/394 244/5008/2233 86/436/395
f 86/436/395 324/595/541 323/437/396
f 238/439/398 240/5009/2234 308/440/399
f 308/440/399 310/584/535 296/438/397
f 310/584/535 297/556/509 296/438/397
f 253/441/400 239/233/206 241/235/208
f 86/443/402 244/226/201 246/228/20
f 254/445/403 240/5009/2234 238/439/398
f 324/595/541 86/436/395 322/448/406
f 86/436/395 85/237/210 322/448/406
f 85/237/210 317/590/541 316/447/405
f 6/449/407 232/165/145 234/167/147
f 375/34/34 4/33/33 373/452/410
f 4/33/33 2/4937/2173 368/451/409
f 2/4937/2173 369/659/601 368/451/409
f 4/453/411 227/150/18 228/152/67
f 16/455/413 228/144/139 229/146/55
f 20/456/414 229/135/67 230/137/134
f 224/469/427 232/5010/2235 386/459/417
f 232/5010/2235 6/38/38 386/459/417
f 283/460/418 236/112/111 238/114/113
f 301/462/420 309/5011/2236 322/463/421
f 53/465/423 235/81/81 237/83/83
f 51/466/424 233/4953/107 235/108/107
f 49/467/425 231/90/90 233/92/81
f 50/468/426 232/5010/2235 224/469/427
f 45/470/141 220/70/50 221/72/71
f 78/206/181 221/61/61 230/63/63
f 43/471/138 219/56/56 220/58/58
f 41/472/48 218/48/48 219/50/50
f 42/473/142 227/4938/2174 222/474/143
f 36/475/18 222/18/18 226/20/20
f 38/476/428 224/10/10 225/12/12
f 39/161/12 225/12/12 217/17/17
f 40/158/20 226/20/20 223/27/27
f 404/477/429 391/713/648 257/478/430
f 398/480/432 409/722/655 256/481/433
f 409/483/435 404/693/630 255/484/436
f 257/486/437 258/5012/437 256/487/437
f 391/489/438 398/712/647 258/490/439
f 403/492/440 410/493/441 252/446/404
f 410/493/441 397/729/662 254/445/403
f 32/494/442 31/5013/109 416/495/443
f 423/193/172 34/4957/2192 71/501/449
f 71/501/449 260/497/445 423/193/172
f 260/196/175 69/4958/2193 32/499/447
f 32/499/447 422/5014/2237 424/500/448
f 71/501/449 70/5015/2238 259/502/450
f 264/503/451 263/5016/2239 271/504/452
f 33/506/454 70/5017/2240 265/507/455
f 70/509/457 71/5018/2241 268/510/458
f 34/512/460 33/5019/2242 266/513/461
f 261/515/463 262/518/466 266/516/464
f 262/518/466 263/520/468 267/519/467
f 263/520/468 264/522/470 268/521/469
f 264/522/470 261/515/463 265/517/465
f 272/523/471 271/5020/2243 275/524/472
f 262/526/474 261/5021/2244 269/527/475
f 261/529/477 264/5022/2245 272/530/478
f 263/532/480 262/5023/2246 270/533/481
f 274/535/483 273/537/2247 276/525/484
f 270/536/486 269/538/2248 273/537/487
f 269/538/489 272/523/2249 276/525/490
f 271/534/492 270/533/2250 274/539/488
f 283/460/418 296/461/419 300/559/512
f 286/560/513 300/559/512 299/561/514
f 287/563/515 299/5024/514 298/564/516
f 288/565/517 298/564/516 295/566/518
f 289/82/82 278/4948/2184 282/568/520
f 292/569/521 282/568/520 281/570/522
f 293/572/523 281/5025/522 280/573/524
f 294/574/525 280/573/524 277/575/526
f 277/575/526 284/567/519 295/566/518
f 301/462/420 316/464/422 321/599/549
f 304/600/550 321/599/549 320/601/551
f 305/602/552 320/601/551 319/603/553
f 306/605/554 319/5026/553 318/606/555
f 307/607/556 318/606/555 315/234/207
f 322/463/421 309/5011/2236 314/609/558
f 325/610/559 314/609/558 313/611/560
f 326/612/561 313/611/560 312/613/562
f 327/615/563 312/5027/562 311/616/564
f 328/617/565 311/616/564 308/218/193
f 297/556/509 310/584/535 295/554/507
f 310/584/535 309/588/539 295/554/507
f 301/577/528 303/579/530 290/553/506
f 303/579/530 291/550/503 290/553/506
f 309/588/539 301/577/528 295/554/507
f 329/19/19 332/620/568 335/618/566
f 332/620/568 333/5028/577 336/621/569
f 334/619/567 335/618/566 347/622/570
f 335/624/566 336/631/569 337/625/572
f 330/4/4 338/629/575 341/627/573
f 338/629/575 339/637/582 342/630/576
f 340/628/574 341/627/573 336/631/569
f 341/627/573 342/630/576 337/625/572
f 331/633/578 343/636/581 346/634/579
f 343/636/581 344/674/571 347/626/570
f 345/635/580 346/634/579 342/630/576
f 346/634/579 347/626/570 337/625/572
f 348/11/11 351/640/585 354/638/583
f 351/640/585 352/5029/595 355/641/586
f 353/639/584 354/638/583 366/642/587
f 354/644/583 355/652/586 356/645/589
f 349/647/590 357/650/593 360/648/591
f 357/650/593 358/657/599 361/651/594
f 359/649/592 360/648/591 355/652/586
f 360/648/591 361/651/594 356/645/589
f 350/6/6 362/656/598 365/654/596
f 362/656/598 363/678/588 366/646/587
f 364/655/597 365/654/596 361/651/594
f 365/654/596 366/646/587 356/645/589
f 331/633/578 380/692/629 384/672/613
f 343/636/581 384/672/613 383/673/614
f 344/623/571 383/5030/614 382/675/615
f 334/619/567 382/675/615 379/26/26
f 350/6/6 368/5/5 372/676/616
f 362/656/598 372/676/616 371/677/617
f 363/643/588 371/5031/617 370/679/618
f 353/639/584 370/679/618 367/16/16
f 373/680/619 330/4/4 340/628/574
f 376/681/620 340/628/574 333/632/577
f 377/683/621 333/5028/577 332/620/568
f 378/684/622 332/620/568 329/19/19
f 385/686/624 349/647/590 359/649/592
f 388/687/625 359/649/592 352/653/595
f 389/689/626 352/5029/595 351/640/585
f 390/690/627 351/640/585 348/11/11
f 330/4/4 350/6/6 364/655/597
f 338/629/575 364/655/597 358/657/599
f 339/637/582 358/657/599 357/650/593
f 345/635/580 357/650/593 349/647/590
f 380/692/629 331/633/578 349/647/590
f 404/693/630 409/483/435 411/694/631
f 408/695/632 411/694/631 412/696/633
f 407/698/634 412/5032/633 413/699/635
f 406/700/636 413/699/635 414/701/637
f 405/702/638 414/701/637 410/493/441
f 392/224/199 397/729/662 399/703/639
f 396/704/640 399/703/639 400/705/641
f 395/706/642 400/705/641 401/707/643
f 394/709/644 401/5033/643 402/710/645
f 393/711/646 402/710/645 398/712/647
f 391/713/648 404/477/429 408/714/649
f 393/715/650 408/714/649 407/716/651
f 394/717/652 407/716/651 406/718/653
f 395/719/654 406/718/653 405/720/638
f 396/704/640 405/702/638 403/492/440
f 409/722/655 398/480/432 402/723/656
f 411/724/657 402/723/656 401/725/658
f 412/726/659 401/725/658 400/727/660
f 413/699/661 400/705/660 399/703/639
f 414/701/637 399/703/639 397/729/662
f 397/729/662 392/224/199 253/225/200
f 422/496/444 416/495/443 421/742/667
f 425/736/670 421/742/667 420/743/666
f 426/739/671 420/733/666 419/732/665
f 427/740/672 419/732/665 418/730/663
f 428/741/673 418/730/663 415/194/173
f 259/502/450 70/5015/2238 415/194/173
f 70/5015/2238 33/192/171 415/194/173
f 430/745/674 432/5034/2251 460/746/675
f 452/748/2252 449/5035/2253 436/749/2254
f 441/751/680 436/5036/2255 434/752/681
f 443/754/2256 434/5037/2257 448/755/2258
f 445/757/686 435/5038/2259 433/758/687
f 436/760/689 449/5039/2260 448/761/690
f 433/763/2261 444/766/695 451/764/697
f 444/766/695 443/754/2262 447/756/696
f 435/767/698 442/770/701 444/768/699
f 442/770/701 441/751/680 443/753/682
f 445/771/2263 450/774/2264 442/772/2265
f 450/774/705 452/748/677 441/750/679
f 429/775/707 437/809/2266 453/776/708
f 432/778/710 439/807/2267 456/779/711
f 429/781/713 431/789/721 445/782/714
f 430/784/716 438/793/725 447/785/717
f 432/787/719 430/784/716 448/786/718
f 431/789/721 440/796/728 450/790/722
f 437/791/723 429/781/713 446/783/715
f 438/793/725 437/791/723 451/792/724
f 439/794/726 432/787/719 449/788/720
f 440/796/728 439/794/726 452/795/727
f 455/797/729 459/5040/2268 460/798/730
f 458/800/732 453/803/735 454/801/733
f 453/803/735 455/797/729 456/799/731
f 431/804/736 429/5041/2269 458/805/737
f 439/807/739 440/811/2270 454/808/740
f 437/809/742 438/813/2271 455/810/743
f 440/811/745 431/5042/2272 457/812/746
f 438/813/748 430/5043/2273 459/814/749
f 461/815/751 462/5044/2274 464/816/752
f 463/818/754 464/5045/2275 468/819/755
f 469/821/757 470/833/769 478/822/758
f 465/824/760 466/5046/2276 462/825/761
f 463/827/763 467/5047/2277 465/828/764
f 468/830/766 464/5048/2278 462/831/767
f 470/833/769 469/821/757 472/834/770
f 465/836/772 467/858/794 474/837/773
f 468/830/766 466/832/768 472/839/775
f 466/841/777 465/836/772 475/838/774
f 476/843/779 475/5049/2279 479/844/780
f 475/846/782 474/5050/2280 478/847/783
f 474/849/785 473/5051/2281 477/850/786
f 468/852/788 469/5052/2282 477/853/789
f 472/855/791 466/5053/2283 476/856/792
f 467/858/794 468/5054/2284 473/859/795
f 471/835/771 472/834/770 480/860/796
f 470/833/769 471/835/771 479/861/797
f 481/862/751 482/5055/2274 484/863/752
f 483/865/754 484/5056/2275 488/866/755
f 489/868/757 490/880/769 498/869/758
f 485/871/760 486/5057/2276 482/872/761
f 483/874/763 487/5058/2277 485/875/764
f 488/877/766 484/5059/2278 482/878/767
f 490/880/769 489/868/757 492/881/770
f 485/883/772 487/905/794 494/884/773
f 488/877/766 486/879/768 492/886/775
f 486/888/777 485/883/772 495/885/774
f 496/890/779 495/5060/2279 499/891/780
f 495/893/782 494/5061/2280 498/894/783
f 494/896/785 493/5062/2281 497/897/786
f 488/899/788 489/5063/2282 497/900/789
f 492/902/791 486/5064/2283 496/903/792
f 487/905/794 488/5065/2284 493/906/795
f 491/882/771 492/881/770 500/907/796
f 490/880/769 491/882/771 499/908/797
f 501/909/751 502/5066/2274 504/910/752
f 503/912/754 504/5067/2275 508/913/755
f 509/915/757 510/927/800 518/916/758
f 505/918/760 506/5068/2276 502/919/761
f 503/921/763 507/5069/2277 505/922/764
f 508/924/766 504/5070/2278 502/925/767
f 510/927/800 509/915/757 512/928/770
f 505/930/772 507/952/794 514/931/773
f 508/924/766 506/926/768 512/933/775
f 506/935/777 505/930/772 515/932/774
f 516/937/779 515/5071/2279 519/938/780
f 515/940/782 514/5072/2280 518/941/783
f 514/943/785 513/5073/2281 517/944/786
f 508/946/788 509/5074/2282 517/947/789
f 512/949/791 506/5075/2283 516/950/792
f 507/952/794 508/5076/2284 513/953/795
f 511/929/771 512/928/770 520/954/796
f 510/927/800 511/929/771 519/955/797
f 521/956/751 522/5077/2274 524/957/752
f 523/959/754 524/5078/2275 528/960/755
f 529/962/757 530/974/769 538/963/758
f 525/965/760 526/5079/2276 522/966/761
f 523/968/763 527/5080/2277 525/969/764
f 528/971/766 524/5081/2278 522/972/767
f 530/974/769 529/962/757 532/975/770
f 525/977/772 527/999/794 534/978/773
f 528/971/766 526/973/768 532/980/775
f 526/982/777 525/977/772 535/979/774
f 536/984/779 535/5082/2279 539/985/780
f 535/987/782 534/5083/2280 538/988/783
f 534/990/785 533/5084/2281 537/991/786
f 528/993/788 529/5085/2282 537/994/789
f 532/996/791 526/5086/2283 536/997/792
f 527/999/794 528/5087/2284 533/1000/795
f 531/976/771 532/975/770 540/1001/796
f 530/974/769 531/976/771 539/1002/797
f 541/1003/751 542/5088/2274 544/1004/752
f 543/1006/754 544/5089/2275 548/1007/755
f 549/1009/757 550/1021/800 558/1010/758
f 545/1012/760 546/5090/2276 542/1013/761
f 543/1015/763 547/5091/2277 545/1016/764
f 548/1018/766 544/5092/2278 542/1019/767
f 550/1021/800 549/1009/757 552/1022/770
f 545/1024/772 547/1046/794 554/1025/773
f 548/1018/766 546/1020/768 552/1027/775
f 546/1029/777 545/1024/772 555/1026/774
f 556/1031/779 555/5093/2279 559/1032/780
f 555/1034/782 554/5094/2280 558/1035/783
f 554/1037/785 553/5095/2281 557/1038/786
f 548/1040/788 549/5096/2282 557/1041/789
f 552/1043/791 546/5097/2283 556/1044/792
f 547/1046/794 548/5098/2284 553/1047/795
f 551/1023/771 552/1022/770 560/1048/796
f 550/1021/800 551/1023/771 559/1049/797
f 561/1050/751 562/5099/2274 564/1051/752
f 563/1053/754 564/5100/2275 568/1054/755
f 569/1056/757 570/1068/769 578/1057/758
f 565/1059/760 566/5101/2276 562/1060/761
f 563/1062/763 567/5102/2277 565/1063/764
f 568/1065/766 564/5103/2278 562/1066/767
f 570/1068/769 569/1056/757 572/1069/770
f 565/1071/772 567/1093/794 574/1072/773
f 568/1065/766 566/1067/768 572/1074/775
f 566/1076/777 565/1071/772 575/1073/774
f 576/1078/779 575/5104/2279 579/1079/780
f 575/1081/782 574/5105/2280 578/1082/783
f 574/1084/785 573/5106/2281 577/1085/786
f 568/1087/788 569/5107/2282 577/1088/789
f 572/1090/791 566/5108/2283 576/1091/792
f 567/1093/794 568/5109/2284 573/1094/795
f 571/1070/771 572/1069/770 580/1095/796
f 570/1068/769 571/1070/771 579/1096/797
f 581/1097/751 582/5110/2274 584/1098/752
f 583/1100/754 584/5111/2275 588/1101/755
f 589/1103/757 590/1115/769 598/1104/758
f 585/1106/760 586/5112/2276 582/1107/761
f 583/1109/763 587/5113/2277 585/1110/764
f 588/1112/766 584/5114/2278 582/1113/767
f 590/1115/769 589/1103/757 592/1116/770
f 585/1118/772 587/1140/794 594/1119/773
f 588/1112/766 586/1114/768 592/1121/775
f 586/1123/777 585/1118/772 595/1120/774
f 596/1125/779 595/5115/2279 599/1126/780
f 595/1128/782 594/5116/2280 598/1129/783
f 594/1131/785 593/5117/2281 597/1132/786
f 588/1134/788 589/5118/2282 597/1135/789
f 592/1137/791 586/5119/2283 596/1138/792
f 587/1140/794 588/5120/2284 593/1141/795
f 591/1117/771 592/1116/770 600/1142/796
f 590/1115/769 591/1117/771 599/1143/797
f 601/1144/751 602/5121/2274 604/1145/752
f 603/1147/754 604/5122/2275 608/1148/755
f 609/1150/757 610/1162/769 618/1151/758
f 605/1153/760 606/5123/2276 602/1154/761
f 603/1156/763 607/5124/2277 605/1157/764
f 608/1159/766 604/5125/2278 602/1160/767
f 610/1162/769 609/1150/757 612/1163/770
f 605/1165/772 607/1187/794 614/1166/773
f 608/1159/766 606/1161/768 612/1168/775
f 606/1170/777 605/1165/772 615/1167/774
f 616/1172/779 615/5126/2279 619/1173/780
f 615/1175/782 614/5127/2280 618/1176/783
f 614/1178/785 613/5128/2281 617/1179/786
f 608/1181/788 609/5129/2282 617/1182/789
f 612/1184/791 606/5130/2283 616/1185/792
f 607/1187/794 608/5131/2284 613/1188/795
f 611/1164/771 612/1163/770 620/1189/796
f 610/1162/769 611/1164/771 619/1190/797
f 621/1191/751 622/5132/2274 624/1192/752
f 623/1194/754 624/5133/2275 628/1195/755
f 629/1197/757 630/1209/800 638/1198/758
f 625/1200/760 626/5134/2276 622/1201/761
f 623/1203/763 627/5135/2285 625/1204/764
f 628/1206/766 624/5136/2278 622/1207/767
f 630/1209/800 629/1197/757 632/1210/770
f 625/1212/772 627/1234/801 634/1213/773
f 628/1206/766 626/1208/768 632/1215/775
f 626/1217/777 625/1212/772 635/1214/774
f 636/1219/779 635/5137/2279 639/1220/780
f 635/1222/782 634/5138/2280 638/1223/783
f 634/1225/785 633/5139/2281 637/1226/786
f 628/1228/788 629/5140/2282 637/1229/789
f 632/1231/791 626/5141/2283 636/1232/792
f 627/1234/801 628/5142/2284 633/1235/795
f 631/1211/771 632/1210/770 640/1236/796
f 630/1209/800 631/1211/771 639/1237/797
f 641/1238/751 642/5143/2274 644/1239/752
f 643/1241/754 644/5144/2275 648/1242/755
f 649/1244/757 650/1256/800 658/1245/758
f 645/1247/760 646/5145/2276 642/1248/761
f 643/1250/763 647/5146/2285 645/1251/764
f 648/1253/766 644/5147/2278 642/1254/767
f 650/1256/800 649/1244/757 652/1257/770
f 645/1259/772 647/1281/801 654/1260/773
f 648/1253/766 646/1255/768 652/1262/775
f 646/1264/777 645/1259/772 655/1261/774
f 656/1266/779 655/5148/2279 659/1267/780
f 655/1269/782 654/5149/2280 658/1270/783
f 654/1272/785 653/5150/2281 657/1273/786
f 648/1275/788 649/5151/2282 657/1276/789
f 652/1278/791 646/5152/2283 656/1279/792
f 647/1281/801 648/5153/2284 653/1282/795
f 651/1258/771 652/1257/770 660/1283/796
f 650/1256/800 651/1258/771 659/1284/797
f 661/1285/751 662/5154/2274 664/1286/752
f 663/1288/754 664/5155/2275 668/1289/755
f 669/1291/757 670/1303/800 678/1292/758
f 665/1294/760 666/5156/2276 662/1295/761
f 663/1297/763 667/5157/2285 665/1298/764
f 668/1300/766 664/5158/2278 662/1301/767
f 670/1303/800 669/1291/757 672/1304/770
f 665/1306/772 667/1328/801 674/1307/773
f 668/1300/766 666/1302/768 672/1309/775
f 666/1311/777 665/1306/772 675/1308/774
f 676/1313/779 675/5159/2279 679/1314/780
f 675/1316/782 674/5160/2280 678/1317/783
f 674/1319/785 673/5161/2281 677/1320/786
f 668/1322/788 669/5162/2282 677/1323/789
f 672/1325/791 666/5163/2283 676/1326/792
f 667/1328/801 668/5164/2284 673/1329/795
f 671/1305/771 672/1304/770 680/1330/796
f 670/1303/800 671/1305/771 679/1331/797
f 681/1332/751 682/5165/2274 684/1333/752
f 683/1335/754 684/5166/2275 688/1336/755
f 689/1338/757 690/1350/800 698/1339/758
f 685/1341/760 686/5167/2276 682/1342/761
f 683/1344/763 687/5168/2285 685/1345/764
f 688/1347/766 684/5169/2278 682/1348/767
f 690/1350/800 689/1338/757 692/1351/770
f 685/1353/772 687/1375/801 694/1354/773
f 688/1347/766 686/1349/768 692/1356/775
f 686/1358/777 685/1353/772 695/1355/774
f 696/1360/779 695/5170/2279 699/1361/780
f 695/1363/782 694/5171/2280 698/1364/783
f 694/1366/785 693/5172/2281 697/1367/786
f 688/1369/788 689/5173/2282 697/1370/803
f 692/1372/791 686/5174/2283 696/1373/792
f 687/1375/801 688/5175/2284 693/1376/795
f 691/1352/771 692/1351/770 700/1377/796
f 690/1350/800 691/1352/771 699/1378/797
f 701/1379/751 702/5176/2274 704/1380/752
f 703/1382/754 704/5177/2275 708/1383/755
f 709/1385/757 710/1397/800 718/1386/758
f 705/1388/760 706/5178/2276 702/1389/761
f 703/1391/763 707/5179/2277 705/1392/764
f 708/1394/766 704/5180/2278 702/1395/767
f 710/1397/800 709/1385/757 712/1398/770
f 705/1400/772 707/1422/794 714/1401/773
f 708/1394/766 706/1396/768 712/1403/775
f 706/1405/777 705/1400/772 715/1402/774
f 716/1407/779 715/5181/2279 719/1408/780
f 715/1410/782 714/5182/2280 718/1411/783
f 714/1413/785 713/5183/2281 717/1414/786
f 708/1416/788 709/5184/2282 717/1417/789
f 712/1419/791 706/5185/2283 716/1420/792
f 707/1422/794 708/5186/2284 713/1423/795
f 711/1399/771 712/1398/770 720/1424/796
f 710/1397/800 711/1399/771 719/1425/797
f 721/1426/751 722/5187/2274 724/1427/752
f 723/1429/754 724/5188/2275 728/1430/755
f 729/1432/757 730/1444/800 738/1433/758
f 725/1435/760 726/5189/2276 722/1436/761
f 723/1438/763 727/5190/2285 725/1439/764
f 728/1441/766 724/5191/2278 722/1442/767
f 730/1444/800 729/1432/757 732/1445/770
f 725/1447/772 727/1469/801 734/1448/773
f 728/1441/766 726/1443/768 732/1450/775
f 726/1452/777 725/1447/772 735/1449/774
f 736/1454/805 735/5192/2279 739/1455/780
f 735/1457/782 734/5193/2280 738/1458/783
f 734/1460/785 733/5194/2281 737/1461/786
f 728/1463/788 729/5195/2282 737/1464/803
f 732/1466/791 726/5196/2283 736/1467/806
f 727/1469/801 728/5197/2284 733/1470/795
f 731/1446/771 732/1445/770 740/1471/796
f 730/1444/800 731/1446/771 739/1472/797
f 741/1473/807 742/5198/2286 744/1474/808
f 743/1476/810 744/5199/2287 749/1477/811
f 747/1479/813 748/1491/825 746/1480/814
f 751/1482/816 752/5200/2288 742/1483/817
f 743/1485/819 750/5201/2289 751/1486/820
f 749/1488/822 744/5202/2290 742/1489/823
f 748/1491/825 747/1479/813 750/1492/826
f 747/1479/828 745/1481/2291 751/1494/829
f 746/1495/831 748/5203/2292 749/1488/822
f 745/1481/815 746/1480/814 752/1496/832
f 805/1497/834 806/1806/1021 1025/1498/835
f 770/1500/20 756/1576/893 761/1501/836
f 871/1503/838 759/5204/2293 766/1504/839
f 772/1506/841 764/5205/2294 754/1507/842
f 795/1509/843 815/1849/1051 763/1510/844
f 852/1512/846 796/1820/1012 754/1513/847
f 773/1515/849 759/1754/972 762/1516/850
f 853/1518/852 757/1546/880 763/1519/853
f 872/1521/855 760/1547/881 761/1522/856
f 774/1524/858 758/1717/935 764/1525/859
f 947/1527/861 928/1716/933 768/1528/862
f 890/1530/864 758/5206/2295 768/1531/865
f 773/1533/867 760/5207/2296 765/1534/868
f 774/1536/870 757/5208/2297 767/1537/871
f 758/1539/873 774/1536/870 776/1538/872
f 759/1541/875 773/1533/867 775/1535/869
f 893/1543/877 945/5209/2298 986/1544/878
f 757/1546/880 774/1524/858 772/1526/860
f 760/1547/881 773/1515/849 771/1517/851
f 763/1548/882 772/1506/841 769/1508/12
f 755/1550/884 770/1500/20 771/1502/837
f 778/1552/843 779/1824/843 999/1553/886
f 791/1555/843 792/1844/843 1012/1556/886
f 804/1558/887 805/1497/834 1024/1499/835
f 777/1560/843 778/1552/843 998/1554/886
f 790/1562/843 791/1555/843 1011/1557/886
f 803/1564/887 804/1558/887 1023/1559/835
f 755/1566/888 777/1560/843 997/1561/886
f 789/1568/843 790/1562/843 1010/1563/886
f 770/1500/20 755/1550/884 995/1570/890
f 802/1572/892 803/1564/887 1022/1565/835
f 788/1574/843 789/1568/843 1009/1569/886
f 756/1576/893 770/1500/20 994/1571/891
f 814/1578/887 756/5210/2299 993/1579/895
f 801/1581/896 802/1572/892 1021/1573/835
f 787/1583/843 788/1574/843 1008/1575/886
f 753/1549/883 769/1508/12 990/1585/897
f 769/1508/12 754/1507/842 991/1587/899
f 800/1588/887 801/1581/896 1020/1582/835
f 813/1590/887 814/1578/887 992/1580/835
f 786/1592/843 787/1583/843 1007/1584/886
f 766/1594/900 775/1688/932 929/1595/861
f 907/1597/877 931/5211/2298 972/1598/878
f 908/1600/902 930/1691/934 931/1601/861
f 933/1603/903 934/5212/2300 975/1604/904
f 906/1606/902 932/1694/934 933/1607/861
f 944/1609/906 894/5213/2301 954/1610/907
f 904/1612/902 934/1697/934 935/1613/861
f 906/1615/909 907/1882/840 967/1616/910
f 902/1618/902 936/1700/934 937/1619/861
f 930/1621/906 908/5214/2301 968/1622/907
f 900/1624/902 938/1703/934 939/1625/861
f 892/1627/909 893/1855/840 953/1628/910
f 898/1630/902 940/1706/934 941/1631/861
f 895/1633/877 943/5215/2298 984/1634/878
f 896/1636/902 942/1709/934 943/1637/861
f 945/1639/903 946/5216/2300 987/1640/904
f 894/1642/902 944/1712/934 945/1643/861
f 909/1645/877 929/5217/2298 970/1646/878
f 892/1648/902 946/1715/934 947/1527/861
f 760/1650/912 872/1653/914 910/1651/866
f 872/1653/914 873/1655/915 911/1654/866
f 873/1655/915 874/1657/916 912/1656/866
f 874/1657/916 875/1659/917 913/1658/866
f 875/1659/917 876/1661/918 914/1660/866
f 876/1661/918 877/1663/919 915/1662/866
f 877/1663/919 878/1665/920 916/1664/866
f 878/1665/920 879/1667/921 917/1666/866
f 879/1667/921 880/1669/922 918/1668/866
f 880/1669/922 881/1671/923 919/1670/866
f 881/1671/923 882/1673/924 920/1672/866
f 882/1673/924 883/1675/925 921/1674/866
f 883/1675/925 884/1677/926 922/1676/866
f 884/1677/926 885/1679/927 923/1678/866
f 885/1679/927 886/1681/928 924/1680/866
f 886/1681/928 887/1683/929 925/1682/866
f 887/1683/929 888/1685/930 926/1684/866
f 888/1685/930 889/1687/931 927/1686/866
f 889/1687/931 890/1530/864 928/1532/866
f 775/1688/932 765/5218/2302 910/1689/933
f 929/1595/861 910/1689/933 911/1690/933
f 930/1691/934 911/1690/933 912/1692/933
f 931/1601/861 912/1692/933 913/1693/933
f 932/1694/934 913/1693/933 914/1695/933
f 933/1607/861 914/1695/933 915/1696/933
f 934/1697/934 915/1696/933 916/1698/933
f 935/1613/861 916/1698/933 917/1699/933
f 936/1700/934 917/1699/933 918/1701/933
f 937/1619/861 918/1701/933 919/1702/933
f 938/1703/934 919/1702/933 920/1704/933
f 939/1625/861 920/1704/933 921/1705/933
f 940/1706/934 921/1705/933 922/1707/933
f 941/1631/861 922/1707/933 923/1708/933
f 942/1709/934 923/1708/933 924/1710/933
f 943/1637/861 924/1710/933 925/1711/933
f 944/1712/934 925/1711/933 926/1713/933
f 945/1643/861 926/1713/933 927/1714/933
f 946/1715/934 927/1714/933 928/1716/933
f 758/1717/935 890/1719/937 852/1718/936
f 890/1719/937 889/1721/939 851/1720/938
f 889/1721/939 888/1723/941 850/1722/940
f 888/1723/941 887/1725/943 849/1724/942
f 887/1725/943 886/1727/945 848/1726/944
f 886/1727/945 885/1729/947 847/1728/946
f 885/1729/947 884/1731/949 846/1730/948
f 884/1731/949 883/1733/951 845/1732/950
f 883/1733/951 882/1735/953 844/1734/952
f 882/1735/953 881/1737/955 843/1736/954
f 881/1737/955 880/1739/957 842/1738/956
f 880/1739/957 879/1741/959 841/1740/958
f 879/1741/959 878/1743/961 840/1742/960
f 878/1743/961 877/1745/963 839/1744/962
f 877/1745/963 876/1747/965 838/1746/964
f 876/1747/965 875/1749/967 837/1748/966
f 875/1749/967 874/1751/969 836/1750/968
f 874/1751/969 873/1753/971 835/1752/970
f 873/1753/971 872/1521/855 834/1523/857
f 759/1754/972 871/1756/974 833/1755/973
f 871/1756/974 870/1758/976 832/1757/975
f 870/1758/976 869/1760/978 831/1759/977
f 869/1760/978 868/1762/980 830/1761/979
f 868/1762/980 867/1764/982 829/1763/981
f 867/1764/982 866/1766/984 828/1765/983
f 866/1766/984 865/1768/986 827/1767/985
f 865/1768/986 864/1770/988 826/1769/987
f 864/1770/988 863/1772/990 825/1771/989
f 863/1772/990 862/1774/992 824/1773/991
f 862/1774/992 861/1776/994 823/1775/993
f 861/1776/994 860/1778/996 822/1777/995
f 860/1778/996 859/1780/998 821/1779/997
f 859/1780/998 858/1782/1000 820/1781/999
f 858/1782/1000 857/1784/1002 819/1783/1001
f 857/1784/1002 856/1786/1004 818/1785/1003
f 856/1786/1004 855/1788/1006 817/1787/1005
f 855/1788/1006 854/1790/1008 816/1789/1007
f 854/1790/1008 853/1518/852 815/1520/854
f 761/1791/1009 756/5210/2299 814/1578/887
f 834/1792/1010 814/1578/887 813/1590/887
f 835/1793/1011 813/1590/887 812/1794/1012
f 836/1795/1013 812/1794/1012 811/1796/1014
f 837/1797/1015 811/1796/1014 810/1798/1012
f 838/1799/1016 810/1798/1012 809/1800/1017
f 839/1801/1018 809/1800/1017 808/1802/1014
f 840/1803/1019 808/1802/1014 807/1804/1012
f 841/1805/1020 807/1804/1012 806/1806/1021
f 842/1807/1022 806/1806/1021 805/1497/834
f 843/1808/1023 805/1497/834 804/1558/887
f 844/1809/1024 804/1558/887 803/1564/887
f 845/1810/1025 803/1564/887 802/1572/892
f 846/1811/1026 802/1572/892 801/1581/896
f 847/1812/1027 801/1581/896 800/1588/887
f 848/1813/1028 800/1588/887 799/1814/1014
f 849/1815/1029 799/1814/1014 798/1816/1030
f 850/1817/1031 798/1816/1030 797/1818/1014
f 851/1819/1032 797/1818/1014 796/1820/1012
f 755/1566/888 762/5219/2303 833/1821/1033
f 777/1560/843 833/1821/1033 832/1822/1034
f 778/1552/843 832/1822/1034 831/1823/1035
f 779/1824/843 831/1823/1035 830/1825/1036
f 780/1826/843 830/1825/1036 829/1827/1037
f 781/1828/843 829/1827/1037 828/1829/1038
f 782/1830/843 828/1829/1038 827/1831/1039
f 783/1832/843 827/1831/1039 826/1833/1040
f 784/1834/843 826/1833/1040 825/1835/1041
f 785/1836/843 825/1835/1041 824/1837/1042
f 786/1592/843 824/1837/1042 823/1838/1043
f 787/1583/843 823/1838/1043 822/1839/1044
f 788/1574/843 822/1839/1044 821/1840/1045
f 789/1568/843 821/1840/1045 820/1841/1046
f 790/1562/843 820/1841/1046 819/1842/1047
f 791/1555/843 819/1842/1047 818/1843/1048
f 792/1844/843 818/1843/1048 817/1845/1049
f 793/1846/843 817/1845/1049 816/1847/1050
f 794/1848/843 816/1847/1050 815/1849/1051
f 757/1850/1052 853/1853/1054 891/1851/840
f 853/1853/1054 854/1854/1055 892/1627/909
f 854/1854/1055 855/1856/1056 893/1855/840
f 855/1856/1056 856/1858/1057 894/1857/909
f 856/1858/1057 857/1860/1058 895/1859/840
f 857/1860/1058 858/1862/1059 896/1861/909
f 858/1862/1059 859/1864/1060 897/1863/840
f 859/1864/1060 860/1866/1061 898/1865/909
f 860/1866/1061 861/1868/1062 899/1867/840
f 861/1868/1062 862/1870/1063 900/1869/909
f 862/1870/1063 863/1872/1064 901/1871/840
f 863/1872/1064 864/1874/1065 902/1873/909
f 864/1874/1065 865/1876/1066 903/1875/840
f 865/1876/1066 866/1878/1067 904/1877/909
f 866/1878/1067 867/1880/1068 905/1879/840
f 867/1880/1068 868/1881/1069 906/1615/909
f 868/1881/1069 869/1883/1070 907/1882/840
f 869/1883/1070 870/1885/1071 908/1884/909
f 870/1885/1071 871/1503/838 909/1505/840
f 795/1509/843 753/1511/845 989/1886/1072
f 799/1814/1014 800/1588/887 1019/1589/835
f 812/1794/1012 813/1590/887 1032/1591/835
f 785/1836/843 786/1592/843 1006/1593/886
f 798/1816/1030 799/1814/1014 1018/1888/835
f 811/1796/1014 812/1794/1012 1031/1889/835
f 784/1834/843 785/1836/843 1005/1890/886
f 797/1818/1014 798/1816/1030 1017/1891/835
f 810/1798/1012 811/1796/1014 1030/1892/835
f 783/1832/843 784/1834/843 1004/1893/886
f 796/1820/1012 797/1818/1014 1016/1894/835
f 809/1800/1017 810/1798/1012 1029/1895/835
f 782/1830/843 783/1832/843 1003/1896/886
f 754/1513/847 796/1820/1012 1015/1897/835
f 808/1802/1014 809/1800/1017 1028/1898/835
f 781/1828/843 782/1830/843 1002/1899/886
f 794/1848/843 795/1509/843 988/1887/886
f 807/1804/1012 808/1802/1014 1027/1901/835
f 780/1826/843 781/1828/843 1001/1902/886
f 951/1906/1074 950/5220/2304 948/1907/1075
f 969/1909/1074 970/5221/2304 971/1910/1075
f 967/1912/1074 972/5222/2304 973/1913/1075
f 965/1915/1074 974/5223/2304 975/1916/1075
f 963/1918/1074 976/5224/2304 977/1919/1075
f 961/1921/1074 978/5225/2304 979/1922/1075
f 959/1924/1074 980/5226/2304 981/1925/1075
f 957/1927/1074 982/5227/2304 983/1928/1075
f 955/1930/1074 984/5228/2304 985/1931/1075
f 953/1933/1074 986/5229/2304 987/1934/1075
f 894/1857/909 895/1859/840 955/1936/910
f 932/1938/906 906/5230/2301 966/1939/907
f 908/1884/909 909/1505/840 969/1941/910
f 946/1943/906 892/5231/2301 952/1944/907
f 935/1946/903 936/5232/2300 977/1947/904
f 905/1949/877 933/5233/2298 974/1950/878
f 891/1952/877 947/5234/2298 950/1953/878
f 896/1861/909 897/1863/840 957/1955/910
f 934/1957/906 904/5235/2301 964/1958/907
f 937/1960/903 938/5236/2300 979/1961/904
f 903/1963/877 935/5237/2298 976/1964/878
f 898/1865/909 899/1867/840 959/1966/910
f 936/1968/906 902/5238/2301 962/1969/907
f 939/1971/903 940/5239/2300 981/1972/904
f 901/1974/877 937/5240/2298 978/1975/878
f 900/1869/909 901/1871/840 961/1977/910
f 938/1979/906 900/5241/2301 960/1980/907
f 941/1982/903 942/5242/2300 983/1983/904
f 899/1985/877 939/5243/2298 980/1986/878
f 902/1873/909 903/1875/840 963/1988/910
f 940/1990/906 898/5244/2301 958/1991/907
f 929/1993/903 930/5245/2300 971/1994/904
f 776/1538/872 767/1537/871 949/1996/907
f 943/1998/903 944/5246/2300 985/1999/904
f 897/2001/877 941/5247/2298 982/2002/878
f 767/1852/1053 891/1851/840 951/2004/910
f 904/1877/909 905/1879/840 965/2006/910
f 947/2008/903 776/5248/2305 948/2009/904
f 942/2011/906 896/5249/2301 956/2012/907
f 931/2014/903 932/5250/2300 973/2015/904
f 996/2017/1077 992/2078/1084 993/2018/1078
f 997/2020/1080 996/2017/1077 994/2019/1079
f 989/2022/1082 990/2059/1083 1033/2023/1077
f 988/2024/1080 1033/2023/1077 1034/2025/1077
f 1014/2026/1080 1034/2025/1077 1035/2027/1077
f 1013/2028/1080 1035/2027/1077 1036/2029/1077
f 1012/2030/1080 1036/2029/1077 1037/2031/1077
f 1011/2032/1080 1037/2031/1077 1038/2033/1077
f 1010/2034/1080 1038/2033/1077 1039/2035/1077
f 1009/2036/1080 1039/2035/1077 1040/2037/1077
f 1008/2038/1080 1040/2037/1077 1041/2039/1077
f 1007/2040/1080 1041/2039/1077 1042/2041/1077
f 1006/2042/1080 1042/2041/1077 1043/2043/1077
f 1005/2044/1080 1043/2043/1077 1044/2045/1077
f 1004/2046/1080 1044/2045/1077 1045/2047/1077
f 1003/2048/1080 1045/2047/1077 1046/2049/1077
f 1002/2050/1080 1046/2049/1077 1047/2051/1077
f 1001/2052/1080 1047/2051/1077 1048/2053/1077
f 1000/2054/1080 1048/2053/1077 1049/2055/1077
f 999/2056/1080 1049/2055/1077 1050/2057/1077
f 998/2058/1080 1050/2057/1077 996/2017/1077
f 990/2059/1083 991/5251/2306 1015/2060/1084
f 1033/2023/1077 1015/2060/1084 1016/2061/1084
f 1034/2025/1077 1016/2061/1084 1017/2062/1084
f 1035/2027/1077 1017/2062/1084 1018/2063/1084
f 1036/2029/1077 1018/2063/1084 1019/2064/1084
f 1037/2031/1077 1019/2064/1084 1020/2065/1084
f 1038/2033/1077 1020/2065/1084 1021/2066/1084
f 1039/2035/1077 1021/2066/1084 1022/2067/1084
f 1040/2037/1077 1022/2067/1084 1023/2068/1084
f 1041/2039/1077 1023/2068/1084 1024/2069/1084
f 1042/2041/1077 1024/2069/1084 1025/2070/1084
f 1043/2043/1077 1025/2070/1084 1026/2071/1084
f 1044/2045/1077 1026/2071/1084 1027/2072/1084
f 1045/2047/1077 1027/2072/1084 1028/2073/1084
f 1046/2049/1077 1028/2073/1084 1029/2074/1084
f 1047/2051/1077 1029/2074/1084 1030/2075/1084
f 1048/2053/1077 1030/2075/1084 1031/2076/1084
f 1049/2055/1077 1031/2076/1084 1032/2077/1084
f 1050/2057/1077 1032/2077/1084 992/2078/1084
f 792/1844/843 793/1846/843 1013/2079/886
f 779/1824/843 780/1826/843 1000/1905/886
f 806/1806/1021 807/1804/1012 1026/1904/835
f 793/1846/843 794/1848/843 1014/1903/886
f 1060/2082/1087 1059/5252/2307 1147/2080/1085
f 1059/5252/2307 1052/5253/2308 1131/5254/2309
f 1147/2080/1085 1059/5252/2307 1131/5254/2309
f 1052/5253/2308 1053/5255/2310 1131/5254/2309
f 1051/2085/1090 1058/5256/2311 1132/2083/1088
f 1058/5256/2311 1057/5257/2312 1148/5258/2313
f 1132/2083/1088 1058/5256/2311 1148/5258/2313
f 1057/5257/2312 1055/5259/2314 1148/5258/2313
f 1130/2086/1091 1061/2225/1116 1055/2087/1092
f 1146/2089/416 1088/2197/1112 1056/2090/1094
f 1130/2092/1096 1057/5260/2315 1058/2093/1097
f 1116/2095/1099 1051/5261/2316 1056/2096/1100
f 1102/2098/1102 1103/2127/1106 1052/2099/1103
f 1058/2101/1105 1051/5261/2317 1116/2095/1106
f 1089/2102/1102 1116/2095/1106 1115/2103/1106
f 1090/2104/1102 1115/2103/1106 1114/2105/1106
f 1091/2106/1102 1114/2105/1106 1113/2107/1106
f 1092/2108/1102 1113/2107/1106 1112/2109/1106
f 1093/2110/1102 1112/2109/1106 1111/2111/1106
f 1094/2112/1102 1111/2111/1106 1110/2113/1106
f 1095/2114/1102 1110/2113/1106 1109/2115/1106
f 1096/2116/1102 1109/2115/1106 1108/2117/1106
f 1097/2118/1102 1108/2117/1106 1107/2119/1106
f 1098/2120/1102 1107/2119/1106 1106/2121/1106
f 1099/2122/1102 1106/2121/1106 1105/2123/1106
f 1100/2124/1102 1105/2123/1106 1104/2125/1106
f 1101/2126/1102 1104/2125/1106 1103/2127/1106
f 1052/2099/1107 1103/2127/1099 1075/2128/1101
f 1103/2127/1099 1104/2125/1099 1076/2130/1101
f 1104/2125/1099 1105/2123/1099 1077/2131/1101
f 1105/2123/1099 1106/2121/1099 1078/2132/1101
f 1106/2121/1099 1107/2119/1099 1079/2133/1101
f 1107/2119/1099 1108/2117/1099 1080/2134/1101
f 1108/2117/1099 1109/2115/1099 1081/2135/1101
f 1109/2115/1099 1110/2113/1099 1082/2136/1101
f 1110/2113/1099 1111/2111/1099 1083/2137/1101
f 1111/2111/1099 1112/2109/1099 1084/2138/1101
f 1112/2109/1099 1113/2107/1099 1085/2139/1101
f 1113/2107/1099 1114/2105/1099 1086/2140/1101
f 1114/2105/1099 1115/2103/1099 1087/2141/1101
f 1115/2103/1099 1116/2095/1099 1088/2097/1101
f 1060/2142/1109 1117/2145/1096 1102/2143/1098
f 1117/2145/1096 1118/2147/1096 1101/2146/1098
f 1118/2147/1096 1119/2149/1096 1100/2148/1098
f 1119/2149/1096 1120/2151/1096 1099/2150/1098
f 1120/2151/1096 1121/2153/1096 1098/2152/1098
f 1121/2153/1096 1122/2155/1096 1097/2154/1098
f 1122/2155/1096 1123/2157/1096 1096/2156/1098
f 1123/2157/1096 1124/2159/1096 1095/2158/1098
f 1124/2159/1096 1125/2161/1096 1094/2160/1098
f 1125/2161/1096 1126/2163/1096 1093/2162/1098
f 1126/2163/1096 1127/2165/1096 1092/2164/1098
f 1127/2165/1096 1128/2167/1096 1091/2166/1098
f 1128/2167/1096 1129/2169/1096 1090/2168/1098
f 1129/2169/1096 1130/2092/1096 1089/2094/1098
f 1131/2170/1111 1053/5262/2318 1075/2171/1112
f 1133/2172/416 1075/2171/1112 1076/2173/1112
f 1134/2174/1113 1076/2173/1112 1077/2175/1112
f 1135/2176/1114 1077/2175/1112 1078/2177/1112
f 1136/2178/1113 1078/2177/1112 1079/2179/1112
f 1137/2180/1114 1079/2179/1112 1080/2181/1112
f 1138/2182/1113 1080/2181/1112 1081/2183/1112
f 1139/2184/1114 1081/2183/1112 1082/2185/1112
f 1140/2186/1113 1082/2185/1112 1083/2187/1112
f 1141/2188/1114 1083/2187/1112 1084/2189/1112
f 1142/2190/1113 1084/2189/1112 1085/2191/1112
f 1143/2192/1114 1085/2191/1112 1086/2193/1112
f 1144/2194/1113 1086/2193/1112 1087/2195/1112
f 1145/2196/1114 1087/2195/1112 1088/2197/1112
f 1060/2198/1115 1054/5263/2319 1074/2199/1116
f 1117/2200/1091 1074/2199/1116 1073/2201/1116
f 1118/2202/1091 1073/2201/1116 1072/2203/1116
f 1119/2204/1091 1072/2203/1116 1071/2205/1116
f 1120/2206/1091 1071/2205/1116 1070/2207/1116
f 1121/2208/1091 1070/2207/1116 1069/2209/1116
f 1122/2210/1091 1069/2209/1116 1068/2211/1116
f 1123/2212/1091 1068/2211/1116 1067/2213/1116
f 1124/2214/1091 1067/2213/1116 1066/2215/1116
f 1125/2216/1091 1066/2215/1116 1065/2217/1116
f 1126/2218/1091 1065/2217/1116 1064/2219/1116
f 1127/2220/1091 1064/2219/1116 1063/2221/1116
f 1128/2222/1091 1063/2221/1116 1062/2223/1116
f 1129/2224/1091 1062/2223/1116 1061/2225/1116
f 1161/2226/1117 1145/2196/1114 1146/2089/416
f 1141/2228/1118 1157/5264/2320 1182/2229/1119
f 1159/2231/1117 1143/2192/1114 1144/2194/1113
f 1156/2233/1122 1140/5265/2321 1167/2234/1123
f 1157/2236/1117 1141/2188/1114 1142/2190/1113
f 1136/2238/1125 1137/5266/2322 1172/2239/1126
f 1155/2241/1117 1139/2184/1114 1140/2186/1113
f 1144/2243/1125 1145/5267/2322 1164/2244/1126
f 1153/2246/1117 1137/2180/1114 1138/2182/1113
f 1155/2248/1128 1154/5268/2323 1179/2249/1129
f 1151/2251/1117 1135/2176/1114 1136/2178/1113
f 1139/2253/1118 1155/5269/2320 1180/2254/1119
f 1149/2256/416 1133/2172/416 1134/2174/1113
f 1147/2258/1131 1131/2170/1111 1133/2172/416
f 1162/2227/416 1146/2089/416 1132/2091/1095
f 1061/2260/1133 1162/2227/416 1148/2259/1132
f 1054/2262/1135 1147/2258/1131 1149/2256/416
f 1074/2263/1133 1149/2256/416 1150/2257/1121
f 1073/2264/1133 1150/2257/1121 1151/2251/1117
f 1072/2265/1133 1151/2251/1117 1152/2252/1121
f 1071/2266/1133 1152/2252/1121 1153/2246/1117
f 1070/2267/1133 1153/2246/1117 1154/2247/1121
f 1069/2268/1133 1154/2247/1121 1155/2241/1117
f 1068/2269/1133 1155/2241/1117 1156/2242/1121
f 1067/2270/1133 1156/2242/1121 1157/2236/1117
f 1066/2271/1133 1157/2236/1117 1158/2237/1121
f 1065/2272/1133 1158/2237/1121 1159/2231/1117
f 1064/2273/1133 1159/2231/1117 1160/2232/1121
f 1063/2274/1133 1160/2232/1121 1161/2226/1117
f 1062/2275/1133 1161/2226/1117 1162/2227/416
f 1185/2276/1136 1163/5270/2324 1164/2277/1137
f 1183/2279/1136 1165/5271/2324 1166/2280/1137
f 1181/2282/1136 1167/5272/2324 1168/2283/1137
f 1179/2285/1136 1169/5273/2324 1170/2286/1137
f 1177/2288/1136 1171/5274/2324 1172/2289/1137
f 1175/2291/1136 1173/5275/2324 1174/2292/1137
f 1157/2294/1128 1156/5276/2323 1181/2295/1129
f 1142/2297/1125 1143/5277/2322 1166/2298/1126
f 1150/2300/1122 1134/5278/2321 1173/2301/1123
f 1134/2303/1125 1135/5279/2322 1174/2304/1126
f 1158/2306/1122 1142/5280/2321 1165/2307/1123
f 1135/2309/1118 1151/5281/2320 1176/2310/1119
f 1151/2312/1128 1150/5282/2323 1175/2313/1129
f 1143/2315/1118 1159/5283/2320 1184/2316/1119
f 1159/2318/1128 1158/5284/2323 1183/2319/1129
f 1140/2321/1125 1141/5285/2322 1168/2322/1126
f 1152/2324/1122 1136/5286/2321 1171/2325/1123
f 1160/2327/1122 1144/5287/2321 1163/2328/1123
f 1137/2330/1118 1153/5288/2320 1178/2331/1119
f 1153/2333/1128 1152/5289/2323 1177/2334/1129
f 1145/2336/1118 1161/5290/2320 1186/2337/1119
f 1161/2339/1128 1160/5291/2323 1185/2340/1129
f 1138/2342/1125 1139/5292/2322 1170/2343/1126
f 1154/2345/1122 1138/5293/2321 1169/2346/1123
f 1187/2348/1139 1188/2416/1204 1190/2349/1140
f 1189/2350/1141 1190/2349/1140 1192/2351/1142
f 1191/2352/1143 1192/2351/1142 1194/2353/1144
f 1193/2354/1145 1194/2353/1144 1196/2355/1146
f 1195/2357/1147 1196/5294/1146 1198/2358/1148
f 1197/2359/1149 1198/2358/1148 1200/2360/1150
f 1199/2361/1151 1200/2360/1150 1202/2362/1152
f 1201/2363/1153 1202/2362/1152 1204/2364/1154
f 1203/2365/1155 1204/2364/1154 1206/2366/1156
f 1205/2367/1157 1206/2366/1156 1208/2368/1158
f 1207/2369/1159 1208/2368/1158 1210/2370/1160
f 1209/2371/1161 1210/2370/1160 1212/2372/1162
f 1211/2374/1163 1212/5295/1162 1214/2375/1164
f 1213/2376/1165 1214/2375/1164 1216/2377/1166
f 1215/2378/1167 1216/2377/1166 1218/2379/1168
f 1217/2380/1169 1218/2379/1168 1220/2381/1170
f 1219/2382/1171 1220/2381/1170 1222/2383/1172
f 1221/2384/1173 1222/2383/1172 1224/2385/1174
f 1223/2386/1175 1224/2385/1174 1226/2387/1176
f 1225/2388/1177 1226/2387/1176 1228/2389/1178
f 1227/2391/1179 1228/5296/1178 1230/2392/1180
f 1229/2393/1181 1230/2392/1180 1232/2394/1182
f 1231/2395/1183 1232/2394/1182 1234/2396/1184
f 1233/2397/1185 1234/2396/1184 1236/2398/1186
f 1235/2399/1187 1236/2398/1186 1238/2400/1188
f 1237/2401/1189 1238/2400/1188 1240/2402/1190
f 1239/2403/1191 1240/2402/1190 1242/2404/1192
f 1241/2405/1193 1242/2404/1192 1244/2406/1194
f 1243/2408/1195 1244/5297/1194 1246/2409/1196
f 1245/2410/1197 1246/2409/1196 1248/2411/1198
f 1218/2413/1200 1216/2413/1253 1280/2413/1201
f 1247/2412/1199 1248/2411/1198 1250/2414/1202
f 1249/2415/1203 1250/2414/1202 1188/2416/1204
f 1233/2417/1205 1235/2417/1214 1299/2417/1201
f 1263/2417/1201 1265/2417/1201 1329/2417/1206
f 1289/2417/1201 1291/2417/1201 1355/2417/1208
f 1236/2413/1210 1234/2413/1254 1298/2413/1201
f 1199/2417/1211 1201/2417/1217 1265/2417/1201
f 1217/2417/1212 1219/2417/1218 1283/2417/1201
f 1202/2413/1213 1200/2413/1257 1264/2413/1201
f 1235/2417/1214 1237/2417/1220 1301/2417/1201
f 1220/2413/1215 1218/2413/1200 1282/2413/1201
f 1238/2413/1216 1236/2413/1210 1300/2413/1201
f 1201/2417/1217 1203/2417/1223 1267/2417/1201
f 1219/2417/1218 1221/2417/1224 1285/2417/1201
f 1204/2413/1219 1202/2413/1213 1266/2413/1201
f 1237/2417/1220 1239/2417/1226 1303/2417/1201
f 1222/2413/1221 1220/2413/1215 1284/2413/1201
f 1240/2413/1222 1238/2413/1216 1302/2413/1201
f 1203/2417/1223 1205/2417/1229 1269/2417/1201
f 1221/2417/1224 1223/2417/1230 1287/2417/1201
f 1206/2413/1225 1204/2413/1219 1268/2413/1201
f 1187/2417/1139 1189/2417/1141 1252/2417/1201
f 1239/2417/1226 1241/2417/1232 1305/2417/1201
f 1224/2413/1227 1222/2413/1221 1286/2413/1201
f 1190/2413/1140 1188/2413/1204 1254/2413/1201
f 1242/2413/1228 1240/2413/1222 1304/2413/1201
f 1205/2417/1229 1207/2417/1235 1271/2417/1201
f 1223/2417/1230 1225/2417/1236 1289/2417/1201
f 1208/2413/1231 1206/2413/1225 1270/2413/1201
f 1241/2417/1232 1243/2417/1238 1307/2417/1201
f 1226/2413/1233 1224/2413/1227 1288/2413/1201
f 1189/2417/1141 1191/2417/1143 1255/2417/1201
f 1244/2413/1234 1242/2413/1228 1306/2413/1201
f 1207/2417/1235 1209/2417/1240 1273/2417/1201
f 1192/2413/1142 1190/2413/1140 1253/2413/1201
f 1225/2417/1236 1227/2417/1241 1291/2417/1201
f 1210/2413/1237 1208/2413/1231 1272/2413/1201
f 1243/2417/1238 1245/2417/1197 1309/2417/1201
f 1228/2413/1239 1226/2413/1233 1290/2413/1201
f 1191/2417/1143 1193/2417/1145 1257/2417/1201
f 1246/2413/1196 1244/2413/1234 1308/2413/1201
f 1209/2417/1240 1211/2417/1244 1275/2417/1201
f 1194/2413/1144 1192/2413/1142 1256/2413/1201
f 1227/2417/1241 1229/2417/1246 1293/2417/1201
f 1212/2413/1242 1210/2413/1237 1274/2413/1201
f 1245/2417/1197 1247/2417/1199 1311/2417/1201
f 1230/2413/1243 1228/2413/1239 1292/2413/1201
f 1193/2417/1145 1195/2417/1249 1259/2417/1201
f 1248/2413/1198 1246/2413/1196 1310/2413/1201
f 1211/2417/1244 1213/2417/1250 1277/2417/1201
f 1196/2413/1245 1194/2413/1144 1258/2413/1201
f 1229/2417/1246 1231/2417/1252 1295/2417/1201
f 1214/2413/1247 1212/2413/1242 1276/2413/1201
f 1247/2417/1199 1249/2417/1203 1313/2417/1201
f 1232/2413/1248 1230/2413/1243 1294/2413/1201
f 1195/2417/1249 1197/2417/1255 1261/2417/1201
f 1250/2413/1202 1248/2413/1198 1312/2413/1201
f 1213/2417/1250 1215/2417/1256 1279/2417/1201
f 1198/2413/1251 1196/2413/1245 1260/2413/1201
f 1231/2417/1252 1233/2417/1205 1297/2417/1201
f 1216/2413/1253 1214/2413/1247 1278/2413/1201
f 1249/2417/1203 1187/2417/1139 1251/2417/1201
f 1234/2413/1254 1232/2413/1248 1296/2413/1201
f 1197/2417/1255 1199/2417/1211 1263/2417/1201
f 1188/2413/1204 1250/2413/1202 1314/2413/1201
f 1215/2417/1256 1217/2417/1212 1281/2417/1201
f 1200/2413/1257 1198/2413/1251 1262/2413/1201
f 1330/2418/1258 1328/2543/1434 1392/2419/1259
f 1356/2421/1261 1354/2542/1433 1418/2422/1262
f 1292/2413/1201 1290/2413/1201 1354/2413/1264
f 1266/2413/1201 1264/2413/1201 1328/2413/1266
f 1291/2417/1201 1293/2417/1201 1357/2417/1268
f 1265/2417/1201 1267/2417/1201 1331/2417/1269
f 1294/2413/1201 1292/2413/1201 1356/2413/1265
f 1268/2413/1201 1266/2413/1201 1330/2413/1267
f 1293/2417/1201 1295/2417/1201 1359/2417/1272
f 1267/2417/1201 1269/2417/1201 1333/2417/1273
f 1296/2413/1201 1294/2413/1201 1358/2413/1270
f 1270/2413/1201 1268/2413/1201 1332/2413/1271
f 1295/2417/1201 1297/2417/1201 1361/2417/1276
f 1269/2417/1201 1271/2417/1201 1335/2417/1277
f 1298/2413/1201 1296/2413/1201 1360/2413/1274
f 1272/2413/1201 1270/2413/1201 1334/2413/1275
f 1297/2417/1201 1299/2417/1201 1363/2417/1280
f 1271/2417/1201 1273/2417/1201 1337/2417/1281
f 1300/2413/1201 1298/2413/1201 1362/2413/1278
f 1274/2413/1201 1272/2413/1201 1336/2413/1279
f 1299/2417/1201 1301/2417/1201 1365/2417/1284
f 1273/2417/1201 1275/2417/1201 1339/2417/1285
f 1302/2413/1201 1300/2413/1201 1364/2413/1282
f 1276/2413/1201 1274/2413/1201 1338/2413/1283
f 1301/2417/1201 1303/2417/1201 1367/2417/1288
f 1275/2417/1201 1277/2417/1201 1341/2417/1289
f 1304/2413/1201 1302/2413/1201 1366/2413/1286
f 1278/2413/1201 1276/2413/1201 1340/2413/1287
f 1303/2417/1201 1305/2417/1201 1369/2417/1291
f 1277/2417/1201 1279/2417/1201 1343/2417/1292
f 1251/2417/1201 1252/2417/1201 1316/2417/1293
f 1306/2413/1201 1304/2413/1201 1368/2413/1289
f 1280/2413/1201 1278/2413/1201 1342/2413/1290
f 1253/2413/1201 1254/2413/1201 1318/2413/1296
f 1305/2417/1201 1307/2417/1201 1371/2417/1234
f 1279/2417/1201 1281/2417/1201 1345/2417/1298
f 1252/2417/1201 1255/2417/1201 1319/2417/1299
f 1308/2413/1201 1306/2413/1201 1370/2413/1295
f 1282/2413/1201 1280/2413/1201 1344/2413/1293
f 1256/2413/1201 1253/2413/1201 1317/2413/1297
f 1307/2417/1201 1309/2417/1201 1373/2417/1301
f 1281/2417/1201 1283/2417/1201 1347/2417/1302
f 1255/2417/1201 1257/2417/1201 1321/2417/1303
f 1310/2413/1201 1308/2413/1201 1372/2413/1298
f 1284/2413/1201 1282/2413/1201 1346/2413/1299
f 1258/2413/1201 1256/2413/1201 1320/2413/1300
f 1309/2417/1201 1311/2417/1201 1375/2417/1307
f 1283/2417/1201 1285/2417/1201 1349/2417/1308
f 1257/2417/1201 1259/2417/1201 1323/2417/1309
f 1312/2413/1201 1310/2413/1201 1374/2413/1304
f 1286/2413/1201 1284/2413/1201 1348/2413/1305
f 1260/2413/1201 1258/2413/1201 1322/2413/1306
f 1311/2417/1201 1313/2417/1201 1377/2417/1287
f 1285/2417/1201 1287/2417/1201 1351/2417/1311
f 1259/2417/1201 1261/2417/1201 1325/2417/1312
f 1314/2413/1201 1312/2413/1201 1376/2413/1308
f 1288/2413/1201 1286/2413/1201 1350/2413/1309
f 1262/2413/1201 1260/2413/1201 1324/2413/1310
f 1313/2417/1201 1251/2417/1201 1315/2417/1294
f 1287/2417/1201 1289/2417/1201 1353/2417/1209
f 1261/2417/1201 1263/2417/1201 1327/2417/1207
f 1254/2413/1201 1314/2413/1201 1378/2413/1311
f 1290/2413/1201 1288/2413/1201 1352/2413/1313
f 1264/2413/1201 1262/2413/1201 1326/2413/1314
f 1384/2424/1315 1381/2491/1382 1382/2490/1381
f 1382/2490/1381 1442/2532/1423 1384/2424/1315
f 1442/2532/1423 1440/2521/1412 1384/2424/1315
f 1440/2521/1412 1438/2509/1400 1436/2498/1389
f 1436/2498/1389 1434/2486/1377 1432/2425/1316
f 1432/2425/1316 1430/2468/1359 1424/2445/1336
f 1430/2468/1359 1428/2460/1351 1424/2445/1336
f 1428/2460/1351 1426/2452/1343 1424/2445/1336
f 1424/2445/1336 1422/2437/1328 1420/2423/1263
f 1420/2423/1263 1418/2422/1262 1416/2426/1317
f 1416/2426/1317 1414/2523/1414 1408/2488/1379
f 1414/2523/1414 1412/2511/1402 1408/2488/1379
f 1412/2511/1402 1410/2500/1391 1408/2488/1379
f 1408/2488/1379 1406/2477/1368 1404/2470/1361
f 1404/2470/1361 1402/2462/1353 1400/2454/1345
f 1400/2454/1345 1398/2447/1338 1396/2439/1330
f 1396/2439/1330 1394/2420/1260 1392/2419/1259
f 1392/2419/1259 1390/2535/1426 1388/2525/1416
f 1388/2525/1416 1386/2513/1404 1384/2424/1315
f 1440/2521/1412 1436/2498/1389 1384/2424/1315
f 1436/2498/1389 1432/2425/1316 1384/2424/1315
f 1424/2445/1336 1420/2423/1263 1432/2425/1316
f 1420/2423/1263 1416/2426/1317 1432/2425/1316
f 1408/2488/1379 1404/2470/1361 1400/2454/1345
f 1400/2454/1345 1396/2439/1330 1384/2424/1315
f 1396/2439/1330 1392/2419/1259 1384/2424/1315
f 1392/2419/1259 1388/2525/1416 1384/2424/1315
f 1416/2426/1317 1408/2488/1379 1384/2424/1315
f 1408/2488/1379 1400/2454/1345 1384/2424/1315
f 1441/2429/1320 1379/2484/1375 1380/2483/1374
f 1380/2483/1374 1383/2496/1387 1441/2429/1320
f 1383/2496/1387 1385/2507/1398 1441/2429/1320
f 1385/2507/1398 1387/2519/1410 1393/2435/1326
f 1387/2519/1410 1389/2530/1421 1393/2435/1326
f 1389/2530/1421 1391/2540/1431 1393/2435/1326
f 1393/2435/1326 1395/2434/1325 1401/2458/1349
f 1395/2434/1325 1397/2443/1334 1401/2458/1349
f 1397/2443/1334 1399/2450/1341 1401/2458/1349
f 1401/2458/1349 1403/2466/1357 1409/2427/1318
f 1403/2466/1357 1405/2474/1365 1409/2427/1318
f 1405/2474/1365 1407/2481/1372 1409/2427/1318
f 1409/2427/1318 1411/2505/1396 1413/2517/1408
f 1413/2517/1408 1415/2528/1419 1417/2538/1429
f 1417/2538/1429 1419/2432/1323 1425/2428/1319
f 1419/2432/1323 1421/2431/1322 1425/2428/1319
f 1421/2431/1322 1423/2441/1332 1425/2428/1319
f 1425/2428/1319 1427/2456/1347 1429/2464/1355
f 1429/2464/1355 1431/2472/1363 1433/2479/1370
f 1433/2479/1370 1435/2493/1384 1441/2429/1320
f 1435/2493/1384 1437/2503/1394 1441/2429/1320
f 1437/2503/1394 1439/2515/1406 1441/2429/1320
f 1409/2427/1318 1413/2517/1408 1425/2428/1319
f 1413/2517/1408 1417/2538/1429 1425/2428/1319
f 1425/2428/1319 1429/2464/1355 1441/2429/1320
f 1429/2464/1355 1433/2479/1370 1441/2429/1320
f 1441/2429/1320 1385/2507/1398 1393/2435/1326
f 1393/2435/1326 1401/2458/1349 1409/2427/1318
f 1441/2429/1320 1393/2435/1326 1409/2427/1318
f 1355/2430/1321 1357/2440/1331 1421/2431/1322
f 1329/2433/1324 1331/2442/1333 1395/2434/1325
f 1358/2436/1327 1356/2421/1261 1420/2423/1263
f 1332/2438/1329 1330/2418/1258 1394/2420/1260
f 1357/2440/1331 1359/2448/1339 1423/2441/1332
f 1331/2442/1333 1333/2449/1340 1397/2443/1334
f 1360/2444/1335 1358/2436/1327 1422/2437/1328
f 1334/2446/1337 1332/2438/1329 1396/2439/1330
f 1359/2448/1339 1361/2455/1346 1425/2428/1319
f 1333/2449/1340 1335/2457/1348 1399/2450/1341
f 1362/2451/1342 1360/2444/1335 1424/2445/1336
f 1336/2453/1344 1334/2446/1337 1398/2447/1338
f 1361/2455/1346 1363/2463/1354 1427/2456/1347
f 1335/2457/1348 1337/2465/1356 1401/2458/1349
f 1364/2459/1350 1362/2451/1342 1426/2452/1343
f 1338/2461/1352 1336/2453/1344 1400/2454/1345
f 1363/2463/1354 1365/2471/1362 1429/2464/1355
f 1337/2465/1356 1339/2473/1364 1403/2466/1357
f 1366/2467/1358 1364/2459/1350 1428/2460/1351
f 1340/2469/1360 1338/2461/1352 1402/2462/1353
f 1365/2471/1362 1367/2478/1369 1431/2472/1363
f 1339/2473/1364 1341/2480/1371 1405/2474/1365
f 1368/2475/1366 1366/2467/1358 1430/2468/1359
f 1342/2476/1367 1340/2469/1360 1404/2470/1361
f 1367/2478/1369 1369/2492/1383 1433/2479/1370
f 1341/2480/1371 1343/2494/1385 1407/2481/1372
f 1315/2482/1373 1316/2495/1386 1380/2483/1374
f 1370/2485/1376 1368/2475/1366 1432/2425/1316
f 1344/2487/1378 1342/2476/1367 1406/2477/1368
f 1317/2489/1380 1318/2541/1432 1382/2490/1381
f 1369/2492/1383 1371/2502/1393 1435/2493/1384
f 1343/2494/1385 1345/2504/1395 1409/2427/1318
f 1316/2495/1386 1319/2506/1397 1383/2496/1387
f 1372/2497/1388 1370/2485/1376 1434/2486/1377
f 1346/2499/1390 1344/2487/1378 1408/2488/1379
f 1320/2501/1392 1317/2489/1380 1381/2491/1382
f 1371/2502/1393 1373/2514/1405 1437/2503/1394
f 1345/2504/1395 1347/2516/1407 1411/2505/1396
f 1319/2506/1397 1321/2518/1409 1385/2507/1398
f 1374/2508/1399 1372/2497/1388 1436/2498/1389
f 1348/2510/1401 1346/2499/1390 1410/2500/1391
f 1322/2512/1403 1320/2501/1392 1384/2424/1315
f 1373/2514/1405 1375/2526/1417 1439/2515/1406
f 1347/2516/1407 1349/2527/1418 1413/2517/1408
f 1321/2518/1409 1323/2529/1420 1387/2519/1410
f 1376/2520/1411 1374/2508/1399 1438/2509/1400
f 1350/2522/1413 1348/2510/1401 1412/2511/1402
f 1324/2524/1415 1322/2512/1403 1386/2513/1404
f 1375/2526/1417 1377/2536/1427 1441/2429/1320
f 1349/2527/1418 1351/2537/1428 1415/2528/1419
f 1323/2529/1420 1325/2539/1430 1389/2530/1421
f 1378/2531/1422 1376/2520/1411 1440/2521/1412
f 1352/2533/1424 1350/2522/1413 1414/2523/1414
f 1326/2534/1425 1324/2524/1415 1388/2525/1416
f 1377/2536/1427 1315/2482/1373 1379/2484/1375
f 1351/2537/1428 1353/2544/1435 1417/2538/1429
f 1325/2539/1430 1327/2545/1436 1391/2540/1431
f 1318/2541/1432 1378/2531/1422 1442/2532/1423
f 1354/2542/1433 1352/2533/1424 1416/2426/1317
f 1328/2543/1434 1326/2534/1425 1390/2535/1426
f 1353/2544/1435 1355/2430/1321 1419/2432/1323
f 1327/2545/1436 1329/2433/1324 1393/2435/1326
f 1443/2546/1139 1444/2614/1204 1446/2547/1140
f 1445/2548/1141 1446/2547/1140 1448/2549/1142
f 1447/2550/1143 1448/2549/1142 1450/2551/1144
f 1449/2552/1437 1450/2551/1144 1452/2553/1438
f 1451/2555/1147 1452/5298/1438 1454/2556/1148
f 1453/2557/1149 1454/2556/1148 1456/2558/1150
f 1455/2559/1151 1456/2558/1150 1458/2560/1152
f 1457/2561/1153 1458/2560/1152 1460/2562/1154
f 1459/2563/1155 1460/2562/1154 1462/2564/1156
f 1461/2565/1157 1462/2564/1156 1464/2566/1158
f 1463/2567/1159 1464/2566/1158 1466/2568/1160
f 1465/2569/1161 1466/2568/1160 1468/2570/1162
f 1467/2572/1163 1468/5299/1162 1470/2573/1439
f 1469/2574/1440 1470/2573/1439 1472/2575/1166
f 1471/2576/1167 1472/2575/1166 1474/2577/1168
f 1473/2578/1169 1474/2577/1168 1476/2579/1170
f 1475/2580/1171 1476/2579/1170 1478/2581/1172
f 1477/2582/1173 1478/2581/1172 1480/2583/1174
f 1479/2584/1175 1480/2583/1174 1482/2585/1176
f 1481/2586/1177 1482/2585/1176 1484/2587/1441
f 1483/2589/1179 1484/5300/1441 1486/2590/1180
f 1485/2591/1181 1486/2590/1180 1488/2592/1182
f 1487/2593/1183 1488/2592/1182 1490/2594/1184
f 1489/2595/1185 1490/2594/1184 1492/2596/1186
f 1491/2597/1187 1492/2596/1186 1494/2598/1188
f 1493/2599/1189 1494/2598/1188 1496/2600/1190
f 1495/2601/1191 1496/2600/1190 1498/2602/1192
f 1497/2603/1193 1498/2602/1192 1500/2604/1194
f 1499/2606/1195 1500/5301/1194 1502/2607/1442
f 1501/2608/1197 1502/2607/1442 1504/2609/1198
f 1474/2611/1443 1472/2611/1490 1536/2611/1201
f 1503/2610/1199 1504/2609/1198 1506/2612/1202
f 1505/2613/1203 1506/2612/1202 1444/2614/1204
f 1489/2615/1444 1491/2615/1451 1555/2615/1201
f 1519/2615/1201 1521/2615/1201 1585/2615/1206
f 1545/2615/1201 1547/2615/1201 1611/2615/1208
f 1492/2611/1447 1490/2611/1491 1554/2611/1201
f 1455/2615/1448 1457/2615/1454 1521/2615/1201
f 1473/2615/1449 1475/2615/1455 1539/2615/1201
f 1458/2611/1450 1456/2611/1494 1520/2611/1201
f 1491/2615/1451 1493/2615/1457 1557/2615/1201
f 1476/2611/1452 1474/2611/1443 1538/2611/1201
f 1494/2611/1453 1492/2611/1447 1556/2611/1201
f 1457/2615/1454 1459/2615/1460 1523/2615/1201
f 1475/2615/1455 1477/2615/1461 1541/2615/1201
f 1460/2611/1456 1458/2611/1450 1522/2611/1201
f 1493/2615/1457 1495/2615/1463 1559/2615/1201
f 1478/2611/1458 1476/2611/1452 1540/2611/1201
f 1496/2611/1459 1494/2611/1453 1558/2611/1201
f 1459/2615/1460 1461/2615/1466 1525/2615/1201
f 1477/2615/1461 1479/2615/1467 1543/2615/1201
f 1462/2611/1462 1460/2611/1456 1524/2611/1201
f 1443/2615/1139 1445/2615/1141 1508/2615/1201
f 1495/2615/1463 1497/2615/1469 1561/2615/1201
f 1480/2611/1464 1478/2611/1458 1542/2611/1201
f 1446/2611/1140 1444/2611/1204 1510/2611/1201
f 1498/2611/1465 1496/2611/1459 1560/2611/1201
f 1461/2615/1466 1463/2615/1472 1527/2615/1201
f 1479/2615/1467 1481/2615/1473 1545/2615/1201
f 1464/2611/1468 1462/2611/1462 1526/2611/1201
f 1497/2615/1469 1499/2615/1475 1563/2615/1201
f 1482/2611/1470 1480/2611/1464 1544/2611/1201
f 1445/2615/1141 1447/2615/1143 1511/2615/1201
f 1500/2611/1471 1498/2611/1465 1562/2611/1201
f 1463/2615/1472 1465/2615/1477 1529/2615/1201
f 1448/2611/1142 1446/2611/1140 1509/2611/1201
f 1481/2615/1473 1483/2615/1478 1547/2615/1201
f 1466/2611/1474 1464/2611/1468 1528/2611/1201
f 1499/2615/1475 1501/2615/1197 1565/2615/1201
f 1484/2611/1476 1482/2611/1470 1546/2611/1201
f 1447/2615/1143 1449/2615/1437 1513/2615/1201
f 1502/2611/1442 1500/2611/1471 1564/2611/1201
f 1465/2615/1477 1467/2615/1481 1531/2615/1201
f 1450/2611/1144 1448/2611/1142 1512/2611/1201
f 1483/2615/1478 1485/2615/1483 1549/2615/1201
f 1468/2611/1479 1466/2611/1474 1530/2611/1201
f 1501/2615/1197 1503/2615/1199 1567/2615/1201
f 1486/2611/1480 1484/2611/1476 1548/2611/1201
f 1449/2615/1437 1451/2615/1486 1515/2615/1201
f 1504/2611/1198 1502/2611/1442 1566/2611/1201
f 1467/2615/1481 1469/2615/1487 1533/2615/1201
f 1452/2611/1482 1450/2611/1144 1514/2611/1201
f 1485/2615/1483 1487/2615/1489 1551/2615/1201
f 1470/2611/1484 1468/2611/1479 1532/2611/1201
f 1503/2615/1199 1505/2615/1203 1569/2615/1201
f 1488/2611/1485 1486/2611/1480 1550/2611/1201
f 1451/2615/1486 1453/2615/1492 1517/2615/1201
f 1506/2611/1202 1504/2611/1198 1568/2611/1201
f 1469/2615/1487 1471/2615/1493 1535/2615/1201
f 1454/2611/1488 1452/2611/1482 1516/2611/1201
f 1487/2615/1489 1489/2615/1444 1553/2615/1201
f 1472/2611/1490 1470/2611/1484 1534/2611/1201
f 1505/2615/1203 1443/2615/1139 1507/2615/1201
f 1490/2611/1491 1488/2611/1485 1552/2611/1201
f 1453/2615/1492 1455/2615/1448 1519/2615/1201
f 1444/2611/1204 1506/2611/1202 1570/2611/1201
f 1471/2615/1493 1473/2615/1449 1537/2615/1201
f 1456/2611/1494 1454/2611/1488 1518/2611/1201
f 1586/2616/1258 1584/2741/1434 1648/2617/1259
f 1612/2619/1261 1610/2740/1433 1674/2620/1262
f 1548/2611/1201 1546/2611/1201 1610/2611/1264
f 1522/2611/1201 1520/2611/1201 1584/2611/1266
f 1547/2615/1201 1549/2615/1201 1613/2615/1268
f 1521/2615/1201 1523/2615/1201 1587/2615/1269
f 1550/2611/1201 1548/2611/1201 1612/2611/1265
f 1524/2611/1201 1522/2611/1201 1586/2611/1267
f 1549/2615/1201 1551/2615/1201 1615/2615/1272
f 1523/2615/1201 1525/2615/1201 1589/2615/1273
f 1552/2611/1201 1550/2611/1201 1614/2611/1270
f 1526/2611/1201 1524/2611/1201 1588/2611/1271
f 1551/2615/1201 1553/2615/1201 1617/2615/1276
f 1525/2615/1201 1527/2615/1201 1591/2615/1277
f 1554/2611/1201 1552/2611/1201 1616/2611/1274
f 1528/2611/1201 1526/2611/1201 1590/2611/1275
f 1553/2615/1201 1555/2615/1201 1619/2615/1280
f 1527/2615/1201 1529/2615/1201 1593/2615/1281
f 1556/2611/1201 1554/2611/1201 1618/2611/1278
f 1530/2611/1201 1528/2611/1201 1592/2611/1279
f 1555/2615/1201 1557/2615/1201 1621/2615/1284
f 1529/2615/1201 1531/2615/1201 1595/2615/1285
f 1558/2611/1201 1556/2611/1201 1620/2611/1282
f 1532/2611/1201 1530/2611/1201 1594/2611/1283
f 1557/2615/1201 1559/2615/1201 1623/2615/1288
f 1531/2615/1201 1533/2615/1201 1597/2615/1289
f 1560/2611/1201 1558/2611/1201 1622/2611/1286
f 1534/2611/1201 1532/2611/1201 1596/2611/1287
f 1559/2615/1201 1561/2615/1201 1625/2615/1291
f 1533/2615/1201 1535/2615/1201 1599/2615/1292
f 1507/2615/1201 1508/2615/1201 1572/2615/1293
f 1562/2611/1201 1560/2611/1201 1624/2611/1289
f 1536/2611/1201 1534/2611/1201 1598/2611/1290
f 1509/2611/1201 1510/2611/1201 1574/2611/1296
f 1561/2615/1201 1563/2615/1201 1627/2615/1234
f 1535/2615/1201 1537/2615/1201 1601/2615/1298
f 1508/2615/1201 1511/2615/1201 1575/2615/1299
f 1564/2611/1201 1562/2611/1201 1626/2611/1295
f 1538/2611/1201 1536/2611/1201 1600/2611/1293
f 1512/2611/1201 1509/2611/1201 1573/2611/1297
f 1563/2615/1201 1565/2615/1201 1629/2615/1301
f 1537/2615/1201 1539/2615/1201 1603/2615/1302
f 1511/2615/1201 1513/2615/1201 1577/2615/1303
f 1566/2611/1201 1564/2611/1201 1628/2611/1298
f 1540/2611/1201 1538/2611/1201 1602/2611/1299
f 1514/2611/1201 1512/2611/1201 1576/2611/1300
f 1565/2615/1201 1567/2615/1201 1631/2615/1307
f 1539/2615/1201 1541/2615/1201 1605/2615/1308
f 1513/2615/1201 1515/2615/1201 1579/2615/1309
f 1568/2611/1201 1566/2611/1201 1630/2611/1304
f 1542/2611/1201 1540/2611/1201 1604/2611/1305
f 1516/2611/1201 1514/2611/1201 1578/2611/1306
f 1567/2615/1201 1569/2615/1201 1633/2615/1287
f 1541/2615/1201 1543/2615/1201 1607/2615/1311
f 1515/2615/1201 1517/2615/1201 1581/2615/1312
f 1570/2611/1201 1568/2611/1201 1632/2611/1308
f 1544/2611/1201 1542/2611/1201 1606/2611/1309
f 1518/2611/1201 1516/2611/1201 1580/2611/1310
f 1569/2615/1201 1507/2615/1201 1571/2615/1294
f 1543/2615/1201 1545/2615/1201 1609/2615/1446
f 1517/2615/1201 1519/2615/1201 1583/2615/1445
f 1510/2611/1201 1570/2611/1201 1634/2611/1311
f 1546/2611/1201 1544/2611/1201 1608/2611/1313
f 1520/2611/1201 1518/2611/1201 1582/2611/1314
f 1640/2624/1497 1637/2689/1382 1638/2688/1381
f 1638/2688/1381 1698/2730/1423 1640/2624/1497
f 1698/2730/1423 1696/2719/1412 1640/2624/1497
f 1696/2719/1412 1694/2707/1511 1692/2696/1389
f 1692/2696/1389 1690/2684/1377 1688/2673/1506
f 1688/2673/1506 1686/2665/1504 1684/2657/1351
f 1684/2657/1351 1682/2650/1501 1688/2673/1506
f 1682/2650/1501 1680/2643/1499 1688/2673/1506
f 1680/2643/1499 1678/2635/1328 1676/2621/1263
f 1676/2621/1263 1674/2620/1262 1672/2622/1495
f 1672/2622/1495 1670/2721/1414 1664/2686/1507
f 1670/2721/1414 1668/2709/1402 1664/2686/1507
f 1668/2709/1402 1666/2698/1391 1664/2686/1507
f 1664/2686/1507 1662/2675/1368 1660/2667/1505
f 1660/2667/1505 1658/2659/1502 1656/2623/1496
f 1656/2623/1496 1654/2645/1338 1652/2637/1330
f 1652/2637/1330 1650/2618/1260 1648/2617/1259
f 1648/2617/1259 1646/2733/1426 1644/2723/1416
f 1644/2723/1416 1642/2711/1404 1640/2624/1497
f 1696/2719/1412 1692/2696/1389 1640/2624/1497
f 1692/2696/1389 1688/2673/1506 1640/2624/1497
f 1680/2643/1499 1676/2621/1263 1688/2673/1506
f 1676/2621/1263 1672/2622/1495 1688/2673/1506
f 1664/2686/1507 1660/2667/1505 1672/2622/1495
f 1660/2667/1505 1656/2623/1496 1672/2622/1495
f 1656/2623/1496 1652/2637/1330 1640/2624/1497
f 1652/2637/1330 1648/2617/1259 1640/2624/1497
f 1648/2617/1259 1644/2723/1416 1640/2624/1497
f 1640/2624/1497 1688/2673/1506 1672/2622/1495
f 1697/2627/1320 1635/2682/1375 1636/2681/1374
f 1636/2681/1374 1639/2694/1387 1697/2627/1320
f 1639/2694/1387 1641/2705/1510 1697/2627/1320
f 1641/2705/1510 1643/2717/1513 1645/2728/1514
f 1645/2728/1514 1647/2738/1515 1641/2705/1510
f 1647/2738/1515 1649/2633/1498 1641/2705/1510
f 1649/2633/1498 1651/2632/1325 1657/2655/1349
f 1651/2632/1325 1653/2641/1334 1657/2655/1349
f 1653/2641/1334 1655/2648/1341 1657/2655/1349
f 1657/2655/1349 1659/2663/1503 1665/2625/1318
f 1659/2663/1503 1661/2671/1365 1665/2625/1318
f 1661/2671/1365 1663/2679/1372 1665/2625/1318
f 1665/2625/1318 1667/2703/1396 1669/2715/1408
f 1669/2715/1408 1671/2726/1419 1673/2736/1429
f 1673/2736/1429 1675/2630/1323 1681/2626/1319
f 1675/2630/1323 1677/2629/1322 1681/2626/1319
f 1677/2629/1322 1679/2639/1332 1681/2626/1319
f 1681/2626/1319 1683/2653/1347 1685/2661/1355
f 1685/2661/1355 1687/2669/1363 1689/2677/1370
f 1689/2677/1370 1691/2691/1508 1697/2627/1320
f 1691/2691/1508 1693/2701/1394 1697/2627/1320
f 1693/2701/1394 1695/2713/1406 1697/2627/1320
f 1665/2625/1318 1669/2715/1408 1681/2626/1319
f 1669/2715/1408 1673/2736/1429 1681/2626/1319
f 1681/2626/1319 1685/2661/1355 1697/2627/1320
f 1685/2661/1355 1689/2677/1370 1697/2627/1320
f 1697/2627/1320 1641/2705/1510 1649/2633/1498
f 1649/2633/1498 1657/2655/1349 1665/2625/1318
f 1697/2627/1320 1649/2633/1498 1665/2625/1318
f 1611/2628/1321 1613/2638/1331 1677/2629/1322
f 1585/2631/1324 1587/2640/1333 1651/2632/1325
f 1614/2634/1327 1612/2619/1261 1676/2621/1263
f 1588/2636/1329 1586/2616/1258 1650/2618/1260
f 1613/2638/1331 1615/2646/1339 1679/2639/1332
f 1587/2640/1333 1589/2647/1500 1653/2641/1334
f 1616/2642/1335 1614/2634/1327 1678/2635/1328
f 1590/2644/1337 1588/2636/1329 1652/2637/1330
f 1615/2646/1339 1617/2652/1346 1681/2626/1319
f 1589/2647/1500 1591/2654/1348 1655/2648/1341
f 1618/2649/1342 1616/2642/1335 1680/2643/1499
f 1592/2651/1344 1590/2644/1337 1654/2645/1338
f 1617/2652/1346 1619/2660/1354 1683/2653/1347
f 1591/2654/1348 1593/2662/1356 1657/2655/1349
f 1620/2656/1350 1618/2649/1342 1682/2650/1501
f 1594/2658/1352 1592/2651/1344 1656/2623/1496
f 1619/2660/1354 1621/2668/1362 1685/2661/1355
f 1593/2662/1356 1595/2670/1364 1659/2663/1503
f 1622/2664/1358 1620/2656/1350 1684/2657/1351
f 1596/2666/1360 1594/2658/1352 1658/2659/1502
f 1621/2668/1362 1623/2676/1369 1687/2669/1363
f 1595/2670/1364 1597/2678/1371 1661/2671/1365
f 1624/2672/1366 1622/2664/1358 1686/2665/1504
f 1598/2674/1367 1596/2666/1360 1660/2667/1505
f 1623/2676/1369 1625/2690/1383 1689/2677/1370
f 1597/2678/1371 1599/2692/1385 1663/2679/1372
f 1571/2680/1373 1572/2693/1386 1636/2681/1374
f 1626/2683/1376 1624/2672/1366 1688/2673/1506
f 1600/2685/1378 1598/2674/1367 1662/2675/1368
f 1573/2687/1380 1574/2739/1432 1638/2688/1381
f 1625/2690/1383 1627/2700/1393 1691/2691/1508
f 1599/2692/1385 1601/2702/1509 1665/2625/1318
f 1572/2693/1386 1575/2704/1397 1639/2694/1387
f 1628/2695/1388 1626/2683/1376 1690/2684/1377
f 1602/2697/1390 1600/2685/1378 1664/2686/1507
f 1576/2699/1392 1573/2687/1380 1637/2689/1382
f 1627/2700/1393 1629/2712/1405 1693/2701/1394
f 1601/2702/1509 1603/2714/1512 1667/2703/1396
f 1575/2704/1397 1577/2716/1409 1641/2705/1510
f 1630/2706/1399 1628/2695/1388 1692/2696/1389
f 1604/2708/1401 1602/2697/1390 1666/2698/1391
f 1578/2710/1403 1576/2699/1392 1640/2624/1497
f 1629/2712/1405 1631/2724/1417 1695/2713/1406
f 1603/2714/1512 1605/2725/1418 1669/2715/1408
f 1577/2716/1409 1579/2727/1420 1643/2717/1513
f 1632/2718/1411 1630/2706/1399 1694/2707/1511
f 1606/2720/1413 1604/2708/1401 1668/2709/1402
f 1580/2722/1415 1578/2710/1403 1642/2711/1404
f 1631/2724/1417 1633/2734/1427 1697/2627/1320
f 1605/2725/1418 1607/2735/1428 1671/2726/1419
f 1579/2727/1420 1581/2737/1430 1645/2728/1514
f 1634/2729/1422 1632/2718/1411 1696/2719/1412
f 1608/2731/1424 1606/2720/1413 1670/2721/1414
f 1582/2732/1425 1580/2722/1415 1644/2723/1416
f 1633/2734/1427 1571/2680/1373 1635/2682/1375
f 1607/2735/1428 1609/2742/1435 1673/2736/1429
f 1581/2737/1430 1583/2743/1436 1647/2738/1515
f 1574/2739/1432 1634/2729/1422 1698/2730/1423
f 1610/2740/1433 1608/2731/1424 1672/2622/1495
f 1584/2741/1434 1582/2732/1425 1646/2733/1426
f 1609/2742/1435 1611/2628/1321 1675/2630/1323
f 1583/2743/1436 1585/2631/1324 1649/2633/1498
f 1699/2744/1139 1700/2812/1204 1702/2745/1140
f 1701/2746/1516 1702/2745/1140 1704/2747/1142
f 1703/2748/1517 1704/2747/1142 1706/2749/1144
f 1705/2750/1145 1706/2749/1144 1708/2751/1518
f 1707/2753/1519 1708/5302/1518 1710/2754/1520
f 1709/2755/1521 1710/2754/1520 1712/2756/1522
f 1711/2757/1523 1712/2756/1522 1714/2758/1152
f 1713/2759/1524 1714/2758/1152 1716/2760/1154
f 1715/2761/1155 1716/2760/1154 1718/2762/1525
f 1717/2763/1526 1718/2762/1525 1720/2764/1527
f 1719/2765/1528 1720/2764/1527 1722/2766/1529
f 1721/2767/1161 1722/2766/1529 1724/2768/1530
f 1723/2770/1531 1724/5303/1530 1726/2771/1532
f 1725/2772/1533 1726/2771/1532 1728/2773/1166
f 1727/2774/1534 1728/2773/1166 1730/2775/1535
f 1729/2776/1536 1730/2775/1535 1732/2777/1170
f 1731/2778/1171 1732/2777/1170 1734/2779/1537
f 1733/2780/1538 1734/2779/1537 1736/2781/1539
f 1735/2782/1175 1736/2781/1539 1738/2783/1540
f 1737/2784/1541 1738/2783/1540 1740/2785/1542
f 1739/2787/1543 1740/5304/1542 1742/2788/1544
f 1741/2789/1545 1742/2788/1544 1744/2790/1546
f 1743/2791/1547 1744/2790/1546 1746/2792/1548
f 1745/2793/1549 1746/2792/1548 1748/2794/1186
f 1747/2795/1187 1748/2794/1186 1750/2796/1550
f 1749/2797/1189 1750/2796/1550 1752/2798/1551
f 1751/2799/1552 1752/2798/1551 1754/2800/1553
f 1753/2801/1193 1754/2800/1553 1756/2802/1554
f 1755/2804/1555 1756/5305/1554 1758/2805/1196
f 1757/2806/1197 1758/2805/1196 1760/2807/1556
f 1730/2809/1443 1728/2809/1490 1792/2809/1201
f 1759/2808/1199 1760/2807/1556 1762/2810/1557
f 1761/2811/1203 1762/2810/1557 1700/2812/1204
f 1745/2813/1444 1747/2813/1451 1811/2813/1201
f 1775/2813/1201 1777/2813/1201 1841/2813/1558
f 1801/2813/1201 1803/2813/1201 1867/2813/1208
f 1748/2809/1447 1746/2809/1491 1810/2809/1201
f 1711/2813/1448 1713/2813/1454 1777/2813/1201
f 1729/2813/1560 1731/2813/1455 1795/2813/1201
f 1714/2809/1450 1712/2809/1494 1776/2809/1201
f 1747/2813/1451 1749/2813/1457 1813/2813/1201
f 1732/2809/1452 1730/2809/1443 1794/2809/1201
f 1750/2809/1561 1748/2809/1447 1812/2809/1201
f 1713/2813/1454 1715/2813/1460 1779/2813/1201
f 1731/2813/1455 1733/2813/1461 1797/2813/1201
f 1716/2809/1456 1714/2809/1450 1778/2809/1201
f 1749/2813/1457 1751/2813/1562 1815/2813/1201
f 1734/2809/1458 1732/2809/1452 1796/2809/1201
f 1752/2809/1459 1750/2809/1561 1814/2809/1201
f 1715/2813/1460 1717/2813/1466 1781/2813/1201
f 1733/2813/1461 1735/2813/1467 1799/2813/1201
f 1718/2809/1462 1716/2809/1456 1780/2809/1201
f 1699/2813/1139 1701/2813/1516 1764/2813/1201
f 1751/2813/1562 1753/2813/1469 1817/2813/1201
f 1736/2809/1464 1734/2809/1458 1798/2809/1201
f 1702/2809/1140 1700/2809/1204 1766/2809/1201
f 1754/2809/1465 1752/2809/1459 1816/2809/1201
f 1717/2813/1466 1719/2813/1472 1783/2813/1201
f 1735/2813/1467 1737/2813/1473 1801/2813/1201
f 1720/2809/1468 1718/2809/1462 1782/2809/1201
f 1753/2813/1469 1755/2813/1475 1819/2813/1201
f 1738/2809/1470 1736/2809/1464 1800/2809/1201
f 1701/2813/1516 1703/2813/1517 1767/2813/1201
f 1756/2809/1471 1754/2809/1465 1818/2809/1201
f 1719/2813/1472 1721/2813/1477 1785/2813/1201
f 1704/2809/1142 1702/2809/1140 1765/2809/1201
f 1737/2813/1473 1739/2813/1478 1803/2813/1201
f 1722/2809/1474 1720/2809/1468 1784/2809/1201
f 1755/2813/1475 1757/2813/1197 1821/2813/1201
f 1740/2809/1476 1738/2809/1470 1802/2809/1201
f 1703/2813/1517 1705/2813/1145 1769/2813/1201
f 1758/2809/1196 1756/2809/1471 1820/2809/1201
f 1721/2813/1477 1723/2813/1481 1787/2813/1201
f 1706/2809/1144 1704/2809/1142 1768/2809/1201
f 1739/2813/1478 1741/2813/1563 1805/2813/1201
f 1724/2809/1479 1722/2809/1474 1786/2809/1201
f 1757/2813/1197 1759/2813/1199 1823/2813/1201
f 1742/2809/1480 1740/2809/1476 1804/2809/1201
f 1705/2813/1145 1707/2813/1486 1771/2813/1201
f 1760/2809/1556 1758/2809/1196 1822/2809/1201
f 1723/2813/1481 1725/2813/1487 1789/2813/1201
f 1708/2809/1482 1706/2809/1144 1770/2809/1201
f 1741/2813/1563 1743/2813/1489 1807/2813/1201
f 1726/2809/1484 1724/2809/1479 1788/2809/1201
f 1759/2813/1199 1761/2813/1203 1825/2813/1201
f 1744/2809/1485 1742/2809/1480 1806/2809/1201
f 1707/2813/1486 1709/2813/1492 1773/2813/1201
f 1762/2809/1557 1760/2809/1556 1824/2809/1201
f 1725/2813/1487 1727/2813/1493 1791/2813/1201
f 1710/2809/1488 1708/2809/1482 1772/2809/1201
f 1743/2813/1489 1745/2813/1444 1809/2813/1201
f 1728/2809/1490 1726/2809/1484 1790/2809/1201
f 1761/2813/1203 1699/2813/1139 1763/2813/1201
f 1746/2809/1491 1744/2809/1485 1808/2809/1201
f 1709/2813/1492 1711/2813/1448 1775/2813/1201
f 1700/2809/1204 1762/2809/1557 1826/2809/1201
f 1727/2813/1493 1729/2813/1560 1793/2813/1201
f 1712/2809/1494 1710/2809/1488 1774/2809/1201
f 1842/2814/1258 1840/2939/1434 1904/2815/1259
f 1868/2817/1261 1866/2938/1433 1930/2818/1262
f 1804/2809/1201 1802/2809/1201 1866/2809/1264
f 1778/2809/1201 1776/2809/1201 1840/2809/1266
f 1803/2813/1201 1805/2813/1201 1869/2813/1268
f 1777/2813/1201 1779/2813/1201 1843/2813/1564
f 1806/2809/1201 1804/2809/1201 1868/2809/1265
f 1780/2809/1201 1778/2809/1201 1842/2809/1267
f 1805/2813/1201 1807/2813/1201 1871/2813/1272
f 1779/2813/1201 1781/2813/1201 1845/2813/1273
f 1808/2809/1201 1806/2809/1201 1870/2809/1565
f 1782/2809/1201 1780/2809/1201 1844/2809/1271
f 1807/2813/1201 1809/2813/1201 1873/2813/1276
f 1781/2813/1201 1783/2813/1201 1847/2813/1277
f 1810/2809/1201 1808/2809/1201 1872/2809/1274
f 1784/2809/1201 1782/2809/1201 1846/2809/1275
f 1809/2813/1201 1811/2813/1201 1875/2813/1280
f 1783/2813/1201 1785/2813/1201 1849/2813/1281
f 1812/2809/1201 1810/2809/1201 1874/2809/1278
f 1786/2809/1201 1784/2809/1201 1848/2809/1566
f 1811/2813/1201 1813/2813/1201 1877/2813/1284
f 1785/2813/1201 1787/2813/1201 1851/2813/1285
f 1814/2809/1201 1812/2809/1201 1876/2809/1282
f 1788/2809/1201 1786/2809/1201 1850/2809/1567
f 1813/2813/1201 1815/2813/1201 1879/2813/1288
f 1787/2813/1201 1789/2813/1201 1853/2813/1289
f 1816/2809/1201 1814/2809/1201 1878/2809/1286
f 1790/2809/1201 1788/2809/1201 1852/2809/1287
f 1815/2813/1201 1817/2813/1201 1881/2813/1291
f 1789/2813/1201 1791/2813/1201 1855/2813/1292
f 1763/2813/1201 1764/2813/1201 1828/2813/1293
f 1818/2809/1201 1816/2809/1201 1880/2809/1289
f 1792/2809/1201 1790/2809/1201 1854/2809/1290
f 1765/2809/1201 1766/2809/1201 1830/2809/1296
f 1817/2813/1201 1819/2813/1201 1883/2813/1234
f 1791/2813/1201 1793/2813/1201 1857/2813/1298
f 1764/2813/1201 1767/2813/1201 1831/2813/1299
f 1820/2809/1201 1818/2809/1201 1882/2809/1295
f 1794/2809/1201 1792/2809/1201 1856/2809/1293
f 1768/2809/1201 1765/2809/1201 1829/2809/1297
f 1819/2813/1201 1821/2813/1201 1885/2813/1301
f 1793/2813/1201 1795/2813/1201 1859/2813/1302
f 1767/2813/1201 1769/2813/1201 1833/2813/1303
f 1822/2809/1201 1820/2809/1201 1884/2809/1298
f 1796/2809/1201 1794/2809/1201 1858/2809/1299
f 1770/2809/1201 1768/2809/1201 1832/2809/1300
f 1821/2813/1201 1823/2813/1201 1887/2813/1307
f 1795/2813/1201 1797/2813/1201 1861/2813/1308
f 1769/2813/1201 1771/2813/1201 1835/2813/1309
f 1824/2809/1201 1822/2809/1201 1886/2809/1304
f 1798/2809/1201 1796/2809/1201 1860/2809/1305
f 1772/2809/1201 1770/2809/1201 1834/2809/1306
f 1823/2813/1201 1825/2813/1201 1889/2813/1287
f 1797/2813/1201 1799/2813/1201 1863/2813/1311
f 1771/2813/1201 1773/2813/1201 1837/2813/1312
f 1826/2809/1201 1824/2809/1201 1888/2809/1308
f 1800/2809/1201 1798/2809/1201 1862/2809/1309
f 1774/2809/1201 1772/2809/1201 1836/2809/1310
f 1825/2813/1201 1763/2813/1201 1827/2813/1294
f 1799/2813/1201 1801/2813/1201 1865/2813/1559
f 1773/2813/1201 1775/2813/1201 1839/2813/1445
f 1766/2809/1201 1826/2809/1201 1890/2809/1311
f 1802/2809/1201 1800/2809/1201 1864/2809/1313
f 1776/2809/1201 1774/2809/1201 1838/2809/1314
f 1896/2822/1497 1893/2887/1382 1894/2886/1570
f 1894/2886/1570 1954/2928/1423 1896/2822/1497
f 1954/2928/1423 1952/2917/1412 1896/2822/1497
f 1952/2917/1412 1950/2905/1400 1948/2894/1389
f 1948/2894/1389 1946/2882/1377 1944/2871/1506
f 1944/2871/1506 1942/2863/1504 1940/2855/1351
f 1940/2855/1351 1938/2848/1501 1944/2871/1506
f 1938/2848/1501 1936/2841/1499 1944/2871/1506
f 1936/2841/1499 1934/2833/1328 1932/2819/1263
f 1932/2819/1263 1930/2818/1262 1928/2820/1495
f 1928/2820/1495 1926/2919/1414 1920/2884/1507
f 1926/2919/1414 1924/2907/1402 1920/2884/1507
f 1924/2907/1402 1922/2896/1391 1920/2884/1507
f 1920/2884/1507 1918/2873/1368 1916/2865/1505
f 1916/2865/1505 1914/2857/1502 1912/2821/1496
f 1912/2821/1496 1910/2843/1338 1908/2835/1330
f 1908/2835/1330 1906/2816/1260 1904/2815/1259
f 1904/2815/1259 1902/2931/1426 1900/2921/1416
f 1900/2921/1416 1898/2909/1404 1896/2822/1497
f 1952/2917/1412 1948/2894/1389 1896/2822/1497
f 1948/2894/1389 1944/2871/1506 1896/2822/1497
f 1936/2841/1499 1932/2819/1263 1944/2871/1506
f 1932/2819/1263 1928/2820/1495 1944/2871/1506
f 1920/2884/1507 1916/2865/1505 1928/2820/1495
f 1916/2865/1505 1912/2821/1496 1928/2820/1495
f 1912/2821/1496 1908/2835/1330 1896/2822/1497
f 1908/2835/1330 1904/2815/1259 1896/2822/1497
f 1904/2815/1259 1900/2921/1416 1896/2822/1497
f 1896/2822/1497 1944/2871/1506 1928/2820/1495
f 1953/2825/1320 1891/2880/1375 1892/2879/1374
f 1892/2879/1374 1895/2892/1387 1953/2825/1320
f 1895/2892/1387 1897/2903/1510 1953/2825/1320
f 1897/2903/1510 1899/2915/1513 1901/2926/1514
f 1901/2926/1514 1903/2936/1515 1897/2903/1510
f 1903/2936/1515 1905/2831/1498 1897/2903/1510
f 1905/2831/1498 1907/2830/1325 1913/2853/1349
f 1907/2830/1325 1909/2839/1334 1913/2853/1349
f 1909/2839/1334 1911/2846/1341 1913/2853/1349
f 1913/2853/1349 1915/2861/1503 1921/2823/1318
f 1915/2861/1503 1917/2869/1365 1921/2823/1318
f 1917/2869/1365 1919/2877/1569 1921/2823/1318
f 1921/2823/1318 1923/2901/1396 1925/2913/1408
f 1925/2913/1408 1927/2924/1419 1929/2934/1429
f 1929/2934/1429 1931/2828/1323 1937/2824/1319
f 1931/2828/1323 1933/2827/1322 1937/2824/1319
f 1933/2827/1322 1935/2837/1332 1937/2824/1319
f 1937/2824/1319 1939/2851/1347 1941/2859/1355
f 1941/2859/1355 1943/2867/1363 1945/2875/1370
f 1945/2875/1370 1947/2889/1508 1953/2825/1320
f 1947/2889/1508 1949/2899/1394 1953/2825/1320
f 1949/2899/1394 1951/2911/1406 1953/2825/1320
f 1921/2823/1318 1925/2913/1408 1937/2824/1319
f 1925/2913/1408 1929/2934/1429 1937/2824/1319
f 1937/2824/1319 1941/2859/1355 1953/2825/1320
f 1941/2859/1355 1945/2875/1370 1953/2825/1320
f 1953/2825/1320 1897/2903/1510 1905/2831/1498
f 1905/2831/1498 1913/2853/1349 1921/2823/1318
f 1953/2825/1320 1905/2831/1498 1921/2823/1318
f 1867/2826/1321 1869/2836/1331 1933/2827/1322
f 1841/2829/1324 1843/2838/1333 1907/2830/1325
f 1870/2832/1327 1868/2817/1261 1932/2819/1263
f 1844/2834/1329 1842/2814/1258 1906/2816/1260
f 1869/2836/1331 1871/2844/1339 1935/2837/1332
f 1843/2838/1333 1845/2845/1340 1909/2839/1334
f 1872/2840/1335 1870/2832/1327 1934/2833/1328
f 1846/2842/1337 1844/2834/1329 1908/2835/1330
f 1871/2844/1339 1873/2850/1346 1937/2824/1319
f 1845/2845/1340 1847/2852/1348 1911/2846/1341
f 1874/2847/1342 1872/2840/1335 1936/2841/1499
f 1848/2849/1344 1846/2842/1337 1910/2843/1338
f 1873/2850/1346 1875/2858/1354 1939/2851/1347
f 1847/2852/1348 1849/2860/1568 1913/2853/1349
f 1876/2854/1350 1874/2847/1342 1938/2848/1501
f 1850/2856/1352 1848/2849/1344 1912/2821/1496
f 1875/2858/1354 1877/2866/1362 1941/2859/1355
f 1849/2860/1568 1851/2868/1364 1915/2861/1503
f 1878/2862/1358 1876/2854/1350 1940/2855/1351
f 1852/2864/1360 1850/2856/1352 1914/2857/1502
f 1877/2866/1362 1879/2874/1369 1943/2867/1363
f 1851/2868/1364 1853/2876/1371 1917/2869/1365
f 1880/2870/1366 1878/2862/1358 1942/2863/1504
f 1854/2872/1367 1852/2864/1360 1916/2865/1505
f 1879/2874/1369 1881/2888/1571 1945/2875/1370
f 1853/2876/1371 1855/2890/1385 1919/2877/1569
f 1827/2878/1373 1828/2891/1386 1892/2879/1374
f 1882/2881/1376 1880/2870/1366 1944/2871/1506
f 1856/2883/1378 1854/2872/1367 1918/2873/1368
f 1829/2885/1380 1830/2937/1432 1894/2886/1570
f 1881/2888/1571 1883/2898/1393 1947/2889/1508
f 1855/2890/1385 1857/2900/1509 1921/2823/1318
f 1828/2891/1386 1831/2902/1397 1895/2892/1387
f 1884/2893/1388 1882/2881/1376 1946/2882/1377
f 1858/2895/1390 1856/2883/1378 1920/2884/1507
f 1832/2897/1392 1829/2885/1380 1893/2887/1382
f 1883/2898/1393 1885/2910/1405 1949/2899/1394
f 1857/2900/1509 1859/2912/1512 1923/2901/1396
f 1831/2902/1397 1833/2914/1409 1897/2903/1510
f 1886/2904/1399 1884/2893/1388 1948/2894/1389
f 1860/2906/1401 1858/2895/1390 1922/2896/1391
f 1834/2908/1403 1832/2897/1392 1896/2822/1497
f 1885/2910/1405 1887/2922/1417 1951/2911/1406
f 1859/2912/1512 1861/2923/1418 1925/2913/1408
f 1833/2914/1409 1835/2925/1420 1899/2915/1513
f 1888/2916/1411 1886/2904/1399 1950/2905/1400
f 1862/2918/1413 1860/2906/1401 1924/2907/1402
f 1836/2920/1415 1834/2908/1403 1898/2909/1404
f 1887/2922/1417 1889/2932/1427 1953/2825/1320
f 1861/2923/1418 1863/2933/1428 1927/2924/1419
f 1835/2925/1420 1837/2935/1430 1901/2926/1514
f 1890/2927/1422 1888/2916/1411 1952/2917/1412
f 1864/2929/1424 1862/2918/1413 1926/2919/1414
f 1838/2930/1425 1836/2920/1415 1900/2921/1416
f 1889/2932/1427 1827/2878/1373 1891/2880/1375
f 1863/2933/1428 1865/2940/1435 1929/2934/1429
f 1837/2935/1430 1839/2941/1436 1903/2936/1515
f 1830/2937/1432 1890/2927/1422 1954/2928/1423
f 1866/2938/1433 1864/2929/1424 1928/2820/1495
f 1840/2939/1434 1838/2930/1425 1902/2931/1426
f 1865/2940/1435 1867/2826/1321 1931/2828/1323
f 1839/2941/1436 1841/2829/1324 1905/2831/1498
f 1955/2942/1139 1956/3010/1204 1958/2943/1140
f 1957/2944/1141 1958/2943/1140 1960/2945/1142
f 1959/2946/1143 1960/2945/1142 1962/2947/1144
f 1961/2948/1437 1962/2947/1144 1964/2949/1438
f 1963/2951/1147 1964/5306/1438 1966/2952/1148
f 1965/2953/1149 1966/2952/1148 1968/2954/1150
f 1967/2955/1151 1968/2954/1150 1970/2956/1152
f 1969/2957/1524 1970/2956/1152 1972/2958/1154
f 1971/2959/1155 1972/2958/1154 1974/2960/1156
f 1973/2961/1526 1974/2960/1156 1976/2962/1158
f 1975/2963/1159 1976/2962/1158 1978/2964/1160
f 1977/2965/1161 1978/2964/1160 1980/2966/1162
f 1979/2968/1163 1980/5307/1162 1982/2969/1164
f 1981/2970/1165 1982/2969/1164 1984/2971/1166
f 1983/2972/1167 1984/2971/1166 1986/2973/1168
f 1985/2974/1169 1986/2973/1168 1988/2975/1170
f 1987/2976/1171 1988/2975/1170 1990/2977/1172
f 1989/2978/1173 1990/2977/1172 1992/2979/1174
f 1991/2980/1175 1992/2979/1174 1994/2981/1176
f 1993/2982/1177 1994/2981/1176 1996/2983/1441
f 1995/2985/1179 1996/5308/1441 1998/2986/1180
f 1997/2987/1181 1998/2986/1180 2000/2988/1182
f 1999/2989/1183 2000/2988/1182 2002/2990/1548
f 2001/2991/1185 2002/2990/1548 2004/2992/1186
f 2003/2993/1187 2004/2992/1186 2006/2994/1188
f 2005/2995/1189 2006/2994/1188 2008/2996/1190
f 2007/2997/1191 2008/2996/1190 2010/2998/1192
f 2009/2999/1193 2010/2998/1192 2012/3000/1194
f 2011/3002/1195 2012/5309/1194 2014/3003/1442
f 2013/3004/1197 2014/3003/1442 2016/3005/1198
f 1986/3007/1443 1984/3007/1490 2048/3007/1201
f 2015/3006/1199 2016/3005/1198 2018/3008/1202
f 2017/3009/1203 2018/3008/1202 1956/3010/1204
f 2001/3011/1444 2003/3011/1451 2067/3011/1201
f 2031/3011/1201 2033/3011/1201 2097/3011/1206
f 2057/3011/1201 2059/3011/1201 2123/3011/1208
f 2004/3007/1447 2002/3007/1491 2066/3007/1201
f 1967/3011/1448 1969/3011/1454 2033/3011/1201
f 1985/3011/1560 1987/3011/1455 2051/3011/1201
f 1970/3007/1450 1968/3007/1494 2032/3007/1201
f 2003/3011/1451 2005/3011/1457 2069/3011/1201
f 1988/3007/1452 1986/3007/1443 2050/3007/1201
f 2006/3007/1561 2004/3007/1447 2068/3007/1201
f 1969/3011/1454 1971/3011/1460 2035/3011/1201
f 1987/3011/1455 1989/3011/1461 2053/3011/1201
f 1972/3007/1456 1970/3007/1450 2034/3007/1201
f 2005/3011/1457 2007/3011/1562 2071/3011/1201
f 1990/3007/1458 1988/3007/1452 2052/3007/1201
f 2008/3007/1459 2006/3007/1561 2070/3007/1201
f 1971/3011/1460 1973/3011/1466 2037/3011/1201
f 1989/3011/1461 1991/3011/1467 2055/3011/1201
f 1974/3007/1462 1972/3007/1456 2036/3007/1201
f 1955/3011/1139 1957/3011/1141 2020/3011/1201
f 2007/3011/1562 2009/3011/1469 2073/3011/1201
f 1992/3007/1464 1990/3007/1458 2054/3007/1201
f 1958/3007/1140 1956/3007/1204 2022/3007/1201
f 2010/3007/1465 2008/3007/1459 2072/3007/1201
f 1973/3011/1466 1975/3011/1472 2039/3011/1201
f 1991/3011/1467 1993/3011/1473 2057/3011/1201
f 1976/3007/1468 1974/3007/1462 2038/3007/1201
f 2009/3011/1469 2011/3011/1475 2075/3011/1201
f 1994/3007/1470 1992/3007/1464 2056/3007/1201
f 1957/3011/1141 1959/3011/1143 2023/3011/1201
f 2012/3007/1471 2010/3007/1465 2074/3007/1201
f 1975/3011/1472 1977/3011/1477 2041/3011/1201
f 1960/3007/1142 1958/3007/1140 2021/3007/1201
f 1993/3011/1473 1995/3011/1478 2059/3011/1201
f 1978/3007/1474 1976/3007/1468 2040/3007/1201
f 2011/3011/1475 2013/3011/1197 2077/3011/1201
f 1996/3007/1476 1994/3007/1470 2058/3007/1201
f 1959/3011/1143 1961/3011/1437 2025/3011/1201
f 2014/3007/1442 2012/3007/1471 2076/3007/1201
f 1977/3011/1477 1979/3011/1481 2043/3011/1201
f 1962/3007/1144 1960/3007/1142 2024/3007/1201
f 1995/3011/1478 1997/3011/1563 2061/3011/1201
f 1980/3007/1479 1978/3007/1474 2042/3007/1201
f 2013/3011/1197 2015/3011/1199 2079/3011/1201
f 1998/3007/1480 1996/3007/1476 2060/3007/1201
f 1961/3011/1437 1963/3011/1486 2027/3011/1201
f 2016/3007/1198 2014/3007/1442 2078/3007/1201
f 1979/3011/1481 1981/3011/1487 2045/3011/1201
f 1964/3007/1482 1962/3007/1144 2026/3007/1201
f 1997/3011/1563 1999/3011/1489 2063/3011/1201
f 1982/3007/1484 1980/3007/1479 2044/3007/1201
f 2015/3011/1199 2017/3011/1203 2081/3011/1201
f 2000/3007/1485 1998/3007/1480 2062/3007/1201
f 1963/3011/1486 1965/3011/1492 2029/3011/1201
f 2018/3007/1202 2016/3007/1198 2080/3007/1201
f 1981/3011/1487 1983/3011/1493 2047/3011/1201
f 1966/3007/1488 1964/3007/1482 2028/3007/1201
f 1999/3011/1489 2001/3011/1444 2065/3011/1201
f 1984/3007/1490 1982/3007/1484 2046/3007/1201
f 2017/3011/1203 1955/3011/1139 2019/3011/1201
f 2002/3007/1491 2000/3007/1485 2064/3007/1201
f 1965/3011/1492 1967/3011/1448 2031/3011/1201
f 1956/3007/1204 2018/3007/1202 2082/3007/1201
f 1983/3011/1493 1985/3011/1560 2049/3011/1201
f 1968/3007/1494 1966/3007/1488 2030/3007/1201
f 2098/3012/1258 2096/3137/1577 2160/3013/1259
f 2124/3015/1261 2122/3136/1433 2186/3016/1262
f 2060/3007/1201 2058/3007/1201 2122/3007/1264
f 2034/3007/1201 2032/3007/1201 2096/3007/1266
f 2059/3011/1201 2061/3011/1201 2125/3011/1268
f 2033/3011/1201 2035/3011/1201 2099/3011/1269
f 2062/3007/1201 2060/3007/1201 2124/3007/1265
f 2036/3007/1201 2034/3007/1201 2098/3007/1267
f 2061/3011/1201 2063/3011/1201 2127/3011/1272
f 2035/3011/1201 2037/3011/1201 2101/3011/1273
f 2064/3007/1201 2062/3007/1201 2126/3007/1270
f 2038/3007/1201 2036/3007/1201 2100/3007/1271
f 2063/3011/1201 2065/3011/1201 2129/3011/1276
f 2037/3011/1201 2039/3011/1201 2103/3011/1277
f 2066/3007/1201 2064/3007/1201 2128/3007/1274
f 2040/3007/1201 2038/3007/1201 2102/3007/1275
f 2065/3011/1201 2067/3011/1201 2131/3011/1280
f 2039/3011/1201 2041/3011/1201 2105/3011/1281
f 2068/3007/1201 2066/3007/1201 2130/3007/1278
f 2042/3007/1201 2040/3007/1201 2104/3007/1279
f 2067/3011/1201 2069/3011/1201 2133/3011/1284
f 2041/3011/1201 2043/3011/1201 2107/3011/1285
f 2070/3007/1201 2068/3007/1201 2132/3007/1282
f 2044/3007/1201 2042/3007/1201 2106/3007/1283
f 2069/3011/1201 2071/3011/1201 2135/3011/1288
f 2043/3011/1201 2045/3011/1201 2109/3011/1289
f 2072/3007/1201 2070/3007/1201 2134/3007/1286
f 2046/3007/1201 2044/3007/1201 2108/3007/1287
f 2071/3011/1201 2073/3011/1201 2137/3011/1291
f 2045/3011/1201 2047/3011/1201 2111/3011/1292
f 2019/3011/1201 2020/3011/1201 2084/3011/1293
f 2074/3007/1201 2072/3007/1201 2136/3007/1289
f 2048/3007/1201 2046/3007/1201 2110/3007/1290
f 2021/3007/1201 2022/3007/1201 2086/3007/1296
f 2073/3011/1201 2075/3011/1201 2139/3011/1234
f 2047/3011/1201 2049/3011/1201 2113/3011/1298
f 2020/3011/1201 2023/3011/1201 2087/3011/1299
f 2076/3007/1201 2074/3007/1201 2138/3007/1295
f 2050/3007/1201 2048/3007/1201 2112/3007/1293
f 2024/3007/1201 2021/3007/1201 2085/3007/1297
f 2075/3011/1201 2077/3011/1201 2141/3011/1301
f 2049/3011/1201 2051/3011/1201 2115/3011/1302
f 2023/3011/1201 2025/3011/1201 2089/3011/1303
f 2078/3007/1201 2076/3007/1201 2140/3007/1298
f 2052/3007/1201 2050/3007/1201 2114/3007/1299
f 2026/3007/1201 2024/3007/1201 2088/3007/1300
f 2077/3011/1201 2079/3011/1201 2143/3011/1307
f 2051/3011/1201 2053/3011/1201 2117/3011/1308
f 2025/3011/1201 2027/3011/1201 2091/3011/1309
f 2080/3007/1201 2078/3007/1201 2142/3007/1304
f 2054/3007/1201 2052/3007/1201 2116/3007/1305
f 2028/3007/1201 2026/3007/1201 2090/3007/1306
f 2079/3011/1201 2081/3011/1201 2145/3011/1287
f 2053/3011/1201 2055/3011/1201 2119/3011/1311
f 2027/3011/1201 2029/3011/1201 2093/3011/1312
f 2082/3007/1201 2080/3007/1201 2144/3007/1308
f 2056/3007/1201 2054/3007/1201 2118/3007/1309
f 2030/3007/1201 2028/3007/1201 2092/3007/1310
f 2081/3011/1201 2019/3011/1201 2083/3011/1294
f 2055/3011/1201 2057/3011/1201 2121/3011/1559
f 2029/3011/1201 2031/3011/1201 2095/3011/1445
f 2022/3007/1201 2082/3007/1201 2146/3007/1311
f 2058/3007/1201 2056/3007/1201 2120/3007/1313
f 2032/3007/1201 2030/3007/1201 2094/3007/1314
f 2152/3020/1497 2149/3085/1382 2150/3084/1570
f 2150/3084/1570 2210/3126/1423 2152/3020/1497
f 2210/3126/1423 2208/3115/1412 2152/3020/1497
f 2208/3115/1412 2206/3103/1400 2204/3092/1389
f 2204/3092/1389 2202/3080/1377 2200/3069/1506
f 2200/3069/1506 2198/3061/1504 2196/3053/1351
f 2196/3053/1351 2194/3046/1501 2200/3069/1506
f 2194/3046/1501 2192/3039/1499 2200/3069/1506
f 2192/3039/1499 2190/3031/1328 2188/3017/1263
f 2188/3017/1263 2186/3016/1262 2184/3018/1495
f 2184/3018/1495 2182/3117/1414 2176/3082/1507
f 2182/3117/1414 2180/3105/1402 2176/3082/1507
f 2180/3105/1402 2178/3094/1391 2176/3082/1507
f 2176/3082/1507 2174/3071/1368 2172/3063/1505
f 2172/3063/1505 2170/3055/1353 2168/3019/1496
f 2168/3019/1496 2166/3041/1338 2164/3033/1330
f 2164/3033/1330 2162/3014/1260 2160/3013/1259
f 2160/3013/1259 2158/3129/1576 2156/3119/1416
f 2156/3119/1416 2154/3107/1404 2152/3020/1497
f 2208/3115/1412 2204/3092/1389 2152/3020/1497
f 2204/3092/1389 2200/3069/1506 2152/3020/1497
f 2192/3039/1499 2188/3017/1263 2200/3069/1506
f 2188/3017/1263 2184/3018/1495 2200/3069/1506
f 2176/3082/1507 2172/3063/1505 2184/3018/1495
f 2172/3063/1505 2168/3019/1496 2184/3018/1495
f 2168/3019/1496 2164/3033/1330 2152/3020/1497
f 2164/3033/1330 2160/3013/1259 2152/3020/1497
f 2160/3013/1259 2156/3119/1416 2152/3020/1497
f 2152/3020/1497 2200/3069/1506 2184/3018/1495
f 2209/3023/1320 2147/3078/1375 2148/3077/1374
f 2148/3077/1374 2151/3090/1387 2209/3023/1320
f 2151/3090/1387 2153/3101/1510 2209/3023/1320
f 2153/3101/1510 2155/3113/1574 2157/3124/1514
f 2157/3124/1514 2159/3134/1515 2153/3101/1510
f 2159/3134/1515 2161/3029/1498 2153/3101/1510
f 2161/3029/1498 2163/3028/1325 2169/3051/1349
f 2163/3028/1325 2165/3037/1334 2169/3051/1349
f 2165/3037/1334 2167/3044/1341 2169/3051/1349
f 2169/3051/1349 2171/3059/1503 2177/3021/1318
f 2171/3059/1503 2173/3067/1365 2177/3021/1318
f 2173/3067/1365 2175/3075/1372 2177/3021/1318
f 2177/3021/1318 2179/3099/1396 2181/3111/1408
f 2181/3111/1408 2183/3122/1575 2185/3132/1429
f 2185/3132/1429 2187/3026/1323 2193/3022/1319
f 2187/3026/1323 2189/3025/1322 2193/3022/1319
f 2189/3025/1322 2191/3035/1332 2193/3022/1319
f 2193/3022/1319 2195/3049/1347 2197/3057/1355
f 2197/3057/1355 2199/3065/1363 2201/3073/1370
f 2201/3073/1370 2203/3087/1508 2209/3023/1320
f 2203/3087/1508 2205/3097/1572 2209/3023/1320
f 2205/3097/1572 2207/3109/1573 2209/3023/1320
f 2177/3021/1318 2181/3111/1408 2193/3022/1319
f 2181/3111/1408 2185/3132/1429 2193/3022/1319
f 2193/3022/1319 2197/3057/1355 2209/3023/1320
f 2197/3057/1355 2201/3073/1370 2209/3023/1320
f 2209/3023/1320 2153/3101/1510 2161/3029/1498
f 2161/3029/1498 2169/3051/1349 2177/3021/1318
f 2209/3023/1320 2161/3029/1498 2177/3021/1318
f 2123/3024/1321 2125/3034/1331 2189/3025/1322
f 2097/3027/1324 2099/3036/1333 2163/3028/1325
f 2126/3030/1327 2124/3015/1261 2188/3017/1263
f 2100/3032/1329 2098/3012/1258 2162/3014/1260
f 2125/3034/1331 2127/3042/1339 2191/3035/1332
f 2099/3036/1333 2101/3043/1340 2165/3037/1334
f 2128/3038/1335 2126/3030/1327 2190/3031/1328
f 2102/3040/1337 2100/3032/1329 2164/3033/1330
f 2127/3042/1339 2129/3048/1346 2193/3022/1319
f 2101/3043/1340 2103/3050/1348 2167/3044/1341
f 2130/3045/1342 2128/3038/1335 2192/3039/1499
f 2104/3047/1344 2102/3040/1337 2166/3041/1338
f 2129/3048/1346 2131/3056/1354 2195/3049/1347
f 2103/3050/1348 2105/3058/1356 2169/3051/1349
f 2132/3052/1350 2130/3045/1342 2194/3046/1501
f 2106/3054/1352 2104/3047/1344 2168/3019/1496
f 2131/3056/1354 2133/3064/1362 2197/3057/1355
f 2105/3058/1356 2107/3066/1364 2171/3059/1503
f 2134/3060/1358 2132/3052/1350 2196/3053/1351
f 2108/3062/1360 2106/3054/1352 2170/3055/1353
f 2133/3064/1362 2135/3072/1369 2199/3065/1363
f 2107/3066/1364 2109/3074/1371 2173/3067/1365
f 2136/3068/1366 2134/3060/1358 2198/3061/1504
f 2110/3070/1367 2108/3062/1360 2172/3063/1505
f 2135/3072/1369 2137/3086/1571 2201/3073/1370
f 2109/3074/1371 2111/3088/1385 2175/3075/1372
f 2083/3076/1373 2084/3089/1386 2148/3077/1374
f 2138/3079/1376 2136/3068/1366 2200/3069/1506
f 2112/3081/1378 2110/3070/1367 2174/3071/1368
f 2085/3083/1380 2086/3135/1432 2150/3084/1570
f 2137/3086/1571 2139/3096/1393 2203/3087/1508
f 2111/3088/1385 2113/3098/1509 2177/3021/1318
f 2084/3089/1386 2087/3100/1397 2151/3090/1387
f 2140/3091/1388 2138/3079/1376 2202/3080/1377
f 2114/3093/1390 2112/3081/1378 2176/3082/1507
f 2088/3095/1392 2085/3083/1380 2149/3085/1382
f 2139/3096/1393 2141/3108/1405 2205/3097/1572
f 2113/3098/1509 2115/3110/1512 2179/3099/1396
f 2087/3100/1397 2089/3112/1409 2153/3101/1510
f 2142/3102/1399 2140/3091/1388 2204/3092/1389
f 2116/3104/1401 2114/3093/1390 2178/3094/1391
f 2090/3106/1403 2088/3095/1392 2152/3020/1497
f 2141/3108/1405 2143/3120/1417 2207/3109/1573
f 2115/3110/1512 2117/3121/1418 2181/3111/1408
f 2089/3112/1409 2091/3123/1420 2155/3113/1574
f 2144/3114/1411 2142/3102/1399 2206/3103/1400
f 2118/3116/1413 2116/3104/1401 2180/3105/1402
f 2092/3118/1415 2090/3106/1403 2154/3107/1404
f 2143/3120/1417 2145/3130/1427 2209/3023/1320
f 2117/3121/1418 2119/3131/1428 2183/3122/1575
f 2091/3123/1420 2093/3133/1430 2157/3124/1514
f 2146/3125/1422 2144/3114/1411 2208/3115/1412
f 2120/3127/1424 2118/3116/1413 2182/3117/1414
f 2094/3128/1425 2092/3118/1415 2156/3119/1416
f 2145/3130/1427 2083/3076/1373 2147/3078/1375
f 2119/3131/1428 2121/3138/1435 2185/3132/1429
f 2093/3133/1430 2095/3139/1436 2159/3134/1515
f 2086/3135/1432 2146/3125/1422 2210/3126/1423
f 2122/3136/1433 2120/3127/1424 2184/3018/1495
f 2096/3137/1577 2094/3128/1425 2158/3129/1576
f 2121/3138/1435 2123/3024/1321 2187/3026/1323
f 2095/3139/1436 2097/3027/1324 2161/3029/1498
f 2211/3140/1139 2212/3208/1204 2214/3141/1140
f 2213/3142/1141 2214/3141/1140 2216/3143/1142
f 2215/3144/1143 2216/3143/1142 2218/3145/1144
f 2217/3146/1437 2218/3145/1144 2220/3147/1438
f 2219/3149/1147 2220/5310/1438 2222/3150/1148
f 2221/3151/1149 2222/3150/1148 2224/3152/1150
f 2223/3153/1151 2224/3152/1150 2226/3154/1578
f 2225/3155/1153 2226/3154/1578 2228/3156/1154
f 2227/3157/1155 2228/3156/1154 2230/3158/1156
f 2229/3159/1526 2230/3158/1156 2232/3160/1158
f 2231/3161/1159 2232/3160/1158 2234/3162/1160
f 2233/3163/1161 2234/3162/1160 2236/3164/1162
f 2235/3166/1163 2236/5311/1162 2238/3167/1164
f 2237/3168/1165 2238/3167/1164 2240/3169/1166
f 2239/3170/1167 2240/3169/1166 2242/3171/1168
f 2241/3172/1169 2242/3171/1168 2244/3173/1170
f 2243/3174/1171 2244/3173/1170 2246/3175/1172
f 2245/3176/1173 2246/3175/1172 2248/3177/1174
f 2247/3178/1175 2248/3177/1174 2250/3179/1176
f 2249/3180/1177 2250/3179/1176 2252/3181/1441
f 2251/3183/1179 2252/5312/1441 2254/3184/1180
f 2253/3185/1181 2254/3184/1180 2256/3186/1182
f 2255/3187/1183 2256/3186/1182 2258/3188/1548
f 2257/3189/1185 2258/3188/1548 2260/3190/1186
f 2259/3191/1187 2260/3190/1186 2262/3192/1188
f 2261/3193/1579 2262/3192/1188 2264/3194/1190
f 2263/3195/1191 2264/3194/1190 2266/3196/1192
f 2265/3197/1193 2266/3196/1192 2268/3198/1194
f 2267/3200/1195 2268/5313/1194 2270/3201/1442
f 2269/3202/1197 2270/3201/1442 2272/3203/1198
f 2242/3205/1443 2240/3205/1490 2304/3205/1201
f 2271/3204/1199 2272/3203/1198 2274/3206/1202
f 2273/3207/1203 2274/3206/1202 2212/3208/1204
f 2257/3209/1444 2259/3209/1451 2323/3209/1201
f 2287/3209/1201 2289/3209/1201 2353/3209/1206
f 2313/3209/1201 2315/3209/1201 2379/3209/1208
f 2260/3205/1447 2258/3205/1491 2322/3205/1201
f 2223/3209/1448 2225/3209/1454 2289/3209/1201
f 2241/3209/1449 2243/3209/1455 2307/3209/1201
f 2226/3205/1450 2224/3205/1494 2288/3205/1201
f 2259/3209/1451 2261/3209/1457 2325/3209/1201
f 2244/3205/1452 2242/3205/1443 2306/3205/1201
f 2262/3205/1561 2260/3205/1447 2324/3205/1201
f 2225/3209/1454 2227/3209/1460 2291/3209/1201
f 2243/3209/1455 2245/3209/1461 2309/3209/1201
f 2228/3205/1456 2226/3205/1450 2290/3205/1201
f 2261/3209/1457 2263/3209/1562 2327/3209/1201
f 2246/3205/1458 2244/3205/1452 2308/3205/1201
f 2264/3205/1459 2262/3205/1561 2326/3205/1201
f 2227/3209/1460 2229/3209/1466 2293/3209/1201
f 2245/3209/1461 2247/3209/1467 2311/3209/1201
f 2230/3205/1462 2228/3205/1456 2292/3205/1201
f 2211/3209/1139 2213/3209/1141 2276/3209/1201
f 2263/3209/1562 2265/3209/1469 2329/3209/1201
f 2248/3205/1464 2246/3205/1458 2310/3205/1201
f 2214/3205/1140 2212/3205/1204 2278/3205/1201
f 2266/3205/1465 2264/3205/1459 2328/3205/1201
f 2229/3209/1466 2231/3209/1472 2295/3209/1201
f 2247/3209/1467 2249/3209/1473 2313/3209/1201
f 2232/3205/1468 2230/3205/1462 2294/3205/1201
f 2265/3209/1469 2267/3209/1475 2331/3209/1201
f 2250/3205/1470 2248/3205/1464 2312/3205/1201
f 2213/3209/1141 2215/3209/1143 2279/3209/1201
f 2268/3205/1471 2266/3205/1465 2330/3205/1201
f 2231/3209/1472 2233/3209/1477 2297/3209/1201
f 2216/3205/1142 2214/3205/1140 2277/3205/1201
f 2249/3209/1473 2251/3209/1478 2315/3209/1201
f 2234/3205/1474 2232/3205/1468 2296/3205/1201
f 2267/3209/1475 2269/3209/1197 2333/3209/1201
f 2252/3205/1476 2250/3205/1470 2314/3205/1201
f 2215/3209/1143 2217/3209/1437 2281/3209/1201
f 2270/3205/1442 2268/3205/1471 2332/3205/1201
f 2233/3209/1477 2235/3209/1481 2299/3209/1201
f 2218/3205/1144 2216/3205/1142 2280/3205/1201
f 2251/3209/1478 2253/3209/1563 2317/3209/1201
f 2236/3205/1479 2234/3205/1474 2298/3205/1201
f 2269/3209/1197 2271/3209/1199 2335/3209/1201
f 2254/3205/1480 2252/3205/1476 2316/3205/1201
f 2217/3209/1437 2219/3209/1486 2283/3209/1201
f 2272/3205/1198 2270/3205/1442 2334/3205/1201
f 2235/3209/1481 2237/3209/1487 2301/3209/1201
f 2220/3205/1482 2218/3205/1144 2282/3205/1201
f 2253/3209/1563 2255/3209/1489 2319/3209/1201
f 2238/3205/1484 2236/3205/1479 2300/3205/1201
f 2271/3209/1199 2273/3209/1203 2337/3209/1201
f 2256/3205/1485 2254/3205/1480 2318/3205/1201
f 2219/3209/1486 2221/3209/1492 2285/3209/1201
f 2274/3205/1202 2272/3205/1198 2336/3205/1201
f 2237/3209/1487 2239/3209/1493 2303/3209/1201
f 2222/3205/1488 2220/3205/1482 2284/3205/1201
f 2255/3209/1489 2257/3209/1444 2321/3209/1201
f 2240/3205/1490 2238/3205/1484 2302/3205/1201
f 2273/3209/1203 2211/3209/1139 2275/3209/1201
f 2258/3205/1491 2256/3205/1485 2320/3205/1201
f 2221/3209/1492 2223/3209/1448 2287/3209/1201
f 2212/3205/1204 2274/3205/1202 2338/3205/1201
f 2239/3209/1493 2241/3209/1449 2305/3209/1201
f 2224/3205/1494 2222/3205/1488 2286/3205/1201
f 2354/3210/1258 2352/3335/1434 2416/3211/1259
f 2380/3213/1261 2378/3334/1433 2442/3214/1262
f 2316/3205/1201 2314/3205/1201 2378/3205/1264
f 2290/3205/1201 2288/3205/1201 2352/3205/1266
f 2315/3209/1201 2317/3209/1201 2381/3209/1268
f 2289/3209/1201 2291/3209/1201 2355/3209/1269
f 2318/3205/1201 2316/3205/1201 2380/3205/1265
f 2292/3205/1201 2290/3205/1201 2354/3205/1267
f 2317/3209/1201 2319/3209/1201 2383/3209/1272
f 2291/3209/1201 2293/3209/1201 2357/3209/1273
f 2320/3205/1201 2318/3205/1201 2382/3205/1270
f 2294/3205/1201 2292/3205/1201 2356/3205/1271
f 2319/3209/1201 2321/3209/1201 2385/3209/1276
f 2293/3209/1201 2295/3209/1201 2359/3209/1580
f 2322/3205/1201 2320/3205/1201 2384/3205/1274
f 2296/3205/1201 2294/3205/1201 2358/3205/1275
f 2321/3209/1201 2323/3209/1201 2387/3209/1280
f 2295/3209/1201 2297/3209/1201 2361/3209/1281
f 2324/3205/1201 2322/3205/1201 2386/3205/1278
f 2298/3205/1201 2296/3205/1201 2360/3205/1279
f 2323/3209/1201 2325/3209/1201 2389/3209/1284
f 2297/3209/1201 2299/3209/1201 2363/3209/1285
f 2326/3205/1201 2324/3205/1201 2388/3205/1282
f 2300/3205/1201 2298/3205/1201 2362/3205/1283
f 2325/3209/1201 2327/3209/1201 2391/3209/1288
f 2299/3209/1201 2301/3209/1201 2365/3209/1289
f 2328/3205/1201 2326/3205/1201 2390/3205/1286
f 2302/3205/1201 2300/3205/1201 2364/3205/1287
f 2327/3209/1201 2329/3209/1201 2393/3209/1291
f 2301/3209/1201 2303/3209/1201 2367/3209/1292
f 2275/3209/1201 2276/3209/1201 2340/3209/1293
f 2330/3205/1201 2328/3205/1201 2392/3205/1289
f 2304/3205/1201 2302/3205/1201 2366/3205/1290
f 2277/3205/1201 2278/3205/1201 2342/3205/1296
f 2329/3209/1201 2331/3209/1201 2395/3209/1234
f 2303/3209/1201 2305/3209/1201 2369/3209/1298
f 2276/3209/1201 2279/3209/1201 2343/3209/1299
f 2332/3205/1201 2330/3205/1201 2394/3205/1295
f 2306/3205/1201 2304/3205/1201 2368/3205/1293
f 2280/3205/1201 2277/3205/1201 2341/3205/1297
f 2331/3209/1201 2333/3209/1201 2397/3209/1301
f 2305/3209/1201 2307/3209/1201 2371/3209/1302
f 2279/3209/1201 2281/3209/1201 2345/3209/1303
f 2334/3205/1201 2332/3205/1201 2396/3205/1298
f 2308/3205/1201 2306/3205/1201 2370/3205/1299
f 2282/3205/1201 2280/3205/1201 2344/3205/1300
f 2333/3209/1201 2335/3209/1201 2399/3209/1307
f 2307/3209/1201 2309/3209/1201 2373/3209/1308
f 2281/3209/1201 2283/3209/1201 2347/3209/1309
f 2336/3205/1201 2334/3205/1201 2398/3205/1304
f 2310/3205/1201 2308/3205/1201 2372/3205/1305
f 2284/3205/1201 2282/3205/1201 2346/3205/1306
f 2335/3209/1201 2337/3209/1201 2401/3209/1287
f 2309/3209/1201 2311/3209/1201 2375/3209/1311
f 2283/3209/1201 2285/3209/1201 2349/3209/1312
f 2338/3205/1201 2336/3205/1201 2400/3205/1308
f 2312/3205/1201 2310/3205/1201 2374/3205/1309
f 2286/3205/1201 2284/3205/1201 2348/3205/1310
f 2337/3209/1201 2275/3209/1201 2339/3209/1294
f 2311/3209/1201 2313/3209/1201 2377/3209/1559
f 2285/3209/1201 2287/3209/1201 2351/3209/1445
f 2278/3205/1201 2338/3205/1201 2402/3205/1311
f 2314/3205/1201 2312/3205/1201 2376/3205/1313
f 2288/3205/1201 2286/3205/1201 2350/3205/1314
f 2408/3218/1497 2405/3283/1382 2406/3282/1570
f 2406/3282/1570 2466/3324/1423 2408/3218/1497
f 2466/3324/1423 2464/3313/1412 2408/3218/1497
f 2464/3313/1412 2462/3301/1400 2460/3290/1389
f 2460/3290/1389 2458/3278/1377 2456/3267/1506
f 2456/3267/1506 2454/3259/1504 2452/3251/1351
f 2452/3251/1351 2450/3244/1501 2456/3267/1506
f 2450/3244/1501 2448/3237/1499 2456/3267/1506
f 2448/3237/1499 2446/3229/1328 2444/3215/1263
f 2444/3215/1263 2442/3214/1262 2440/3216/1495
f 2440/3216/1495 2438/3315/1414 2432/3280/1507
f 2438/3315/1414 2436/3303/1402 2432/3280/1507
f 2436/3303/1402 2434/3292/1391 2432/3280/1507
f 2432/3280/1507 2430/3269/1368 2428/3261/1505
f 2428/3261/1505 2426/3253/1353 2424/3217/1496
f 2424/3217/1496 2422/3239/1338 2420/3231/1330
f 2420/3231/1330 2418/3212/1260 2416/3211/1259
f 2416/3211/1259 2414/3327/1576 2412/3317/1416
f 2412/3317/1416 2410/3305/1404 2408/3218/1497
f 2464/3313/1412 2460/3290/1389 2408/3218/1497
f 2460/3290/1389 2456/3267/1506 2408/3218/1497
f 2448/3237/1499 2444/3215/1263 2456/3267/1506
f 2444/3215/1263 2440/3216/1495 2456/3267/1506
f 2432/3280/1507 2428/3261/1505 2440/3216/1495
f 2428/3261/1505 2424/3217/1496 2440/3216/1495
f 2424/3217/1496 2420/3231/1330 2408/3218/1497
f 2420/3231/1330 2416/3211/1259 2408/3218/1497
f 2416/3211/1259 2412/3317/1416 2408/3218/1497
f 2408/3218/1497 2456/3267/1506 2440/3216/1495
f 2465/3221/1320 2403/3276/1375 2404/3275/1374
f 2404/3275/1374 2407/3288/1387 2465/3221/1320
f 2407/3288/1387 2409/3299/1510 2465/3221/1320
f 2409/3299/1510 2411/3311/1513 2413/3322/1514
f 2413/3322/1514 2415/3332/1515 2409/3299/1510
f 2415/3332/1515 2417/3227/1498 2409/3299/1510
f 2417/3227/1498 2419/3226/1325 2425/3249/1349
f 2419/3226/1325 2421/3235/1334 2425/3249/1349
f 2421/3235/1334 2423/3242/1341 2425/3249/1349
f 2425/3249/1349 2427/3257/1503 2433/3219/1318
f 2427/3257/1503 2429/3265/1365 2433/3219/1318
f 2429/3265/1365 2431/3273/1372 2433/3219/1318
f 2433/3219/1318 2435/3297/1396 2437/3309/1408
f 2437/3309/1408 2439/3320/1419 2441/3330/1429
f 2441/3330/1429 2443/3224/1323 2449/3220/1319
f 2443/3224/1323 2445/3223/1581 2449/3220/1319
f 2445/3223/1581 2447/3233/1332 2449/3220/1319
f 2449/3220/1319 2451/3247/1347 2453/3255/1355
f 2453/3255/1355 2455/3263/1363 2457/3271/1370
f 2457/3271/1370 2459/3285/1508 2465/3221/1320
f 2459/3285/1508 2461/3295/1394 2465/3221/1320
f 2461/3295/1394 2463/3307/1406 2465/3221/1320
f 2433/3219/1318 2437/3309/1408 2449/3220/1319
f 2437/3309/1408 2441/3330/1429 2449/3220/1319
f 2449/3220/1319 2453/3255/1355 2465/3221/1320
f 2453/3255/1355 2457/3271/1370 2465/3221/1320
f 2465/3221/1320 2409/3299/1510 2417/3227/1498
f 2417/3227/1498 2425/3249/1349 2433/3219/1318
f 2465/3221/1320 2417/3227/1498 2433/3219/1318
f 2379/3222/1321 2381/3232/1331 2445/3223/1581
f 2353/3225/1324 2355/3234/1333 2419/3226/1325
f 2382/3228/1327 2380/3213/1261 2444/3215/1263
f 2356/3230/1329 2354/3210/1258 2418/3212/1260
f 2381/3232/1331 2383/3240/1339 2447/3233/1332
f 2355/3234/1333 2357/3241/1340 2421/3235/1334
f 2384/3236/1335 2382/3228/1327 2446/3229/1328
f 2358/3238/1337 2356/3230/1329 2420/3231/1330
f 2383/3240/1339 2385/3246/1346 2449/3220/1319
f 2357/3241/1340 2359/3248/1348 2423/3242/1341
f 2386/3243/1342 2384/3236/1335 2448/3237/1499
f 2360/3245/1344 2358/3238/1337 2422/3239/1338
f 2385/3246/1346 2387/3254/1354 2451/3247/1347
f 2359/3248/1348 2361/3256/1356 2425/3249/1349
f 2388/3250/1350 2386/3243/1342 2450/3244/1501
f 2362/3252/1352 2360/3245/1344 2424/3217/1496
f 2387/3254/1354 2389/3262/1362 2453/3255/1355
f 2361/3256/1356 2363/3264/1364 2427/3257/1503
f 2390/3258/1358 2388/3250/1350 2452/3251/1351
f 2364/3260/1360 2362/3252/1352 2426/3253/1353
f 2389/3262/1362 2391/3270/1369 2455/3263/1363
f 2363/3264/1364 2365/3272/1371 2429/3265/1365
f 2392/3266/1366 2390/3258/1358 2454/3259/1504
f 2366/3268/1367 2364/3260/1360 2428/3261/1505
f 2391/3270/1369 2393/3284/1571 2457/3271/1370
f 2365/3272/1371 2367/3286/1385 2431/3273/1372
f 2339/3274/1373 2340/3287/1386 2404/3275/1374
f 2394/3277/1376 2392/3266/1366 2456/3267/1506
f 2368/3279/1378 2366/3268/1367 2430/3269/1368
f 2341/3281/1380 2342/3333/1432 2406/3282/1570
f 2393/3284/1571 2395/3294/1393 2459/3285/1508
f 2367/3286/1385 2369/3296/1509 2433/3219/1318
f 2340/3287/1386 2343/3298/1397 2407/3288/1387
f 2396/3289/1388 2394/3277/1376 2458/3278/1377
f 2370/3291/1390 2368/3279/1378 2432/3280/1507
f 2344/3293/1392 2341/3281/1380 2405/3283/1382
f 2395/3294/1393 2397/3306/1405 2461/3295/1394
f 2369/3296/1509 2371/3308/1512 2435/3297/1396
f 2343/3298/1397 2345/3310/1409 2409/3299/1510
f 2398/3300/1399 2396/3289/1388 2460/3290/1389
f 2372/3302/1401 2370/3291/1390 2434/3292/1391
f 2346/3304/1403 2344/3293/1392 2408/3218/1497
f 2397/3306/1405 2399/3318/1417 2463/3307/1406
f 2371/3308/1512 2373/3319/1418 2437/3309/1408
f 2345/3310/1409 2347/3321/1420 2411/3311/1513
f 2400/3312/1411 2398/3300/1399 2462/3301/1400
f 2374/3314/1413 2372/3302/1401 2436/3303/1402
f 2348/3316/1415 2346/3304/1403 2410/3305/1404
f 2399/3318/1417 2401/3328/1427 2465/3221/1320
f 2373/3319/1418 2375/3329/1428 2439/3320/1419
f 2347/3321/1420 2349/3331/1430 2413/3322/1514
f 2402/3323/1422 2400/3312/1411 2464/3313/1412
f 2376/3325/1424 2374/3314/1413 2438/3315/1414
f 2350/3326/1425 2348/3316/1415 2412/3317/1416
f 2401/3328/1427 2339/3274/1373 2403/3276/1375
f 2375/3329/1428 2377/3336/1435 2441/3330/1429
f 2349/3331/1430 2351/3337/1436 2415/3332/1515
f 2342/3333/1432 2402/3323/1422 2466/3324/1423
f 2378/3334/1433 2376/3325/1424 2440/3216/1495
f 2352/3335/1434 2350/3326/1425 2414/3327/1576
f 2377/3336/1435 2379/3222/1321 2443/3224/1323
f 2351/3337/1436 2353/3225/1324 2417/3227/1498
f 2467/3338/1139 2468/3406/1204 2470/3339/1140
f 2469/3340/1141 2470/3339/1140 2472/3341/1142
f 2471/3342/1143 2472/3341/1142 2474/3343/1144
f 2473/3344/1437 2474/3343/1144 2476/3345/1438
f 2475/3347/1147 2476/5314/1438 2478/3348/1148
f 2477/3349/1149 2478/3348/1148 2480/3350/1150
f 2479/3351/1151 2480/3350/1150 2482/3352/1578
f 2481/3353/1153 2482/3352/1578 2484/3354/1154
f 2483/3355/1155 2484/3354/1154 2486/3356/1156
f 2485/3357/1526 2486/3356/1156 2488/3358/1158
f 2487/3359/1159 2488/3358/1158 2490/3360/1160
f 2489/3361/1161 2490/3360/1160 2492/3362/1162
f 2491/3364/1163 2492/5315/1162 2494/3365/1164
f 2493/3366/1165 2494/3365/1164 2496/3367/1166
f 2495/3368/1167 2496/3367/1166 2498/3369/1168
f 2497/3370/1169 2498/3369/1168 2500/3371/1170
f 2499/3372/1171 2500/3371/1170 2502/3373/1172
f 2501/3374/1173 2502/3373/1172 2504/3375/1174
f 2503/3376/1175 2504/3375/1174 2506/3377/1176
f 2505/3378/1177 2506/3377/1176 2508/3379/1441
f 2507/3381/1179 2508/5316/1441 2510/3382/1180
f 2509/3383/1181 2510/3382/1180 2512/3384/1182
f 2511/3385/1183 2512/3384/1182 2514/3386/1548
f 2513/3387/1185 2514/3386/1548 2516/3388/1186
f 2515/3389/1187 2516/3388/1186 2518/3390/1188
f 2517/3391/1579 2518/3390/1188 2520/3392/1190
f 2519/3393/1191 2520/3392/1190 2522/3394/1192
f 2521/3395/1193 2522/3394/1192 2524/3396/1194
f 2523/3398/1195 2524/5317/1194 2526/3399/1442
f 2525/3400/1197 2526/3399/1442 2528/3401/1198
f 2498/3403/1443 2496/3403/1490 2560/3403/1201
f 2527/3402/1199 2528/3401/1198 2530/3404/1202
f 2529/3405/1203 2530/3404/1202 2468/3406/1204
f 2513/3407/1444 2515/3407/1451 2579/3407/1201
f 2543/3407/1201 2545/3407/1201 2609/3407/1206
f 2569/3407/1201 2571/3407/1201 2635/3407/1208
f 2516/3403/1447 2514/3403/1491 2578/3403/1201
f 2479/3407/1448 2481/3407/1454 2545/3407/1201
f 2497/3407/1449 2499/3407/1455 2563/3407/1201
f 2482/3403/1450 2480/3403/1494 2544/3403/1201
f 2515/3407/1451 2517/3407/1457 2581/3407/1201
f 2500/3403/1452 2498/3403/1443 2562/3403/1201
f 2518/3403/1561 2516/3403/1447 2580/3403/1201
f 2481/3407/1454 2483/3407/1460 2547/3407/1201
f 2499/3407/1455 2501/3407/1461 2565/3407/1201
f 2484/3403/1456 2482/3403/1450 2546/3403/1201
f 2517/3407/1457 2519/3407/1562 2583/3407/1201
f 2502/3403/1458 2500/3403/1452 2564/3403/1201
f 2520/3403/1459 2518/3403/1561 2582/3403/1201
f 2483/3407/1460 2485/3407/1466 2549/3407/1201
f 2501/3407/1461 2503/3407/1467 2567/3407/1201
f 2486/3403/1462 2484/3403/1456 2548/3403/1201
f 2467/3407/1139 2469/3407/1141 2532/3407/1201
f 2519/3407/1562 2521/3407/1469 2585/3407/1201
f 2504/3403/1464 2502/3403/1458 2566/3403/1201
f 2470/3403/1140 2468/3403/1204 2534/3403/1201
f 2522/3403/1465 2520/3403/1459 2584/3403/1201
f 2485/3407/1466 2487/3407/1472 2551/3407/1201
f 2503/3407/1467 2505/3407/1473 2569/3407/1201
f 2488/3403/1468 2486/3403/1462 2550/3403/1201
f 2521/3407/1469 2523/3407/1475 2587/3407/1201
f 2506/3403/1470 2504/3403/1464 2568/3403/1201
f 2469/3407/1141 2471/3407/1143 2535/3407/1201
f 2524/3403/1471 2522/3403/1465 2586/3403/1201
f 2487/3407/1472 2489/3407/1477 2553/3407/1201
f 2472/3403/1142 2470/3403/1140 2533/3403/1201
f 2505/3407/1473 2507/3407/1478 2571/3407/1201
f 2490/3403/1474 2488/3403/1468 2552/3403/1201
f 2523/3407/1475 2525/3407/1197 2589/3407/1201
f 2508/3403/1476 2506/3403/1470 2570/3403/1201
f 2471/3407/1143 2473/3407/1437 2537/3407/1201
f 2526/3403/1442 2524/3403/1471 2588/3403/1201
f 2489/3407/1477 2491/3407/1481 2555/3407/1201
f 2474/3403/1144 2472/3403/1142 2536/3403/1201
f 2507/3407/1478 2509/3407/1563 2573/3407/1201
f 2492/3403/1479 2490/3403/1474 2554/3403/1201
f 2525/3407/1197 2527/3407/1199 2591/3407/1201
f 2510/3403/1480 2508/3403/1476 2572/3403/1201
f 2473/3407/1437 2475/3407/1486 2539/3407/1201
f 2528/3403/1198 2526/3403/1442 2590/3403/1201
f 2491/3407/1481 2493/3407/1487 2557/3407/1201
f 2476/3403/1482 2474/3403/1144 2538/3403/1201
f 2509/3407/1563 2511/3407/1489 2575/3407/1201
f 2494/3403/1484 2492/3403/1479 2556/3403/1201
f 2527/3407/1199 2529/3407/1203 2593/3407/1201
f 2512/3403/1485 2510/3403/1480 2574/3403/1201
f 2475/3407/1486 2477/3407/1492 2541/3407/1201
f 2530/3403/1202 2528/3403/1198 2592/3403/1201
f 2493/3407/1487 2495/3407/1493 2559/3407/1201
f 2478/3403/1488 2476/3403/1482 2540/3403/1201
f 2511/3407/1489 2513/3407/1444 2577/3407/1201
f 2496/3403/1490 2494/3403/1484 2558/3403/1201
f 2529/3407/1203 2467/3407/1139 2531/3407/1201
f 2514/3403/1491 2512/3403/1485 2576/3403/1201
f 2477/3407/1492 2479/3407/1448 2543/3407/1201
f 2468/3403/1204 2530/3403/1202 2594/3403/1201
f 2495/3407/1493 2497/3407/1449 2561/3407/1201
f 2480/3403/1494 2478/3403/1488 2542/3403/1201
f 2610/3408/1258 2608/3533/1434 2672/3409/1582
f 2636/3411/1261 2634/3532/1433 2698/3412/1262
f 2572/3403/1201 2570/3403/1201 2634/3403/1264
f 2546/3403/1201 2544/3403/1201 2608/3403/1266
f 2571/3407/1201 2573/3407/1201 2637/3407/1268
f 2545/3407/1201 2547/3407/1201 2611/3407/1269
f 2574/3403/1201 2572/3403/1201 2636/3403/1265
f 2548/3403/1201 2546/3403/1201 2610/3403/1267
f 2573/3407/1201 2575/3407/1201 2639/3407/1272
f 2547/3407/1201 2549/3407/1201 2613/3407/1273
f 2576/3403/1201 2574/3403/1201 2638/3403/1270
f 2550/3403/1201 2548/3403/1201 2612/3403/1271
f 2575/3407/1201 2577/3407/1201 2641/3407/1276
f 2549/3407/1201 2551/3407/1201 2615/3407/1580
f 2578/3403/1201 2576/3403/1201 2640/3403/1274
f 2552/3403/1201 2550/3403/1201 2614/3403/1275
f 2577/3407/1201 2579/3407/1201 2643/3407/1280
f 2551/3407/1201 2553/3407/1201 2617/3407/1281
f 2580/3403/1201 2578/3403/1201 2642/3403/1278
f 2554/3403/1201 2552/3403/1201 2616/3403/1279
f 2579/3407/1201 2581/3407/1201 2645/3407/1284
f 2553/3407/1201 2555/3407/1201 2619/3407/1285
f 2582/3403/1201 2580/3403/1201 2644/3403/1282
f 2556/3403/1201 2554/3403/1201 2618/3403/1283
f 2581/3407/1201 2583/3407/1201 2647/3407/1288
f 2555/3407/1201 2557/3407/1201 2621/3407/1289
f 2584/3403/1201 2582/3403/1201 2646/3403/1286
f 2558/3403/1201 2556/3403/1201 2620/3403/1287
f 2583/3407/1201 2585/3407/1201 2649/3407/1291
f 2557/3407/1201 2559/3407/1201 2623/3407/1292
f 2531/3407/1201 2532/3407/1201 2596/3407/1293
f 2586/3403/1201 2584/3403/1201 2648/3403/1289
f 2560/3403/1201 2558/3403/1201 2622/3403/1290
f 2533/3403/1201 2534/3403/1201 2598/3403/1296
f 2585/3407/1201 2587/3407/1201 2651/3407/1234
f 2559/3407/1201 2561/3407/1201 2625/3407/1298
f 2532/3407/1201 2535/3407/1201 2599/3407/1299
f 2588/3403/1201 2586/3403/1201 2650/3403/1295
f 2562/3403/1201 2560/3403/1201 2624/3403/1293
f 2536/3403/1201 2533/3403/1201 2597/3403/1297
f 2587/3407/1201 2589/3407/1201 2653/3407/1301
f 2561/3407/1201 2563/3407/1201 2627/3407/1302
f 2535/3407/1201 2537/3407/1201 2601/3407/1303
f 2590/3403/1201 2588/3403/1201 2652/3403/1298
f 2564/3403/1201 2562/3403/1201 2626/3403/1299
f 2538/3403/1201 2536/3403/1201 2600/3403/1300
f 2589/3407/1201 2591/3407/1201 2655/3407/1307
f 2563/3407/1201 2565/3407/1201 2629/3407/1308
f 2537/3407/1201 2539/3407/1201 2603/3407/1309
f 2592/3403/1201 2590/3403/1201 2654/3403/1304
f 2566/3403/1201 2564/3403/1201 2628/3403/1305
f 2540/3403/1201 2538/3403/1201 2602/3403/1306
f 2591/3407/1201 2593/3407/1201 2657/3407/1287
f 2565/3407/1201 2567/3407/1201 2631/3407/1311
f 2539/3407/1201 2541/3407/1201 2605/3407/1312
f 2594/3403/1201 2592/3403/1201 2656/3403/1308
f 2568/3403/1201 2566/3403/1201 2630/3403/1309
f 2542/3403/1201 2540/3403/1201 2604/3403/1310
f 2593/3407/1201 2531/3407/1201 2595/3407/1294
f 2567/3407/1201 2569/3407/1201 2633/3407/1559
f 2541/3407/1201 2543/3407/1201 2607/3407/1445
f 2534/3403/1201 2594/3403/1201 2658/3403/1311
f 2570/3403/1201 2568/3403/1201 2632/3403/1313
f 2544/3403/1201 2542/3403/1201 2606/3403/1314
f 2664/3416/1583 2661/3481/1589 2662/3480/1570
f 2662/3480/1570 2722/3522/1423 2664/3416/1583
f 2722/3522/1423 2720/3511/1412 2664/3416/1583
f 2720/3511/1412 2718/3499/1400 2716/3488/1389
f 2716/3488/1389 2714/3476/1377 2712/3465/1506
f 2712/3465/1506 2710/3457/1504 2708/3449/1351
f 2708/3449/1351 2706/3442/1501 2712/3465/1506
f 2706/3442/1501 2704/3435/1499 2712/3465/1506
f 2704/3435/1499 2702/3427/1328 2700/3413/1263
f 2700/3413/1263 2698/3412/1262 2696/3414/1495
f 2696/3414/1495 2694/3513/1414 2688/3478/1507
f 2694/3513/1414 2692/3501/1402 2688/3478/1507
f 2692/3501/1402 2690/3490/1591 2688/3478/1507
f 2688/3478/1507 2686/3467/1587 2684/3459/1505
f 2684/3459/1505 2682/3451/1502 2680/3415/1496
f 2680/3415/1496 2678/3437/1338 2676/3429/1330
f 2676/3429/1330 2674/3410/1260 2672/3409/1582
f 2672/3409/1582 2670/3525/1426 2668/3515/1594
f 2668/3515/1594 2666/3503/1593 2672/3409/1582
f 2666/3503/1593 2664/3416/1583 2672/3409/1582
f 2720/3511/1412 2716/3488/1389 2664/3416/1583
f 2716/3488/1389 2712/3465/1506 2664/3416/1583
f 2704/3435/1499 2700/3413/1263 2712/3465/1506
f 2700/3413/1263 2696/3414/1495 2712/3465/1506
f 2688/3478/1507 2684/3459/1505 2696/3414/1495
f 2684/3459/1505 2680/3415/1496 2696/3414/1495
f 2680/3415/1496 2676/3429/1330 2664/3416/1583
f 2676/3429/1330 2672/3409/1582 2664/3416/1583
f 2664/3416/1583 2712/3465/1506 2696/3414/1495
f 2721/3419/1585 2659/3474/1588 2665/3497/1592
f 2659/3474/1588 2660/3473/1374 2665/3497/1592
f 2660/3473/1374 2663/3486/1590 2665/3497/1592
f 2665/3497/1592 2667/3509/1513 2669/3520/1514
f 2669/3520/1514 2671/3530/1515 2665/3497/1592
f 2671/3530/1515 2673/3425/1586 2665/3497/1592
f 2673/3425/1586 2675/3424/1325 2681/3447/1349
f 2675/3424/1325 2677/3433/1334 2681/3447/1349
f 2677/3433/1334 2679/3440/1341 2681/3447/1349
f 2681/3447/1349 2683/3455/1503 2689/3417/1584
f 2683/3455/1503 2685/3463/1365 2689/3417/1584
f 2685/3463/1365 2687/3471/1372 2689/3417/1584
f 2689/3417/1584 2691/3495/1396 2693/3507/1408
f 2693/3507/1408 2695/3518/1419 2697/3528/1429
f 2697/3528/1429 2699/3422/1323 2705/3418/1319
f 2699/3422/1323 2701/3421/1322 2705/3418/1319
f 2701/3421/1322 2703/3431/1332 2705/3418/1319
f 2705/3418/1319 2707/3445/1347 2709/3453/1355
f 2709/3453/1355 2711/3461/1363 2713/3469/1370
f 2713/3469/1370 2715/3483/1508 2721/3419/1585
f 2715/3483/1508 2717/3493/1394 2721/3419/1585
f 2717/3493/1394 2719/3505/1406 2721/3419/1585
f 2689/3417/1584 2693/3507/1408 2705/3418/1319
f 2693/3507/1408 2697/3528/1429 2705/3418/1319
f 2705/3418/1319 2709/3453/1355 2721/3419/1585
f 2709/3453/1355 2713/3469/1370 2721/3419/1585
f 2721/3419/1585 2665/3497/1592 2689/3417/1584
f 2665/3497/1592 2673/3425/1586 2689/3417/1584
f 2673/3425/1586 2681/3447/1349 2689/3417/1584
f 2635/3420/1321 2637/3430/1331 2701/3421/1322
f 2609/3423/1324 2611/3432/1333 2675/3424/1325
f 2638/3426/1327 2636/3411/1261 2700/3413/1263
f 2612/3428/1329 2610/3408/1258 2674/3410/1260
f 2637/3430/1331 2639/3438/1339 2703/3431/1332
f 2611/3432/1333 2613/3439/1340 2677/3433/1334
f 2640/3434/1335 2638/3426/1327 2702/3427/1328
f 2614/3436/1337 2612/3428/1329 2676/3429/1330
f 2639/3438/1339 2641/3444/1346 2705/3418/1319
f 2613/3439/1340 2615/3446/1348 2679/3440/1341
f 2642/3441/1342 2640/3434/1335 2704/3435/1499
f 2616/3443/1344 2614/3436/1337 2678/3437/1338
f 2641/3444/1346 2643/3452/1354 2707/3445/1347
f 2615/3446/1348 2617/3454/1356 2681/3447/1349
f 2644/3448/1350 2642/3441/1342 2706/3442/1501
f 2618/3450/1352 2616/3443/1344 2680/3415/1496
f 2643/3452/1354 2645/3460/1362 2709/3453/1355
f 2617/3454/1356 2619/3462/1364 2683/3455/1503
f 2646/3456/1358 2644/3448/1350 2708/3449/1351
f 2620/3458/1360 2618/3450/1352 2682/3451/1502
f 2645/3460/1362 2647/3468/1369 2711/3461/1363
f 2619/3462/1364 2621/3470/1371 2685/3463/1365
f 2648/3464/1366 2646/3456/1358 2710/3457/1504
f 2622/3466/1367 2620/3458/1360 2684/3459/1505
f 2647/3468/1369 2649/3482/1383 2713/3469/1370
f 2621/3470/1371 2623/3484/1385 2687/3471/1372
f 2595/3472/1373 2596/3485/1386 2660/3473/1374
f 2650/3475/1376 2648/3464/1366 2712/3465/1506
f 2624/3477/1378 2622/3466/1367 2686/3467/1587
f 2597/3479/1380 2598/3531/1432 2662/3480/1570
f 2649/3482/1383 2651/3492/1393 2715/3483/1508
f 2623/3484/1385 2625/3494/1509 2689/3417/1584
f 2596/3485/1386 2599/3496/1397 2663/3486/1590
f 2652/3487/1388 2650/3475/1376 2714/3476/1377
f 2626/3489/1390 2624/3477/1378 2688/3478/1507
f 2600/3491/1392 2597/3479/1380 2661/3481/1589
f 2651/3492/1393 2653/3504/1405 2717/3493/1394
f 2625/3494/1509 2627/3506/1512 2691/3495/1396
f 2599/3496/1397 2601/3508/1409 2665/3497/1592
f 2654/3498/1399 2652/3487/1388 2716/3488/1389
f 2628/3500/1401 2626/3489/1390 2690/3490/1591
f 2602/3502/1403 2600/3491/1392 2664/3416/1583
f 2653/3504/1405 2655/3516/1417 2719/3505/1406
f 2627/3506/1512 2629/3517/1418 2693/3507/1408
f 2601/3508/1409 2603/3519/1420 2667/3509/1513
f 2656/3510/1411 2654/3498/1399 2718/3499/1400
f 2630/3512/1413 2628/3500/1401 2692/3501/1402
f 2604/3514/1415 2602/3502/1403 2666/3503/1593
f 2655/3516/1417 2657/3526/1427 2721/3419/1585
f 2629/3517/1418 2631/3527/1428 2695/3518/1419
f 2603/3519/1420 2605/3529/1430 2669/3520/1514
f 2658/3521/1422 2656/3510/1411 2720/3511/1412
f 2632/3523/1424 2630/3512/1413 2694/3513/1414
f 2606/3524/1425 2604/3514/1415 2668/3515/1594
f 2657/3526/1427 2595/3472/1373 2659/3474/1588
f 2631/3527/1428 2633/3534/1435 2697/3528/1429
f 2605/3529/1430 2607/3535/1436 2671/3530/1515
f 2598/3531/1432 2658/3521/1422 2722/3522/1423
f 2634/3532/1433 2632/3523/1424 2696/3414/1495
f 2608/3533/1434 2606/3524/1425 2670/3525/1426
f 2633/3534/1435 2635/3420/1321 2699/3422/1323
f 2607/3535/1436 2609/3423/1324 2673/3425/1586
f 2723/3536/1595 2788/3606/1661 2787/3537/1596
f 2725/3538/1597 2787/3537/1596 2789/3539/1598
f 2727/3540/1599 2789/3539/1598 2790/3541/1600
f 2729/3542/1601 2790/3541/1600 2791/3543/1602
f 2731/3545/1603 2791/5318/1602 2792/3546/1604
f 2733/3547/1605 2792/3546/1604 2793/3548/1606
f 2735/3549/1607 2793/3548/1606 2794/3550/1608
f 2737/3551/1609 2794/3550/1608 2795/3552/1610
f 2739/3553/1611 2795/3552/1610 2796/3554/1612
f 2741/3555/1613 2796/3554/1612 2797/3556/1614
f 2743/3557/1615 2797/3556/1614 2798/3558/1616
f 2745/3559/1617 2798/3558/1616 2799/3560/1618
f 2747/3562/1619 2799/5319/1618 2800/3563/1620
f 2749/3564/1621 2800/3563/1620 2801/3565/1622
f 2751/3566/1623 2801/3565/1622 2802/3567/1624
f 2753/3568/1625 2802/3567/1624 2803/3569/1626
f 2755/3570/1627 2803/3569/1626 2804/3571/1628
f 2757/3572/1629 2804/3571/1628 2805/3573/1630
f 2759/3574/1631 2805/3573/1630 2806/3575/1632
f 2761/3576/1633 2806/3575/1632 2807/3577/1634
f 2763/3579/1635 2807/5320/1634 2808/3580/1636
f 2765/3581/1637 2808/3580/1636 2809/3582/1638
f 2767/3583/1639 2809/3582/1638 2810/3584/1640
f 2769/3585/1641 2810/3584/1640 2811/3586/1642
f 2771/3587/1643 2811/3586/1642 2812/3588/1644
f 2773/3589/1645 2812/3588/1644 2813/3590/1646
f 2775/3591/1647 2813/3590/1646 2814/3592/1648
f 2777/3593/1649 2814/3592/1648 2815/3594/1650
f 2779/3596/1651 2815/5321/1650 2816/3597/1652
f 2781/3598/1653 2816/3597/1652 2817/3599/1654
f 2740/3601/1656 2738/3771/1855 2858/3602/1657
f 2783/3600/1655 2817/3599/1654 2818/3604/1659
f 2785/3605/1660 2818/3604/1659 2788/3606/1661
f 2785/3609/1664 2723/5322/2325 2725/5323/2326
f 2725/5323/2326 2727/5324/2327 2729/5325/2328
f 2729/5325/2328 2731/5326/2329 2737/5327/1940
f 2731/5326/2329 2733/5328/2330 2737/5327/1940
f 2733/5328/2330 2735/5329/2331 2737/5327/1940
f 2737/5327/1940 2739/5330/2332 2741/5331/2333
f 2741/5331/2333 2743/5332/2334 2745/5333/2335
f 2745/5333/2335 2747/5334/2336 2753/3607/1662
f 2747/5334/2336 2749/5335/2337 2753/3607/1662
f 2749/5335/2337 2751/5336/2338 2753/3607/1662
f 2753/3607/1662 2755/5337/2339 2757/5338/2340
f 2757/5338/2340 2759/5339/2341 2761/5340/2342
f 2761/5340/2342 2763/5341/2343 2769/3608/1663
f 2763/5341/2343 2765/5342/2344 2769/3608/1663
f 2765/5342/2344 2767/5343/2345 2769/3608/1663
f 2769/3608/1663 2771/5344/2346 2773/5345/2347
f 2773/5345/2347 2775/5346/2348 2777/5347/2349
f 2777/5347/2349 2779/5348/2350 2785/3609/1664
f 2779/5348/2350 2781/5349/2351 2785/3609/1664
f 2781/5349/2351 2783/5350/2352 2785/3609/1664
f 2785/3609/1664 2725/5323/2326 2737/5327/1940
f 2725/5323/2326 2729/5325/2328 2737/5327/1940
f 2737/5327/1940 2741/5331/2333 2753/3607/1662
f 2741/5331/2333 2745/5333/2335 2753/3607/1662
f 2753/3607/1662 2757/5338/2340 2769/3608/1663
f 2757/5338/2340 2761/5340/2342 2769/3608/1663
f 2769/3608/1663 2773/5345/2347 2785/3609/1664
f 2773/5345/2347 2777/5347/2349 2785/3609/1664
f 2785/3609/1664 2737/5327/1940 2753/3607/1662
f 2820/3610/1665 2819/3613/1668 2787/3611/1666
f 2819/3613/1668 2821/3615/1670 2789/3614/1669
f 2821/3615/1670 2822/3617/1672 2790/3616/1671
f 2822/3617/1672 2823/3619/1674 2791/3618/1673
f 2823/3619/1674 2824/3621/1676 2792/3620/1675
f 2824/3621/1676 2825/3623/1678 2793/3622/1677
f 2825/3623/1678 2826/3625/1680 2794/3624/1679
f 2826/3625/1680 2827/3627/1682 2795/3626/1681
f 2827/3627/1682 2828/3629/1684 2796/3628/1683
f 2828/3629/1684 2829/3631/1686 2797/3630/1685
f 2829/3631/1686 2830/3633/1688 2798/3632/1687
f 2830/3633/1688 2831/3635/1690 2799/3634/1689
f 2831/3635/1690 2832/3637/1692 2800/3636/1691
f 2832/3637/1692 2833/3639/1694 2801/3638/1693
f 2833/3639/1694 2834/3641/1696 2802/3640/1695
f 2834/3641/1696 2835/3643/1698 2803/3642/1697
f 2835/3643/1698 2836/3645/1700 2804/3644/1699
f 2836/3645/1700 2837/3647/1702 2805/3646/1701
f 2837/3647/1702 2838/3649/1704 2806/3648/1703
f 2838/3649/1704 2839/3651/1706 2807/3650/1705
f 2839/3651/1706 2840/3653/1708 2808/3652/1707
f 2840/3653/1708 2841/3655/1710 2809/3654/1709
f 2841/3655/1710 2842/3657/1712 2810/3656/1711
f 2842/3657/1712 2843/3659/1714 2811/3658/1713
f 2843/3659/1714 2844/3661/1716 2812/3660/1715
f 2844/3661/1716 2845/3663/1718 2813/3662/1717
f 2845/3663/1718 2846/3665/1720 2814/3664/1719
f 2846/3665/1720 2847/3667/1722 2815/3666/1721
f 2847/3667/1722 2848/3669/1724 2816/3668/1723
f 2848/3669/1724 2849/3671/1726 2817/3670/1725
f 2849/3671/1726 2850/3673/1728 2818/3672/1727
f 2850/3673/1728 2820/3610/1665 2788/3612/1667
f 2724/3674/1729 2726/3675/1732 2819/3613/1730
f 2726/3675/1732 2728/3676/1734 2821/3615/1733
f 2728/3676/1734 2730/3677/1736 2822/3617/1735
f 2730/3677/1736 2732/3678/1738 2823/3619/1737
f 2732/3678/1738 2734/3679/1740 2824/3621/1739
f 2734/3679/1740 2736/3680/1742 2825/3623/1741
f 2736/3680/1742 2738/3681/1744 2826/3625/1743
f 2738/3681/1744 2740/3682/1746 2827/3627/1745
f 2740/3682/1746 2742/3683/1748 2828/3629/1747
f 2742/3683/1748 2744/3684/1750 2829/3631/1749
f 2744/3684/1750 2746/3685/1752 2830/3633/1751
f 2746/3685/1752 2748/3686/1754 2831/3635/1753
f 2748/3686/1754 2750/3687/1756 2832/3637/1755
f 2750/3687/1756 2752/3688/1758 2833/3639/1757
f 2752/3688/1758 2754/3689/1760 2834/3641/1759
f 2754/3689/1760 2756/3690/1762 2835/3643/1761
f 2756/3690/1762 2758/3691/1764 2836/3645/1763
f 2758/3691/1764 2760/3692/1766 2837/3647/1765
f 2760/3692/1766 2762/3693/1768 2838/3649/1767
f 2762/3693/1768 2764/3694/1770 2839/3651/1769
f 2764/3694/1770 2766/3695/1772 2840/3653/1771
f 2766/3695/1772 2768/3696/1774 2841/3655/1773
f 2768/3696/1774 2770/3697/1776 2842/3657/1775
f 2770/3697/1776 2772/3698/1778 2843/3659/1777
f 2772/3698/1778 2774/3699/1780 2844/3661/1779
f 2774/3699/1780 2776/3700/1782 2845/3663/1781
f 2776/3700/1782 2778/3701/1784 2846/3665/1783
f 2778/3701/1784 2780/3702/1786 2847/3667/1785
f 2780/3702/1786 2782/3703/1788 2848/3669/1787
f 2782/3703/1788 2784/3704/1790 2849/3671/1789
f 2784/3704/1790 2786/3705/1792 2850/3673/1791
f 2786/3705/1792 2724/3674/1729 2820/3610/1731
f 2853/3708/1795 2851/5351/2353 2881/5352/2354
f 2851/5351/2353 2852/5353/2355 2881/5352/2354
f 2852/5353/2355 2882/5354/2356 2881/5352/2354
f 2881/5352/2354 2880/5355/2357 2879/5356/2358
f 2879/5356/2358 2878/5357/2359 2881/5352/2354
f 2878/5357/2359 2877/5358/2360 2881/5352/2354
f 2877/5358/2360 2876/5359/2361 2873/5360/2362
f 2876/5359/2361 2875/5361/2363 2873/5360/2362
f 2875/5361/2363 2874/5362/2364 2873/5360/2362
f 2873/5360/2362 2872/5363/2365 2869/5364/1890
f 2872/5363/2365 2871/5365/2366 2869/5364/1890
f 2871/5365/2366 2870/5366/2367 2869/5364/1890
f 2869/5364/1890 2868/5367/2368 2865/5368/2369
f 2868/5367/2368 2867/5369/2370 2865/5368/2369
f 2867/5369/2370 2866/5370/2371 2865/5368/2369
f 2865/5368/2369 2864/5371/2372 2863/5372/2373
f 2863/5372/2373 2862/5373/2374 2865/5368/2369
f 2862/5373/2374 2861/3706/1793 2865/5368/2369
f 2861/3706/1793 2860/5374/2375 2857/3707/1794
f 2860/5374/2375 2859/5375/2376 2857/3707/1794
f 2859/5375/2376 2858/5376/2377 2857/3707/1794
f 2857/3707/1794 2856/5377/2378 2855/5378/2379
f 2855/5378/2379 2854/5379/2380 2857/3707/1794
f 2854/5379/2380 2853/3708/1795 2857/3707/1794
f 2853/3708/1795 2881/5352/2354 2877/5358/2360
f 2877/5358/2360 2873/5360/2362 2853/3708/1795
f 2873/5360/2362 2869/5364/1890 2853/3708/1795
f 2869/5364/1890 2865/5368/2369 2853/3708/1795
f 2865/5368/2369 2861/3706/1793 2853/3708/1795
f 2768/3709/1796 2766/3772/1856 2872/3710/1797
f 2742/3712/1799 2740/3601/1656 2859/3603/1658
f 2770/3714/1801 2768/3709/1796 2873/3711/1798
f 2744/3716/1803 2742/3712/1799 2860/3713/1800
f 2772/3718/1805 2770/3714/1801 2874/3715/1802
f 2746/3720/1807 2744/3716/1803 2861/3717/1804
f 2774/3722/1809 2772/3718/1805 2875/3719/1806
f 2748/3724/1811 2746/3720/1807 2862/3721/1808
f 2776/3726/1813 2774/3722/1809 2876/3723/1810
f 2750/3728/1815 2748/5380/1811 2863/3729/1812
f 2778/3731/1817 2776/3726/1813 2877/3727/1814
f 2752/3733/1819 2750/3728/1815 2864/3730/1816
f 2726/3735/1821 2724/3764/1848 2852/3736/1822
f 2780/3738/1824 2778/3731/1817 2878/3732/1818
f 2754/3740/1826 2752/3733/1819 2865/3734/1820
f 2728/3742/1828 2726/3735/1821 2851/3737/1823
f 2782/3744/1830 2780/5381/1824 2879/3745/1825
f 2756/3747/1832 2754/3740/1826 2866/3741/1827
f 2730/3749/1834 2728/3742/1828 2853/3743/1829
f 2784/3751/1836 2782/3744/1830 2880/3746/1831
f 2758/3753/1838 2756/3747/1832 2867/3748/1833
f 2732/3755/1840 2730/3749/1834 2854/3750/1835
f 2786/3757/1842 2784/3751/1836 2881/3752/1837
f 2760/3759/1844 2758/3753/1838 2868/3754/1839
f 2734/3761/1846 2732/5382/1840 2855/3762/1841
f 2724/3764/1848 2786/3757/1842 2882/3758/1843
f 2762/3765/1849 2760/3759/1844 2869/3760/1845
f 2736/3767/1851 2734/3761/1846 2856/3763/1847
f 2764/3769/1853 2762/3765/1849 2870/3766/1850
f 2738/3771/1855 2736/3767/1851 2857/3768/1852
f 2766/3772/1856 2764/5383/1853 2871/3773/1854
f 2883/3774/1857 2948/3844/1661 2947/3775/1858
f 2885/3776/1597 2947/3775/1858 2949/3777/1859
f 2887/3778/1599 2949/3777/1859 2950/3779/1860
f 2889/3780/1601 2950/3779/1860 2951/3781/1602
f 2891/3783/1603 2951/5384/1602 2952/3784/1604
f 2893/3785/1605 2952/3784/1604 2953/3786/1606
f 2895/3787/1861 2953/3786/1606 2954/3788/1608
f 2897/3789/1609 2954/3788/1608 2955/3790/1610
f 2899/3791/1611 2955/3790/1610 2956/3792/1612
f 2901/3793/1862 2956/3792/1612 2957/3794/1863
f 2903/3795/1615 2957/3794/1863 2958/3796/1616
f 2905/3797/1617 2958/3796/1616 2959/3798/1618
f 2907/3800/1619 2959/5385/1618 2960/3801/1864
f 2909/3802/1865 2960/3801/1864 2961/3803/1622
f 2911/3804/1866 2961/3803/1622 2962/3805/1867
f 2913/3806/1625 2962/3805/1867 2963/3807/1626
f 2915/3808/1868 2963/3807/1626 2964/3809/1628
f 2917/3810/1629 2964/3809/1628 2965/3811/1630
f 2919/3812/1631 2965/3811/1630 2966/3813/1632
f 2921/3814/1633 2966/3813/1632 2967/3815/1869
f 2923/3817/1635 2967/5386/1869 2968/3818/1636
f 2925/3819/1637 2968/3818/1636 2969/3820/1870
f 2927/3821/1871 2969/3820/1870 2970/3822/1640
f 2929/3823/1872 2970/3822/1640 2971/3824/1642
f 2931/3825/1643 2971/3824/1642 2972/3826/1644
f 2933/3827/1873 2972/3826/1644 2973/3828/1646
f 2935/3829/1874 2973/3828/1646 2974/3830/1648
f 2937/3831/1875 2974/3830/1648 2975/3832/1876
f 2939/3834/1651 2975/5387/1876 2976/3835/1652
f 2941/3836/1653 2976/3835/1652 2977/3837/1654
f 2900/3839/1656 2898/4009/1855 3018/3840/1657
f 2943/3838/1877 2977/3837/1654 2978/3842/1878
f 2945/3843/1660 2978/3842/1878 2948/3844/1661
f 2945/3847/1664 2883/5388/2325 2885/5389/2326
f 2885/5389/2326 2887/5390/2327 2889/5391/2328
f 2889/5391/2328 2891/5392/2329 2897/5393/1940
f 2891/5392/2329 2893/5394/2330 2897/5393/1940
f 2893/5394/2330 2895/5395/2331 2897/5393/1940
f 2897/5393/1940 2899/5396/2332 2901/5397/2333
f 2901/5397/2333 2903/5398/2334 2905/5399/2335
f 2905/5399/2335 2907/5400/2336 2909/5401/2337
f 2909/5401/2337 2911/5402/2338 2913/3845/1662
f 2913/3845/1662 2915/5403/2339 2917/5404/2340
f 2917/5404/2340 2919/5405/2341 2921/5406/2342
f 2921/5406/2342 2923/5407/2343 2929/3846/1663
f 2923/5407/2343 2925/5408/2344 2929/3846/1663
f 2925/5408/2344 2927/5409/2345 2929/3846/1663
f 2929/3846/1663 2931/5410/2346 2933/5411/2347
f 2933/5411/2347 2935/5412/2348 2937/5413/2349
f 2937/5413/2349 2939/5414/2350 2945/3847/1664
f 2939/5414/2350 2941/5415/2351 2945/3847/1664
f 2941/5415/2351 2943/5416/2352 2945/3847/1664
f 2945/3847/1664 2885/5389/2326 2897/5393/1940
f 2885/5389/2326 2889/5391/2328 2897/5393/1940
f 2897/5393/1940 2901/5397/2333 2913/3845/1662
f 2901/5397/2333 2905/5399/2335 2913/3845/1662
f 2905/5399/2335 2909/5401/2337 2913/3845/1662
f 2913/3845/1662 2917/5404/2340 2929/3846/1663
f 2917/5404/2340 2921/5406/2342 2929/3846/1663
f 2929/3846/1663 2933/5411/2347 2945/3847/1664
f 2933/5411/2347 2937/5413/2349 2945/3847/1664
f 2945/3847/1664 2897/5393/1940 2913/3845/1662
f 2980/3848/1665 2979/3851/1668 2947/3849/1666
f 2979/3851/1668 2981/3853/1670 2949/3852/1669
f 2981/3853/1670 2982/3855/1672 2950/3854/1671
f 2982/3855/1672 2983/3857/1879 2951/3856/1673
f 2983/3857/1879 2984/3859/1676 2952/3858/1675
f 2984/3859/1676 2985/3861/1678 2953/3860/1677
f 2985/3861/1678 2986/3863/1680 2954/3862/1679
f 2986/3863/1680 2987/3865/1682 2955/3864/1681
f 2987/3865/1682 2988/3867/1684 2956/3866/1683
f 2988/3867/1684 2989/3869/1686 2957/3868/1685
f 2989/3869/1686 2990/3871/1688 2958/3870/1687
f 2990/3871/1688 2991/3873/1880 2959/3872/1689
f 2991/3873/1880 2992/3875/1692 2960/3874/1691
f 2992/3875/1692 2993/3877/1694 2961/3876/1693
f 2993/3877/1694 2994/3879/1696 2962/3878/1695
f 2994/3879/1696 2995/3881/1698 2963/3880/1697
f 2995/3881/1698 2996/3883/1700 2964/3882/1699
f 2996/3883/1700 2997/3885/1702 2965/3884/1701
f 2997/3885/1702 2998/3887/1704 2966/3886/1703
f 2998/3887/1704 2999/3889/1881 2967/3888/1705
f 2999/3889/1881 3000/3891/1708 2968/3890/1707
f 3000/3891/1708 3001/3893/1710 2969/3892/1709
f 3001/3893/1710 3002/3895/1712 2970/3894/1711
f 3002/3895/1712 3003/3897/1714 2971/3896/1713
f 3003/3897/1714 3004/3899/1716 2972/3898/1715
f 3004/3899/1716 3005/3901/1718 2973/3900/1717
f 3005/3901/1718 3006/3903/1720 2974/3902/1719
f 3006/3903/1720 3007/3905/1883 2975/3904/1882
f 3007/3905/1883 3008/3907/1724 2976/3906/1723
f 3008/3907/1724 3009/3909/1884 2977/3908/1725
f 3009/3909/1884 3010/3911/1728 2978/3910/1727
f 3010/3911/1728 2980/3848/1665 2948/3850/1667
f 2884/3912/1729 2886/3913/1732 2979/3851/1885
f 2886/3913/1732 2888/3914/1734 2981/3853/1733
f 2888/3914/1734 2890/3915/1736 2982/3855/1735
f 2890/3915/1736 2892/3916/1738 2983/3857/1737
f 2892/3916/1738 2894/3917/1740 2984/3859/1886
f 2894/3917/1740 2896/3918/1742 2985/3861/1741
f 2896/3918/1742 2898/3919/1744 2986/3863/1743
f 2898/3919/1744 2900/3920/1746 2987/3865/1745
f 2900/3920/1746 2902/3921/1748 2988/3867/1747
f 2902/3921/1748 2904/3922/1750 2989/3869/1749
f 2904/3922/1750 2906/3923/1752 2990/3871/1751
f 2906/3923/1752 2908/3924/1754 2991/3873/1753
f 2908/3924/1754 2910/3925/1756 2992/3875/1755
f 2910/3925/1756 2912/3926/1758 2993/3877/1757
f 2912/3926/1758 2914/3927/1760 2994/3879/1759
f 2914/3927/1760 2916/3928/1762 2995/3881/1761
f 2916/3928/1762 2918/3929/1764 2996/3883/1887
f 2918/3929/1764 2920/3930/1766 2997/3885/1765
f 2920/3930/1766 2922/3931/1768 2998/3887/1767
f 2922/3931/1768 2924/3932/1770 2999/3889/1769
f 2924/3932/1770 2926/3933/1772 3000/3891/1888
f 2926/3933/1772 2928/3934/1774 3001/3893/1773
f 2928/3934/1774 2930/3935/1776 3002/3895/1775
f 2930/3935/1776 2932/3936/1778 3003/3897/1777
f 2932/3936/1778 2934/3937/1780 3004/3899/1779
f 2934/3937/1780 2936/3938/1782 3005/3901/1781
f 2936/3938/1782 2938/3939/1784 3006/3903/1783
f 2938/3939/1784 2940/3940/1786 3007/3905/1785
f 2940/3940/1786 2942/3941/1788 3008/3907/1787
f 2942/3941/1788 2944/3942/1790 3009/3909/1789
f 2944/3942/1790 2946/3943/1792 3010/3911/1791
f 2946/3943/1792 2884/3912/1729 2980/3848/1731
f 3013/3945/1889 3011/5417/2353 3012/5418/2355
f 3012/5418/2355 3042/5419/2356 3041/5420/2354
f 3041/5420/2354 3040/5421/2381 3037/5422/2360
f 3040/5421/2381 3039/5423/2382 3037/5422/2360
f 3039/5423/2382 3038/5424/2383 3037/5422/2360
f 3037/5422/2360 3036/5425/2361 3033/5426/2362
f 3036/5425/2361 3035/5427/2363 3033/5426/2362
f 3035/5427/2363 3034/5428/2364 3033/5426/2362
f 3033/5426/2362 3032/5429/2384 3031/5430/2385
f 3031/5430/2385 3030/5431/2386 3033/5426/2362
f 3030/5431/2386 3029/3946/1890 3033/5426/2362
f 3029/3946/1890 3028/5432/2368 3027/5433/2370
f 3027/5433/2370 3026/5434/2371 3025/5435/2369
f 3025/5435/2369 3024/5436/2387 3021/5437/1793
f 3024/5436/2387 3023/5438/2388 3021/5437/1793
f 3023/5438/2388 3022/5439/2389 3021/5437/1793
f 3021/5437/1793 3020/5440/2375 3017/3944/1794
f 3020/5440/2375 3019/5441/2376 3017/3944/1794
f 3019/5441/2376 3018/5442/2377 3017/3944/1794
f 3017/3944/1794 3016/5443/2390 3015/5444/2379
f 3015/5444/2379 3014/5445/2380 3017/3944/1794
f 3014/5445/2380 3013/3945/1889 3017/3944/1794
f 3013/3945/1889 3012/5418/2355 3037/5422/2360
f 3012/5418/2355 3041/5420/2354 3037/5422/2360
f 3029/3946/1890 3027/5433/2370 3025/5435/2369
f 3037/5422/2360 3033/5426/2362 3013/3945/1889
f 3033/5426/2362 3029/3946/1890 3013/3945/1889
f 3029/3946/1890 3025/5435/2369 3021/5437/1793
f 3021/5437/1793 3017/3944/1794 3029/3946/1890
f 2928/3947/1891 2926/4010/1856 3032/3948/1892
f 2902/3950/1799 2900/3839/1656 3019/3841/1658
f 2930/3952/1893 2928/3947/1891 3033/3949/1798
f 2904/3954/1894 2902/3950/1799 3020/3951/1800
f 2932/3956/1805 2930/3952/1893 3034/3953/1802
f 2906/3958/1807 2904/3954/1894 3021/3955/1895
f 2934/3960/1809 2932/3956/1805 3035/3957/1806
f 2908/3962/1811 2906/3958/1807 3022/3959/1808
f 2936/3964/1897 2934/3960/1809 3036/3961/1896
f 2910/3966/1815 2908/5446/1811 3023/3967/1812
f 2938/3969/1817 2936/3964/1897 3037/3965/1814
f 2912/3971/1899 2910/3966/1815 3024/3968/1816
f 2886/3973/1901 2884/4002/1848 3012/3974/1822
f 2940/3976/1902 2938/3969/1817 3038/3970/1898
f 2914/3978/1903 2912/3971/1899 3025/3972/1900
f 2888/3980/1904 2886/3973/1901 3011/3975/1823
f 2942/3982/1906 2940/5447/1902 3039/3983/1825
f 2916/3985/1832 2914/3978/1903 3026/3979/1827
f 2890/3987/1907 2888/3980/1904 3013/3981/1905
f 2944/3989/1836 2942/3982/1906 3040/3984/1831
f 2918/3991/1838 2916/3985/1832 3027/3986/1833
f 2892/3993/1840 2890/3987/1907 3014/3988/1908
f 2946/3995/1911 2944/3989/1836 3041/3990/1837
f 2920/3997/1913 2918/3991/1838 3028/3992/1909
f 2894/3999/1846 2892/5448/1840 3015/4000/1910
f 2884/4002/1848 2946/3995/1911 3042/3996/1912
f 2922/4003/1849 2920/3997/1913 3029/3998/1914
f 2896/4005/1851 2894/3999/1846 3016/4001/1915
f 2924/4007/1917 2922/4003/1849 3030/4004/1850
f 2898/4009/1855 2896/4005/1851 3017/4006/1916
f 2926/4010/1856 2924/5449/1917 3031/4011/1918
f 3043/4012/1919 3108/4082/1661 3107/4013/1596
f 3045/4014/1597 3107/4013/1596 3109/4015/1859
f 3047/4016/1920 3109/4015/1859 3110/4017/1860
f 3049/4018/1601 3110/4017/1860 3111/4019/1602
f 3051/4021/1603 3111/5450/1602 3112/4022/1604
f 3053/4023/1605 3112/4022/1604 3113/4024/1921
f 3055/4025/1922 3113/4024/1921 3114/4026/1608
f 3057/4027/1923 3114/4026/1608 3115/4028/1610
f 3059/4029/1611 3115/4028/1610 3116/4030/1612
f 3061/4031/1613 3116/4030/1612 3117/4032/1614
f 3063/4033/1615 3117/4032/1614 3118/4034/1616
f 3065/4035/1617 3118/4034/1616 3119/4036/1618
f 3067/4038/1619 3119/5451/1618 3120/4039/1924
f 3069/4040/1925 3120/4039/1924 3121/4041/1926
f 3071/4042/1927 3121/4041/1926 3122/4043/1624
f 3073/4044/1625 3122/4043/1624 3123/4045/1626
f 3075/4046/1928 3123/4045/1626 3124/4047/1628
f 3077/4048/1929 3124/4047/1628 3125/4049/1930
f 3079/4050/1931 3125/4049/1930 3126/4051/1932
f 3081/4052/1933 3126/4051/1932 3127/4053/1869
f 3083/4055/1635 3127/5452/1869 3128/4056/1636
f 3085/4057/1637 3128/4056/1636 3129/4058/1638
f 3087/4059/1934 3129/4058/1638 3130/4060/1640
f 3089/4061/1872 3130/4060/1640 3131/4062/1642
f 3091/4063/1643 3131/4062/1642 3132/4064/1935
f 3093/4065/1873 3132/4064/1935 3133/4066/1936
f 3095/4067/1647 3133/4066/1936 3134/4068/1648
f 3097/4069/1649 3134/4068/1648 3135/4070/1876
f 3099/4072/1651 3135/5453/1876 3136/4073/1652
f 3101/4074/1653 3136/4073/1652 3137/4075/1937
f 3060/4077/1656 3058/4247/1855 3178/4078/1939
f 3103/4076/1938 3137/4075/1937 3138/4080/1659
f 3105/4081/1660 3138/4080/1659 3108/4082/1661
f 3105/5454/1664 3043/5455/2391 3049/5456/2392
f 3043/5455/2391 3045/5457/2326 3049/5456/2392
f 3045/5457/2326 3047/5458/2327 3049/5456/2392
f 3049/5456/2392 3051/5459/2329 3057/4083/1940
f 3051/5459/2329 3053/5460/2330 3057/4083/1940
f 3053/5460/2330 3055/5461/2331 3057/4083/1940
f 3057/4083/1940 3059/5462/2332 3061/5463/2333
f 3061/5463/2333 3063/5464/2334 3065/5465/2335
f 3065/5465/2335 3067/5466/2336 3069/5467/2337
f 3069/5467/2337 3071/5468/2338 3073/4084/1662
f 3073/4084/1662 3075/5469/2393 3081/5470/2394
f 3075/5469/2393 3077/5471/2340 3081/5470/2394
f 3077/5471/2340 3079/5472/2341 3081/5470/2394
f 3081/5470/2394 3083/5473/2395 3085/5474/2344
f 3085/5474/2344 3087/5475/2396 3081/5470/2394
f 3087/5475/2396 3089/4085/1663 3081/5470/2394
f 3089/4085/1663 3091/5476/2346 3093/5477/2347
f 3093/5477/2347 3095/5478/2348 3097/5479/2349
f 3097/5479/2349 3099/5480/2350 3101/5481/2351
f 3101/5481/2351 3103/5482/2352 3105/5454/1664
f 3057/4083/1940 3061/5463/2333 3065/5465/2335
f 3065/5465/2335 3069/5467/2337 3057/4083/1940
f 3069/5467/2337 3073/4084/1662 3057/4083/1940
f 3089/4085/1663 3093/5477/2347 3097/5479/2349
f 3097/5479/2349 3101/5481/2351 3089/4085/1663
f 3101/5481/2351 3105/5454/1664 3089/4085/1663
f 3105/5454/1664 3049/5456/2392 3057/4083/1940
f 3073/4084/1662 3081/5470/2394 3089/4085/1663
f 3105/5454/1664 3057/4083/1940 3089/4085/1663
f 3140/4086/1665 3139/4089/1668 3107/4087/1666
f 3139/4089/1668 3141/4091/1670 3109/4090/1669
f 3141/4091/1670 3142/4093/1672 3110/4092/1941
f 3142/4093/1672 3143/4095/1879 3111/4094/1673
f 3143/4095/1879 3144/4097/1676 3112/4096/1675
f 3144/4097/1676 3145/4099/1678 3113/4098/1677
f 3145/4099/1678 3146/4101/1680 3114/4100/1679
f 3146/4101/1680 3147/4103/1682 3115/4102/1681
f 3147/4103/1682 3148/4105/1684 3116/4104/1683
f 3148/4105/1684 3149/4107/1686 3117/4106/1685
f 3149/4107/1686 3150/4109/1688 3118/4108/1687
f 3150/4109/1688 3151/4111/1880 3119/4110/1942
f 3151/4111/1880 3152/4113/1692 3120/4112/1691
f 3152/4113/1692 3153/4115/1694 3121/4114/1693
f 3153/4115/1694 3154/4117/1696 3122/4116/1695
f 3154/4117/1696 3155/4119/1698 3123/4118/1697
f 3155/4119/1698 3156/4121/1700 3124/4120/1699
f 3156/4121/1700 3157/4123/1702 3125/4122/1701
f 3157/4123/1702 3158/4125/1704 3126/4124/1703
f 3158/4125/1704 3159/4127/1881 3127/4126/1705
f 3159/4127/1881 3160/4129/1708 3128/4128/1707
f 3160/4129/1708 3161/4131/1710 3129/4130/1709
f 3161/4131/1710 3162/4133/1712 3130/4132/1711
f 3162/4133/1712 3163/4135/1714 3131/4134/1713
f 3163/4135/1714 3164/4137/1716 3132/4136/1715
f 3164/4137/1716 3165/4139/1718 3133/4138/1717
f 3165/4139/1718 3166/4141/1720 3134/4140/1719
f 3166/4141/1720 3167/4143/1883 3135/4142/1721
f 3167/4143/1883 3168/4145/1724 3136/4144/1723
f 3168/4145/1724 3169/4147/1726 3137/4146/1725
f 3169/4147/1726 3170/4149/1728 3138/4148/1727
f 3170/4149/1728 3140/4086/1665 3108/4088/1667
f 3044/4150/1729 3046/4151/1732 3139/4089/1885
f 3046/4151/1732 3048/4152/1734 3141/4091/1943
f 3048/4152/1734 3050/4153/1736 3142/4093/1735
f 3050/4153/1736 3052/4154/1738 3143/4095/1737
f 3052/4154/1738 3054/4155/1740 3144/4097/1886
f 3054/4155/1740 3056/4156/1742 3145/4099/1741
f 3056/4156/1742 3058/4157/1744 3146/4101/1944
f 3058/4157/1744 3060/4158/1746 3147/4103/1745
f 3060/4158/1746 3062/4159/1748 3148/4105/1747
f 3062/4159/1748 3064/4160/1750 3149/4107/1749
f 3064/4160/1750 3066/4161/1752 3150/4109/1751
f 3066/4161/1752 3068/4162/1754 3151/4111/1753
f 3068/4162/1754 3070/4163/1756 3152/4113/1755
f 3070/4163/1756 3072/4164/1758 3153/4115/1757
f 3072/4164/1758 3074/4165/1945 3154/4117/1759
f 3074/4165/1945 3076/4166/1762 3155/4119/1761
f 3076/4166/1762 3078/4167/1764 3156/4121/1763
f 3078/4167/1764 3080/4168/1766 3157/4123/1765
f 3080/4168/1766 3082/4169/1768 3158/4125/1767
f 3082/4169/1768 3084/4170/1770 3159/4127/1769
f 3084/4170/1770 3086/4171/1946 3160/4129/1888
f 3086/4171/1946 3088/4172/1774 3161/4131/1773
f 3088/4172/1774 3090/4173/1776 3162/4133/1775
f 3090/4173/1776 3092/4174/1778 3163/4135/1777
f 3092/4174/1778 3094/4175/1780 3164/4137/1779
f 3094/4175/1780 3096/4176/1782 3165/4139/1781
f 3096/4176/1782 3098/4177/1784 3166/4141/1783
f 3098/4177/1784 3100/4178/1786 3167/4143/1785
f 3100/4178/1786 3102/4179/1788 3168/4145/1787
f 3102/4179/1788 3104/4180/1790 3169/4147/1947
f 3104/4180/1790 3106/4181/1948 3170/4149/1791
f 3106/4181/1948 3044/4150/1729 3140/4086/1731
f 3173/4183/1889 3171/5483/2353 3172/5484/2355
f 3172/5484/2355 3202/5485/2356 3201/5486/2354
f 3201/5486/2354 3200/5487/2381 3197/5488/2360
f 3200/5487/2381 3199/5489/2382 3197/5488/2360
f 3199/5489/2382 3198/5490/2383 3197/5488/2360
f 3197/5488/2360 3196/5491/2361 3195/5492/2363
f 3195/5492/2363 3194/5493/2364 3197/5488/2360
f 3194/5493/2364 3193/5494/2362 3197/5488/2360
f 3193/5494/2362 3192/5495/2384 3191/5496/2385
f 3191/5496/2385 3190/5497/2386 3193/5494/2362
f 3190/5497/2386 3189/4184/1890 3193/5494/2362
f 3189/4184/1890 3188/5498/2368 3187/5499/2370
f 3187/5499/2370 3186/5500/2371 3185/5501/2369
f 3185/5501/2369 3184/5502/2387 3181/5503/1793
f 3184/5502/2387 3183/5504/2388 3181/5503/1793
f 3183/5504/2388 3182/5505/2389 3181/5503/1793
f 3181/5503/1793 3180/5506/2375 3177/4182/1794
f 3180/5506/2375 3179/5507/2376 3177/4182/1794
f 3179/5507/2376 3178/5508/2377 3177/4182/1794
f 3177/4182/1794 3176/5509/2390 3175/5510/2379
f 3175/5510/2379 3174/5511/2380 3177/4182/1794
f 3174/5511/2380 3173/4183/1889 3177/4182/1794
f 3173/4183/1889 3172/5484/2355 3201/5486/2354
f 3189/4184/1890 3187/5499/2370 3181/5503/1793
f 3187/5499/2370 3185/5501/2369 3181/5503/1793
f 3173/4183/1889 3201/5486/2354 3189/4184/1890
f 3201/5486/2354 3197/5488/2360 3189/4184/1890
f 3197/5488/2360 3193/5494/2362 3189/4184/1890
f 3181/5503/1793 3177/4182/1794 3189/4184/1890
f 3088/4185/1796 3086/4248/1974 3192/4186/1797
f 3062/4188/1949 3060/4077/1656 3179/4079/1658
f 3090/4190/1893 3088/4185/1796 3193/4187/1798
f 3064/4192/1894 3062/4188/1949 3180/4189/1950
f 3092/4194/1805 3090/4190/1893 3194/4191/1951
f 3066/4196/1807 3064/4192/1894 3181/4193/1952
f 3094/4198/1809 3092/4194/1805 3195/4195/1806
f 3068/4200/1955 3066/4196/1807 3182/4197/1953
f 3096/4202/1813 3094/4198/1809 3196/4199/1954
f 3070/4204/1957 3068/5512/1955 3183/4205/1812
f 3098/4207/1817 3096/4202/1813 3197/4203/1956
f 3072/4209/1819 3070/4204/1957 3184/4206/1816
f 3046/4211/1821 3044/4240/1848 3172/4212/1822
f 3100/4214/1824 3098/4207/1817 3198/4208/1818
f 3074/4216/1903 3072/4209/1819 3185/4210/1820
f 3048/4218/1960 3046/4211/1821 3171/4213/1958
f 3102/4220/1961 3100/5513/1824 3199/4221/1825
f 3076/4223/1832 3074/4216/1903 3186/4217/1959
f 3050/4225/1834 3048/4218/1960 3173/4219/1829
f 3104/4227/1962 3102/4220/1961 3200/4222/1831
f 3078/4229/1964 3076/4223/1832 3187/4224/1833
f 3052/4231/1966 3050/4225/1834 3174/4226/1835
f 3106/4233/1967 3104/4227/1962 3201/4228/1963
f 3080/4235/1968 3078/4229/1964 3188/4230/1965
f 3054/4237/1969 3052/5514/1966 3175/4238/1910
f 3044/4240/1848 3106/4233/1967 3202/4234/1843
f 3082/4241/1970 3080/4235/1968 3189/4236/1845
f 3056/4243/1972 3054/4237/1969 3176/4239/1847
f 3084/4245/1853 3082/4241/1970 3190/4242/1971
f 3058/4247/1855 3056/4243/1972 3177/4244/1973
f 3086/4248/1974 3084/5515/1853 3191/4249/1918
f 3203/4250/1975 3204/4320/2041 3206/4251/1976
f 3205/4252/1977 3206/4251/1976 3208/4253/1978
f 3207/4254/1979 3208/4253/1978 3210/4255/1980
f 3209/4256/1981 3210/4255/1980 3212/4257/1982
f 3211/4259/1983 3212/5516/1982 3214/4260/1984
f 3213/4261/1985 3214/4260/1984 3216/4262/1986
f 3215/4263/1987 3216/4262/1986 3218/4264/1988
f 3217/4265/1989 3218/4264/1988 3220/4266/1990
f 3219/4267/1991 3220/4266/1990 3222/4268/1992
f 3221/4269/1993 3222/4268/1992 3224/4270/1994
f 3223/4271/1995 3224/4270/1994 3226/4272/1996
f 3225/4273/1997 3226/4272/1996 3228/4274/1998
f 3227/4276/1999 3228/5517/1998 3230/4277/2000
f 3229/4278/2001 3230/4277/2000 3232/4279/2002
f 3231/4280/2003 3232/4279/2002 3234/4281/2004
f 3233/4282/2005 3234/4281/2004 3236/4283/2006
f 3235/4284/2007 3236/4283/2006 3238/4285/2008
f 3237/4286/2009 3238/4285/2008 3240/4287/2010
f 3239/4288/2011 3240/4287/2010 3242/4289/2012
f 3241/4290/2013 3242/4289/2012 3244/4291/2014
f 3243/4293/2015 3244/5518/2014 3246/4294/2016
f 3245/4295/2017 3246/4294/2016 3248/4296/2018
f 3247/4297/2019 3248/4296/2018 3250/4298/2020
f 3249/4299/2021 3250/4298/2020 3252/4300/2022
f 3251/4301/2023 3252/4300/2022 3254/4302/2024
f 3253/4303/2025 3254/4302/2024 3256/4304/2026
f 3255/4305/2027 3256/4304/2026 3258/4306/2028
f 3257/4307/2029 3258/4306/2028 3260/4308/2030
f 3259/4310/2031 3260/5519/2030 3262/4311/2032
f 3261/4312/2033 3262/4311/2032 3264/4313/2034
f 3208/4317/2038 3206/5520/2397 3204/5521/2398
f 3204/5521/2398 3266/5522/2399 3208/4317/2038
f 3266/5522/2399 3264/5523/2400 3208/4317/2038
f 3264/5523/2400 3262/5524/2401 3260/5525/2402
f 3260/5525/2402 3258/5526/2403 3256/5527/2404
f 3256/5527/2404 3254/5528/2405 3252/5529/2406
f 3252/5529/2406 3250/5530/2407 3256/5527/2404
f 3250/5530/2407 3248/5531/2408 3256/5527/2404
f 3248/5531/2408 3246/5532/2409 3244/5533/2410
f 3244/5533/2410 3242/5534/2411 3240/4315/2036
f 3240/4315/2036 3238/5535/2412 3232/5536/2413
f 3238/5535/2412 3236/5537/2414 3232/5536/2413
f 3236/5537/2414 3234/5538/2415 3232/5536/2413
f 3232/5536/2413 3230/5539/2416 3228/5540/2417
f 3228/5540/2417 3226/5541/2418 3224/4316/2037
f 3224/4316/2037 3222/5542/2419 3216/5543/2420
f 3222/5542/2419 3220/5544/2421 3216/5543/2420
f 3220/5544/2421 3218/5545/2422 3216/5543/2420
f 3216/5543/2420 3214/5546/2423 3212/5547/2424
f 3212/5547/2424 3210/5548/2425 3208/4317/2038
f 3264/5523/2400 3260/5525/2402 3208/4317/2038
f 3260/5525/2402 3256/5527/2404 3208/4317/2038
f 3248/5531/2408 3244/5533/2410 3256/5527/2404
f 3244/5533/2410 3240/4315/2036 3256/5527/2404
f 3232/5536/2413 3228/5540/2417 3240/4315/2036
f 3228/5540/2417 3224/4316/2037 3240/4315/2036
f 3216/5543/2420 3212/5547/2424 3224/4316/2037
f 3212/5547/2424 3208/4317/2038 3224/4316/2037
f 3208/4317/2038 3256/5527/2404 3240/4315/2036
f 3263/4314/2035 3264/4313/2034 3266/4318/2039
f 3265/4319/2040 3266/4318/2039 3204/4320/2041
f 3215/4263/2042 3217/4265/2065 3274/4321/2043
f 3283/4323/2045 3284/4370/2068 3316/4324/2046
f 3233/4282/2048 3235/4284/2067 3283/4326/2045
f 3251/4301/2050 3253/4303/2069 3292/4328/2051
f 3207/4254/2053 3209/4256/2071 3270/4330/2054
f 3225/4332/2056 3227/5549/2073 3279/4333/2057
f 3243/4293/2059 3245/4295/2075 3288/4335/2060
f 3261/4312/2062 3263/4314/2077 3297/4337/2063
f 3217/4265/2065 3219/4267/2079 3275/4339/2066
f 3235/4284/2067 3237/4286/2081 3284/4340/2068
f 3253/4303/2069 3255/4305/2083 3293/4341/2070
f 3209/4256/2071 3211/4258/2085 3271/4342/2072
f 3227/4276/2073 3229/4278/2087 3280/4343/2074
f 3245/4295/2075 3247/4297/2089 3289/4345/2076
f 3263/4314/2077 3265/4319/2094 3298/4346/2078
f 3219/4267/2079 3221/4269/2095 3276/4347/2080
f 3237/4286/2081 3239/4288/2097 3285/4348/2082
f 3255/4305/2083 3257/4307/2099 3294/4349/2084
f 3211/4259/2085 3213/4261/2101 3272/4350/2086
f 3229/4278/2087 3231/4280/2102 3281/4352/2088
f 3247/4297/2089 3249/4299/2103 3290/4353/2090
f 3203/4250/2091 3205/4252/2104 3268/4354/2092
f 3265/4319/2094 3203/4250/2091 3267/4355/2093
f 3221/4269/2095 3223/4271/2105 3277/4356/2096
f 3239/4288/2097 3241/4290/2106 3286/4357/2098
f 3257/4307/2099 3259/4309/2107 3295/4358/2100
f 3213/4261/2101 3215/4263/2042 3273/4322/2044
f 3231/4280/2102 3233/4282/2048 3282/4327/2049
f 3249/4299/2103 3251/4301/2050 3291/4329/2052
f 3205/4252/2104 3207/4254/2053 3269/4331/2055
f 3223/4271/2105 3225/4273/2056 3278/4359/2058
f 3241/4290/2106 3243/4292/2059 3287/4360/2061
f 3259/4310/2107 3261/4312/2062 3296/4338/2064
f 3330/4364/2110 3299/4375/2116 3302/4367/2112
f 3299/4375/2116 3300/4409/2133 3302/4367/2112
f 3300/4409/2133 3301/4415/2136 3302/4367/2112
f 3302/4367/2112 3303/4366/2111 3304/4373/2115
f 3304/4373/2115 3305/4379/2118 3306/4383/2120
f 3306/4383/2120 3307/4387/2122 3310/4398/2127
f 3307/4387/2122 3308/4391/2124 3310/4398/2127
f 3308/4391/2124 3309/4394/2125 3310/4398/2127
f 3310/4398/2127 3311/4401/2129 3312/4404/2131
f 3312/4404/2131 3313/4407/2132 3314/4413/2135
f 3314/4413/2135 3315/4325/2047 3318/4377/2117
f 3315/4325/2047 3316/4324/2046 3318/4377/2117
f 3316/4324/2046 3317/4371/2114 3318/4377/2117
f 3318/4377/2117 3319/4381/2119 3320/4385/2121
f 3320/4385/2121 3321/4389/2123 3322/4362/2108
f 3322/4362/2108 3323/4396/2126 3326/4363/2109
f 3323/4396/2126 3324/4400/2128 3326/4363/2109
f 3324/4400/2128 3325/4403/2130 3326/4363/2109
f 3326/4363/2109 3327/4411/2134 3328/4417/2137
f 3328/4417/2137 3329/4369/2113 3330/4364/2110
f 3302/4367/2112 3304/4373/2115 3306/4383/2120
f 3310/4398/2127 3312/4404/2131 3314/4413/2135
f 3318/4377/2117 3320/4385/2121 3322/4362/2108
f 3326/4363/2109 3328/4417/2137 3330/4364/2110
f 3330/4364/2110 3302/4367/2112 3314/4413/2135
f 3302/4367/2112 3306/4383/2120 3314/4413/2135
f 3306/4383/2120 3310/4398/2127 3314/4413/2135
f 3314/4413/2135 3318/4377/2117 3330/4364/2110
f 3318/4377/2117 3322/4362/2108 3330/4364/2110
f 3270/4365/2054 3271/4372/2072 3303/4366/2111
f 3297/4368/2063 3298/4374/2078 3330/4364/2110
f 3284/4370/2068 3285/4376/2082 3317/4371/2114
f 3271/4372/2072 3272/4378/2086 3304/4373/2115
f 3298/4374/2078 3267/4408/2093 3299/4375/2116
f 3285/4376/2082 3286/4380/2098 3318/4377/2117
f 3272/4378/2086 3273/4382/2044 3305/4379/2118
f 3286/4380/2098 3287/4384/2061 3319/4381/2119
f 3273/4382/2044 3274/4386/2043 3306/4383/2120
f 3287/4384/2061 3288/4388/2060 3320/4385/2121
f 3274/4386/2043 3275/4390/2066 3307/4387/2122
f 3288/4388/2060 3289/4392/2076 3321/4389/2123
f 3275/4390/2066 3276/4393/2080 3308/4391/2124
f 3289/4392/2076 3290/4395/2090 3322/4362/2108
f 3276/4393/2080 3277/4397/2096 3309/4394/2125
f 3290/4395/2090 3291/4399/2052 3323/4396/2126
f 3277/4397/2096 3278/4334/2058 3310/4398/2127
f 3291/4399/2052 3292/4402/2051 3324/4400/2128
f 3278/4334/2058 3279/4333/2057 3311/4401/2129
f 3292/4402/2051 3293/4405/2070 3325/4403/2130
f 3279/4333/2057 3280/4406/2074 3312/4404/2131
f 3293/4405/2070 3294/4410/2084 3326/4363/2109
f 3280/4406/2074 3281/4412/2088 3313/4407/2132
f 3267/4408/2093 3268/4414/2092 3300/4409/2133
f 3294/4410/2084 3295/4416/2100 3327/4411/2134
f 3281/4412/2088 3282/4418/2049 3314/4413/2135
f 3268/4414/2092 3269/4419/2055 3301/4415/2136
f 3295/4416/2100 3296/4420/2064 3328/4417/2137
f 3282/4418/2049 3283/4323/2045 3315/4325/2047
f 3269/4419/2055 3270/4365/2054 3302/4367/2112
f 3296/4420/2064 3297/4368/2063 3329/4369/2113
f 3331/4421/1975 3332/4491/2041 3334/4422/1976
f 3333/4423/1977 3334/4422/1976 3336/4424/1978
f 3335/4425/1979 3336/4424/1978 3338/4426/1980
f 3337/4427/1981 3338/4426/1980 3340/4428/1982
f 3339/4430/1983 3340/5550/1982 3342/4431/1984
f 3341/4432/1985 3342/4431/1984 3344/4433/1986
f 3343/4434/1987 3344/4433/1986 3346/4435/1988
f 3345/4436/1989 3346/4435/1988 3348/4437/1990
f 3347/4438/1991 3348/4437/1990 3350/4439/1992
f 3349/4440/1993 3350/4439/1992 3352/4441/1994
f 3351/4442/1995 3352/4441/1994 3354/4443/1996
f 3353/4444/1997 3354/4443/1996 3356/4445/1998
f 3355/4447/1999 3356/5551/1998 3358/4448/2000
f 3357/4449/2001 3358/4448/2000 3360/4450/2002
f 3359/4451/2003 3360/4450/2002 3362/4452/2004
f 3361/4453/2005 3362/4452/2004 3364/4454/2006
f 3363/4455/2007 3364/4454/2006 3366/4456/2008
f 3365/4457/2009 3366/4456/2008 3368/4458/2010
f 3367/4459/2011 3368/4458/2010 3370/4460/2012
f 3369/4461/2013 3370/4460/2012 3372/4462/2014
f 3371/4464/2015 3372/5552/2014 3374/4465/2016
f 3373/4466/2017 3374/4465/2016 3376/4467/2018
f 3375/4468/2019 3376/4467/2018 3378/4469/2020
f 3377/4470/2021 3378/4469/2020 3380/4471/2022
f 3379/4472/2023 3380/4471/2022 3382/4473/2024
f 3381/4474/2025 3382/4473/2024 3384/4475/2026
f 3383/4476/2027 3384/4475/2026 3386/4477/2028
f 3385/4478/2029 3386/4477/2028 3388/4479/2030
f 3387/4481/2031 3388/5553/2030 3390/4482/2032
f 3389/4483/2033 3390/4482/2032 3392/4484/2034
f 3336/4488/2038 3334/5554/2397 3332/5555/2398
f 3332/5555/2398 3394/5556/2399 3336/4488/2038
f 3394/5556/2399 3392/5557/2400 3336/4488/2038
f 3392/5557/2400 3390/5558/2401 3388/5559/2402
f 3388/5559/2402 3386/5560/2403 3384/5561/2404
f 3384/5561/2404 3382/5562/2405 3380/5563/2406
f 3380/5563/2406 3378/5564/2407 3384/5561/2404
f 3378/5564/2407 3376/5565/2408 3384/5561/2404
f 3376/5565/2408 3374/5566/2409 3372/5567/2410
f 3372/5567/2410 3370/5568/2411 3368/4486/2036
f 3368/4486/2036 3366/5569/2412 3360/5570/2413
f 3366/5569/2412 3364/5571/2414 3360/5570/2413
f 3364/5571/2414 3362/5572/2415 3360/5570/2413
f 3360/5570/2413 3358/5573/2416 3356/5574/2417
f 3356/5574/2417 3354/5575/2418 3352/4487/2037
f 3352/4487/2037 3350/5576/2419 3344/5577/2420
f 3350/5576/2419 3348/5578/2421 3344/5577/2420
f 3348/5578/2421 3346/5579/2422 3344/5577/2420
f 3344/5577/2420 3342/5580/2423 3340/5581/2424
f 3340/5581/2424 3338/5582/2425 3336/4488/2038
f 3392/5557/2400 3388/5559/2402 3336/4488/2038
f 3388/5559/2402 3384/5561/2404 3336/4488/2038
f 3376/5565/2408 3372/5567/2410 3384/5561/2404
f 3372/5567/2410 3368/4486/2036 3384/5561/2404
f 3360/5570/2413 3356/5574/2417 3368/4486/2036
f 3356/5574/2417 3352/4487/2037 3368/4486/2036
f 3344/5577/2420 3340/5581/2424 3352/4487/2037
f 3340/5581/2424 3336/4488/2038 3352/4487/2037
f 3336/4488/2038 3384/5561/2404 3368/4486/2036
f 3391/4485/2035 3392/4484/2034 3394/4489/2039
f 3393/4490/2040 3394/4489/2039 3332/4491/2041
f 3343/4434/2042 3345/4436/2065 3402/4492/2043
f 3411/4494/2045 3412/4541/2068 3444/4495/2046
f 3361/4453/2048 3363/4455/2067 3411/4497/2045
f 3379/4472/2050 3381/4474/2069 3420/4499/2051
f 3335/4425/2053 3337/4427/2071 3398/4501/2054
f 3353/4503/2056 3355/5583/2073 3407/4504/2057
f 3371/4464/2059 3373/4466/2075 3416/4506/2060
f 3389/4483/2062 3391/4485/2077 3425/4508/2063
f 3345/4436/2065 3347/4438/2079 3403/4510/2066
f 3363/4455/2067 3365/4457/2081 3412/4511/2068
f 3381/4474/2069 3383/4476/2083 3421/4512/2070
f 3337/4427/2071 3339/4429/2085 3399/4513/2072
f 3355/4447/2073 3357/4449/2087 3408/4514/2074
f 3373/4466/2075 3375/4468/2089 3417/4516/2076
f 3391/4485/2077 3393/4490/2094 3426/4517/2078
f 3347/4438/2079 3349/4440/2095 3404/4518/2080
f 3365/4457/2081 3367/4459/2097 3413/4519/2082
f 3383/4476/2083 3385/4478/2099 3422/4520/2084
f 3339/4430/2085 3341/4432/2101 3400/4521/2086
f 3357/4449/2087 3359/4451/2102 3409/4523/2088
f 3375/4468/2089 3377/4470/2103 3418/4524/2090
f 3331/4421/2091 3333/4423/2104 3396/4525/2092
f 3393/4490/2094 3331/4421/2091 3395/4526/2093
f 3349/4440/2095 3351/4442/2105 3405/4527/2096
f 3367/4459/2097 3369/4461/2106 3414/4528/2098
f 3385/4478/2099 3387/4480/2107 3423/4529/2100
f 3341/4432/2101 3343/4434/2042 3401/4493/2044
f 3359/4451/2102 3361/4453/2048 3410/4498/2049
f 3377/4470/2103 3379/4472/2050 3419/4500/2052
f 3333/4423/2104 3335/4425/2053 3397/4502/2055
f 3351/4442/2105 3353/4444/2056 3406/4530/2058
f 3369/4461/2106 3371/4463/2059 3415/4531/2061
f 3387/4481/2107 3389/4483/2062 3424/4509/2064
f 3458/4535/2110 3427/4546/2116 3430/4538/2112
f 3427/4546/2116 3428/4580/2133 3430/4538/2112
f 3428/4580/2133 3429/4586/2136 3430/4538/2112
f 3430/4538/2112 3431/4537/2111 3432/4544/2115
f 3432/4544/2115 3433/4550/2118 3434/4554/2120
f 3434/4554/2120 3435/4558/2122 3438/4569/2127
f 3435/4558/2122 3436/4562/2124 3438/4569/2127
f 3436/4562/2124 3437/4565/2125 3438/4569/2127
f 3438/4569/2127 3439/4572/2129 3440/4575/2131
f 3440/4575/2131 3441/4578/2132 3442/4584/2135
f 3442/4584/2135 3443/4496/2047 3446/4548/2117
f 3443/4496/2047 3444/4495/2046 3446/4548/2117
f 3444/4495/2046 3445/4542/2114 3446/4548/2117
f 3446/4548/2117 3447/4552/2119 3448/4556/2121
f 3448/4556/2121 3449/4560/2123 3450/4533/2108
f 3450/4533/2108 3451/4567/2126 3454/4534/2109
f 3451/4567/2126 3452/4571/2128 3454/4534/2109
f 3452/4571/2128 3453/4574/2130 3454/4534/2109
f 3454/4534/2109 3455/4582/2134 3456/4588/2137
f 3456/4588/2137 3457/4540/2113 3458/4535/2110
f 3430/4538/2112 3432/4544/2115 3434/4554/2120
f 3438/4569/2127 3440/4575/2131 3442/4584/2135
f 3446/4548/2117 3448/4556/2121 3450/4533/2108
f 3454/4534/2109 3456/4588/2137 3458/4535/2110
f 3458/4535/2110 3430/4538/2112 3442/4584/2135
f 3430/4538/2112 3434/4554/2120 3442/4584/2135
f 3434/4554/2120 3438/4569/2127 3442/4584/2135
f 3442/4584/2135 3446/4548/2117 3458/4535/2110
f 3446/4548/2117 3450/4533/2108 3458/4535/2110
f 3398/4536/2054 3399/4543/2072 3431/4537/2111
f 3425/4539/2063 3426/4545/2078 3458/4535/2110
f 3412/4541/2068 3413/4547/2082 3445/4542/2114
f 3399/4543/2072 3400/4549/2086 3432/4544/2115
f 3426/4545/2078 3395/4579/2093 3427/4546/2116
f 3413/4547/2082 3414/4551/2098 3446/4548/2117
f 3400/4549/2086 3401/4553/2044 3433/4550/2118
f 3414/4551/2098 3415/4555/2061 3447/4552/2119
f 3401/4553/2044 3402/4557/2043 3434/4554/2120
f 3415/4555/2061 3416/4559/2060 3448/4556/2121
f 3402/4557/2043 3403/4561/2066 3435/4558/2122
f 3416/4559/2060 3417/4563/2076 3449/4560/2123
f 3403/4561/2066 3404/4564/2080 3436/4562/2124
f 3417/4563/2076 3418/4566/2090 3450/4533/2108
f 3404/4564/2080 3405/4568/2096 3437/4565/2125
f 3418/4566/2090 3419/4570/2052 3451/4567/2126
f 3405/4568/2096 3406/4505/2058 3438/4569/2127
f 3419/4570/2052 3420/4573/2051 3452/4571/2128
f 3406/4505/2058 3407/4504/2057 3439/4572/2129
f 3420/4573/2051 3421/4576/2070 3453/4574/2130
f 3407/4504/2057 3408/4577/2074 3440/4575/2131
f 3421/4576/2070 3422/4581/2084 3454/4534/2109
f 3408/4577/2074 3409/4583/2088 3441/4578/2132
f 3395/4579/2093 3396/4585/2092 3428/4580/2133
f 3422/4581/2084 3423/4587/2100 3455/4582/2134
f 3409/4583/2088 3410/4589/2049 3442/4584/2135
f 3396/4585/2092 3397/4590/2055 3429/4586/2136
f 3423/4587/2100 3424/4591/2064 3456/4588/2137
f 3410/4589/2049 3411/4494/2045 3443/4496/2047
f 3397/4590/2055 3398/4536/2054 3430/4538/2112
f 3424/4591/2064 3425/4539/2063 3457/4540/2113
f 3459/4592/1975 3460/4662/2156 3462/4593/2138
f 3461/4594/1977 3462/4593/2138 3464/4595/2139
f 3463/4596/1979 3464/4595/2139 3466/4597/1980
f 3465/4598/1981 3466/4597/1980 3468/4599/1982
f 3467/4601/1983 3468/5584/1982 3470/4602/2140
f 3469/4603/1985 3470/4602/2140 3472/4604/1986
f 3471/4605/2141 3472/4604/1986 3474/4606/1988
f 3473/4607/1989 3474/4606/1988 3476/4608/1990
f 3475/4609/1991 3476/4608/1990 3478/4610/1992
f 3477/4611/2142 3478/4610/1992 3480/4612/1994
f 3479/4613/1995 3480/4612/1994 3482/4614/1996
f 3481/4615/2143 3482/4614/1996 3484/4616/1998
f 3483/4618/1999 3484/5585/1998 3486/4619/2000
f 3485/4620/2001 3486/4619/2000 3488/4621/2002
f 3487/4622/2003 3488/4621/2002 3490/4623/2004
f 3489/4624/2144 3490/4623/2004 3492/4625/2006
f 3491/4626/2007 3492/4625/2006 3494/4627/2008
f 3493/4628/2009 3494/4627/2008 3496/4629/2145
f 3495/4630/2011 3496/4629/2145 3498/4631/2012
f 3497/4632/2013 3498/4631/2012 3500/4633/2014
f 3499/4635/2015 3500/5586/2014 3502/4636/2146
f 3501/4637/2017 3502/4636/2146 3504/4638/2147
f 3503/4639/2019 3504/4638/2147 3506/4640/2020
f 3505/4641/2021 3506/4640/2020 3508/4642/2022
f 3507/4643/2023 3508/4642/2022 3510/4644/2024
f 3509/4645/2148 3510/4644/2024 3512/4646/2149
f 3511/4647/2150 3512/4646/2149 3514/4648/2151
f 3513/4649/2152 3514/4648/2151 3516/4650/2030
f 3515/4652/2031 3516/5587/2030 3518/4653/2032
f 3517/4654/2033 3518/4653/2032 3520/4655/2153
f 3464/4659/2154 3462/5588/2426 3520/5589/2427
f 3462/5588/2426 3460/5590/2428 3520/5589/2427
f 3460/5590/2428 3522/5591/2429 3520/5589/2427
f 3520/5589/2427 3518/5592/2401 3516/5593/2402
f 3516/5593/2402 3514/5594/2430 3512/5595/2431
f 3512/5595/2431 3510/5596/2405 3508/5597/2406
f 3508/5597/2406 3506/5598/2407 3512/5595/2431
f 3506/5598/2407 3504/5599/2408 3512/5595/2431
f 3504/5599/2408 3502/5600/2409 3500/5601/2410
f 3500/5601/2410 3498/5602/2411 3496/4657/2036
f 3496/4657/2036 3494/5603/2412 3488/5604/2413
f 3494/5603/2412 3492/5605/2414 3488/5604/2413
f 3492/5605/2414 3490/5606/2415 3488/5604/2413
f 3488/5604/2413 3486/5607/2416 3484/5608/2417
f 3484/5608/2417 3482/5609/2418 3480/4658/2037
f 3480/4658/2037 3478/5610/2419 3472/5611/2420
f 3478/5610/2419 3476/5612/2421 3472/5611/2420
f 3476/5612/2421 3474/5613/2422 3472/5611/2420
f 3472/5611/2420 3470/5614/2423 3468/5615/2424
f 3468/5615/2424 3466/5616/2425 3464/4659/2154
f 3520/5589/2427 3516/5593/2402 3464/4659/2154
f 3516/5593/2402 3512/5595/2431 3464/4659/2154
f 3504/5599/2408 3500/5601/2410 3512/5595/2431
f 3500/5601/2410 3496/4657/2036 3512/5595/2431
f 3488/5604/2413 3484/5608/2417 3496/4657/2036
f 3484/5608/2417 3480/4658/2037 3496/4657/2036
f 3472/5611/2420 3468/5615/2424 3480/4658/2037
f 3468/5615/2424 3464/4659/2154 3480/4658/2037
f 3464/4659/2154 3512/5595/2431 3496/4657/2036
f 3519/4656/2035 3520/4655/2153 3522/4660/2155
f 3521/4661/2040 3522/4660/2155 3460/4662/2156
f 3471/4605/2042 3473/4607/2065 3530/4663/2157
f 3539/4665/2045 3540/4712/2068 3572/4666/2046
f 3489/4624/2048 3491/4626/2067 3539/4668/2045
f 3507/4643/2050 3509/4645/2069 3548/4670/2051
f 3463/4596/2053 3465/4598/2071 3526/4672/2054
f 3481/4674/2056 3483/5617/2073 3535/4675/2057
f 3499/4635/2059 3501/4637/2075 3544/4677/2060
f 3517/4654/2062 3519/4656/2077 3553/4679/2063
f 3473/4607/2065 3475/4609/2079 3531/4681/2066
f 3491/4626/2067 3493/4628/2081 3540/4682/2068
f 3509/4645/2069 3511/4647/2160 3549/4683/2070
f 3465/4598/2071 3467/4600/2085 3527/4684/2072
f 3483/4618/2073 3485/4620/2087 3536/4685/2074
f 3501/4637/2075 3503/4639/2089 3545/4687/2076
f 3519/4656/2077 3521/4661/2094 3554/4688/2078
f 3475/4609/2079 3477/4611/2095 3532/4689/2080
f 3493/4628/2081 3495/4630/2097 3541/4690/2082
f 3511/4647/2160 3513/4649/2099 3550/4691/2084
f 3467/4601/2085 3469/4603/2101 3528/4692/2086
f 3485/4620/2087 3487/4622/2102 3537/4694/2088
f 3503/4639/2089 3505/4641/2103 3546/4695/2161
f 3459/4592/2091 3461/4594/2104 3524/4696/2092
f 3521/4661/2094 3459/4592/2091 3523/4697/2093
f 3477/4611/2095 3479/4613/2105 3533/4698/2096
f 3495/4630/2097 3497/4632/2106 3542/4699/2098
f 3513/4649/2099 3515/4651/2107 3551/4700/2100
f 3469/4603/2101 3471/4605/2042 3529/4664/2044
f 3487/4622/2102 3489/4624/2048 3538/4669/2049
f 3505/4641/2103 3507/4643/2050 3547/4671/2052
f 3461/4594/2104 3463/4596/2053 3525/4673/2159
f 3479/4613/2105 3481/4615/2056 3534/4701/2058
f 3497/4632/2106 3499/4634/2059 3543/4702/2061
f 3515/4652/2107 3517/4654/2062 3552/4680/2064
f 3586/4706/2164 3555/4717/2116 3558/4709/2112
f 3555/4717/2116 3556/4752/2133 3558/4709/2112
f 3556/4752/2133 3557/4757/2136 3558/4709/2112
f 3558/4709/2112 3559/4708/2111 3560/4715/2115
f 3560/4715/2115 3561/4721/2118 3562/4725/2120
f 3562/4725/2120 3563/4729/2122 3566/4740/2127
f 3563/4729/2122 3564/4733/2124 3566/4740/2127
f 3564/4733/2124 3565/4736/2125 3566/4740/2127
f 3566/4740/2127 3567/4743/2129 3568/4746/2131
f 3568/4746/2131 3569/4750/2132 3570/4704/2162
f 3570/4704/2162 3571/4667/2158 3572/4666/2046
f 3572/4666/2046 3573/4713/2165 3570/4704/2162
f 3573/4713/2165 3574/4719/2166 3570/4704/2162
f 3574/4719/2166 3575/4723/2119 3576/4727/2167
f 3576/4727/2167 3577/4731/2123 3578/4705/2163
f 3578/4705/2163 3579/4738/2126 3582/4748/2168
f 3579/4738/2126 3580/4742/2128 3582/4748/2168
f 3580/4742/2128 3581/4745/2130 3582/4748/2168
f 3582/4748/2168 3583/4754/2134 3584/4759/2137
f 3584/4759/2137 3585/4711/2113 3586/4706/2164
f 3558/4709/2112 3560/4715/2115 3562/4725/2120
f 3566/4740/2127 3568/4746/2131 3570/4704/2162
f 3574/4719/2166 3576/4727/2167 3570/4704/2162
f 3576/4727/2167 3578/4705/2163 3570/4704/2162
f 3582/4748/2168 3584/4759/2137 3586/4706/2164
f 3586/4706/2164 3558/4709/2112 3570/4704/2162
f 3558/4709/2112 3562/4725/2120 3570/4704/2162
f 3562/4725/2120 3566/4740/2127 3570/4704/2162
f 3578/4705/2163 3582/4748/2168 3586/4706/2164
f 3526/4707/2054 3527/4714/2072 3559/4708/2111
f 3553/4710/2063 3554/4716/2078 3586/4706/2164
f 3540/4712/2068 3541/4718/2082 3573/4713/2165
f 3527/4714/2072 3528/4720/2086 3560/4715/2115
f 3554/4716/2078 3523/4751/2093 3555/4717/2116
f 3541/4718/2082 3542/4722/2098 3574/4719/2166
f 3528/4720/2086 3529/4724/2044 3561/4721/2118
f 3542/4722/2098 3543/4726/2061 3575/4723/2119
f 3529/4724/2044 3530/4728/2157 3562/4725/2120
f 3543/4726/2061 3544/4730/2060 3576/4727/2167
f 3530/4728/2157 3531/4732/2066 3563/4729/2122
f 3544/4730/2060 3545/4734/2076 3577/4731/2123
f 3531/4732/2066 3532/4735/2080 3564/4733/2124
f 3545/4734/2076 3546/4737/2161 3578/4705/2163
f 3532/4735/2080 3533/4739/2096 3565/4736/2125
f 3546/4737/2161 3547/4741/2052 3579/4738/2126
f 3533/4739/2096 3534/4676/2058 3566/4740/2127
f 3547/4741/2052 3548/4744/2051 3580/4742/2128
f 3534/4676/2058 3535/4675/2057 3567/4743/2129
f 3548/4744/2051 3549/4747/2070 3581/4745/2130
f 3535/4675/2057 3536/4749/2074 3568/4746/2131
f 3549/4747/2070 3550/4753/2084 3582/4748/2168
f 3536/4749/2074 3537/4755/2088 3569/4750/2132
f 3523/4751/2093 3524/4756/2092 3556/4752/2133
f 3550/4753/2084 3551/4758/2100 3583/4754/2134
f 3537/4755/2088 3538/4760/2049 3570/4704/2162
f 3524/4756/2092 3525/4761/2159 3557/4757/2136
f 3551/4758/2100 3552/4762/2064 3584/4759/2137
f 3538/4760/2049 3539/4665/2045 3571/4667/2158
f 3525/4761/2159 3526/4707/2054 3558/4709/2112
f 3552/4762/2064 3553/4710/2063 3585/4711/2113
f 3587/4763/1975 3588/4833/2156 3590/4764/2138
f 3589/4765/1977 3590/4764/2138 3592/4766/2139
f 3591/4767/1979 3592/4766/2139 3594/4768/1980
f 3593/4769/1981 3594/4768/1980 3596/4770/1982
f 3595/4772/1983 3596/5618/1982 3598/4773/2140
f 3597/4774/1985 3598/4773/2140 3600/4775/1986
f 3599/4776/2141 3600/4775/1986 3602/4777/1988
f 3601/4778/1989 3602/4777/1988 3604/4779/1990
f 3603/4780/1991 3604/4779/1990 3606/4781/1992
f 3605/4782/2142 3606/4781/1992 3608/4783/1994
f 3607/4784/1995 3608/4783/1994 3610/4785/1996
f 3609/4786/2143 3610/4785/1996 3612/4787/1998
f 3611/4789/1999 3612/5619/1998 3614/4790/2000
f 3613/4791/2001 3614/4790/2000 3616/4792/2002
f 3615/4793/2003 3616/4792/2002 3618/4794/2004
f 3617/4795/2144 3618/4794/2004 3620/4796/2006
f 3619/4797/2007 3620/4796/2006 3622/4798/2008
f 3621/4799/2009 3622/4798/2008 3624/4800/2145
f 3623/4801/2011 3624/4800/2145 3626/4802/2012
f 3625/4803/2013 3626/4802/2012 3628/4804/2014
f 3627/4806/2015 3628/5620/2014 3630/4807/2146
f 3629/4808/2017 3630/4807/2146 3632/4809/2147
f 3631/4810/2019 3632/4809/2147 3634/4811/2020
f 3633/4812/2021 3634/4811/2020 3636/4813/2022
f 3635/4814/2023 3636/4813/2022 3638/4815/2024
f 3637/4816/2148 3638/4815/2024 3640/4817/2169
f 3639/4818/2027 3640/4817/2169 3642/4819/2028
f 3641/4820/2152 3642/4819/2028 3644/4821/2030
f 3643/4823/2031 3644/5621/2030 3646/4824/2032
f 3645/4825/2033 3646/4824/2032 3648/4826/2153
f 3592/4830/2154 3590/5622/2426 3648/5623/2427
f 3590/5622/2426 3588/5624/2428 3648/5623/2427
f 3588/5624/2428 3650/5625/2429 3648/5623/2427
f 3648/5623/2427 3646/5626/2401 3644/5627/2402
f 3644/5627/2402 3642/5628/2403 3640/5629/2404
f 3640/5629/2404 3638/5630/2405 3636/5631/2406
f 3636/5631/2406 3634/5632/2407 3640/5629/2404
f 3634/5632/2407 3632/5633/2408 3640/5629/2404
f 3632/5633/2408 3630/5634/2409 3628/5635/2410
f 3628/5635/2410 3626/5636/2411 3624/4828/2036
f 3624/4828/2036 3622/5637/2412 3616/5638/2413
f 3622/5637/2412 3620/5639/2414 3616/5638/2413
f 3620/5639/2414 3618/5640/2415 3616/5638/2413
f 3616/5638/2413 3614/5641/2416 3612/5642/2417
f 3612/5642/2417 3610/5643/2418 3608/4829/2037
f 3608/4829/2037 3606/5644/2419 3600/5645/2420
f 3606/5644/2419 3604/5646/2421 3600/5645/2420
f 3604/5646/2421 3602/5647/2422 3600/5645/2420
f 3600/5645/2420 3598/5648/2423 3596/5649/2424
f 3596/5649/2424 3594/5650/2425 3592/4830/2154
f 3648/5623/2427 3644/5627/2402 3592/4830/2154
f 3644/5627/2402 3640/5629/2404 3592/4830/2154
f 3632/5633/2408 3628/5635/2410 3640/5629/2404
f 3628/5635/2410 3624/4828/2036 3640/5629/2404
f 3616/5638/2413 3612/5642/2417 3624/4828/2036
f 3612/5642/2417 3608/4829/2037 3624/4828/2036
f 3600/5645/2420 3596/5649/2424 3608/4829/2037
f 3596/5649/2424 3592/4830/2154 3608/4829/2037
f 3592/4830/2154 3640/5629/2404 3624/4828/2036
f 3647/4827/2035 3648/4826/2153 3650/4831/2155
f 3649/4832/2040 3650/4831/2155 3588/4833/2156
f 3599/4776/2042 3601/4778/2065 3658/4834/2157
f 3667/4836/2045 3668/4883/2068 3700/4837/2046
f 3617/4795/2048 3619/4797/2067 3667/4839/2045
f 3635/4814/2050 3637/4816/2069 3676/4841/2051
f 3591/4767/2053 3593/4769/2071 3654/4843/2054
f 3609/4845/2056 3611/5651/2073 3663/4846/2057
f 3627/4806/2059 3629/4808/2075 3672/4848/2060
f 3645/4825/2062 3647/4827/2077 3681/4850/2063
f 3601/4778/2065 3603/4780/2079 3659/4852/2066
f 3619/4797/2067 3621/4799/2081 3668/4853/2068
f 3637/4816/2069 3639/4818/2083 3677/4854/2070
f 3593/4769/2071 3595/4771/2085 3655/4855/2072
f 3611/4789/2073 3613/4791/2087 3664/4856/2074
f 3629/4808/2075 3631/4810/2089 3673/4858/2076
f 3647/4827/2077 3649/4832/2094 3682/4859/2078
f 3603/4780/2079 3605/4782/2095 3660/4860/2080
f 3621/4799/2081 3623/4801/2097 3669/4861/2082
f 3639/4818/2083 3641/4820/2099 3678/4862/2084
f 3595/4772/2085 3597/4774/2101 3656/4863/2086
f 3613/4791/2087 3615/4793/2102 3665/4865/2088
f 3631/4810/2089 3633/4812/2103 3674/4866/2161
f 3587/4763/2091 3589/4765/2104 3652/4867/2092
f 3649/4832/2094 3587/4763/2091 3651/4868/2093
f 3605/4782/2095 3607/4784/2105 3661/4869/2096
f 3623/4801/2097 3625/4803/2106 3670/4870/2098
f 3641/4820/2099 3643/4822/2107 3679/4871/2100
f 3597/4774/2101 3599/4776/2042 3657/4835/2044
f 3615/4793/2102 3617/4795/2048 3666/4840/2049
f 3633/4812/2103 3635/4814/2050 3675/4842/2052
f 3589/4765/2104 3591/4767/2053 3653/4844/2159
f 3607/4784/2105 3609/4786/2056 3662/4872/2058
f 3625/4803/2106 3627/4805/2059 3671/4873/2061
f 3643/4823/2107 3645/4825/2062 3680/4851/2064
f 3714/4877/2164 3683/4888/2116 3686/4880/2112
f 3683/4888/2116 3684/4923/2133 3686/4880/2112
f 3684/4923/2133 3685/4928/2136 3686/4880/2112
f 3686/4880/2112 3687/4879/2111 3688/4886/2115
f 3688/4886/2115 3689/4892/2118 3690/4896/2120
f 3690/4896/2120 3691/4900/2122 3694/4911/2127
f 3691/4900/2122 3692/4904/2124 3694/4911/2127
f 3692/4904/2124 3693/4907/2125 3694/4911/2127
f 3694/4911/2127 3695/4914/2129 3696/4917/2131
f 3696/4917/2131 3697/4921/2132 3698/4875/2162
f 3698/4875/2162 3699/4838/2158 3700/4837/2046
f 3700/4837/2046 3701/4884/2165 3698/4875/2162
f 3701/4884/2165 3702/4890/2166 3698/4875/2162
f 3702/4890/2166 3703/4894/2119 3704/4898/2167
f 3704/4898/2167 3705/4902/2123 3706/4876/2163
f 3706/4876/2163 3707/4909/2126 3710/4919/2168
f 3707/4909/2126 3708/4913/2128 3710/4919/2168
f 3708/4913/2128 3709/4916/2130 3710/4919/2168
f 3710/4919/2168 3711/4925/2134 3712/4930/2137
f 3712/4930/2137 3713/4882/2113 3714/4877/2164
f 3686/4880/2112 3688/4886/2115 3690/4896/2120
f 3694/4911/2127 3696/4917/2131 3698/4875/2162
f 3702/4890/2166 3704/4898/2167 3698/4875/2162
f 3704/4898/2167 3706/4876/2163 3698/4875/2162
f 3710/4919/2168 3712/4930/2137 3714/4877/2164
f 3714/4877/2164 3686/4880/2112 3698/4875/2162
f 3686/4880/2112 3690/4896/2120 3698/4875/2162
f 3690/4896/2120 3694/4911/2127 3698/4875/2162
f 3706/4876/2163 3710/4919/2168 3714/4877/2164
f 3654/4878/2054 3655/4885/2072 3687/4879/2111
f 3681/4881/2063 3682/4887/2078 3714/4877/2164
f 3668/4883/2068 3669/4889/2082 3701/4884/2165
f 3655/4885/2072 3656/4891/2086 3688/4886/2115
f 3682/4887/2078 3651/4922/2093 3683/4888/2116
f 3669/4889/2082 3670/4893/2098 3702/4890/2166
f 3656/4891/2086 3657/4895/2044 3689/4892/2118
f 3670/4893/2098 3671/4897/2061 3703/4894/2119
f 3657/4895/2044 3658/4899/2157 3690/4896/2120
f 3671/4897/2061 3672/4901/2060 3704/4898/2167
f 3658/4899/2157 3659/4903/2066 3691/4900/2122
f 3672/4901/2060 3673/4905/2076 3705/4902/2123
f 3659/4903/2066 3660/4906/2080 3692/4904/2124
f 3673/4905/2076 3674/4908/2161 3706/4876/2163
f 3660/4906/2080 3661/4910/2096 3693/4907/2125
f 3674/4908/2161 3675/4912/2052 3707/4909/2126
f 3661/4910/2096 3662/4847/2058 3694/4911/2127
f 3675/4912/2052 3676/4915/2051 3708/4913/2128
f 3662/4847/2058 3663/4846/2057 3695/4914/2129
f 3676/4915/2051 3677/4918/2070 3709/4916/2130
f 3663/4846/2057 3664/4920/2074 3696/4917/2131
f 3677/4918/2070 3678/4924/2084 3710/4919/2168
f 3664/4920/2074 3665/4926/2088 3697/4921/2132
f 3651/4922/2093 3652/4927/2092 3684/4923/2133
f 3678/4924/2084 3679/4929/2100 3711/4925/2134
f 3665/4926/2088 3666/4931/2049 3698/4875/2162
f 3652/4927/2092 3653/4932/2159 3685/4928/2136
f 3679/4929/2100 3680/4933/2064 3712/4930/2137
f 3666/4931/2049 3667/4836/2045 3699/4838/2158
f 3653/4932/2159 3654/4878/2054 3686/4880/2112
f 3680/4933/2064 3681/4881/2063 3713/4882/2113
f 3777/5652/2432 3716/5653/2433 3758/5654/2434
f 3757/5655/2435 3719/5656/2436 3759/5657/2437
f 3759/5657/2437 3720/5658/2438 3760/5659/2439
f 3760/5659/2439 3721/5660/2440 3761/5661/2441
f 3761/5661/2441 3722/5662/2442 3762/5663/2443
f 3762/5663/2443 3723/5664/2444 3763/5665/2437
f 3763/5665/2437 3724/5666/2445 3764/5667/2446
f 3764/5667/2446 3725/5668/2447 3765/5669/2448
f 3765/5669/2448 3726/5670/2449 3766/5671/2450
f 3766/5671/2450 3727/5672/2451 3767/5673/2452
f 3767/5673/2452 3728/5674/2453 3768/5675/2454
f 3768/5675/2454 3729/5676/2455 3769/5677/2456
f 3769/5677/2456 3730/5678/2457 3770/5679/2458
f 3770/5679/2458 3731/5680/2459 3771/5681/2460
f 3771/5681/2460 3732/5682/2461 3772/5683/2462
f 3772/5683/2462 3733/5684/2463 3773/5685/2464
f 3773/5685/2464 3734/5686/2465 3774/5687/2466
f 3774/5687/2466 3735/5688/2467 3775/5689/2468
f 3775/5689/2468 3736/5690/2469 3776/5691/2470
f 3776/5691/2470 3737/5692/2471 3777/5652/2432
f 3777/5652/2432 3737/5692/2471 3716/5653/2433
f 3757/5655/2435 3715/5693/2472 3719/5656/2436
f 3759/5657/2437 3719/5656/2436 3720/5658/2438
f 3760/5659/2439 3720/5658/2438 3721/5660/2440
f 3761/5661/2441 3721/5660/2440 3722/5662/2442
f 3762/5663/2443 3722/5662/2442 3723/5664/2444
f 3763/5665/2437 3723/5664/2444 3724/5666/2445
f 3764/5667/2446 3724/5666/2445 3725/5668/2447
f 3765/5669/2448 3725/5668/2447 3726/5670/2449
f 3766/5671/2450 3726/5670/2449 3727/5672/2451
f 3767/5673/2452 3727/5672/2451 3728/5674/2453
f 3768/5675/2454 3728/5674/2453 3729/5676/2455
f 3769/5677/2456 3729/5676/2455 3730/5678/2457
f 3770/5679/2458 3730/5678/2457 3731/5680/2459
f 3771/5681/2460 3731/5680/2459 3732/5682/2461
f 3772/5683/2462 3732/5682/2461 3733/5684/2463
f 3773/5685/2464 3733/5684/2463 3734/5686/2465
f 3774/5687/2466 3734/5686/2465 3735/5688/2467
f 3775/5689/2468 3735/5688/2467 3736/5690/2469
f 3776/5691/2470 3736/5690/2469 3737/5692/2471
f 3748/5694/2473 3747/5695/2474 3769/5677/2456
f 3738/5696/2475 3717/5697/2476 3757/5655/2435
f 3738/5696/2475 3757/5655/2435 3759/5657/2437
f 3739/5698/2477 3738/5696/2475 3759/5657/2437
f 3739/5698/2477 3759/5657/2437 3760/5659/2439
f 3740/5699/2478 3739/5698/2477 3760/5659/2439
f 3761/5661/2441 3762/5663/2443 3741/5700/2479
f 3762/5663/2443 3763/5665/2437 3742/5701/2480
f 3742/5701/2480 3763/5665/2437 3743/5702/2481
f 3740/5699/2478 3760/5659/2439 3761/5661/2441
f 3741/5700/2479 3740/5699/2478 3761/5661/2441
f 3763/5665/2437 3764/5667/2446 3743/5702/2481
f 3743/5702/2481 3764/5667/2446 3744/5703/2482
f 3764/5667/2446 3765/5669/2448 3744/5703/2482
f 3765/5669/2448 3766/5671/2450 3745/5704/2483
f 3745/5704/2483 3766/5671/2450 3746/5705/2484
f 3766/5671/2450 3767/5673/2452 3746/5705/2484
f 3767/5673/2452 3768/5675/2454 3747/5695/2474
f 3747/5695/2474 3768/5675/2454 3769/5677/2456
f 3769/5677/2456 3770/5679/2458 3748/5694/2473
f 3749/5706/2485 3770/5679/2458 3771/5681/2460
f 3771/5681/2460 3772/5683/2462 3750/5707/2486
f 3751/5708/2487 3772/5683/2462 3773/5685/2464
f 3773/5685/2464 3774/5687/2466 3752/5709/2488
f 3753/5710/2489 3774/5687/2466 3775/5689/2468
f 3775/5689/2468 3776/5691/2470 3754/5711/2490
f 3754/5711/2490 3776/5691/2470 3755/5712/2491
f 3777/5652/2432 3758/5654/2434 3756/5713/2492
f 3758/5654/2434 3718/5714/2493 3756/5713/2492
f 3776/5691/2470 3777/5652/2432 3755/5712/2491
f 3772/5683/2462 3751/5708/2487 3750/5707/2486
f 3774/5687/2466 3753/5710/2489 3752/5709/2488
f 3753/5710/2489 3775/5689/2468 3754/5711/2490
f 3770/5679/2458 3749/5706/2485 3748/5694/2473
f 3749/5706/2485 3771/5681/2460 3750/5707/2486
f 3746/5705/2484 3767/5673/2452 3747/5695/2474
f 3742/5701/2480 3741/5700/2479 3762/5663/2443
f 3777/5652/2432 3756/5713/2492 3755/5712/2491
f 3773/5685/2464 3752/5709/2488 3751/5708/2487
f 3745/5704/2483 3744/5703/2482 3765/5669/2448
